=====================================================================
== C:\3rdID_Server2\Server2\arma3serverprofiling_x64.exe
== "arma3serverprofiling_x64.exe"   -steamAppId=107410  -port=2312  -config="C:\3rdID_Server2\Server2\Servers\_641fb88761ae466a9e5954b4eff0ed26\server_config.cfg"  "-cfg=C:\3rdID_Server2\Server2\Servers\_641fb88761ae466a9e5954b4eff0ed26\server_basic.cfg"  "-profiles=C:\3rdID_Server2\Server2\Servers\_641fb88761ae466a9e5954b4eff0ed26"  -name=_641fb88761ae466a9e5954b4eff0ed26 "-mod=@AdvancedSlingLoadingRopePatch;@3den_Enhanced;@3rd_Infantry_Division_Mod;@ace;@Aduke_OH_58_Kiowa;@Anizay;@BackpackOnChest__Redux;@CBA_A3;@Ctab_Devastator_Edition;@CUP_Terrains__Core;@CUP_Terrains__Maps;@DUI__Squad_Radar;@Gruppe_Adler_Trenches;@Hatchet_H_60_pack__Stable_Version;@Hatchet_Interaction_Framework__Stable_Version;@Jbad;@KAT__Advanced_Medical;@Kunduz_River;@LAMBS_Danger_fsm;@LAMBS_RPG;@M1128_Stryker_MGS;@Military_Gear_Pack;@Project_OPFOR;@Project_RACS_2023;@RHSAFRF;@RHSGREF;@RHSSAF;@RHSUSAF;@Task_Force_Arrowhead_Radio_BETA__;@Tembelan_Island;@Tier_1_Artillery_Mod;@Virolahti__Valtatie_7;@VS_ACE_Static_Line_Jump;@W28;@Zeus_Additions;@Zeus_Enhanced;@AH_64D_Official_Project_V2_1;"

Original output filename: Arma3RetailProfile_Server_x64
Exe timestamp: 2025/06/18 17:17:10
Current time:  2025/08/15 12:18:36

Type: Public
Build: Profile
Version: 2.20.152960

Allocator: C:\3rdID_Server2\Server2\Dll\tbb4malloc_bi_x64.dll [2017.0.0.0] [2017.0.0.0]
PhysMem: 64 GiB, VirtMem : 131072 GiB, AvailPhys : 55 GiB, AvailVirt : 131068 GiB, AvailPage : 57 GiB, PageSize : 4.0 KiB/2.0 MiB/HasLockMemory, CPUCount : 8
=====================================================================

12:18:36 Steam beta branch: none
12:18:36 Detected number of DLCs: 23
12:18:36 ---------------------------------------------------------- Game ----------------------------------------------------------
12:18:36                                                                name      appId   owned  installed  available   isDlc
12:18:36                                                              Arma 3     107410     yes        yes        yes      no
12:18:36                                                             Unknown         -1      no         no         no     yes
12:18:36 ---------------------------------------------------------- Dlcs ----------------------------------------------------------
12:18:36  index                                                         name      appId   owned  installed  available   isDlc
12:18:36      0                                                  Arma 3 Maps     249861     yes        yes         no     yes
12:18:36      1                                        Arma 3 Tactical Guide     249862     yes        yes         no     yes
12:18:36      2                                                  Arma 3 Zeus     275700     yes        yes        yes     yes
12:18:36      3                                                 Arma 3 Karts     288520     yes        yes        yes     yes
12:18:36      4                                           Arma 3 Helicopters     304380     yes        yes        yes     yes
12:18:36      5                                          Arma 3 DLC Bundle 1     304400     yes        yes         no     yes
12:18:36      6                                              Arma 3 Marksmen     332350     yes        yes        yes     yes
12:18:36      7                                                  Arma 3 Apex     395180     yes        yes        yes     yes
12:18:36      8                                           Arma 3 Laws of War     571710     yes        yes        yes     yes
12:18:36      9                                                  Arma 3 Jets     601670     yes        yes        yes     yes
12:18:36     10                                          Arma 3 DLC Bundle 2     612480      no         no         no     yes
12:18:36     11                                                Arma 3 Malden     639600     yes        yes        yes     yes
12:18:36     12                                  Arma 3 Tac-Ops Mission Pack     744950     yes        yes        yes     yes
12:18:36     13                                                 Arma 3 Tanks     798390     yes        yes        yes     yes
12:18:36     14                                               Arma 3 Contact    1021790     yes        yes        yes     yes
12:18:36     15   Arma 3 Creator DLC: Global Mobilization - Cold War Germany    1042220      no         no        yes     yes
12:18:36     16                           Arma 3 Creator DLC: Spearhead 1944    1175380      no         no        yes     yes
12:18:36     17                      Arma 3 Creator DLC: S.O.G. Prairie Fire    1227700     yes        yes        yes     yes
12:18:36     18                        Arma 3 Creator DLC: CSLA Iron Curtain    1294440      no         no        yes     yes
12:18:36     19                                            Arma 3 Art of War    1325500     yes        yes        yes     yes
12:18:36     20                           Arma 3 Creator DLC: Western Sahara    1681170     yes        yes        yes     yes
12:18:36     21                          Arma 3 Creator DLC: Reaction Forces    2647760     yes        yes        yes     yes
12:18:36     22                     Arma 3 Creator DLC: Expeditionary Forces    2647830      no         no        yes     yes
12:18:36 --------------------------------------------------------------------------------------------------------------------------
12:18:36 Entering off-line mode. Callbacks and content list updates will not work.
12:18:36 Initializing stats manager.
12:18:36 Stats config disabled.
12:18:36 sessionID: cdfbda6eadc64bfb29316010460564b34d125a08
12:18:38 Unexpected stringtable format inside <Text ID="STR_TFAR_EXTERNAL_INTERCOM_SOMEONE_USING_PHONE"><Original>
12:18:38 Unexpected stringtable format inside <Text ID="STR_TFAR_EXTERNAL_INTERCOM_SOMEONE_USING_PHONE"><English>
12:18:38 Unexpected stringtable format inside <Text ID="STR_TFAR_EXTERNAL_INTERCOM_SOMEONE_USING_PHONE"><Czech>
12:18:38 Unexpected stringtable format inside <Text ID="STR_TFAR_EXTERNAL_INTERCOM_SOMEONE_USING_PHONE"><Russian>
12:18:38 Unexpected stringtable format inside <Text ID="STR_TFAR_EXTERNAL_INTERCOM_SOMEONE_USING_PHONE"><Italian>
12:18:38 Unexpected stringtable format inside <Text ID="STR_TFAR_EXTERNAL_INTERCOM_HEADGEAR_NOT_WIRELESS_CAPABLE"><Original>
12:18:38 Unexpected stringtable format inside <Text ID="STR_TFAR_EXTERNAL_INTERCOM_HEADGEAR_NOT_WIRELESS_CAPABLE"><English>
12:18:38 Unexpected stringtable format inside <Text ID="STR_TFAR_EXTERNAL_INTERCOM_HEADGEAR_NOT_WIRELESS_CAPABLE"><Czech>
12:18:38 Unexpected stringtable format inside <Text ID="STR_TFAR_EXTERNAL_INTERCOM_HEADGEAR_NOT_WIRELESS_CAPABLE"><Russian>
12:18:38 Unexpected stringtable format inside <Text ID="STR_TFAR_EXTERNAL_INTERCOM_HEADGEAR_NOT_WIRELESS_CAPABLE"><Italian>
12:18:38 Unsupported language English in stringtable
12:18:38  ➥ Context: z\tfar\addons\external_intercom\stringtable.xml
12:18:38 Unsupported language English in stringtable
12:18:38  ➥ Context: rhsafrf\addons\rhs_main\stringtable.xml
12:18:38 Item STR_mgs_green listed twice
12:18:38  ➥ Context: mgs\stringtable.xml
12:18:38 Unsupported language English in stringtable
12:18:38  ➥ Context: mgs\stringtable.xml
12:18:39 Unsupported language English in stringtable
12:18:39  ➥ Context: ca\language\stringtable.xml
12:18:39 Unsupported language English in stringtable
12:18:39  ➥ Context: CUP\Terrains\cup_terrains_compositions\stringtable.xml
12:18:39 Unsupported language English in stringtable
12:18:39  ➥ Context: CUP\Terrains\cup_terrains_music\stringtable.xml
12:18:39 File fza_ah64_controls\config\CfgWeapons.hpp, line 272: '/CfgWeapons/fza_gun_safe.displayName': Missing ';' prior '}'
12:18:39 File fza_ah64_controls\config\CfgWeapons.hpp, line 273: '/CfgWeapons/fza_rkt_safe.displayName': Missing ';' prior '}'
12:18:39 File fza_ah64_controls\config\CfgWeapons.hpp, line 274: '/CfgWeapons/fza_msl_safe.displayName': Missing ';' prior '}'
12:18:39 File fza_ah64_controls\config\CfgVehicles.hpp, line 1409: '/CfgVehicles/fza_ah64d_b2e/AnimationSources/magazine_set_1200.displayName': Missing ';' at the end of line
12:18:39 Conflicting addon tweed_uaf_21_cfg in 'tweed_uaf_21_cfg\', previous definition in 'tweed_uaf_21\'
12:18:43 Config 'CUP\Terrains\cup_terrains_dummy\config.bin' contains a duplicate CfgPatches entry 'CA_Animals2', which was previously defined in 'ca\animals2\config.bin', the duplicate is SKIPPED.
12:18:43 Config 'tweed_uaf_21_cfg\config.bin' contains a duplicate CfgPatches entry 'tweed_uaf_21_cfg', which was previously defined in 'tweed_uaf_21\config.bin', the duplicate is SKIPPED.
12:18:43 Skipped loading of addon 'cba_jam_ws' as required addon 'data_f_lxWS_Loadorder' is not present
12:18:43 Skipped loading of addon 'lambs_rpgSOG' as required addon 'loadorder_f_vietnam' is not present
12:18:43 Skipped loading of addon 'ace_compat_gm_hearing' as required addon 'gm_core' is not present
12:18:43 Skipped loading of addon 'cba_jam_spe' as required addon 'WW2_SPE_Core_c_ZZZ_LastLoaded_c' is not present
12:18:43 Skipped loading of addon 'cba_jam_csla' as required addon 'CSLA' is not present
12:18:43 Skipped loading of addon 'ace_compat_spe_csw' as required addon 'ww2_spe_assets_c_weapons_infantryweapons_c' is not present
12:18:43 Skipped loading of addon 'HCT_vn' as required addon 'loadorder_f_vietnam' is not present
12:18:43 Skipped loading of addon 'ace_compat_cfp' as required addon 'cfp_main' is not present
12:18:43 Skipped loading of addon 'ace_compat_gm_repair' as required addon 'gm_core' is not present
12:18:43 Skipped loading of addon 'ace_compat_sma3_iansky' as required addon 'iansky_opt' is not present
12:18:43 Skipped loading of addon 'ace_compat_aegis_hearing' as required addon 'A3_Aegis_Characters_F_Aegis_Headgear' is not present
12:18:43 Skipped loading of addon 'ace_compat_ef' as required addon 'EF_Weapons' is not present
12:18:43 Skipped loading of addon 'ace_compat_sog_trenches' as required addon 'loadorder_f_vietnam' is not present
12:18:43 Skipped loading of addon 'ace_compat_gm_csw' as required addon 'gm_weapons_ammo' is not present
12:18:43 Skipped loading of addon 'ace_compat_rh_m4' as required addon 'RH_m4_cfg' is not present
12:18:43 Skipped loading of addon 'ace_compat_cup_vehicles' as required addon 'CUP_Vehicles_LoadOrder' is not present
12:18:43 Skipped loading of addon 'ace_compat_rh_de' as required addon 'RH_de_cfg' is not present
12:18:43 Skipped loading of addon 'ace_compat_cup_weapons_javelin' as required addon 'CUP_Weapons_LoadOrder' is not present
12:18:43 Skipped loading of addon 'ace_compat_cup_weapons_missileguidance' as required addon 'CUP_Weapons_LoadOrder' is not present
12:18:43 Skipped loading of addon 'ace_compat_sog_repair' as required addon 'loadorder_f_vietnam' is not present
12:18:43 Skipped loading of addon 'ace_compat_cup_units' as required addon 'CUP_Creatures_People_LoadOrder' is not present
12:18:43 Skipped loading of addon 'vtx_uh60_acre' as required addon 'acre_main' is not present
12:18:43 Skipped loading of addon 'ace_compat_cup_vehicles_trenches' as required addon 'CUP_Vehicles_LoadOrder' is not present
12:18:43 Skipped loading of addon 'ace_compat_cup_vehicles_fastroping' as required addon 'CUP_Vehicles_LoadOrder' is not present
12:18:43 Skipped loading of addon 'ace_compat_gm_explosives' as required addon 'gm_core' is not present
12:18:43 Skipped loading of addon 'ace_compat_aegis_javelin' as required addon 'A3_Aegis_Weapons_F_Aegis' is not present
12:18:43 Skipped loading of addon 'ace_compat_spe_hearing' as required addon 'ww2_spe_assets_c_weapons_infantryweapons_c' is not present
12:18:43 Skipped loading of addon 'ace_compat_cup_vehicles_repair' as required addon 'CUP_Vehicles_LoadOrder' is not present
12:18:43 Skipped loading of addon 'ace_compat_sog_hearing' as required addon 'loadorder_f_vietnam' is not present
12:18:43 Skipped loading of addon 'ace_compat_spe_explosives' as required addon 'ww2_spe_assets_c_weapons_infantryweapons_c' is not present
12:18:43 Skipped loading of addon 'ace_compat_gm' as required addon 'gm_core' is not present
12:18:43 Skipped loading of addon 'ace_compat_gm_trenches' as required addon 'gm_core' is not present
12:18:43 Skipped loading of addon 'ace_compat_cup_weapons_nightvision' as required addon 'CUP_Weapons_LoadOrder' is not present
12:18:43 Skipped loading of addon 'ace_compat_spe_refuel' as required addon 'ww2_spe_assets_c_weapons_infantryweapons_c' is not present
12:18:43 Skipped loading of addon 'ace_compat_spe_trenches' as required addon 'ww2_spe_assets_c_weapons_infantryweapons_c' is not present
12:18:43 Skipped loading of addon 'cba_jr_gm' as required addon 'gm_weapons_attachments_optics_feroz24' is not present
12:18:43 Skipped loading of addon 'ace_compat_ws' as required addon 'data_f_lxWS_Loadorder' is not present
12:18:43 Skipped loading of addon 'ace_compat_rh_acc' as required addon 'RH_acc' is not present
12:18:43 Skipped loading of addon 'lambs_rpgCUP' as required addon 'CUP_Weapons_WeaponsData' is not present
12:18:43 Skipped loading of addon 'ace_compat_r3f' as required addon 'r3f_armes_c' is not present
12:18:43 Skipped loading of addon 'ace_compat_sog_trenches_grad' as required addon 'loadorder_f_vietnam' is not present
12:18:43 Skipped loading of addon 'ace_compat_aegis_vehicles' as required addon 'A3_Aegis_Armor_F_Aegis_MBT_01' is not present
12:18:43 Skipped loading of addon 'ace_compat_sog' as required addon 'loadorder_f_vietnam' is not present
12:18:43 Skipped loading of addon 'ace_compat_ef_realisticnames' as required addon 'EF_hunter' is not present
12:18:43 Skipped loading of addon 'ace_compat_csla_explosives' as required addon 'CSLA' is not present
12:18:43 Skipped loading of addon 'ace_compat_rf_realisticnames' as required addon 'RF_Data_Loadorder' is not present
12:18:43 Skipped loading of addon 'ace_compat_ws_repair' as required addon 'data_f_lxWS_Loadorder' is not present
12:18:43 Skipped loading of addon 'ace_compat_rf_nouniformrestrictions' as required addon 'RF_Data_Loadorder' is not present
12:18:43 Skipped loading of addon 'ace_compat_spe' as required addon 'ww2_spe_assets_c_weapons_infantryweapons_c' is not present
12:18:43 Skipped loading of addon 'ace_compat_cup_weapons' as required addon 'CUP_Weapons_LoadOrder' is not present
12:18:43 Skipped loading of addon 'ace_compat_gm_refuel' as required addon 'gm_core' is not present
12:18:43 Skipped loading of addon 'ace_compat_cup_units_nouniformrestrictions' as required addon 'CUP_Creatures_People_LoadOrder' is not present
12:18:43 Skipped loading of addon 'ace_compat_rksl_pm_ii' as required addon 'RKSL_PMII' is not present
12:18:43 Skipped loading of addon 'ace_compat_ws_nouniformrestrictions' as required addon 'data_f_lxWS_Loadorder' is not present
12:18:43 Skipped loading of addon 'ace_compat_rh_pdw' as required addon 'RH_PDW' is not present
12:18:43 Skipped loading of addon 'ace_compat_gm_missileguidance' as required addon 'gm_weapons_ammo' is not present
12:18:43 Skipped loading of addon 'ace_compat_rf' as required addon 'RF_Data_Loadorder' is not present
12:18:43 Skipped loading of addon 'ace_compat_ef_hearing' as required addon 'EF_Weapons' is not present
12:18:43 Skipped loading of addon 'ace_compat_ws_vehicles' as required addon 'data_f_lxWS_Loadorder' is not present
12:18:43 Skipped loading of addon 'ace_compat_aegis_realisticnames' as required addon 'A3_Aegis_Armor_F_Aegis_APC_Wheeled_01' is not present
12:18:43 Skipped loading of addon 'ace_compat_ws_realisticnames' as required addon 'data_f_lxWS_Loadorder' is not present
12:18:43 Skipped loading of addon 'ace_compat_sog_refuel' as required addon 'loadorder_f_vietnam' is not present
12:18:43 Skipped loading of addon 'ace_compat_cup_weapons_csw' as required addon 'CUP_Weapons_LoadOrder' is not present
12:18:43 Skipped loading of addon 'cba_xeh_sog' as required addon 'loadorder_f_vietnam' is not present
12:18:43 Skipped loading of addon 'cba_xeh_ws' as required addon 'data_f_lxWS' is not present
12:18:43 Skipped loading of addon 'cba_jam_vn' as required addon 'loadorder_f_vietnam' is not present
12:18:43 Skipped loading of addon 'cba_xeh_contact' as required addon 'A3_Data_F_Contact' is not present
12:18:43 Skipped loading of addon 'ace_compat_spe_repair' as required addon 'ww2_spe_assets_c_weapons_infantryweapons_c' is not present
12:18:43 Skipped loading of addon 'ace_compat_ws_realisticweights' as required addon 'data_f_lxWS_Loadorder' is not present
12:18:43 Skipped loading of addon 'ace_compat_cup_vehicles_refuel' as required addon 'CUP_Vehicles_LoadOrder' is not present
12:18:43 Skipped loading of addon 'cba_jam_gm' as required addon 'gm_weapons_launchers_carlgustaf' is not present
12:18:43 Skipped loading of addon 'ace_compat_cup_weapons_explosives' as required addon 'CUP_Weapons_LoadOrder' is not present
12:18:43 Skipped loading of addon 'cba_xeh_csla' as required addon 'CSLA' is not present
12:18:43 Skipped loading of addon 'ace_compat_csla' as required addon 'CSLA' is not present
12:18:43 Warning, config 'tweed_uaf_21_cfg\config.bin' contained invalid CfgPatches entry with extra required Addon 'A3_Characters_F'. Invalid CfgPatches entries are invalid. A temporary workaround is being applied, this mod will soon stop working
12:18:43 Updating base class ->Strategic, by a3\data_f\config.bin/CfgVehicles/ReammoBox/ (original a3\data_f\config.bin)
12:18:43 Updating base class ->NonStrategic, by a3\data_f\config.bin/CfgVehicles/HouseBase/ (original a3\data_f\config.bin)
12:18:43 Updating base class ->DestructionEffects, by a3\data_f\config.bin/CfgVehicles/House/DestructionEffects/ (original a3\data_f\config.bin)
12:18:43 Updating base class RscShortcutButton->RscButton, by a3\editor_f\config.bin/RscDisplayEditObject/Controls/B_OK/ (original bin\config.bin)
12:18:43 Updating base class RscSliderH->RscXSliderH, by a3\editor_f\config.bin/RscDisplayEditObject/Slider/ (original bin\config.bin)
12:18:43 Updating base class RscText->RscPicture, by a3\editor_f\config.bin/RscDisplayEditObject/Preview/ (original bin\config.bin)
12:18:43 Updating base class RscShortcutButton->RscButton, by a3\editor_f\config.bin/RscDisplayMissionLoad/Controls/B_OK/ (original bin\config.bin)
12:18:43 Updating base class RscShortcutButton->RscButton, by a3\editor_f\config.bin/RscDisplayMissionSave/Controls/B_OK/ (original bin\config.bin)
12:18:43 Updating base class ->EtelkaMonospacePro, by a3\uifonts_f\config.bin/CfgFontFamilies/EtelkaMonospaceProBold/ (original ca\uifonts\config.bin)
12:18:43 Updating base class ->RscControlsGroup, by a3\ui_f\config.bin/RscControlsGroupNoScrollbars/ (original a3\ui_f\config.bin)
12:18:43 Updating base class ->RscControlsGroup, by a3\ui_f\config.bin/RscControlsGroupNoHScrollbars/ (original a3\ui_f\config.bin)
12:18:43 Updating base class ->RscControlsGroup, by a3\ui_f\config.bin/RscControlsGroupNoVScrollbars/ (original a3\ui_f\config.bin)
12:18:43 Updating base class ->RscText, by a3\ui_f\config.bin/RscLine/ (original a3\ui_f\config.bin)
12:18:43 Updating base class ->RscActiveText, by a3\ui_f\config.bin/RscActivePicture/ (original a3\ui_f\config.bin)
12:18:43 Updating base class ->RscButton, by a3\ui_f\config.bin/RscButtonTextOnly/ (original a3\ui_f\config.bin)
12:18:43 Updating base class ->RscShortcutButton, by a3\ui_f\config.bin/RscShortcutButtonMain/ (original a3\ui_f\config.bin)
12:18:43 Updating base class ->RscShortcutButton, by a3\ui_f\config.bin/RscButtonEditor/ (original a3\ui_f\config.bin)
12:18:43 Updating base class ->RscShortcutButton, by a3\ui_f\config.bin/RscIGUIShortcutButton/ (original a3\ui_f\config.bin)
12:18:43 Updating base class ->RscShortcutButton, by a3\ui_f\config.bin/RscGearShortcutButton/ (original a3\ui_f\config.bin)
12:18:43 Updating base class ->RscShortcutButton, by a3\ui_f\config.bin/RscButtonMenu/ (original a3\ui_f\config.bin)
12:18:43 Updating base class ->RscButtonMenu, by a3\ui_f\config.bin/RscButtonMenuOK/ (original a3\ui_f\config.bin)
12:18:43 Updating base class ->RscButtonMenu, by a3\ui_f\config.bin/RscButtonMenuCancel/ (original a3\ui_f\config.bin)
12:18:43 Updating base class ->RscButtonMenu, by a3\ui_f\config.bin/RscButtonMenuSteam/ (original a3\ui_f\config.bin)
12:18:43 Updating base class ->RscText, by a3\ui_f\config.bin/RscLoadingText/ (original a3\ui_f\config.bin)
12:18:43 Updating base class ->RscListBox, by a3\ui_f\config.bin/RscIGUIListBox/ (original a3\ui_f\config.bin)
12:18:43 Updating base class ->RscListNBox, by a3\ui_f\config.bin/RscIGUIListNBox/ (original a3\ui_f\config.bin)
12:18:43 Updating base class ->RscText, by a3\ui_f\config.bin/RscBackground/ (original a3\ui_f\config.bin)
12:18:43 Updating base class ->RscText, by a3\ui_f\config.bin/RscBackgroundGUI/ (original a3\ui_f\config.bin)
12:18:43 Updating base class ->RscPicture, by a3\ui_f\config.bin/RscBackgroundGUILeft/ (original a3\ui_f\config.bin)
12:18:43 Updating base class ->RscPicture, by a3\ui_f\config.bin/RscBackgroundGUIRight/ (original a3\ui_f\config.bin)
12:18:43 Updating base class ->RscPicture, by a3\ui_f\config.bin/RscBackgroundGUIBottom/ (original a3\ui_f\config.bin)
12:18:43 Updating base class ->RscText, by a3\ui_f\config.bin/RscBackgroundGUITop/ (original a3\ui_f\config.bin)
12:18:43 Updating base class ->RscText, by a3\ui_f\config.bin/RscBackgroundGUIDark/ (original a3\ui_f\config.bin)
12:18:43 Updating base class ->RscPictureKeepAspect, by a3\ui_f\config.bin/RscBackgroundLogo/ (original a3\ui_f\config.bin)
12:18:43 Updating base class ->RscMapControl, by a3\ui_f\config.bin/RscMapControlEmpty/ (original a3\ui_f\config.bin)
12:18:43 Updating base class ->RscPicture, by a3\ui_f\config.bin/CA_Mainback/ (original a3\ui_f\config.bin)
12:18:43 Updating base class ->CA_Mainback, by a3\ui_f\config.bin/CA_Back/ (original a3\ui_f\config.bin)
12:18:43 Updating base class ->CA_Mainback, by a3\ui_f\config.bin/CA_Title_Back/ (original a3\ui_f\config.bin)
12:18:43 Updating base class ->CA_Mainback, by a3\ui_f\config.bin/CA_Black_Back/ (original a3\ui_f\config.bin)
12:18:43 Updating base class ->RscTitle, by a3\ui_f\config.bin/CA_Title/ (original a3\ui_f\config.bin)
12:18:43 Updating base class ->RscPictureKeepAspect, by a3\ui_f\config.bin/CA_Logo/ (original a3\ui_f\config.bin)
12:18:43 Updating base class ->CA_Logo, by a3\ui_f\config.bin/CA_Logo_Small/ (original a3\ui_f\config.bin)
12:18:43 Updating base class ->RscButton, by a3\ui_f\config.bin/CA_RscButton/ (original a3\ui_f\config.bin)
12:18:43 Updating base class ->CA_RscButton, by a3\ui_f\config.bin/CA_RscButton_dialog/ (original a3\ui_f\config.bin)
12:18:43 Updating base class ->RscActiveText, by a3\ui_f\config.bin/CA_Ok/ (original a3\ui_f\config.bin)
12:18:43 Updating base class ->RscText, by a3\ui_f\config.bin/CA_Ok_image/ (original a3\ui_f\config.bin)
12:18:43 Updating base class ->RscText, by a3\ui_f\config.bin/CA_Ok_image2/ (original a3\ui_f\config.bin)
12:18:43 Updating base class ->RscText, by a3\ui_f\config.bin/CA_Ok_text/ (original a3\ui_f\config.bin)
12:18:43 Updating base class ->RscPicture, by a3\ui_f\config.bin/RscVignette/ (original a3\ui_f\config.bin)
12:18:43 Updating base class ->RscControlsGroupNoScrollbars, by a3\ui_f\config.bin/RscMapControlTooltip/ (original a3\ui_f\config.bin)
12:18:43 Updating base class RscUnitInfo->RscUnitInfoAirNoWeapon, by a3\ui_f\config.bin/RscInGameUI/RscUnitInfoAir/ (original a3\ui_f\config.bin)
12:18:43 Updating base class RscControlsGroup->RscControlsGroupNoScrollbars, by a3\ui_f\config.bin/RscInGameUI/RscTaskOverview/controls/TaskOverviewAssigned/ (original bin\config.bin)
12:18:43 Updating base class RscShortcutButton->RscButtonMenu, by a3\ui_f\config.bin/RscDisplayDebug/Controls/B_OK/ (original bin\config.bin)
12:18:43 Updating base class RscShortcutButton->RscButtonMenu, by a3\ui_f\config.bin/RscDisplayDebug/Controls/B_Cancel/ (original bin\config.bin)
12:18:43 Updating base class RscShortcutButton->RscButtonMenu, by a3\ui_f\config.bin/RscDisplayDebug/Controls/B_Clear/ (original bin\config.bin)
12:18:43 Updating base class ->RscText, by a3\ui_f\config.bin/RscDisplayCapture/controls/TimeLines/ (original bin\config.bin)
12:18:43 Updating base class RscShortcutButton->RscButtonMenu, by a3\ui_f\config.bin/RscDisplayCapture/controls/ButtonAverages/ (original bin\config.bin)
12:18:43 Updating base class RscShortcutButton->RscButtonMenu, by a3\ui_f\config.bin/RscDisplayCapture/controls/ButtonSavePreviousData/ (original bin\config.bin)
12:18:43 Updating base class RscShortcutButton->RscButtonMenu, by a3\ui_f\config.bin/RscDisplayCapture/controls/ButtonPreviousData/ (original bin\config.bin)
12:18:43 Updating base class RscPicture->RscPictureKeepAspect, by a3\ui_f\config.bin/RscDisplayMain/IconPicture/ (original bin\config.bin)
12:18:43 Updating base class IconPicture->RscPictureKeepAspect, by a3\ui_f\config.bin/RscDisplayMain/DlcOwnedIconPicture/ (original a3\ui_f\config.bin)
12:18:43 Updating base class IconPicture->RscPictureKeepAspect, by a3\ui_f\config.bin/RscDisplayMain/DlcIconPicture/ (original a3\ui_f\config.bin)
12:18:43 Updating base class RscControlsGroup->RscControlsGroupNoScrollbars, by a3\ui_f\config.bin/RscDisplayCampaignLoad/controls/OverviewGroup/ (original bin\config.bin)
12:18:43 Updating base class RscButton->RscButtonSearch, by a3\ui_f\config.bin/RscDisplayCampaignLoad/controls/SearchButton/ (original bin\config.bin)
12:18:43 Updating base class RscShortcutButton->RscButtonMenuCancel, by a3\ui_f\config.bin/RscDisplayCampaignLoad/controls/ButtonCancel/ (original bin\config.bin)
12:18:43 Updating base class RscShortcutButton->RscButtonMenu, by a3\ui_f\config.bin/RscDisplayCampaignLoad/controls/ButtonGameOptions/ (original bin\config.bin)
12:18:43 Updating base class RscShortcutButton->RscButtonMenuSteam, by a3\ui_f\config.bin/RscDisplayCampaignLoad/controls/ButtonBuyDLC/ (original bin\config.bin)
12:18:43 Updating base class RscShortcutButton->RscButtonMenu, by a3\ui_f\config.bin/RscDisplayCampaignLoad/controls/ButtonRevert/ (original bin\config.bin)
12:18:43 Updating base class RscShortcutButton->RscButtonMenuOK, by a3\ui_f\config.bin/RscDisplayCampaignLoad/controls/ButtonOK/ (original bin\config.bin)
12:18:43 Updating base class RscListBox->RscCombo, by a3\ui_f\config.bin/RscDisplayCustomizeController/Steepness/ (original bin\config.bin)
12:18:43 Updating base class ->RscStandardDisplay, by a3\ui_f\config.bin/RscDisplayControlSchemes/ (original bin\config.bin)
12:18:43 Updating base class ButtonOK->RscButtonMenuCancel, by a3\ui_f\config.bin/RscDisplayControlSchemes/controls/ButtonCancel/ (original bin\config.bin)
12:18:43 Updating base class RscButton->RscButtonMenuOK, by a3\ui_f\config.bin/RscDisplayControlSchemes/controls/ButtonOK/ (original bin\config.bin)
12:18:43 Updating base class RscPicture->RscPictureKeepAspect, by a3\ui_f\config.bin/RscDisplayFileSelectImage/controls/OverviewPicture/ (original bin\config.bin)
12:18:43 Updating base class RscShortcutButton->RscButtonMenuCancel, by a3\ui_f\config.bin/RscDisplayFieldManual/Controls/ButtonCancel/ (original bin\config.bin)
12:18:43 Cannot delete class B_KickOff, it is referenced somewhere (used as a base class probably).
12:18:43 Updating base class RscButton->RscButtonMenuCancel, by a3\ui_f\config.bin/RscDisplayPublishMission/controls/ButtonCancel/ (original bin\config.bin)
12:18:43 Updating base class RscShortcutButton->RscButtonMenuOK, by a3\ui_f\config.bin/RscDisplayPublishMissionSelectTags/controls/ButtonOK/ (original bin\config.bin)
12:18:43 Updating base class ButtonOK->RscButtonMenuCancel, by a3\ui_f\config.bin/RscDisplayPublishMissionSelectTags/controls/ButtonCancel/ (original bin\config.bin)
12:18:43 Updating base class ->RscSubmenu, by a3\ui_f\config.bin/RscMainMenu/ (original bin\config.bin)
12:18:43 Updating base class ->DistanceClose, by a3\ui_f\config.bin/CfgSimpleTasks/Icon3D/DistanceMid/ (original bin\config.bin)
12:18:43 Updating base class ->DistanceClose, by a3\ui_f\config.bin/CfgSimpleTasks/Icon3D/DistanceLong/ (original bin\config.bin)
12:18:43 Updating base class ->Default, by a3\weapons_f\config.bin/CfgWeapons/ItemCore/ (original a3\weapons_f\config.bin)
12:18:43 Updating base class ->InventoryItem_Base_F, by a3\weapons_f\items\config.bin/CfgWeapons/UniformItem/ (original a3\weapons_f\items\config.bin)
12:18:43 Updating base class ->InventoryItem_Base_F, by a3\weapons_f\items\config.bin/CfgWeapons/VestItem/ (original a3\weapons_f\items\config.bin)
12:18:43 Updating base class ->B_Soldier_base_F, by a3\characters_f\config.bin/CfgVehicles/B_Soldier_F/ (original a3\characters_f\config.bin)
12:18:43 Updating base class ->ItemCore, by a3\characters_f\config.bin/CfgWeapons/Uniform_Base/ (original a3\characters_f\config.bin)
12:18:43 Updating base class ->InventoryItem_Base_F, by a3\characters_f\config.bin/CfgWeapons/HeadgearItem/ (original a3\characters_f\config.bin)
12:18:43 Updating base class ->All, by a3\sounds_f\config.bin/CfgVehicles/Sound/ (original a3\sounds_f\config.bin)
12:18:43 Updating base class ZavoraAnim->House, by ca\buildings_c\misc\config.bin/CfgVehicles/Land_zavora/ (original ca\buildings_c\config.bin)
12:18:43 Updating base class ZavoraAnim->Land_zavora_2, by ca\buildings_c\misc\config.bin/CfgVehicles/Land_zavora_2_a1/ (original ca\buildings_c\config.bin)
12:18:43 Updating base class OpenGate->, by ca\misc3_c\config.bin/CfgVehicles/ZavoraAnim/UserActions/CloseGate/ (original ca\buildings_c\config.bin)
12:18:43 Updating base class ->Turrets, by PRACS_Car\config.cpp/CfgVehicles/APC_Wheeled_02_base_F/Turrets/MainTurret/Turrets/ (original (no unload))
12:18:43 Updating base class ->ctrlDefaultText, by a3\3den\config.bin/ctrlStatic/ (original a3\3den\config.bin)
12:18:43 Updating base class ->ctrlActiveText, by a3\3den\config.bin/ctrlActivePicture/ (original a3\3den\config.bin)
12:18:43 Updating base class ->ctrlDefaultText, by a3\3den\config.bin/ctrlStructuredText/ (original a3\3den\config.bin)
12:18:43 Updating base class ->ctrlControlsGroup, by a3\3den\config.bin/ctrlControlsGroupNoScrollbars/ (original a3\3den\config.bin)
12:18:43 Updating base class ->ctrlDefault, by a3\3den\config.bin/ctrlCheckbox/ (original a3\3den\config.bin)
12:18:43 Updating base class ->ctrlCheckbox, by a3\3den\config.bin/ctrlCheckboxBaseline/ (original a3\3den\config.bin)
12:18:43 Updating base class RscText->ctrlStaticBackgroundDisable, by a3\3den\config.bin/RscDisplayOptionsAudio/ControlsBackground/BackgroundDisable/ (original a3\3den\config.bin)
12:18:43 Updating base class RscText->ctrlStaticBackgroundDisableTiles, by a3\3den\config.bin/RscDisplayOptionsAudio/ControlsBackground/BackgroundDisableTiles/ (original a3\3den\config.bin)
12:18:43 Updating base class RscText->ctrlStaticBackgroundDisable, by a3\3den\config.bin/RscDisplayConfigure/ControlsBackground/BackgroundDisable/ (original a3\3den\config.bin)
12:18:43 Updating base class RscText->ctrlStaticBackgroundDisableTiles, by a3\3den\config.bin/RscDisplayConfigure/ControlsBackground/BackgroundDisableTiles/ (original a3\3den\config.bin)
12:18:43 Updating base class RscText->ctrlStaticBackgroundDisable, by a3\3den\config.bin/RscDisplayConfigureAction/ControlsBackground/BackgroundDisable/ (original a3\3den\config.bin)
12:18:43 Updating base class RscText->ctrlStaticBackgroundDisableTiles, by a3\3den\config.bin/RscDisplayConfigureAction/ControlsBackground/BackgroundDisableTiles/ (original a3\3den\config.bin)
12:18:43 Updating base class RscText->ctrlStaticBackgroundDisable, by a3\3den\config.bin/RscDisplayConfigureControllers/ControlsBackground/BackgroundDisable/ (original a3\3den\config.bin)
12:18:43 Updating base class RscText->ctrlStaticBackgroundDisableTiles, by a3\3den\config.bin/RscDisplayConfigureControllers/ControlsBackground/BackgroundDisableTiles/ (original a3\3den\config.bin)
12:18:43 Updating base class RscText->ctrlStaticBackgroundDisable, by a3\3den\config.bin/RscDisplayGameOptions/ControlsBackground/BackgroundDisable/ (original a3\3den\config.bin)
12:18:43 Updating base class RscText->ctrlStaticBackgroundDisableTiles, by a3\3den\config.bin/RscDisplayGameOptions/ControlsBackground/BackgroundDisableTiles/ (original a3\3den\config.bin)
12:18:43 Updating base class controls->, by a3\3den\config.bin/RscDisplayArcadeMap_Layout_2/Controls/ (original a3\ui_f\config.bin)
12:18:43 Updating base class controls->, by a3\3den\config.bin/RscDisplayArcadeMap_Layout_6/Controls/ (original a3\ui_f\config.bin)
12:18:43 Updating base class ->ctrlControlsGroupNoScrollbars, by a3\3den\config.bin/Cfg3DEN/Attributes/Default/ (original a3\3den\config.bin)
12:18:43 Updating base class ->ctrlStatic, by a3\3den\config.bin/Cfg3DEN/Attributes/Title/Controls/Title/ (original a3\3den\config.bin)
12:18:43 Updating base class ->ctrlToolbox, by a3\3den\config.bin/Cfg3DEN/Attributes/Toolbox/Controls/Value/ (original a3\3den\config.bin)
12:18:43 Updating base class Mod_Base->, by a3\data_f_destroyer\config.bin/CfgMods/Jets/ (original a3\data_f_jets\config.bin)
12:18:44 Updating base class ->FoldedFlag_01_base_F, by a3\props_f_aow\items\decorative\config.bin/CfgVehicles/FoldedFlag_01_US_F/ (original a3\props_f_aow\items\decorative\config.bin)
12:18:44 Updating base class ->asdg_OpticRail, by rhsafrf\addons\rhs_c_weapons\config.bin/asdg_OpticRail1913/ (original rhsafrf\addons\rhs_c_weapons\config.bin)
12:18:44 Updating base class ->rhs_assault_umbts, by rhsafrf\addons\rhs_c_troops\config.bin/CfgVehicles/rhs_rk_sht_30_olive/ (original rhsafrf\addons\rhs_c_troops\config.bin)
12:18:44 Updating base class ->rhs_rk_sht_30_olive_engineer, by rhsafrf\addons\rhs_c_troops\config.bin/CfgVehicles/rhs_rk_sht_30_olive_engineer_empty/ (original rhsafrf\addons\rhs_c_troops\config.bin)
12:18:44 Updating base class ->B_AssaultPack_Base, by rhsafrf\addons\rhs_c_troops\config.bin/CfgVehicles/rhs_medic_bag/ (original rhsafrf\addons\rhs_c_troops\config.bin)
12:18:44 Updating base class ->rhs_rd54, by rhsafrf\addons\rhs_c_troops\config.bin/CfgVehicles/rhs_rd54_vest/ (original rhsafrf\addons\rhs_c_troops\config.bin)
12:18:44 Updating base class ->rhs_rd54_emr1, by rhsafrf\addons\rhs_c_troops\config.bin/CfgVehicles/rhs_rd54_vest_emr1/ (original rhsafrf\addons\rhs_c_troops\config.bin)
12:18:44 Updating base class ->rhs_rpg_2, by rhsafrf\addons\rhs_c_troops\config.bin/CfgVehicles/rhs_rpg_6b3/ (original rhsafrf\addons\rhs_c_troops\config.bin)
12:18:44 Updating base class ->B_AssaultPack_Base, by rhsafrf\addons\rhs_c_troops\config.bin/CfgVehicles/rhs_r148/ (original rhsafrf\addons\rhs_c_troops\config.bin)
12:18:44 Updating base class ->rhs_pilot_base, by rhsafrf\addons\rhs_c_troops\config.bin/CfgVehicles/rhs_pilot_combat_heli/ (original rhsafrf\addons\rhs_c_troops\config.bin)
12:18:44 Updating base class ->rhs_infantry_vdv_base, by rhsafrf\addons\rhs_c_troops\config.bin/CfgVehicles/rhs_mvd_izlom_rifleman/ (original rhsafrf\addons\rhs_c_troops\config.bin)
12:18:44 Updating base class ->rhsusf_army_acu_uniform, by rhsusf\addons\rhsusf_c_troops\config.bin/CfgVehicles/rhsusf_army_acu_oefcp_uniform/ (original rhsusf\addons\rhsusf_c_troops\config.bin)
12:18:44 Updating base class ->rhs_uniform_acu_ucp, by rhsusf\addons\rhsusf_c_troops\config.bin/CfgWeapons/rhs_uniform_acu_oefcp/ (original rhsusf\addons\rhsusf_c_troops\config.bin)
12:18:44 Updating base class ->rhsusf_patrolcap_ocp, by rhsusf\addons\rhsusf_c_troops\config.bin/CfgWeapons/rhsusf_patrolcap_ucp/ (original rhsusf\addons\rhsusf_c_troops\config.bin)
12:18:44 Updating base class Rifle_Base_F->, by PRACS_Weapons\config.cpp/cfgWeapons/Rifle_Short_Base_F/ (original (a3\weapons_f\config.bin - no unload))
12:18:44 Updating base class WeaponSlotsInfo->WeaponSlotsInfo, by PRACS_Weapons\config.cpp/cfgWeapons/Rifle_Long_Base_F/WeaponSlotsInfo/ (original a3\weapons_f\config.bin)
12:18:44 Updating base class rhs_weap_m240veh_mounted->rhs_weap_m240veh, by PRACS_Weapons\config.cpp/cfgWeapons/rhs_weap_m240H/ (original rhsusf\addons\rhsusf_c_heavyweapons\config.bin)
12:18:44 Updating base class ->Rifle_Base_F, by rhsafrf\addons\rhs_c_weaponsounds\config.bin/CfgWeapons/Rifle_Short_Base_F/ (original (a3\weapons_f\config.bin - no unload))
12:18:44 Updating base class AnimationSources->AnimationSources, by rhsusf\addons\rhsusf_c_hmmwv\config.bin/CfgVehicles/rhsusf_m998_w_2dr/AnimationSources/ (original (no unload))
12:18:44 Updating base class ->light_bo, by rhsusf\addons\rhsusf_c_hmmwv\config.bin/CfgVehicles/rhsusf_m998_w_2dr/AnimationSources/hide_CIP/ (original rhsusf\addons\rhsusf_c_hmmwv\config.bin)
12:18:44 Updating base class ->light_bo, by rhsusf\addons\rhsusf_c_hmmwv\config.bin/CfgVehicles/rhsusf_m998_w_2dr/AnimationSources/hide_A2_Parts/ (original rhsusf\addons\rhsusf_c_hmmwv\config.bin)
12:18:44 Updating base class ->light_bo, by rhsusf\addons\rhsusf_c_hmmwv\config.bin/CfgVehicles/rhsusf_m998_w_2dr/AnimationSources/Hide_A2Bumper/ (original rhsusf\addons\rhsusf_c_hmmwv\config.bin)
12:18:44 Updating base class WeaponSlotsInfo->WeaponSlotsInfo, by x\cba\addons\jr\config.bin/CfgWeapons/arifle_SPAR_01_base_F/WeaponSlotsInfo/ (original a3\weapons_f_exp\rifles\spar_01\config.bin)
12:18:44 Updating base class WeaponSlotsInfo->WeaponSlotsInfo, by x\cba\addons\jr\config.bin/CfgWeapons/arifle_SPAR_02_base_F/WeaponSlotsInfo/ (original a3\weapons_f_exp\rifles\spar_02\config.bin)
12:18:44 Updating base class WeaponSlotsInfo->WeaponSlotsInfo, by x\cba\addons\jr\config.bin/CfgWeapons/arifle_SPAR_03_base_F/WeaponSlotsInfo/ (original a3\weapons_f_exp\rifles\spar_03\config.bin)
12:18:44 Updating base class WeaponSlotsInfo->WeaponSlotsInfo, by x\cba\addons\jr\config.bin/CfgWeapons/arifle_CTAR_base_F/WeaponSlotsInfo/ (original a3\weapons_f_exp\rifles\ctar\config.bin)
12:18:44 Updating base class WeaponSlotsInfo->WeaponSlotsInfo, by x\cba\addons\jr\config.bin/CfgWeapons/arifle_CTARS_base_F/WeaponSlotsInfo/ (original a3\weapons_f_exp\rifles\ctars\config.bin)
12:18:44 Updating base class WeaponSlotsInfo->WeaponSlotsInfo, by x\cba\addons\jr\config.bin/CfgWeapons/arifle_ARX_base_F/WeaponSlotsInfo/ (original a3\weapons_f_exp\rifles\arx\config.bin)
12:18:44 Updating base class ->textureSources, by po_vehicles\config.bin/CfgVehicles/rhs_btr70_vmf/textureSources/ (original (rhsafrf\addons\rhs_c_btr\config.bin - no unload))
12:18:44 Updating base class ->textureSources, by po_vehicles\config.bin/CfgVehicles/rhs_bmp1tank_base/textureSources/ (original rhsafrf\addons\rhs_c_bmp\config.bin)
12:18:44 Updating base class ->textureSources, by po_vehicles\config.bin/CfgVehicles/rhs_zsutank_base/textureSources/ (original rhsafrf\addons\rhs_c_a2port_armor\config.bin)
12:18:44 Updating base class Turrets->, by T1AM\config.cpp/cfgVehicles/MBT_01_base_F/Turrets/ (original (a3\armor_f_gamma\mbt_01\config.bin - no unload))
12:18:44 Updating base class Turrets->, by T1AM\config.cpp/cfgVehicles/StaticMortar/Turrets/ (original (a3\static_f\at_01\config.bin - no unload))
12:18:44 Updating base class ACE_SelfActions->, by z\ace\addons\interaction\config.bin/CfgVehicles/Tank/ACE_SelfActions/ (original z\tfar\addons\core\config.bin)
12:18:44 Updating base class ACE_SelfActions->, by z\ace\addons\interaction\config.bin/CfgVehicles/Helicopter/ACE_SelfActions/ (original z\tfar\addons\core\intercomconfig\config.bin)
12:18:44 Updating base class ACE_SelfActions->, by z\ace\addons\interaction\config.bin/CfgVehicles/Plane/ACE_SelfActions/ (original z\tfar\addons\core\intercomconfig\config.bin)
12:18:44 Updating base class WeaponSlotsInfo->WeaponSlotsInfo, by z\ace\addons\realisticweights\config.bin/CfgWeapons/arifle_AK12_base_F/WeaponSlotsInfo/ (original a3\weapons_f_exp\rifles\ak12\config.bin)
12:18:44 Updating base class WeaponSlotsInfo->WeaponSlotsInfo, by z\ace\addons\realisticweights\config.bin/CfgWeapons/arifle_AKM_base_F/WeaponSlotsInfo/ (original a3\weapons_f_exp\rifles\akm\config.bin)
12:18:44 Updating base class WeaponSlotsInfo->WeaponSlotsInfo, by z\ace\addons\realisticweights\config.bin/CfgWeapons/arifle_AKS_base_F/WeaponSlotsInfo/ (original a3\weapons_f_exp\rifles\aks\config.bin)
12:18:44 Updating base class WeaponSlotsInfo->WeaponSlotsInfo, by z\ace\addons\realisticweights\config.bin/CfgWeapons/arifle_MSBS65_base_F/WeaponSlotsInfo/ (original a3\weapons_f_enoch\rifles\msbs\config.bin)
12:18:44 Updating base class ->Turrets, by z\ace\addons\vehicles\config.bin/CfgVehicles/MBT_01_base_F/Turrets/ (original (a3\armor_f_gamma\mbt_01\config.bin - no unload))
12:18:44 Updating base class ->TFAR_Bag_Base, by z\tfar\addons\backpacks\config.bin/CfgVehicles/TFAR_rt1523g/ (original z\tfar\addons\backpacks\config.bin)
12:18:44 Updating base class Turrets->, by z\vtx\addons\uh60\config.cpp/CfgVehicles/Heli_Transport_01_base_F/Turrets/ (original a3\air_f_beta\heli_transport_01\config.bin)
12:18:44 Updating base class ->hct_driver, by z\vtx\addons\uh60_anvishud\config.cpp/CfgVehicles/vtx_H60_base/hct_driver/ (original (no unload))
12:18:44 Updating base class ->modules, by z\vtx\addons\uh60_anvishud\config.cpp/CfgVehicles/vtx_H60_base/hct_driver/modules/ (original (no unload))
12:18:44 Updating base class ->hct_copilot, by z\vtx\addons\uh60_anvishud\config.cpp/CfgVehicles/vtx_H60_base/hct_copilot/ (original (no unload))
12:18:44 Updating base class ->modules, by z\vtx\addons\uh60_anvishud\config.cpp/CfgVehicles/vtx_H60_base/hct_copilot/modules/ (original (no unload))
12:18:44 Updating base class ->interaction, by z\vtx\addons\uh60_cas\config.cpp/CfgVehicles/vtx_H60_base/hct_driver/interaction/ (original (no unload))
12:18:44 Updating base class ->interaction, by z\vtx\addons\uh60_cas\config.cpp/CfgVehicles/vtx_H60_base/hct_copilot/interaction/ (original (no unload))
12:18:44 Updating base class ->hct_cargo, by z\vtx\addons\uh60_misc\config.cpp/cfgVehicles/vtx_H60_base/hct_cargo/ (original (no unload))
12:18:44 Updating base class ->interaction, by z\vtx\addons\uh60_misc\config.cpp/cfgVehicles/vtx_H60_base/hct_cargo/interaction/ (original (no unload))
12:18:44 Updating base class I_G_Offroad_01_AT_F->Offroad_01_AT_base_F, by po_main\config.bin/CfgVehicles/B_G_Offroad_01_AT_F/ (original a3\soft_f\offroad_01\config.bin)
12:18:44 Updating base class Air->, by staticLine\config.cpp/cfgVehicles/Plane/ (original (bin\config.bin - no unload))
12:18:44 Updating base class Air->, by staticLine\config.cpp/cfgVehicles/Helicopter/ (original (bin\config.bin - no unload))
12:18:44 Updating base class ->Air, by z\ace\addons\aircraft\config.bin/CfgVehicles/Helicopter/ (original (bin\config.bin - no unload))
12:18:44 Updating base class ->Air, by z\ace\addons\aircraft\config.bin/CfgVehicles/Plane/ (original (bin\config.bin - no unload))
12:18:44 Updating base class ->Turrets, by z\ace\addons\aircraft\config.bin/CfgVehicles/Heli_Transport_01_base_F/Turrets/ (original (a3\air_f_beta\heli_transport_01\config.bin - no unload))
12:18:44 Updating base class ->Turrets, by z\ace\addons\mk6mortar\config.bin/CfgVehicles/StaticMortar/Turrets/ (original (a3\static_f\at_01\config.bin - no unload))
12:18:44 Updating base class Heli_Transport_01_base_F->, by z\vtx\addons\uh60_config\config.cpp/Extended_Init_EventHandlers/vtx_H60_base/ (original (no unload))
12:18:44 Updating base class ->AnimationSources, by z\vtx\addons\uh60_config\config.cpp/CfgVehicles/vtx_H60_base/AnimationSources/ (original (no unload))
12:18:44 Updating base class ->LandingLight_Show, by z\vtx\addons\uh60_config\config.cpp/CfgVehicles/vtx_H60_base/AnimationSources/Stabilator_rotate_user/ (original (no unload))
12:18:44 Updating base class ->LandingLight_Show, by z\vtx\addons\uh60_config\config.cpp/CfgVehicles/vtx_H60_base/AnimationSources/cabindoor_L/ (original (no unload))
12:18:44 Updating base class ->LandingLight_Show, by z\vtx\addons\uh60_config\config.cpp/CfgVehicles/vtx_H60_base/AnimationSources/cabindoor_R/ (original (no unload))
12:18:44 Updating base class ACE_Hellfire_AGM114K->M_Scalpel_AT, by z\vtx\addons\uh60_weapons\config.cpp/CfgAmmo/ACE_Hellfire_AGM114N/ (original z\ace\addons\hellfire\config.bin)
12:18:44 Updating base class ->V_PlateCarrierIA1_dgtl, by po_factions_me\config.bin/cfgWeapons/LOP_V_CarrierLite_OLV/ (original po_factions_me\config.bin)
12:18:44 Updating base class ->SoldierGB, by rhsgref\addons\rhsgref_c_troops\config.bin/CfgVehicles/rhsgref_nat_base/ (original rhsgref\addons\rhsgref_c_troops\config.bin)
12:18:44 Updating base class ->Uniform_Base, by rhsgref\addons\rhsgref_c_troops\config.bin/cfgWeapons/rhsgref_uniform_reed/ (original rhsgref\addons\rhsgref_c_troops\config.bin)
12:18:44 Updating base class ->Uniform_Base, by rhsgref\addons\rhsgref_c_troops\config.bin/cfgWeapons/rhsgref_uniform_ERDL/ (original rhsgref\addons\rhsgref_c_troops\config.bin)
12:18:44 Updating base class ->Uniform_Base, by rhsgref\addons\rhsgref_c_troops\config.bin/cfgWeapons/rhsgref_uniform_altis_lizard/ (original rhsgref\addons\rhsgref_c_troops\config.bin)
12:18:44 Updating base class ->Uniform_Base, by rhsgref\addons\rhsgref_c_troops\config.bin/cfgWeapons/rhsgref_uniform_dpm/ (original rhsgref\addons\rhsgref_c_troops\config.bin)
12:18:44 Updating base class ->Uniform_Base, by rhsgref\addons\rhsgref_c_troops\config.bin/cfgWeapons/rhsgref_uniform_3color_desert/ (original rhsgref\addons\rhsgref_c_troops\config.bin)
12:18:44 Updating base class ->ItemCore, by rhsgref\addons\rhsgref_c_troops\config.bin/cfgWeapons/rhsgref_un_beret/ (original rhsgref\addons\rhsgref_c_troops\config.bin)
12:18:44 Updating base class ->H_HelmetB, by rhsgref\addons\rhsgref_c_troops\config.bin/cfgWeapons/rhsgref_ssh68/ (original rhsgref\addons\rhsgref_c_troops\config.bin)
12:18:44 Updating base class ->rhsgref_ssh68, by rhsgref\addons\rhsgref_c_troops\config.bin/cfgWeapons/rhsgref_ssh68_un/ (original rhsgref\addons\rhsgref_c_troops\config.bin)
12:18:44 Updating base class ->H_HelmetB, by rhsgref\addons\rhsgref_c_troops\config.bin/cfgWeapons/rhsgref_helmet_M1_bare/ (original rhsgref\addons\rhsgref_c_troops\config.bin)
12:18:44 Updating base class ->H_HelmetB, by rhsgref\addons\rhsgref_c_troops\config.bin/cfgWeapons/rhsgref_hat_M1951/ (original rhsgref\addons\rhsgref_c_troops\config.bin)
12:18:44 Updating base class ->H_HelmetB, by rhsgref\addons\rhsgref_c_troops\config.bin/cfgWeapons/rhsgref_helmet_pasgt_erdl/ (original rhsgref\addons\rhsgref_c_troops\config.bin)
12:18:44 Updating base class ->rhsgref_helmet_pasgt_erdl, by rhsgref\addons\rhsgref_c_troops\config.bin/cfgWeapons/rhsgref_helmet_pasgt_3color_desert/ (original rhsgref\addons\rhsgref_c_troops\config.bin)
12:18:44 Updating base class textureSources->, by rhsgref\addons\rhsgref_c_vehicles_ret\config.bin/CfgVehicles/rhs_btr70_vmf/textureSources/ (original (rhsafrf\addons\rhs_c_btr\config.bin - no unload))
12:18:44 Updating base class textureSources->, by rhsgref\addons\rhsgref_c_vehicles_ret\config.bin/CfgVehicles/rhs_bmp1tank_base/textureSources/ (original (rhsafrf\addons\rhs_c_bmp\config.bin - no unload))
12:18:44 Updating base class textureSources->, by rhsgref\addons\rhsgref_c_vehicles_ret\config.bin/CfgVehicles/rhs_zsutank_base/textureSources/ (original (rhsafrf\addons\rhs_c_a2port_armor\config.bin - no unload))
12:18:44 Updating base class BagFence_base_F->ACE_envelope_small, by x\grad_trenches\addons\functions\config.bin/CfgVehicles/ACE_envelope_big/ (original (z\ace\addons\trenches\config.bin - no unload))
12:18:44 Updating base class BagFence_base_F->ACE_envelope_big, by x\grad_trenches\addons\functions\config.bin/CfgVehicles/GRAD_envelope_giant/ (original x\grad_trenches\addons\assets\config.bin)
12:18:44 Updating base class BagFence_base_F->ACE_envelope_big, by x\grad_trenches\addons\functions\config.bin/CfgVehicles/GRAD_envelope_vehicle/ (original x\grad_trenches\addons\assets\config.bin)
12:18:44 Updating base class BagFence_base_F->ACE_envelope_big, by x\grad_trenches\addons\functions\config.bin/CfgVehicles/GRAD_envelope_short/ (original x\grad_trenches\addons\assets\config.bin)
12:18:44 Updating base class BagFence_base_F->ACE_envelope_big, by x\grad_trenches\addons\functions\config.bin/CfgVehicles/GRAD_envelope_long/ (original x\grad_trenches\addons\assets\config.bin)
12:18:44 Updating base class InventoryItem_Base_F->ItemCore, by PRACS_Troops\config.cpp/CfgWeapons/UniformItem/ (original a3\characters_f_tank\uniforms\config.bin)
12:18:44 Updating base class InventoryItem_Base_F->ItemCore, by PRACS_Troops\config.cpp/CfgWeapons/VestItem/ (original a3\characters_f\config.bin)
12:18:44 Updating base class rhsusf_lwh_helmet_marpatd->H_HelmetB, by PRACS_Troops\config.cpp/CfgWeapons/rhsusf_lwh_helmet_marpatd_ess/ (original rhsusf\addons\rhsusf_c_troops\config.bin)
12:18:44 Updating base class rhsusf_lwh_helmet_marpatd_headset->H_HelmetB, by PRACS_Troops\config.cpp/CfgWeapons/rhsusf_lwh_helmet_marpatwd_headset_blk2/ (original rhsusf\addons\rhsusf_c_troops\config.bin)
12:18:44 Updating base class Turrets->, by z\vtx\addons\H60_SFX\config.cpp/CfgVehicles/Helicopter_Base_H/Turrets/ (original (a3\air_f\config.bin - no unload))
12:18:44 Updating base class Sounds->, by z\vtx\addons\H60_SFX\config.cpp/CfgVehicles/vtx_H60_base/sounds/ (original (no unload))
12:18:44 Updating base class CargoTurret->CargoTurret, by z\vtx\addons\H60_SFX\config.cpp/CfgVehicles/vtx_HH60/Turrets/CargoTurret_01/ (original (no unload))
12:18:44 Updating base class CargoTurret->CargoTurret, by z\vtx\addons\H60_SFX\config.cpp/CfgVehicles/vtx_UH60M_SLICK/Turrets/CargoTurret_01/ (original (no unload))
12:18:44 Updating base class CargoTurret->CargoTurret, by z\vtx\addons\H60_SFX\config.cpp/CfgVehicles/vtx_UH60M_MEDEVAC/Turrets/CargoTurret_01/ (original (no unload))
12:18:44 Updating base class CargoTurret->CargoTurret, by z\vtx\addons\H60_SFX\config.cpp/CfgVehicles/vtx_MH60M/Turrets/CargoTurret_01/ (original (no unload))
12:18:44 Updating base class CargoTurret->CargoTurret, by z\vtx\addons\H60_SFX\config.cpp/CfgVehicles/vtx_MH60M_DAP/Turrets/CargoTurret_01/ (original (no unload))
12:18:44 Updating base class CargoTurret->CargoTurret, by z\vtx\addons\H60_SFX\config.cpp/CfgVehicles/vtx_MH60M_DAP_MLASS/Turrets/CargoTurret_01/ (original (no unload))
12:18:44 Updating base class CargoTurret->CargoTurret, by z\vtx\addons\H60_SFX\config.cpp/CfgVehicles/vtx_MH60S_Pylons_GAU21L/Turrets/CargoTurret_01/ (original (no unload))
12:18:44 Updating base class CargoTurret->CargoTurret, by z\vtx\addons\H60_SFX\config.cpp/CfgVehicles/vtx_MH60S_GAU21L/Turrets/CargoTurret_01/ (original (no unload))
12:18:44 Updating base class ->Turrets, by PRACS_Car_2\config.cpp/CfgVehicles/rhsusf_M1117_base/Turrets/MainTurret/Turrets/ (original rhsusf\addons\rhsusf_c_m1117\config.bin)
12:18:45 Cannot open C:\3rdID_Server2\Server2\Servers\_641fb88761ae466a9e5954b4eff0ed26\OfficialServersCache\list.json
12:18:45 Canceling the list loading process, the load of the file failed: C:\3rdID_Server2\Server2\Servers\_641fb88761ae466a9e5954b4eff0ed26\OfficialServersCache\list.json
12:18:45 Initializing Steam Manager
12:18:45 Steam Manager initialized.
12:18:45 
12:18:45 ==== Loaded addons ====
12:18:45 
12:18:45 dta\bin.pbo - 152984
12:18:45 dta\core.pbo - 129618
12:18:45 dta\languagecore_f.pbo - 151164
12:18:45 C:\3rdID_Server2\Server2\@AH_64D_Official_Project_V2_1\addons\fza_ah64_AICrew.pbo - unknown
12:18:45 C:\3rdID_Server2\Server2\@AH_64D_Official_Project_V2_1\addons\fza_ah64_controls.pbo - unknown
12:18:45 C:\3rdID_Server2\Server2\@AH_64D_Official_Project_V2_1\addons\fza_ah64_sfmplus.pbo - unknown
12:18:45 C:\3rdID_Server2\Server2\@AH_64D_Official_Project_V2_1\addons\fza_ah64_us.pbo - unknown
12:18:45 C:\3rdID_Server2\Server2\@Zeus_Enhanced\addons\zen_ai.pbo - 1.15.1.36
12:18:45 C:\3rdID_Server2\Server2\@Zeus_Enhanced\addons\zen_area_markers.pbo - 1.15.1.36
12:18:45 C:\3rdID_Server2\Server2\@Zeus_Enhanced\addons\zen_attached_objects.pbo - 1.15.1.36
12:18:45 C:\3rdID_Server2\Server2\@Zeus_Enhanced\addons\zen_attributes.pbo - 1.15.1.36
12:18:45 C:\3rdID_Server2\Server2\@Zeus_Enhanced\addons\zen_building_markers.pbo - 1.15.1.36
12:18:45 C:\3rdID_Server2\Server2\@Zeus_Enhanced\addons\zen_camera.pbo - 1.15.1.36
12:18:45 C:\3rdID_Server2\Server2\@Zeus_Enhanced\addons\zen_common.pbo - 1.15.1.36
12:18:45 C:\3rdID_Server2\Server2\@Zeus_Enhanced\addons\zen_compat_ace.pbo - 1.15.1.36
12:18:45 C:\3rdID_Server2\Server2\@Zeus_Enhanced\addons\zen_compat_advanced_rappelling.pbo - 1.15.1.36
12:18:45 C:\3rdID_Server2\Server2\@Zeus_Enhanced\addons\zen_compositions.pbo - 1.15.1.36
12:18:45 C:\3rdID_Server2\Server2\@Zeus_Enhanced\addons\zen_context_actions.pbo - 1.15.1.36
12:18:45 C:\3rdID_Server2\Server2\@Zeus_Enhanced\addons\zen_context_menu.pbo - 1.15.1.36
12:18:45 C:\3rdID_Server2\Server2\@Zeus_Enhanced\addons\zen_cover_map.pbo - 1.15.1.36
12:18:45 C:\3rdID_Server2\Server2\@Zeus_Enhanced\addons\zen_custom_modules.pbo - 1.15.1.36
12:18:45 C:\3rdID_Server2\Server2\@Zeus_Enhanced\addons\zen_damage.pbo - 1.15.1.36
12:18:45 C:\3rdID_Server2\Server2\@Zeus_Enhanced\addons\zen_dialog.pbo - 1.15.1.36
12:18:45 C:\3rdID_Server2\Server2\@Zeus_Enhanced\addons\zen_doors.pbo - 1.15.1.36
12:18:45 C:\3rdID_Server2\Server2\@Zeus_Enhanced\addons\zen_editor.pbo - 1.15.1.36
12:18:45 C:\3rdID_Server2\Server2\@Zeus_Enhanced\addons\zen_editor_previews.pbo - 1.15.1.36
12:18:45 C:\3rdID_Server2\Server2\@Zeus_Enhanced\addons\zen_faction_filter.pbo - 1.15.1.36
12:18:45 C:\3rdID_Server2\Server2\@Zeus_Enhanced\addons\zen_flashlight.pbo - 1.15.1.36
12:18:45 C:\3rdID_Server2\Server2\@Zeus_Enhanced\addons\zen_garage.pbo - 1.15.1.36
12:18:45 C:\3rdID_Server2\Server2\@Zeus_Enhanced\addons\zen_inventory.pbo - 1.15.1.36
12:18:45 C:\3rdID_Server2\Server2\@Zeus_Enhanced\addons\zen_loadout.pbo - 1.15.1.36
12:18:45 C:\3rdID_Server2\Server2\@Zeus_Enhanced\addons\zen_main.pbo - 1.15.1.36
12:18:45 C:\3rdID_Server2\Server2\@Zeus_Enhanced\addons\zen_markers_tree.pbo - 1.15.1.36
12:18:45 C:\3rdID_Server2\Server2\@Zeus_Enhanced\addons\zen_modules.pbo - 1.15.1.36
12:18:45 C:\3rdID_Server2\Server2\@Zeus_Enhanced\addons\zen_music.pbo - 1.15.1.36
12:18:45 C:\3rdID_Server2\Server2\@Zeus_Enhanced\addons\zen_placement.pbo - 1.15.1.36
12:18:45 C:\3rdID_Server2\Server2\@Zeus_Enhanced\addons\zen_position_logics.pbo - 1.15.1.36
12:18:45 C:\3rdID_Server2\Server2\@Zeus_Enhanced\addons\zen_pylons.pbo - 1.15.1.36
12:18:45 C:\3rdID_Server2\Server2\@Zeus_Enhanced\addons\zen_remote_control.pbo - 1.15.1.36
12:18:45 C:\3rdID_Server2\Server2\@Zeus_Enhanced\addons\zen_tasks.pbo - 1.15.1.36
12:18:45 C:\3rdID_Server2\Server2\@Zeus_Enhanced\addons\zen_visibility.pbo - 1.15.1.36
12:18:45 C:\3rdID_Server2\Server2\@Zeus_Enhanced\addons\zen_vision.pbo - 1.15.1.36
12:18:45 C:\3rdID_Server2\Server2\@Zeus_Additions\addons\zeus_additions_main.pbo - 1.6.10.0-1395f937
12:18:45 C:\3rdID_Server2\Server2\@W28\addons\tweed_augen.pbo - unknown
12:18:45 C:\3rdID_Server2\Server2\@W28\addons\tweed_augen_cfg.pbo - unknown
12:18:45 C:\3rdID_Server2\Server2\@W28\addons\tweed_eden_21.pbo - unknown
12:18:45 C:\3rdID_Server2\Server2\@W28\addons\tweed_uaf_21.pbo - unknown
12:18:45 C:\3rdID_Server2\Server2\@W28\addons\tweed_uaf_21_cfg.pbo - unknown
12:18:45 C:\3rdID_Server2\Server2\@W28\addons\tweed_uaf_22.pbo - unknown
12:18:45 C:\3rdID_Server2\Server2\@W28\addons\tweed_uaf_23.pbo - unknown
12:18:45 C:\3rdID_Server2\Server2\@VS_ACE_Static_Line_Jump\addons\staticLine.pbo - unknown
12:18:45 C:\3rdID_Server2\Server2\@Virolahti__Valtatie_7\addons\vt7.pbo - Sun Dec 08 13:16:29 2019
12:18:45 C:\3rdID_Server2\Server2\@Tier_1_Artillery_Mod\addons\T1AM.pbo - unknown
12:18:45 C:\3rdID_Server2\Server2\@Tembelan_Island\addons\Tembelan.pbo - 18032519
12:18:45 C:\3rdID_Server2\Server2\@Task_Force_Arrowhead_Radio_BETA__\addons\tfar_ai_hearing.pbo - 02b1b0cd
12:18:45 C:\3rdID_Server2\Server2\@Task_Force_Arrowhead_Radio_BETA__\addons\tfar_antennas.pbo - 02b1b0cd
12:18:45 C:\3rdID_Server2\Server2\@Task_Force_Arrowhead_Radio_BETA__\addons\tfar_backpacks.pbo - 02b1b0cd
12:18:45 C:\3rdID_Server2\Server2\@Task_Force_Arrowhead_Radio_BETA__\addons\tfar_core.pbo - 02b1b0cd
12:18:45 C:\3rdID_Server2\Server2\@Task_Force_Arrowhead_Radio_BETA__\addons\tfar_external_intercom.pbo - 02b1b0cd
12:18:45 C:\3rdID_Server2\Server2\@Task_Force_Arrowhead_Radio_BETA__\addons\tfar_handhelds.pbo - 02b1b0cd
12:18:45 C:\3rdID_Server2\Server2\@Task_Force_Arrowhead_Radio_BETA__\addons\tfar_static_radios.pbo - 02b1b0cd
12:18:45 C:\3rdID_Server2\Server2\@RHSUSAF\addons\rhsusf_a2port_air.pbo - RedHammerStudios.0.5.5.6505.r4344
12:18:45 C:\3rdID_Server2\Server2\@RHSUSAF\addons\rhsusf_a2port_air2.pbo - RedHammerStudios.0.5.5.6439.r4299
12:18:45 C:\3rdID_Server2\Server2\@RHSUSAF\addons\rhsusf_a2port_armor.pbo - RedHammerStudios.0.5.1.5822.r3882
12:18:45 C:\3rdID_Server2\Server2\@RHSUSAF\addons\rhsusf_a2port_car.pbo - RedHammerStudios.0.5.1.5659.r3805
12:18:45 C:\3rdID_Server2\Server2\@RHSUSAF\addons\rhsusf_ah64.pbo - RedHammerStudios.0.5.1.5659.r3805
12:18:45 C:\3rdID_Server2\Server2\@RHSUSAF\addons\rhsusf_airweapons.pbo - RedHammerStudios.0.5.5.6469.r4318
12:18:45 C:\3rdID_Server2\Server2\@RHSUSAF\addons\rhsusf_caiman.pbo - RedHammerStudios.0.5.6.6781.r4465
12:18:45 C:\3rdID_Server2\Server2\@RHSUSAF\addons\rhsusf_cars.pbo - RedHammerStudios.0.5.1.5659.r3805
12:18:45 C:\3rdID_Server2\Server2\@RHSUSAF\addons\rhsusf_ch53.pbo - RedHammerStudios.0.5.5.6439.r4299
12:18:45 C:\3rdID_Server2\Server2\@RHSUSAF\addons\rhsusf_commskit.pbo - RedHammerStudios.0.5.5.6531.r4358
12:18:45 C:\3rdID_Server2\Server2\@RHSUSAF\addons\rhsusf_cougar.pbo - RedHammerStudios.0.5.6.6781.r4465
12:18:45 C:\3rdID_Server2\Server2\@RHSUSAF\addons\rhsusf_c_a2port_air.pbo - RedHammerStudios.0.5.6.6813.r4486
12:18:45 C:\3rdID_Server2\Server2\@RHSUSAF\addons\rhsusf_c_a2port_armor.pbo - RedHammerStudios.0.5.6.6813.r4486
12:18:45 C:\3rdID_Server2\Server2\@RHSUSAF\addons\rhsusf_c_a2port_car.pbo - RedHammerStudios.0.5.1.5659.r3805
12:18:45 C:\3rdID_Server2\Server2\@RHSUSAF\addons\rhsusf_c_ah64.pbo - RedHammerStudios.0.5.1.5659.r3805
12:18:45 C:\3rdID_Server2\Server2\@RHSUSAF\addons\rhsusf_c_airweapons.pbo - RedHammerStudios.0.5.6.6805.r4481
12:18:45 C:\3rdID_Server2\Server2\@RHSUSAF\addons\rhsusf_c_caiman.pbo - RedHammerStudios.0.5.6.6813.r4486
12:18:45 C:\3rdID_Server2\Server2\@RHSUSAF\addons\rhsusf_c_ch53.pbo - RedHammerStudios.0.5.6.6813.r4486
12:18:45 C:\3rdID_Server2\Server2\@RHSUSAF\addons\rhsusf_c_commskit.pbo - RedHammerStudios.0.5.5.6531.r4358
12:18:45 C:\3rdID_Server2\Server2\@RHSUSAF\addons\rhsusf_c_cougar.pbo - RedHammerStudios.0.5.6.6813.r4486
12:18:45 C:\3rdID_Server2\Server2\@RHSUSAF\addons\rhsusf_c_f22.pbo - RedHammerStudios.0.5.1.5659.r3805
12:18:45 C:\3rdID_Server2\Server2\@RHSUSAF\addons\rhsusf_c_fmtv.pbo - RedHammerStudios.0.5.6.6813.r4486
12:18:45 C:\3rdID_Server2\Server2\@RHSUSAF\addons\rhsusf_c_heavyweapons.pbo - RedHammerStudios.0.5.6.6812.r4485
12:18:45 C:\3rdID_Server2\Server2\@RHSUSAF\addons\rhsusf_c_hemtt_a2.pbo - RedHammerStudios.0.5.1.5659.r3805
12:18:45 C:\3rdID_Server2\Server2\@RHSUSAF\addons\rhsusf_c_hemtt_a4.pbo - RedHammerStudios.0.5.6.6813.r4486
12:18:45 C:\3rdID_Server2\Server2\@RHSUSAF\addons\rhsusf_c_himars.pbo - RedHammerStudios.0.5.6.6813.r4486
12:18:45 C:\3rdID_Server2\Server2\@RHSUSAF\addons\rhsusf_c_hmmwv.pbo - RedHammerStudios.0.5.6.6813.r4486
12:18:45 C:\3rdID_Server2\Server2\@RHSUSAF\addons\rhsusf_c_identity.pbo - RedHammerStudios.0.5.1.5659.r3805
12:18:45 C:\3rdID_Server2\Server2\@RHSUSAF\addons\rhsusf_c_m109.pbo - RedHammerStudios.0.5.6.6813.r4486
12:18:45 C:\3rdID_Server2\Server2\@RHSUSAF\addons\rhsusf_c_m1117.pbo - RedHammerStudios.0.5.6.6813.r4486
12:18:45 C:\3rdID_Server2\Server2\@RHSUSAF\addons\rhsusf_c_m113.pbo - RedHammerStudios.0.5.6.6813.r4486
12:18:45 C:\3rdID_Server2\Server2\@RHSUSAF\addons\rhsusf_c_m11xx.pbo - RedHammerStudios.0.5.6.6813.r4486
12:18:45 C:\3rdID_Server2\Server2\@RHSUSAF\addons\rhsusf_c_m1a1.pbo - RedHammerStudios.0.5.6.6813.r4486
12:18:45 C:\3rdID_Server2\Server2\@RHSUSAF\addons\rhsusf_c_m1a2.pbo - RedHammerStudios.0.5.6.6801.r4479
12:18:45 C:\3rdID_Server2\Server2\@RHSUSAF\addons\rhsusf_c_m252.pbo - RedHammerStudios.0.5.2.5935.r3969
12:18:45 C:\3rdID_Server2\Server2\@RHSUSAF\addons\rhsusf_c_markvsoc.pbo - RedHammerStudios.0.5.5.6666.r4397
12:18:45 C:\3rdID_Server2\Server2\@RHSUSAF\addons\rhsusf_c_matv.pbo - RedHammerStudios.0.5.6.6813.r4486
12:18:45 C:\3rdID_Server2\Server2\@RHSUSAF\addons\rhsusf_c_melb.pbo - RedHammerStudios.0.5.6.6813.r4486
12:18:45 C:\3rdID_Server2\Server2\@RHSUSAF\addons\rhsusf_c_mrzr.pbo - RedHammerStudios.0.5.6.6813.r4486
12:18:45 C:\3rdID_Server2\Server2\@RHSUSAF\addons\rhsusf_c_mtvr.pbo - RedHammerStudios.0.5.2.5935.r3969
12:18:45 C:\3rdID_Server2\Server2\@RHSUSAF\addons\rhsusf_c_props.pbo - RedHammerStudios.0.5.3.6302.r4215
12:18:45 C:\3rdID_Server2\Server2\@RHSUSAF\addons\rhsusf_c_radio.pbo - RedHammerStudios.0.5.2.5924.r3960
12:18:45 C:\3rdID_Server2\Server2\@RHSUSAF\addons\rhsusf_c_rg33.pbo - RedHammerStudios.0.5.6.6813.r4486
12:18:45 C:\3rdID_Server2\Server2\@RHSUSAF\addons\rhsusf_c_rg33l.pbo - RedHammerStudios.0.5.6.6813.r4486
12:18:45 C:\3rdID_Server2\Server2\@RHSUSAF\addons\rhsusf_c_socomauv.pbo - RedHammerStudios.0.5.6.6813.r4486
12:18:45 C:\3rdID_Server2\Server2\@RHSUSAF\addons\rhsusf_c_statics.pbo - RedHammerStudios.0.5.5.6697.r4418
12:18:45 C:\3rdID_Server2\Server2\@RHSUSAF\addons\rhsusf_c_stryker.pbo - RedHammerStudios.0.5.6.6813.r4486
12:18:45 C:\3rdID_Server2\Server2\@RHSUSAF\addons\rhsusf_c_troops.pbo - RedHammerStudios.0.5.6.6785.r4467
12:18:45 C:\3rdID_Server2\Server2\@RHSUSAF\addons\rhsusf_c_uav.pbo - RedHammerStudios.0.5.2.5937.r3970
12:18:45 C:\3rdID_Server2\Server2\@RHSUSAF\addons\rhsusf_c_vehiclesounds.pbo - RedHammerStudios.0.5.1.5659.r3805
12:18:45 C:\3rdID_Server2\Server2\@RHSUSAF\addons\rhsusf_c_weapons.pbo - RedHammerStudios.0.5.6.6810.r4484
12:18:45 C:\3rdID_Server2\Server2\@RHSUSAF\addons\rhsusf_c_weaponsounds.pbo - RedHammerStudios.0.5.2.5935.r3969
12:18:45 C:\3rdID_Server2\Server2\@RHSUSAF\addons\rhsusf_decals.pbo - RedHammerStudios.0.5.3.6224.r4167
12:18:45 C:\3rdID_Server2\Server2\@RHSUSAF\addons\rhsusf_dve.pbo - RedHammerStudios.0.5.1.5787.r3863
12:18:45 C:\3rdID_Server2\Server2\@RHSUSAF\addons\rhsusf_editorpreviews.pbo - RedHammerStudios.0.5.6.6812.r4485
12:18:45 C:\3rdID_Server2\Server2\@RHSUSAF\addons\rhsusf_f22.pbo - RedHammerStudios.0.5.1.5659.r3805
12:18:45 C:\3rdID_Server2\Server2\@RHSUSAF\addons\rhsusf_fmtv.pbo - RedHammerStudios.0.5.5.6434.r4295
12:18:45 C:\3rdID_Server2\Server2\@RHSUSAF\addons\rhsusf_heavyweapons.pbo - RedHammerStudios.0.5.5.6697.r4418
12:18:45 C:\3rdID_Server2\Server2\@RHSUSAF\addons\rhsusf_hemtt_a2.pbo - RedHammerStudios.0.5.1.5659.r3805
12:18:45 C:\3rdID_Server2\Server2\@RHSUSAF\addons\rhsusf_hemtt_a4.pbo - RedHammerStudios.0.5.3.6354.r4241
12:18:45 C:\3rdID_Server2\Server2\@RHSUSAF\addons\rhsusf_himars.pbo - RedHammerStudios.0.5.1.5822.r3882
12:18:45 C:\3rdID_Server2\Server2\@RHSUSAF\addons\rhsusf_hmmwv.pbo - RedHammerStudios.0.5.5.6735.r4448
12:18:45 C:\3rdID_Server2\Server2\@RHSUSAF\addons\rhsusf_infantry.pbo - RedHammerStudios.0.5.5.6588.r4377
12:18:45 C:\3rdID_Server2\Server2\@RHSUSAF\addons\rhsusf_infantry2.pbo - RedHammerStudios.0.5.5.6678.r4404
12:18:45 C:\3rdID_Server2\Server2\@RHSUSAF\addons\rhsusf_infantry3.pbo - RedHammerStudios.0.5.1.5874.r3920
12:18:45 C:\3rdID_Server2\Server2\@RHSUSAF\addons\rhsusf_inventoryicons.pbo - RedHammerStudios.0.5.5.6741.r4451
12:18:45 C:\3rdID_Server2\Server2\@RHSUSAF\addons\rhsusf_m109.pbo - RedHammerStudios.0.5.1.5822.r3882
12:18:45 C:\3rdID_Server2\Server2\@RHSUSAF\addons\rhsusf_m1117.pbo - RedHammerStudios.0.5.1.5730.r3840
12:18:45 C:\3rdID_Server2\Server2\@RHSUSAF\addons\rhsusf_m113.pbo - RedHammerStudios.0.5.4.6412.r4280
12:18:45 C:\3rdID_Server2\Server2\@RHSUSAF\addons\rhsusf_m1165.pbo - RedHammerStudios.0.5.6.6784.r4466
12:18:45 C:\3rdID_Server2\Server2\@RHSUSAF\addons\rhsusf_m11xx.pbo - RedHammerStudios.0.5.5.6735.r4448
12:18:45 C:\3rdID_Server2\Server2\@RHSUSAF\addons\rhsusf_m1a1.pbo - RedHammerStudios.0.5.5.6698.r4419
12:18:45 C:\3rdID_Server2\Server2\@RHSUSAF\addons\rhsusf_m1a2.pbo - RedHammerStudios.0.5.6.6806.r4482
12:18:45 C:\3rdID_Server2\Server2\@RHSUSAF\addons\rhsusf_m252.pbo - RedHammerStudios.0.5.1.5659.r3805
12:18:45 C:\3rdID_Server2\Server2\@RHSUSAF\addons\rhsusf_main.pbo - RedHammerStudios.0.5.6.6813.r4486
12:18:45 C:\3rdID_Server2\Server2\@RHSUSAF\addons\rhsusf_markvsoc.pbo - RedHammerStudios.0.5.1.5659.r3805
12:18:45 C:\3rdID_Server2\Server2\@RHSUSAF\addons\rhsusf_matv.pbo - RedHammerStudios.0.5.5.6744.r4453
12:18:45 C:\3rdID_Server2\Server2\@RHSUSAF\addons\rhsusf_melb.pbo - RedHammerStudios.0.5.5.6444.r4303
12:18:45 C:\3rdID_Server2\Server2\@RHSUSAF\addons\rhsusf_mrzr.pbo - RedHammerStudios.0.5.5.6712.r4431
12:18:45 C:\3rdID_Server2\Server2\@RHSUSAF\addons\rhsusf_mtvr.pbo - RedHammerStudios.0.5.1.5659.r3805
12:18:45 C:\3rdID_Server2\Server2\@RHSUSAF\addons\rhsusf_mtvr_tx.pbo - RedHammerStudios.0.5.1.5659.r3805
12:18:45 C:\3rdID_Server2\Server2\@RHSUSAF\addons\rhsusf_muzzleflash.pbo - RedHammerStudios.0.5.5.6613.r4381
12:18:45 C:\3rdID_Server2\Server2\@RHSUSAF\addons\rhsusf_optics.pbo - RedHammerStudios.0.5.6.6781.r4465
12:18:45 C:\3rdID_Server2\Server2\@RHSUSAF\addons\rhsusf_props.pbo - RedHammerStudios.0.5.3.6377.r4259
12:18:45 C:\3rdID_Server2\Server2\@RHSUSAF\addons\rhsusf_radio.pbo - RedHammerStudios.0.5.1.5659.r3805
12:18:45 C:\3rdID_Server2\Server2\@RHSUSAF\addons\rhsusf_rg33.pbo - RedHammerStudios.0.5.6.6781.r4465
12:18:45 C:\3rdID_Server2\Server2\@RHSUSAF\addons\rhsusf_rg33l.pbo - RedHammerStudios.0.5.5.6504.r4343
12:18:45 C:\3rdID_Server2\Server2\@RHSUSAF\addons\rhsusf_scopes.pbo - RedHammerStudios.0.5.5.6662.r4396
12:18:45 C:\3rdID_Server2\Server2\@RHSUSAF\addons\rhsusf_socomauv.pbo - RedHammerStudios.0.5.5.6504.r4343
12:18:45 C:\3rdID_Server2\Server2\@RHSUSAF\addons\rhsusf_sounds.pbo - RedHammerStudios.0.5.5.6684.r4407
12:18:45 C:\3rdID_Server2\Server2\@RHSUSAF\addons\rhsusf_stryker.pbo - RedHammerStudios.0.5.6.6781.r4465
12:18:45 C:\3rdID_Server2\Server2\@RHSUSAF\addons\rhsusf_s_radio.pbo - RedHammerStudios.0.5.1.5659.r3805
12:18:45 C:\3rdID_Server2\Server2\@RHSUSAF\addons\rhsusf_s_vehiclesounds.pbo - RedHammerStudios.0.5.1.5659.r3805
12:18:45 C:\3rdID_Server2\Server2\@RHSUSAF\addons\rhsusf_s_weaponsounds.pbo - RedHammerStudios.0.5.1.5659.r3805
12:18:45 C:\3rdID_Server2\Server2\@RHSUSAF\addons\rhsusf_uav.pbo - RedHammerStudios.0.5.1.5659.r3805
12:18:45 C:\3rdID_Server2\Server2\@RHSUSAF\addons\rhsusf_weapons.pbo - RedHammerStudios.0.5.6.6781.r4465
12:18:45 C:\3rdID_Server2\Server2\@RHSUSAF\addons\rhsusf_weapons2.pbo - RedHammerStudios.0.5.5.6720.r4437
12:18:45 C:\3rdID_Server2\Server2\@RHSUSAF\addons\rhsusf_weapons3.pbo - RedHammerStudios.0.5.6.6798.r4477
12:18:45 C:\3rdID_Server2\Server2\@RHSUSAF\addons\rhsusf_weapon_sounds.pbo - RedHammerStudios.0.5.2.5935.r3969
12:18:45 C:\3rdID_Server2\Server2\@RHSUSAF\addons\rhsusf_xmas.pbo - RedHammerStudios.0.5.1.5659.r3805
12:18:45 C:\3rdID_Server2\Server2\@RHSSAF\addons\rhssaf_backpacks.pbo - RedHammerStudios.0.5.5.2127.r640
12:18:45 C:\3rdID_Server2\Server2\@RHSSAF\addons\rhssaf_binoculars.pbo - RedHammerStudios.0.5.5.2127.r640
12:18:45 C:\3rdID_Server2\Server2\@RHSSAF\addons\rhssaf_c_gear.pbo - RedHammerStudios.0.5.5.2127.r640
12:18:45 C:\3rdID_Server2\Server2\@RHSSAF\addons\rhssaf_c_troops.pbo - RedHammerStudios.0.5.5.2127.r640
12:18:45 C:\3rdID_Server2\Server2\@RHSSAF\addons\rhssaf_c_vehicles.pbo - RedHammerStudios.0.5.5.2131.r642
12:18:45 C:\3rdID_Server2\Server2\@RHSSAF\addons\rhssaf_c_weapons.pbo - RedHammerStudios.0.5.6.2298.r646
12:18:45 C:\3rdID_Server2\Server2\@RHSSAF\addons\rhssaf_editorpreviews.pbo - RedHammerStudios.0.5.5.2131.r642
12:18:45 C:\3rdID_Server2\Server2\@RHSSAF\addons\rhssaf_inventoryicons.pbo - RedHammerStudios.0.5.5.2252.r643
12:18:45 C:\3rdID_Server2\Server2\@RHSSAF\addons\rhssaf_main.pbo - RedHammerStudios.0.5.5.2127.r640
12:18:45 C:\3rdID_Server2\Server2\@RHSSAF\addons\rhssaf_muzzleflash.pbo - RedHammerStudios.0.5.5.2127.r640
12:18:45 C:\3rdID_Server2\Server2\@RHSSAF\addons\rhssaf_m_explosives.pbo - RedHammerStudios.0.5.5.2127.r640
12:18:45 C:\3rdID_Server2\Server2\@RHSSAF\addons\rhssaf_m_headgear_beret.pbo - RedHammerStudios.0.5.5.2127.r640
12:18:45 C:\3rdID_Server2\Server2\@RHSSAF\addons\rhssaf_m_headgear_m59.pbo - RedHammerStudios.0.5.5.2127.r640
12:18:45 C:\3rdID_Server2\Server2\@RHSSAF\addons\rhssaf_m_headgear_m97.pbo - RedHammerStudios.0.5.5.2127.r640
12:18:45 C:\3rdID_Server2\Server2\@RHSSAF\addons\rhssaf_m_headgear_veil.pbo - RedHammerStudios.0.5.5.2127.r640
12:18:45 C:\3rdID_Server2\Server2\@RHSSAF\addons\rhssaf_m_uniform_m10.pbo - RedHammerStudios.0.5.5.2127.r640
12:18:45 C:\3rdID_Server2\Server2\@RHSSAF\addons\rhssaf_m_uniform_m93.pbo - RedHammerStudios.0.5.5.2127.r640
12:18:45 C:\3rdID_Server2\Server2\@RHSSAF\addons\rhssaf_m_uniform_mdt.pbo - RedHammerStudios.0.5.5.2127.r640
12:18:45 C:\3rdID_Server2\Server2\@RHSSAF\addons\rhssaf_m_uniform_pilot.pbo - RedHammerStudios.0.5.5.2127.r640
12:18:45 C:\3rdID_Server2\Server2\@RHSSAF\addons\rhssaf_m_vest_m12.pbo - RedHammerStudios.0.5.5.2127.r640
12:18:45 C:\3rdID_Server2\Server2\@RHSSAF\addons\rhssaf_m_vest_m98.pbo - RedHammerStudios.0.5.5.2127.r640
12:18:45 C:\3rdID_Server2\Server2\@RHSSAF\addons\rhssaf_m_vest_m99.pbo - RedHammerStudios.0.5.5.2127.r640
12:18:45 C:\3rdID_Server2\Server2\@RHSSAF\addons\rhssaf_m_weapon_cz99.pbo - RedHammerStudios.0.5.5.2127.r640
12:18:45 C:\3rdID_Server2\Server2\@RHSSAF\addons\rhssaf_m_weapon_g36.pbo - RedHammerStudios.0.5.5.2127.r640
12:18:45 C:\3rdID_Server2\Server2\@RHSSAF\addons\rhssaf_m_weapon_m21.pbo - RedHammerStudios.0.5.5.2127.r640
12:18:45 C:\3rdID_Server2\Server2\@RHSSAF\addons\rhssaf_m_weapon_m70.pbo - RedHammerStudios.0.5.5.2127.r640
12:18:45 C:\3rdID_Server2\Server2\@RHSSAF\addons\rhssaf_m_weapon_m70c.pbo - RedHammerStudios.0.5.5.2127.r640
12:18:45 C:\3rdID_Server2\Server2\@RHSSAF\addons\rhssaf_m_weapon_m76.pbo - RedHammerStudios.0.5.5.2127.r640
12:18:45 C:\3rdID_Server2\Server2\@RHSSAF\addons\rhssaf_m_weapon_m80.pbo - RedHammerStudios.0.5.5.2127.r640
12:18:45 C:\3rdID_Server2\Server2\@RHSSAF\addons\rhssaf_m_weapon_m84.pbo - RedHammerStudios.0.5.5.2127.r640
12:18:45 C:\3rdID_Server2\Server2\@RHSSAF\addons\rhssaf_m_weapon_m92.pbo - RedHammerStudios.0.5.5.2127.r640
12:18:45 C:\3rdID_Server2\Server2\@RHSSAF\addons\rhssaf_m_weapon_scar.pbo - RedHammerStudios.0.5.5.2127.r640
12:18:45 C:\3rdID_Server2\Server2\@RHSSAF\addons\rhssaf_m_weapon_scorpion.pbo - RedHammerStudios.0.5.5.2127.r640
12:18:45 C:\3rdID_Server2\Server2\@RHSSAF\addons\rhssaf_sounds.pbo - RedHammerStudios.0.5.5.2127.r640
12:18:45 C:\3rdID_Server2\Server2\@RHSSAF\addons\rhssaf_t_explosives.pbo - RedHammerStudios.0.5.5.2127.r640
12:18:45 C:\3rdID_Server2\Server2\@RHSSAF\addons\rhssaf_t_gear_a3.pbo - RedHammerStudios.0.5.5.2127.r640
12:18:45 C:\3rdID_Server2\Server2\@RHSSAF\addons\rhssaf_t_headgear_beret.pbo - RedHammerStudios.0.5.5.2127.r640
12:18:45 C:\3rdID_Server2\Server2\@RHSSAF\addons\rhssaf_t_headgear_m59.pbo - RedHammerStudios.0.5.5.2127.r640
12:18:45 C:\3rdID_Server2\Server2\@RHSSAF\addons\rhssaf_t_headgear_m97.pbo - RedHammerStudios.0.5.5.2127.r640
12:18:45 C:\3rdID_Server2\Server2\@RHSSAF\addons\rhssaf_t_headgear_ret.pbo - RedHammerStudios.0.5.5.2127.r640
12:18:45 C:\3rdID_Server2\Server2\@RHSSAF\addons\rhssaf_t_headgear_veil.pbo - RedHammerStudios.0.5.5.2127.r640
12:18:45 C:\3rdID_Server2\Server2\@RHSSAF\addons\rhssaf_t_uniform_m10.pbo - RedHammerStudios.0.5.5.2127.r640
12:18:45 C:\3rdID_Server2\Server2\@RHSSAF\addons\rhssaf_t_uniform_m93.pbo - RedHammerStudios.0.5.5.2127.r640
12:18:45 C:\3rdID_Server2\Server2\@RHSSAF\addons\rhssaf_t_uniform_mdt.pbo - RedHammerStudios.0.5.5.2127.r640
12:18:45 C:\3rdID_Server2\Server2\@RHSSAF\addons\rhssaf_t_uniform_pilot.pbo - RedHammerStudios.0.5.5.2127.r640
12:18:45 C:\3rdID_Server2\Server2\@RHSSAF\addons\rhssaf_t_vehicle_ret.pbo - RedHammerStudios.0.5.5.2127.r640
12:18:45 C:\3rdID_Server2\Server2\@RHSSAF\addons\rhssaf_t_vest_m12.pbo - RedHammerStudios.0.5.5.2127.r640
12:18:45 C:\3rdID_Server2\Server2\@RHSSAF\addons\rhssaf_t_vest_m98.pbo - RedHammerStudios.0.5.5.2127.r640
12:18:45 C:\3rdID_Server2\Server2\@RHSSAF\addons\rhssaf_t_vest_m99.pbo - RedHammerStudios.0.5.5.2127.r640
12:18:45 C:\3rdID_Server2\Server2\@RHSSAF\addons\rhssaf_t_weapon_cz99.pbo - RedHammerStudios.0.5.5.2127.r640
12:18:45 C:\3rdID_Server2\Server2\@RHSSAF\addons\rhssaf_t_weapon_g36.pbo - RedHammerStudios.0.5.5.2127.r640
12:18:45 C:\3rdID_Server2\Server2\@RHSSAF\addons\rhssaf_t_weapon_m21.pbo - RedHammerStudios.0.5.5.2127.r640
12:18:45 C:\3rdID_Server2\Server2\@RHSSAF\addons\rhssaf_t_weapon_m70.pbo - RedHammerStudios.0.5.5.2127.r640
12:18:45 C:\3rdID_Server2\Server2\@RHSSAF\addons\rhssaf_t_weapon_m70c.pbo - RedHammerStudios.0.5.5.2127.r640
12:18:45 C:\3rdID_Server2\Server2\@RHSSAF\addons\rhssaf_t_weapon_m76.pbo - RedHammerStudios.0.5.5.2127.r640
12:18:45 C:\3rdID_Server2\Server2\@RHSSAF\addons\rhssaf_t_weapon_m80.pbo - RedHammerStudios.0.5.5.2127.r640
12:18:45 C:\3rdID_Server2\Server2\@RHSSAF\addons\rhssaf_t_weapon_m84.pbo - RedHammerStudios.0.5.5.2127.r640
12:18:45 C:\3rdID_Server2\Server2\@RHSSAF\addons\rhssaf_t_weapon_m92.pbo - RedHammerStudios.0.5.5.2127.r640
12:18:45 C:\3rdID_Server2\Server2\@RHSSAF\addons\rhssaf_t_weapon_scar.pbo - RedHammerStudios.0.5.5.2127.r640
12:18:45 C:\3rdID_Server2\Server2\@RHSSAF\addons\rhssaf_t_weapon_scorpion.pbo - RedHammerStudios.0.5.5.2127.r640
12:18:45 C:\3rdID_Server2\Server2\@RHSGREF\addons\rhsgref_a29.pbo - RedHammerStudios.0.5.3.2870.r1228
12:18:45 C:\3rdID_Server2\Server2\@RHSGREF\addons\rhsgref_a2port_armor.pbo - RedHammerStudios.0.5.5.3182.r1284
12:18:45 C:\3rdID_Server2\Server2\@RHSGREF\addons\rhsgref_air.pbo - RedHammerStudios.0.5.3.2873.r1230
12:18:45 C:\3rdID_Server2\Server2\@RHSGREF\addons\rhsgref_airweapons.pbo - RedHammerStudios.0.5.1.2642.r1195
12:18:45 C:\3rdID_Server2\Server2\@RHSGREF\addons\rhsgref_canoe.pbo - RedHammerStudios.0.5.1.2642.r1195
12:18:45 C:\3rdID_Server2\Server2\@RHSGREF\addons\rhsgref_c_a29.pbo - RedHammerStudios.0.5.6.3213.r1294
12:18:45 C:\3rdID_Server2\Server2\@RHSGREF\addons\rhsgref_c_a2port_armor.pbo - RedHammerStudios.0.5.6.3213.r1294
12:18:45 C:\3rdID_Server2\Server2\@RHSGREF\addons\rhsgref_c_air.pbo - RedHammerStudios.0.5.6.3213.r1294
12:18:45 C:\3rdID_Server2\Server2\@RHSGREF\addons\rhsgref_c_airweapons.pbo - RedHammerStudios.0.5.6.3207.r1291
12:18:45 C:\3rdID_Server2\Server2\@RHSGREF\addons\rhsgref_c_canoe.pbo - RedHammerStudios.0.5.1.2642.r1195
12:18:45 C:\3rdID_Server2\Server2\@RHSGREF\addons\rhsgref_c_radar.pbo - RedHammerStudios.0.5.1.2642.r1195
12:18:45 C:\3rdID_Server2\Server2\@RHSGREF\addons\rhsgref_c_radio.pbo - RedHammerStudios.0.5.2.2777.r1218
12:18:45 C:\3rdID_Server2\Server2\@RHSGREF\addons\rhsgref_c_tohport_air.pbo - RedHammerStudios.0.5.3.2892.r1232
12:18:45 C:\3rdID_Server2\Server2\@RHSGREF\addons\rhsgref_c_troops.pbo - RedHammerStudios.0.5.6.3199.r1289
12:18:45 C:\3rdID_Server2\Server2\@RHSGREF\addons\rhsgref_c_vehicles_ret.pbo - RedHammerStudios.0.5.6.3213.r1294
12:18:45 C:\3rdID_Server2\Server2\@RHSGREF\addons\rhsgref_c_weapons.pbo - RedHammerStudios.0.5.6.3207.r1291
12:18:45 C:\3rdID_Server2\Server2\@RHSGREF\addons\rhsgref_editorpreviews.pbo - RedHammerStudios.0.5.6.3212.r1293
12:18:45 C:\3rdID_Server2\Server2\@RHSGREF\addons\rhsgref_infantry.pbo - RedHammerStudios.0.5.5.3002.r1260
12:18:45 C:\3rdID_Server2\Server2\@RHSGREF\addons\rhsgref_inventoryicons.pbo - RedHammerStudios.0.5.5.3177.r1283
12:18:45 C:\3rdID_Server2\Server2\@RHSGREF\addons\rhsgref_main.pbo - RedHammerStudios.0.5.5.3149.r1275
12:18:45 C:\3rdID_Server2\Server2\@RHSGREF\addons\rhsgref_muzzleflash.pbo - RedHammerStudios.0.5.3.2909.r1238
12:18:45 C:\3rdID_Server2\Server2\@RHSGREF\addons\rhsgref_radar.pbo - RedHammerStudios.0.5.1.2642.r1195
12:18:45 C:\3rdID_Server2\Server2\@RHSGREF\addons\rhsgref_sounds.pbo - RedHammerStudios.0.5.1.2642.r1195
12:18:45 C:\3rdID_Server2\Server2\@RHSGREF\addons\rhsgref_s_radio.pbo - RedHammerStudios.0.5.1.2642.r1195
12:18:45 C:\3rdID_Server2\Server2\@RHSGREF\addons\rhsgref_tohport_air.pbo - RedHammerStudios.0.5.3.2873.r1230
12:18:45 C:\3rdID_Server2\Server2\@RHSGREF\addons\rhsgref_vehicles_ret.pbo - RedHammerStudios.0.5.6.3208.r1292
12:18:45 C:\3rdID_Server2\Server2\@RHSGREF\addons\rhsgref_weapons.pbo - RedHammerStudios.0.5.3.2888.r1231
12:18:45 C:\3rdID_Server2\Server2\@RHSGREF\addons\rhsgref_weapons2.pbo - RedHammerStudios.0.5.5.3139.r1273
12:18:45 C:\3rdID_Server2\Server2\@RHSGREF\addons\rhsgref_weapons3.pbo - RedHammerStudios.0.5.5.3152.r1277
12:18:45 C:\3rdID_Server2\Server2\@RHSGREF\addons\rhsgref_weapon_sounds.pbo - RedHammerStudios.0.5.2.2777.r1218
12:18:45 C:\3rdID_Server2\Server2\@RHSAFRF\addons\rhs_2s1.pbo - RedHammerStudios.0.5.6.6510.r4593
12:18:45 C:\3rdID_Server2\Server2\@RHSAFRF\addons\rhs_2s3.pbo - RedHammerStudios.0.5.6.6500.r4587
12:18:45 C:\3rdID_Server2\Server2\@RHSAFRF\addons\rhs_2s3_camo.pbo - RedHammerStudios.0.5.1.5533.r4092
12:18:45 C:\3rdID_Server2\Server2\@RHSAFRF\addons\rhs_a2port_air.pbo - RedHammerStudios.0.5.6.6533.r4609
12:18:45 C:\3rdID_Server2\Server2\@RHSAFRF\addons\rhs_a2port_armor.pbo - RedHammerStudios.0.5.5.6370.r4494
12:18:45 C:\3rdID_Server2\Server2\@RHSAFRF\addons\rhs_a2port_armor_camo.pbo - RedHammerStudios.0.5.1.5533.r4092
12:18:45 C:\3rdID_Server2\Server2\@RHSAFRF\addons\rhs_a2port_car.pbo - RedHammerStudios.0.5.6.6544.r4619
12:18:45 C:\3rdID_Server2\Server2\@RHSAFRF\addons\rhs_a2port_car_camo.pbo - RedHammerStudios.0.5.1.5533.r4092
12:18:45 C:\3rdID_Server2\Server2\@RHSAFRF\addons\rhs_a3retex.pbo - RedHammerStudios.0.5.1.5533.r4092
12:18:45 C:\3rdID_Server2\Server2\@RHSAFRF\addons\rhs_accessory.pbo - RedHammerStudios.0.5.3.5882.r4217
12:18:45 C:\3rdID_Server2\Server2\@RHSAFRF\addons\rhs_air.pbo - RedHammerStudios.0.5.2.5710.r4150
12:18:45 C:\3rdID_Server2\Server2\@RHSAFRF\addons\rhs_airweapons.pbo - RedHammerStudios.0.5.1.5533.r4092
12:18:45 C:\3rdID_Server2\Server2\@RHSAFRF\addons\rhs_aps.pbo - RedHammerStudios.0.5.2.5719.r4156
12:18:45 C:\3rdID_Server2\Server2\@RHSAFRF\addons\rhs_bmd.pbo - RedHammerStudios.0.5.5.6450.r4547
12:18:45 C:\3rdID_Server2\Server2\@RHSAFRF\addons\rhs_bmd_34.pbo - RedHammerStudios.0.5.2.5711.r4151
12:18:45 C:\3rdID_Server2\Server2\@RHSAFRF\addons\rhs_bmd_camo.pbo - RedHammerStudios.0.5.1.5533.r4092
12:18:45 C:\3rdID_Server2\Server2\@RHSAFRF\addons\rhs_bmk_t.pbo - RedHammerStudios.0.5.5.6062.r4320
12:18:45 C:\3rdID_Server2\Server2\@RHSAFRF\addons\rhs_bmp.pbo - RedHammerStudios.0.5.6.6487.r4577
12:18:45 C:\3rdID_Server2\Server2\@RHSAFRF\addons\rhs_bmp3.pbo - RedHammerStudios.0.5.2.5722.r4158
12:18:45 C:\3rdID_Server2\Server2\@RHSAFRF\addons\rhs_bmp3_camo.pbo - RedHammerStudios.0.5.1.5533.r4092
12:18:45 C:\3rdID_Server2\Server2\@RHSAFRF\addons\rhs_bmp_camo.pbo - RedHammerStudios.0.5.1.5533.r4092
12:18:45 C:\3rdID_Server2\Server2\@RHSAFRF\addons\rhs_btr70.pbo - RedHammerStudios.0.5.5.6370.r4494
12:18:45 C:\3rdID_Server2\Server2\@RHSAFRF\addons\rhs_btr70_camo.pbo - RedHammerStudios.0.5.1.5533.r4092
12:18:45 C:\3rdID_Server2\Server2\@RHSAFRF\addons\rhs_btr80.pbo - RedHammerStudios.0.5.6.6546.r4620
12:18:45 C:\3rdID_Server2\Server2\@RHSAFRF\addons\rhs_btr80_camo.pbo - RedHammerStudios.0.5.3.5944.r4236
12:18:45 C:\3rdID_Server2\Server2\@RHSAFRF\addons\rhs_c_2s1.pbo - RedHammerStudios.0.5.6.6542.r4618
12:18:45 C:\3rdID_Server2\Server2\@RHSAFRF\addons\rhs_c_2s3.pbo - RedHammerStudios.0.5.6.6542.r4618
12:18:45 C:\3rdID_Server2\Server2\@RHSAFRF\addons\rhs_c_a2port_air.pbo - RedHammerStudios.0.5.6.6542.r4618
12:18:45 C:\3rdID_Server2\Server2\@RHSAFRF\addons\rhs_c_a2port_armor.pbo - RedHammerStudios.0.5.6.6542.r4618
12:18:45 C:\3rdID_Server2\Server2\@RHSAFRF\addons\rhs_c_a2port_car.pbo - RedHammerStudios.0.5.6.6544.r4619
12:18:45 C:\3rdID_Server2\Server2\@RHSAFRF\addons\rhs_c_a3retex.pbo - RedHammerStudios.0.5.1.5533.r4092
12:18:45 C:\3rdID_Server2\Server2\@RHSAFRF\addons\rhs_c_air.pbo - RedHammerStudios.0.5.6.6542.r4618
12:18:45 C:\3rdID_Server2\Server2\@RHSAFRF\addons\rhs_c_airweapons.pbo - RedHammerStudios.0.5.6.6529.r4607
12:18:45 C:\3rdID_Server2\Server2\@RHSAFRF\addons\rhs_c_bmd.pbo - RedHammerStudios.0.5.6.6542.r4618
12:18:45 C:\3rdID_Server2\Server2\@RHSAFRF\addons\rhs_c_bmd_camo.pbo - RedHammerStudios.0.5.1.5533.r4092
12:18:45 C:\3rdID_Server2\Server2\@RHSAFRF\addons\rhs_c_bmk_t.pbo - RedHammerStudios.0.5.6.6540.r4615
12:18:45 C:\3rdID_Server2\Server2\@RHSAFRF\addons\rhs_c_bmp.pbo - RedHammerStudios.0.5.6.6542.r4618
12:18:45 C:\3rdID_Server2\Server2\@RHSAFRF\addons\rhs_c_bmp3.pbo - RedHammerStudios.0.5.6.6542.r4618
12:18:45 C:\3rdID_Server2\Server2\@RHSAFRF\addons\rhs_c_btr.pbo - RedHammerStudios.0.5.6.6542.r4618
12:18:45 C:\3rdID_Server2\Server2\@RHSAFRF\addons\rhs_c_btr70_camo.pbo - RedHammerStudios.0.5.1.5533.r4092
12:18:45 C:\3rdID_Server2\Server2\@RHSAFRF\addons\rhs_c_cars.pbo - RedHammerStudios.0.5.6.6542.r4618
12:18:45 C:\3rdID_Server2\Server2\@RHSAFRF\addons\rhs_c_cti_indep.pbo - RedHammerStudios.0.5.1.5707.r4148
12:18:45 C:\3rdID_Server2\Server2\@RHSAFRF\addons\rhs_c_heavyweapons.pbo - RedHammerStudios.0.5.6.6547.r4621
12:18:45 C:\3rdID_Server2\Server2\@RHSAFRF\addons\rhs_c_identity.pbo - RedHammerStudios.0.5.5.6002.r4269
12:18:45 C:\3rdID_Server2\Server2\@RHSAFRF\addons\rhs_c_kamaz.pbo - RedHammerStudios.0.5.6.6542.r4618
12:18:45 C:\3rdID_Server2\Server2\@RHSAFRF\addons\rhs_c_kraz255.pbo - RedHammerStudios.0.5.6.6544.r4619
12:18:45 C:\3rdID_Server2\Server2\@RHSAFRF\addons\rhs_c_mi28.pbo - RedHammerStudios.0.5.6.6542.r4618
12:18:45 C:\3rdID_Server2\Server2\@RHSAFRF\addons\rhs_c_mig29.pbo - RedHammerStudios.0.5.6.6542.r4618
12:18:45 C:\3rdID_Server2\Server2\@RHSAFRF\addons\rhs_c_pontoon.pbo - RedHammerStudios.0.5.6.6540.r4615
12:18:45 C:\3rdID_Server2\Server2\@RHSAFRF\addons\rhs_c_pts.pbo - RedHammerStudios.0.5.6.6542.r4618
12:18:45 C:\3rdID_Server2\Server2\@RHSAFRF\addons\rhs_c_radars.pbo - RedHammerStudios.0.5.3.5759.r4174
12:18:45 C:\3rdID_Server2\Server2\@RHSAFRF\addons\rhs_c_radio.pbo - RedHammerStudios.0.5.5.6451.r4548
12:18:45 C:\3rdID_Server2\Server2\@RHSAFRF\addons\rhs_c_rva.pbo - RedHammerStudios.0.5.6.6542.r4618
12:18:45 C:\3rdID_Server2\Server2\@RHSAFRF\addons\rhs_c_sprut.pbo - RedHammerStudios.0.5.6.6542.r4618
12:18:45 C:\3rdID_Server2\Server2\@RHSAFRF\addons\rhs_c_t14.pbo - RedHammerStudios.0.5.6.6542.r4618
12:18:45 C:\3rdID_Server2\Server2\@RHSAFRF\addons\rhs_c_t15.pbo - RedHammerStudios.0.5.6.6542.r4618
12:18:45 C:\3rdID_Server2\Server2\@RHSAFRF\addons\rhs_c_t72.pbo - RedHammerStudios.0.5.6.6542.r4618
12:18:45 C:\3rdID_Server2\Server2\@RHSAFRF\addons\rhs_c_tanks.pbo - RedHammerStudios.0.5.6.6542.r4618
12:18:45 C:\3rdID_Server2\Server2\@RHSAFRF\addons\rhs_c_troops.pbo - RedHammerStudios.0.5.6.6550.r4624
12:18:45 C:\3rdID_Server2\Server2\@RHSAFRF\addons\rhs_c_trucks.pbo - RedHammerStudios.0.5.6.6542.r4618
12:18:45 C:\3rdID_Server2\Server2\@RHSAFRF\addons\rhs_c_vehiclesounds.pbo - RedHammerStudios.0.5.5.6450.r4547
12:18:45 C:\3rdID_Server2\Server2\@RHSAFRF\addons\rhs_c_weapons.pbo - RedHammerStudios.0.5.6.6540.r4615
12:18:45 C:\3rdID_Server2\Server2\@RHSAFRF\addons\rhs_c_weaponsounds.pbo - RedHammerStudios.0.5.5.6344.r4474
12:18:45 C:\3rdID_Server2\Server2\@RHSAFRF\addons\rhs_c_zil131.pbo - RedHammerStudios.0.5.6.6542.r4618
12:18:45 C:\3rdID_Server2\Server2\@RHSAFRF\addons\rhs_decals.pbo - RedHammerStudios.0.5.1.5533.r4092
12:18:45 C:\3rdID_Server2\Server2\@RHSAFRF\addons\rhs_editorpreviews.pbo - RedHammerStudios.0.5.6.6540.r4615
12:18:45 C:\3rdID_Server2\Server2\@RHSAFRF\addons\rhs_gaz66.pbo - RedHammerStudios.0.5.6.6526.r4606
12:18:45 C:\3rdID_Server2\Server2\@RHSAFRF\addons\rhs_gaz66_camo.pbo - RedHammerStudios.0.5.1.5533.r4092
12:18:45 C:\3rdID_Server2\Server2\@RHSAFRF\addons\rhs_heavyweapons.pbo - RedHammerStudios.0.5.6.6526.r4606
12:18:45 C:\3rdID_Server2\Server2\@RHSAFRF\addons\rhs_identity.pbo - RedHammerStudios.0.5.1.5533.r4092
12:18:45 C:\3rdID_Server2\Server2\@RHSAFRF\addons\rhs_infantry.pbo - RedHammerStudios.0.5.6.6490.r4579
12:18:45 C:\3rdID_Server2\Server2\@RHSAFRF\addons\rhs_infantry2.pbo - RedHammerStudios.0.5.6.6514.r4597
12:18:45 C:\3rdID_Server2\Server2\@RHSAFRF\addons\rhs_infantry3.pbo - RedHammerStudios.0.5.6.6537.r4613
12:18:45 C:\3rdID_Server2\Server2\@RHSAFRF\addons\rhs_inventoryicons.pbo - RedHammerStudios.0.5.6.6548.r4622
12:18:45 C:\3rdID_Server2\Server2\@RHSAFRF\addons\rhs_kamaz.pbo - RedHammerStudios.0.5.6.6535.r4611
12:18:45 C:\3rdID_Server2\Server2\@RHSAFRF\addons\rhs_kraz255.pbo - RedHammerStudios.0.5.5.6117.r4365
12:18:45 C:\3rdID_Server2\Server2\@RHSAFRF\addons\rhs_main.pbo - RedHammerStudios.0.5.6.6541.r4616
12:18:45 C:\3rdID_Server2\Server2\@RHSAFRF\addons\rhs_mi28.pbo - RedHammerStudios.0.5.3.5853.r4205
12:18:45 C:\3rdID_Server2\Server2\@RHSAFRF\addons\rhs_mig29.pbo - RedHammerStudios.0.5.2.5710.r4150
12:18:45 C:\3rdID_Server2\Server2\@RHSAFRF\addons\rhs_missions.pbo - RedHammerStudios.0.5.5.6123.r4369
12:18:45 C:\3rdID_Server2\Server2\@RHSAFRF\addons\rhs_mtlb.pbo - RedHammerStudios.0.5.1.5533.r4092
12:18:45 C:\3rdID_Server2\Server2\@RHSAFRF\addons\rhs_muzzleflash.pbo - RedHammerStudios.0.5.3.5952.r4239
12:18:45 C:\3rdID_Server2\Server2\@RHSAFRF\addons\rhs_optics.pbo - RedHammerStudios.0.5.6.6500.r4587
12:18:45 C:\3rdID_Server2\Server2\@RHSAFRF\addons\rhs_pontoon.pbo - RedHammerStudios.0.5.5.6067.r4325
12:18:45 C:\3rdID_Server2\Server2\@RHSAFRF\addons\rhs_props.pbo - RedHammerStudios.0.5.1.5533.r4092
12:18:45 C:\3rdID_Server2\Server2\@RHSAFRF\addons\rhs_pts.pbo - RedHammerStudios.0.5.2.5723.r4159
12:18:45 C:\3rdID_Server2\Server2\@RHSAFRF\addons\rhs_radars.pbo - RedHammerStudios.0.5.1.5707.r4148
12:18:45 C:\3rdID_Server2\Server2\@RHSAFRF\addons\rhs_servicemenu.pbo - RedHammerStudios.0.5.1.5533.r4092
12:18:45 C:\3rdID_Server2\Server2\@RHSAFRF\addons\rhs_sounds.pbo - RedHammerStudios.0.5.6.6500.r4587
12:18:45 C:\3rdID_Server2\Server2\@RHSAFRF\addons\rhs_sprut.pbo - RedHammerStudios.0.5.1.5533.r4092
12:18:45 C:\3rdID_Server2\Server2\@RHSAFRF\addons\rhs_ss21.pbo - RedHammerStudios.0.5.1.5533.r4092
12:18:45 C:\3rdID_Server2\Server2\@RHSAFRF\addons\rhs_ss21_camo.pbo - RedHammerStudios.0.5.1.5533.r4092
12:18:45 C:\3rdID_Server2\Server2\@RHSAFRF\addons\rhs_s_radio.pbo - RedHammerStudios.0.5.1.5533.r4092
12:18:45 C:\3rdID_Server2\Server2\@RHSAFRF\addons\rhs_s_weaponsounds.pbo - RedHammerStudios.0.5.1.5533.r4092
12:18:45 C:\3rdID_Server2\Server2\@RHSAFRF\addons\rhs_t14.pbo - RedHammerStudios.0.5.1.5533.r4092
12:18:45 C:\3rdID_Server2\Server2\@RHSAFRF\addons\rhs_t15.pbo - RedHammerStudios.0.5.5.6470.r4565
12:18:45 C:\3rdID_Server2\Server2\@RHSAFRF\addons\rhs_t72.pbo - RedHammerStudios.0.5.5.6283.r4450
12:18:45 C:\3rdID_Server2\Server2\@RHSAFRF\addons\rhs_t72_camo.pbo - RedHammerStudios.0.5.1.5533.r4092
12:18:45 C:\3rdID_Server2\Server2\@RHSAFRF\addons\rhs_t80.pbo - RedHammerStudios.0.5.5.6226.r4433
12:18:45 C:\3rdID_Server2\Server2\@RHSAFRF\addons\rhs_t80u.pbo - RedHammerStudios.0.5.5.6226.r4433
12:18:45 C:\3rdID_Server2\Server2\@RHSAFRF\addons\rhs_t80u_camo.pbo - RedHammerStudios.0.5.1.5533.r4092
12:18:45 C:\3rdID_Server2\Server2\@RHSAFRF\addons\rhs_tigr.pbo - RedHammerStudios.0.5.6.6517.r4599
12:18:45 C:\3rdID_Server2\Server2\@RHSAFRF\addons\rhs_vehiclesounds.pbo - RedHammerStudios.0.5.5.6388.r4507
12:18:45 C:\3rdID_Server2\Server2\@RHSAFRF\addons\rhs_vehicle_sounds.pbo - RedHammerStudios.0.5.6.6534.r4610
12:18:45 C:\3rdID_Server2\Server2\@RHSAFRF\addons\rhs_weapons.pbo - RedHammerStudios.0.5.5.6364.r4489
12:18:45 C:\3rdID_Server2\Server2\@RHSAFRF\addons\rhs_weapons2.pbo - RedHammerStudios.0.5.5.6099.r4353
12:18:45 C:\3rdID_Server2\Server2\@RHSAFRF\addons\rhs_weapons3.pbo - RedHammerStudios.0.5.6.6513.r4596
12:18:45 C:\3rdID_Server2\Server2\@RHSAFRF\addons\rhs_weapon_sounds.pbo - RedHammerStudios.0.5.2.5719.r4156
12:18:45 C:\3rdID_Server2\Server2\@RHSAFRF\addons\rhs_zil131.pbo - RedHammerStudios.0.5.5.6463.r4559
12:18:45 C:\3rdID_Server2\Server2\@Project_RACS_2023\addons\PRACS_A4.pbo - 24052621
12:18:45 C:\3rdID_Server2\Server2\@Project_RACS_2023\addons\PRACS_AHeli.pbo - 24052621
12:18:45 C:\3rdID_Server2\Server2\@Project_RACS_2023\addons\PRACS_C130.pbo - 24052621
12:18:45 C:\3rdID_Server2\Server2\@Project_RACS_2023\addons\PRACS_Car.pbo - 24052621
12:18:45 C:\3rdID_Server2\Server2\@Project_RACS_2023\addons\PRACS_Car_2.pbo - 24052621
12:18:45 C:\3rdID_Server2\Server2\@Project_RACS_2023\addons\PRACS_Common.pbo - 23033108
12:18:45 C:\3rdID_Server2\Server2\@Project_RACS_2023\addons\PRACS_Core.pbo - 24020309
12:18:45 C:\3rdID_Server2\Server2\@Project_RACS_2023\addons\PRACS_F16.pbo - 24052621
12:18:45 C:\3rdID_Server2\Server2\@Project_RACS_2023\addons\PRACS_Hawkeye.pbo - 24052621
12:18:45 C:\3rdID_Server2\Server2\@Project_RACS_2023\addons\PRACS_Heli.pbo - 24052621
12:18:45 C:\3rdID_Server2\Server2\@Project_RACS_2023\addons\PRACS_Mirage.pbo - 24053118
12:18:45 C:\3rdID_Server2\Server2\@Project_RACS_2023\addons\PRACS_Mohawk.pbo - 24052621
12:18:45 C:\3rdID_Server2\Server2\@Project_RACS_2023\addons\PRACS_Objects.pbo - 24052708
12:18:45 C:\3rdID_Server2\Server2\@Project_RACS_2023\addons\PRACS_P3C.pbo - 24052621
12:18:45 C:\3rdID_Server2\Server2\@Project_RACS_2023\addons\PRACS_Sea.pbo - 24052621
12:18:45 C:\3rdID_Server2\Server2\@Project_RACS_2023\addons\PRACS_Static.pbo - 24052621
12:18:45 C:\3rdID_Server2\Server2\@Project_RACS_2023\addons\PRACS_Static_2.pbo - 24052621
12:18:45 C:\3rdID_Server2\Server2\@Project_RACS_2023\addons\PRACS_Tracked.pbo - 24052621
12:18:45 C:\3rdID_Server2\Server2\@Project_RACS_2023\addons\PRACS_Tracked_2.pbo - 24052621
12:18:45 C:\3rdID_Server2\Server2\@Project_RACS_2023\addons\PRACS_Troops.pbo - 24052621
12:18:45 C:\3rdID_Server2\Server2\@Project_RACS_2023\addons\PRACS_Truck.pbo - 23102408
12:18:45 C:\3rdID_Server2\Server2\@Project_RACS_2023\addons\PRACS_Weapons.pbo - 24052621
12:18:45 C:\3rdID_Server2\Server2\@Project_RACS_2023\addons\PRACS_Weapons_2.pbo - 23040716
12:18:45 C:\3rdID_Server2\Server2\@Project_OPFOR\addons\po_factions_afr.pbo - unknown
12:18:45 C:\3rdID_Server2\Server2\@Project_OPFOR\addons\po_factions_eu.pbo - unknown
12:18:45 C:\3rdID_Server2\Server2\@Project_OPFOR\addons\po_factions_fic.pbo - unknown
12:18:45 C:\3rdID_Server2\Server2\@Project_OPFOR\addons\po_factions_me.pbo - unknown
12:18:45 C:\3rdID_Server2\Server2\@Project_OPFOR\addons\po_main.pbo - unknown
12:18:45 C:\3rdID_Server2\Server2\@Project_OPFOR\addons\po_vehicles.pbo - unknown
12:18:45 C:\3rdID_Server2\Server2\@Military_Gear_Pack\addons\milgp_data.pbo - unknown
12:18:45 C:\3rdID_Server2\Server2\@Military_Gear_Pack\addons\milgp_headgear.pbo - unknown
12:18:45 C:\3rdID_Server2\Server2\@Military_Gear_Pack\addons\milgp_headgear_cfg.pbo - unknown
12:18:45 C:\3rdID_Server2\Server2\@Military_Gear_Pack\addons\milgp_uniforms.pbo - unknown
12:18:45 C:\3rdID_Server2\Server2\@Military_Gear_Pack\addons\milgp_uniforms_cfg.pbo - unknown
12:18:45 C:\3rdID_Server2\Server2\@Military_Gear_Pack\addons\milgp_vests.pbo - unknown
12:18:45 C:\3rdID_Server2\Server2\@Military_Gear_Pack\addons\milgp_vests_cfg.pbo - unknown
12:18:45 C:\3rdID_Server2\Server2\@M1128_Stryker_MGS\addons\mgs.pbo - unknown
12:18:45 C:\3rdID_Server2\Server2\@LAMBS_RPG\addons\lambs_rpg.pbo - unknown
12:18:45 C:\3rdID_Server2\Server2\@LAMBS_RPG\addons\lambs_rpgCUP.pbo - unknown
12:18:45 C:\3rdID_Server2\Server2\@LAMBS_RPG\addons\lambs_rpgRHS.pbo - unknown
12:18:45 C:\3rdID_Server2\Server2\@LAMBS_RPG\addons\lambs_rpgSOG.pbo - unknown
12:18:45 C:\3rdID_Server2\Server2\@LAMBS_Danger_fsm\addons\lambs_danger.pbo - 2.6.1.502
12:18:45 C:\3rdID_Server2\Server2\@LAMBS_Danger_fsm\addons\lambs_eventhandlers.pbo - 2.6.1.502
12:18:45 C:\3rdID_Server2\Server2\@LAMBS_Danger_fsm\addons\lambs_formations.pbo - 2.6.1.502
12:18:45 C:\3rdID_Server2\Server2\@LAMBS_Danger_fsm\addons\lambs_main.pbo - 2.6.1.502
12:18:45 C:\3rdID_Server2\Server2\@LAMBS_Danger_fsm\addons\lambs_range.pbo - 2.6.1.502
12:18:45 C:\3rdID_Server2\Server2\@LAMBS_Danger_fsm\addons\lambs_wp.pbo - 2.6.1.502
12:18:45 C:\3rdID_Server2\Server2\@Kunduz_River\addons\kunduz_river.pbo - 23113010
12:18:45 C:\3rdID_Server2\Server2\@KAT__Advanced_Medical\addons\kat_airway.pbo - 3.1.2.71
12:18:45 C:\3rdID_Server2\Server2\@KAT__Advanced_Medical\addons\kat_breathing.pbo - 3.1.2.71
12:18:45 C:\3rdID_Server2\Server2\@KAT__Advanced_Medical\addons\kat_chemical.pbo - 3.1.2.71
12:18:45 C:\3rdID_Server2\Server2\@KAT__Advanced_Medical\addons\kat_circulation.pbo - 3.1.2.71
12:18:45 C:\3rdID_Server2\Server2\@KAT__Advanced_Medical\addons\kat_compat_rhs_usf3.pbo - 3.1.2.71
12:18:45 C:\3rdID_Server2\Server2\@KAT__Advanced_Medical\addons\kat_feedback.pbo - 3.1.2.71
12:18:45 C:\3rdID_Server2\Server2\@KAT__Advanced_Medical\addons\kat_gui.pbo - 3.1.2.71
12:18:45 C:\3rdID_Server2\Server2\@KAT__Advanced_Medical\addons\kat_hypothermia.pbo - 3.1.2.71
12:18:45 C:\3rdID_Server2\Server2\@KAT__Advanced_Medical\addons\kat_main.pbo - 3.1.2.71
12:18:45 C:\3rdID_Server2\Server2\@KAT__Advanced_Medical\addons\kat_misc.pbo - 3.1.2.71
12:18:45 C:\3rdID_Server2\Server2\@KAT__Advanced_Medical\addons\kat_ophthalmology.pbo - 3.1.2.71
12:18:45 C:\3rdID_Server2\Server2\@KAT__Advanced_Medical\addons\kat_pharma.pbo - 3.1.2.71
12:18:45 C:\3rdID_Server2\Server2\@KAT__Advanced_Medical\addons\kat_stretcher.pbo - 3.1.2.71
12:18:45 C:\3rdID_Server2\Server2\@KAT__Advanced_Medical\addons\kat_surgery.pbo - 3.1.2.71
12:18:45 C:\3rdID_Server2\Server2\@KAT__Advanced_Medical\addons\kat_vitals.pbo - 3.1.2.71
12:18:45 C:\3rdID_Server2\Server2\@KAT__Advanced_Medical\addons\kat_watch.pbo - 3.1.2.71
12:18:45 C:\3rdID_Server2\Server2\@KAT__Advanced_Medical\addons\kat_zeus.pbo - 3.1.2.71
12:18:45 C:\3rdID_Server2\Server2\@Jbad\addons\afghan_houses.pbo - 22092400
12:18:45 C:\3rdID_Server2\Server2\@Jbad\addons\afghan_houses_c.pbo - 22092400
12:18:45 C:\3rdID_Server2\Server2\@Jbad\addons\afghan_houses_c2.pbo - 22092400
12:18:45 C:\3rdID_Server2\Server2\@Jbad\addons\afghan_houses_old.pbo - 22092400
12:18:45 C:\3rdID_Server2\Server2\@Jbad\addons\afghan_house_a.pbo - 22092400
12:18:45 C:\3rdID_Server2\Server2\@Jbad\addons\bridges.pbo - 22092400
12:18:45 C:\3rdID_Server2\Server2\@Jbad\addons\bunkers.pbo - 22092400
12:18:45 C:\3rdID_Server2\Server2\@Jbad\addons\Cargo_Cont.pbo - 22092400
12:18:45 C:\3rdID_Server2\Server2\@Jbad\addons\Gear.pbo - 22092400
12:18:45 C:\3rdID_Server2\Server2\@Jbad\addons\GeneralStore.pbo - 22092400
12:18:45 C:\3rdID_Server2\Server2\@Jbad\addons\Ind.pbo - 22092400
12:18:45 C:\3rdID_Server2\Server2\@Jbad\addons\Jbad_Bridge_Kammeny.pbo - 22092400
12:18:45 C:\3rdID_Server2\Server2\@Jbad\addons\Jbad_Bridge_Most.pbo - 22092400
12:18:45 C:\3rdID_Server2\Server2\@Jbad\addons\Jbad_Defines.pbo - 22092400
12:18:45 C:\3rdID_Server2\Server2\@Jbad\addons\jbad_misc.pbo - 22092400
12:18:45 C:\3rdID_Server2\Server2\@Jbad\addons\Jbad_Rocks.pbo - 22092400
12:18:45 C:\3rdID_Server2\Server2\@Jbad\addons\Jbad_Sounds.pbo - 22092400
12:18:45 C:\3rdID_Server2\Server2\@Jbad\addons\Jbad_Structures.pbo - 22092400
12:18:45 C:\3rdID_Server2\Server2\@Jbad\addons\Jbad_Veg.pbo - 22092400
12:18:45 C:\3rdID_Server2\Server2\@Jbad\addons\Jbad_Vehicles.pbo - 22092400
12:18:45 C:\3rdID_Server2\Server2\@Jbad\addons\Jbad_Water.pbo - 22092400
12:18:45 C:\3rdID_Server2\Server2\@Jbad\addons\mil.pbo - 22092400
12:18:45 C:\3rdID_Server2\Server2\@Jbad\addons\Mosque_big.pbo - 22092400
12:18:45 C:\3rdID_Server2\Server2\@Jbad\addons\OPXBuildings2.pbo - 22092400
12:18:45 C:\3rdID_Server2\Server2\@Jbad\addons\OPXmisc2.pbo - 22092400
12:18:45 C:\3rdID_Server2\Server2\@Jbad\addons\Shops.pbo - 22092400
12:18:45 C:\3rdID_Server2\Server2\@Jbad\addons\Sidewalks.pbo - 22092400
12:18:45 C:\3rdID_Server2\Server2\@Jbad\addons\Walls.pbo - 22092400
12:18:45 C:\3rdID_Server2\Server2\@Hatchet_Interaction_Framework__Stable_Version\addons\HCT_a3.pbo - 0.3.1.0
12:18:45 C:\3rdID_Server2\Server2\@Hatchet_Interaction_Framework__Stable_Version\addons\HCT_core.pbo - 0.3.1.0
12:18:45 C:\3rdID_Server2\Server2\@Hatchet_Interaction_Framework__Stable_Version\addons\HCT_interaction.pbo - 0.3.1.0
12:18:45 C:\3rdID_Server2\Server2\@Hatchet_Interaction_Framework__Stable_Version\addons\HCT_main.pbo - 0.3.1.0
12:18:45 C:\3rdID_Server2\Server2\@Hatchet_Interaction_Framework__Stable_Version\addons\HCT_util.pbo - 0.3.1.0
12:18:45 C:\3rdID_Server2\Server2\@Hatchet_Interaction_Framework__Stable_Version\addons\HCT_vn.pbo - 0.3.1.0
12:18:45 C:\3rdID_Server2\Server2\@Hatchet_H_60_pack__Stable_Version\addons\hct_h60_ace_viv.pbo - unknown
12:18:45 C:\3rdID_Server2\Server2\@Hatchet_H_60_pack__Stable_Version\addons\hct_h60_H60_SFX.pbo - unknown
12:18:45 C:\3rdID_Server2\Server2\@Hatchet_H_60_pack__Stable_Version\addons\hct_h60_main.pbo - unknown
12:18:45 C:\3rdID_Server2\Server2\@Hatchet_H_60_pack__Stable_Version\addons\hct_h60_MH60M.pbo - unknown
12:18:45 C:\3rdID_Server2\Server2\@Hatchet_H_60_pack__Stable_Version\addons\hct_h60_MH60S.pbo - unknown
12:18:45 C:\3rdID_Server2\Server2\@Hatchet_H_60_pack__Stable_Version\addons\hct_h60_stretcher.pbo - unknown
12:18:45 C:\3rdID_Server2\Server2\@Hatchet_H_60_pack__Stable_Version\addons\hct_h60_UH60.pbo - unknown
12:18:45 C:\3rdID_Server2\Server2\@Hatchet_H_60_pack__Stable_Version\addons\hct_h60_uh60_aar.pbo - unknown
12:18:45 C:\3rdID_Server2\Server2\@Hatchet_H_60_pack__Stable_Version\addons\hct_h60_uh60_acre.pbo - unknown
12:18:45 C:\3rdID_Server2\Server2\@Hatchet_H_60_pack__Stable_Version\addons\hct_h60_uh60_anvishud.pbo - unknown
12:18:45 C:\3rdID_Server2\Server2\@Hatchet_H_60_pack__Stable_Version\addons\hct_h60_uh60_cas.pbo - unknown
12:18:45 C:\3rdID_Server2\Server2\@Hatchet_H_60_pack__Stable_Version\addons\hct_h60_uh60_config.pbo - unknown
12:18:45 C:\3rdID_Server2\Server2\@Hatchet_H_60_pack__Stable_Version\addons\hct_h60_uh60_doorguns.pbo - unknown
12:18:45 C:\3rdID_Server2\Server2\@Hatchet_H_60_pack__Stable_Version\addons\hct_h60_uh60_engine.pbo - unknown
12:18:45 C:\3rdID_Server2\Server2\@Hatchet_H_60_pack__Stable_Version\addons\hct_h60_uh60_fd.pbo - unknown
12:18:45 C:\3rdID_Server2\Server2\@Hatchet_H_60_pack__Stable_Version\addons\hct_h60_uh60_flir.pbo - unknown
12:18:45 C:\3rdID_Server2\Server2\@Hatchet_H_60_pack__Stable_Version\addons\hct_h60_uh60_fms.pbo - unknown
12:18:45 C:\3rdID_Server2\Server2\@Hatchet_H_60_pack__Stable_Version\addons\hct_h60_uh60_hoist.pbo - unknown
12:18:45 C:\3rdID_Server2\Server2\@Hatchet_H_60_pack__Stable_Version\addons\hct_h60_uh60_jvmf.pbo - unknown
12:18:45 C:\3rdID_Server2\Server2\@Hatchet_H_60_pack__Stable_Version\addons\hct_h60_uh60_mfd.pbo - unknown
12:18:45 C:\3rdID_Server2\Server2\@Hatchet_H_60_pack__Stable_Version\addons\hct_h60_uh60_misc.pbo - unknown
12:18:45 C:\3rdID_Server2\Server2\@Hatchet_H_60_pack__Stable_Version\addons\hct_h60_uh60_sfmplus.pbo - unknown
12:18:45 C:\3rdID_Server2\Server2\@Hatchet_H_60_pack__Stable_Version\addons\hct_h60_uh60_ui.pbo - unknown
12:18:45 C:\3rdID_Server2\Server2\@Hatchet_H_60_pack__Stable_Version\addons\hct_h60_uh60_weapons.pbo - unknown
12:18:45 C:\3rdID_Server2\Server2\@Gruppe_Adler_Trenches\addons\grad_trenches_assets.pbo - 1.6.9.7-cb40083a
12:18:45 C:\3rdID_Server2\Server2\@Gruppe_Adler_Trenches\addons\grad_trenches_functions.pbo - 1.6.9.7-cb40083a
12:18:45 C:\3rdID_Server2\Server2\@Gruppe_Adler_Trenches\addons\grad_trenches_main.pbo - 1.6.9.7-cb40083a
12:18:45 C:\3rdID_Server2\Server2\@Gruppe_Adler_Trenches\addons\grad_trenches_sounds.pbo - 1.6.9.7-cb40083a
12:18:45 C:\3rdID_Server2\Server2\@DUI__Squad_Radar\addons\diwako_dui_buddy.pbo - 1.12.2.0
12:18:45 C:\3rdID_Server2\Server2\@DUI__Squad_Radar\addons\diwako_dui_indicators.pbo - 1.12.2.0
12:18:45 C:\3rdID_Server2\Server2\@DUI__Squad_Radar\addons\diwako_dui_linecompass.pbo - 1.12.2.0
12:18:45 C:\3rdID_Server2\Server2\@DUI__Squad_Radar\addons\diwako_dui_main.pbo - 1.12.2.0
12:18:45 C:\3rdID_Server2\Server2\@DUI__Squad_Radar\addons\diwako_dui_nametags.pbo - 1.12.2.0
12:18:45 C:\3rdID_Server2\Server2\@DUI__Squad_Radar\addons\diwako_dui_radar.pbo - 1.12.2.0
12:18:45 C:\3rdID_Server2\Server2\@CUP_Terrains__Maps\addons\cup_terrains_maps_afghan.pbo - 00000000
12:18:45 C:\3rdID_Server2\Server2\@CUP_Terrains__Maps\addons\cup_terrains_maps_afghan_c.pbo - 00000000
12:18:45 C:\3rdID_Server2\Server2\@CUP_Terrains__Maps\addons\cup_terrains_maps_bohemia.pbo - 00000000
12:18:45 C:\3rdID_Server2\Server2\@CUP_Terrains__Maps\addons\cup_terrains_maps_bohemia_c.pbo - 00000000
12:18:45 C:\3rdID_Server2\Server2\@CUP_Terrains__Maps\addons\cup_terrains_maps_bootcamp_acr.pbo - 00000000
12:18:45 C:\3rdID_Server2\Server2\@CUP_Terrains__Maps\addons\cup_terrains_maps_bootcamp_acr_c.pbo - 00000000
12:18:45 C:\3rdID_Server2\Server2\@CUP_Terrains__Maps\addons\cup_terrains_maps_chernarus.pbo - 00000000
12:18:45 C:\3rdID_Server2\Server2\@CUP_Terrains__Maps\addons\cup_terrains_maps_chernarus_c.pbo - 00000000
12:18:45 C:\3rdID_Server2\Server2\@CUP_Terrains__Maps\addons\cup_terrains_maps_chernarus_summer.pbo - 00000000
12:18:45 C:\3rdID_Server2\Server2\@CUP_Terrains__Maps\addons\cup_terrains_maps_chernarus_summer_c.pbo - 00000000
12:18:45 C:\3rdID_Server2\Server2\@CUP_Terrains__Maps\addons\cup_terrains_maps_chernarus_winter.pbo - 00000000
12:18:45 C:\3rdID_Server2\Server2\@CUP_Terrains__Maps\addons\cup_terrains_maps_chernarus_winter_c.pbo - 00000000
12:18:45 C:\3rdID_Server2\Server2\@CUP_Terrains__Maps\addons\cup_terrains_maps_desert.pbo - 00000000
12:18:45 C:\3rdID_Server2\Server2\@CUP_Terrains__Maps\addons\cup_terrains_maps_desert2.pbo - 00000000
12:18:45 C:\3rdID_Server2\Server2\@CUP_Terrains__Maps\addons\cup_terrains_maps_desert2_c.pbo - 00000000
12:18:45 C:\3rdID_Server2\Server2\@CUP_Terrains__Maps\addons\cup_terrains_maps_desert_c.pbo - 00000000
12:18:45 C:\3rdID_Server2\Server2\@CUP_Terrains__Maps\addons\cup_terrains_maps_desert_e.pbo - 00000000
12:18:45 C:\3rdID_Server2\Server2\@CUP_Terrains__Maps\addons\cup_terrains_maps_desert_e_c.pbo - 00000000
12:18:45 C:\3rdID_Server2\Server2\@CUP_Terrains__Maps\addons\cup_terrains_maps_provinggrounds_pmc.pbo - 00000000
12:18:45 C:\3rdID_Server2\Server2\@CUP_Terrains__Maps\addons\cup_terrains_maps_provinggrounds_pmc_c.pbo - 00000000
12:18:45 C:\3rdID_Server2\Server2\@CUP_Terrains__Maps\addons\cup_terrains_maps_sara.pbo - 00000000
12:18:45 C:\3rdID_Server2\Server2\@CUP_Terrains__Maps\addons\cup_terrains_maps_saralite.pbo - 00000000
12:18:45 C:\3rdID_Server2\Server2\@CUP_Terrains__Maps\addons\cup_terrains_maps_saralite_c.pbo - 00000000
12:18:45 C:\3rdID_Server2\Server2\@CUP_Terrains__Maps\addons\cup_terrains_maps_sara_c.pbo - 00000000
12:18:45 C:\3rdID_Server2\Server2\@CUP_Terrains__Maps\addons\cup_terrains_maps_sara_dbe1.pbo - 00000000
12:18:45 C:\3rdID_Server2\Server2\@CUP_Terrains__Maps\addons\cup_terrains_maps_sara_dbe1_c.pbo - 00000000
12:18:45 C:\3rdID_Server2\Server2\@CUP_Terrains__Maps\addons\cup_terrains_maps_shapur_baf.pbo - 00000000
12:18:45 C:\3rdID_Server2\Server2\@CUP_Terrains__Maps\addons\cup_terrains_maps_shapur_baf_c.pbo - 00000000
12:18:45 C:\3rdID_Server2\Server2\@CUP_Terrains__Maps\addons\cup_terrains_maps_takistan.pbo - 00000000
12:18:45 C:\3rdID_Server2\Server2\@CUP_Terrains__Maps\addons\cup_terrains_maps_takistan_c.pbo - 00000000
12:18:45 C:\3rdID_Server2\Server2\@CUP_Terrains__Maps\addons\cup_terrains_maps_utes.pbo - 00000000
12:18:45 C:\3rdID_Server2\Server2\@CUP_Terrains__Maps\addons\cup_terrains_maps_utes_c.pbo - 00000000
12:18:45 C:\3rdID_Server2\Server2\@CUP_Terrains__Maps\addons\cup_terrains_maps_zargabad.pbo - 00000000
12:18:45 C:\3rdID_Server2\Server2\@CUP_Terrains__Maps\addons\cup_terrains_maps_zargabad_c.pbo - 00000000
12:18:45 C:\3rdID_Server2\Server2\@CUP_Terrains__Core\addons\cup_terrains_a1always_dummy.pbo - 21122418
12:18:45 C:\3rdID_Server2\Server2\@CUP_Terrains__Core\addons\cup_terrains_a1_editorobjects.pbo - 21122418
12:18:45 C:\3rdID_Server2\Server2\@CUP_Terrains__Core\addons\cup_terrains_a2_editorobjects.pbo - 21122418
12:18:45 C:\3rdID_Server2\Server2\@CUP_Terrains__Core\addons\cup_terrains_aia_compat.pbo - 21122418
12:18:45 C:\3rdID_Server2\Server2\@CUP_Terrains__Core\addons\cup_terrains_baseconfig_f.pbo - 21122418
12:18:45 C:\3rdID_Server2\Server2\@CUP_Terrains__Core\addons\cup_terrains_buildings.pbo - 21122418
12:18:45 C:\3rdID_Server2\Server2\@CUP_Terrains__Core\addons\cup_terrains_ca_a10_dummy.pbo - 21122418
12:18:45 C:\3rdID_Server2\Server2\@CUP_Terrains__Core\addons\cup_terrains_ca_air2_dummy.pbo - 21122418
12:18:45 C:\3rdID_Server2\Server2\@CUP_Terrains__Core\addons\cup_terrains_ca_air3_dummy.pbo - 21122418
12:18:45 C:\3rdID_Server2\Server2\@CUP_Terrains__Core\addons\cup_terrains_ca_air_dummy.pbo - 21122418
12:18:45 C:\3rdID_Server2\Server2\@CUP_Terrains__Core\addons\cup_terrains_ca_air_d_baf_dummy.pbo - 21122418
12:18:45 C:\3rdID_Server2\Server2\@CUP_Terrains__Core\addons\cup_terrains_ca_air_e_dummy.pbo - 21122418
12:18:45 C:\3rdID_Server2\Server2\@CUP_Terrains__Core\addons\cup_terrains_ca_air_pmc_dummy.pbo - 21122418
12:18:45 C:\3rdID_Server2\Server2\@CUP_Terrains__Core\addons\cup_terrains_ca_animals2_dummy.pbo - 21122418
12:18:45 C:\3rdID_Server2\Server2\@CUP_Terrains__Core\addons\cup_terrains_ca_buildings.pbo - 21122419
12:18:45 C:\3rdID_Server2\Server2\@CUP_Terrains__Core\addons\cup_terrains_ca_buildings2.pbo - 21122419
12:18:45 C:\3rdID_Server2\Server2\@CUP_Terrains__Core\addons\cup_terrains_ca_buildings2_c.pbo - 21122418
12:18:45 C:\3rdID_Server2\Server2\@CUP_Terrains__Core\addons\cup_terrains_ca_buildings_c.pbo - 21122418
12:18:45 C:\3rdID_Server2\Server2\@CUP_Terrains__Core\addons\cup_terrains_ca_ca_acr.pbo - 21122418
12:18:45 C:\3rdID_Server2\Server2\@CUP_Terrains__Core\addons\cup_terrains_ca_ca_c.pbo - 21122418
12:18:45 C:\3rdID_Server2\Server2\@CUP_Terrains__Core\addons\cup_terrains_ca_ca_e.pbo - 21122418
12:18:45 C:\3rdID_Server2\Server2\@CUP_Terrains__Core\addons\cup_terrains_ca_ca_pmc.pbo - 21122418
12:18:45 C:\3rdID_Server2\Server2\@CUP_Terrains__Core\addons\cup_terrains_ca_characters2_dummy.pbo - 21122418
12:18:45 C:\3rdID_Server2\Server2\@CUP_Terrains__Core\addons\cup_terrains_ca_cti_buildings.pbo - 21122418
12:18:45 C:\3rdID_Server2\Server2\@CUP_Terrains__Core\addons\cup_terrains_ca_data.pbo - 21122418
12:18:45 C:\3rdID_Server2\Server2\@CUP_Terrains__Core\addons\cup_terrains_ca_data_baf.pbo - 21122418
12:18:45 C:\3rdID_Server2\Server2\@CUP_Terrains__Core\addons\cup_terrains_ca_data_baf_c.pbo - 21122418
12:18:45 C:\3rdID_Server2\Server2\@CUP_Terrains__Core\addons\cup_terrains_ca_hotfix.pbo - 21122418
12:18:45 C:\3rdID_Server2\Server2\@CUP_Terrains__Core\addons\cup_terrains_ca_hotfix_c.pbo - 21122418
12:18:45 C:\3rdID_Server2\Server2\@CUP_Terrains__Core\addons\cup_terrains_ca_l39_dummy.pbo - 21122418
12:18:45 C:\3rdID_Server2\Server2\@CUP_Terrains__Core\addons\cup_terrains_ca_language.pbo - 21122418
12:18:45 C:\3rdID_Server2\Server2\@CUP_Terrains__Core\addons\cup_terrains_ca_languagemissions.pbo - 21122418
12:18:45 C:\3rdID_Server2\Server2\@CUP_Terrains__Core\addons\cup_terrains_ca_languagemissions_baf.pbo - 21122418
12:18:45 C:\3rdID_Server2\Server2\@CUP_Terrains__Core\addons\cup_terrains_ca_languagemissions_e.pbo - 21122418
12:18:45 C:\3rdID_Server2\Server2\@CUP_Terrains__Core\addons\cup_terrains_ca_languagemissions_pmc.pbo - 21122418
12:18:45 C:\3rdID_Server2\Server2\@CUP_Terrains__Core\addons\cup_terrains_ca_language_acr.pbo - 21122418
12:18:45 C:\3rdID_Server2\Server2\@CUP_Terrains__Core\addons\cup_terrains_ca_language_baf.pbo - 21122418
12:18:45 C:\3rdID_Server2\Server2\@CUP_Terrains__Core\addons\cup_terrains_ca_language_e.pbo - 21122418
12:18:45 C:\3rdID_Server2\Server2\@CUP_Terrains__Core\addons\cup_terrains_ca_language_pmc.pbo - 21122418
12:18:45 C:\3rdID_Server2\Server2\@CUP_Terrains__Core\addons\cup_terrains_ca_misc.pbo - 21122419
12:18:45 C:\3rdID_Server2\Server2\@CUP_Terrains__Core\addons\cup_terrains_ca_misc2.pbo - 21122418
12:18:45 C:\3rdID_Server2\Server2\@CUP_Terrains__Core\addons\cup_terrains_ca_misc3.pbo - 21122418
12:18:45 C:\3rdID_Server2\Server2\@CUP_Terrains__Core\addons\cup_terrains_ca_misc3_c.pbo - 21122418
12:18:45 C:\3rdID_Server2\Server2\@CUP_Terrains__Core\addons\cup_terrains_ca_misc_acr.pbo - 21122418
12:18:45 C:\3rdID_Server2\Server2\@CUP_Terrains__Core\addons\cup_terrains_ca_misc_acr_c.pbo - 21122418
12:18:45 C:\3rdID_Server2\Server2\@CUP_Terrains__Core\addons\cup_terrains_ca_misc_baf.pbo - 21122418
12:18:45 C:\3rdID_Server2\Server2\@CUP_Terrains__Core\addons\cup_terrains_ca_misc_e.pbo - 21122418
12:18:45 C:\3rdID_Server2\Server2\@CUP_Terrains__Core\addons\cup_terrains_ca_misc_e_c.pbo - 21122418
12:18:45 C:\3rdID_Server2\Server2\@CUP_Terrains__Core\addons\cup_terrains_ca_misc_rtm2.pbo - 21122418
12:18:45 C:\3rdID_Server2\Server2\@CUP_Terrains__Core\addons\cup_terrains_ca_mp_armory_dummy.pbo - 21122418
12:18:45 C:\3rdID_Server2\Server2\@CUP_Terrains__Core\addons\cup_terrains_ca_plants.pbo - 21122418
12:18:45 C:\3rdID_Server2\Server2\@CUP_Terrains__Core\addons\cup_terrains_ca_plants2.pbo - 21122418
12:18:45 C:\3rdID_Server2\Server2\@CUP_Terrains__Core\addons\cup_terrains_ca_plants_e.pbo - 21122418
12:18:45 C:\3rdID_Server2\Server2\@CUP_Terrains__Core\addons\cup_terrains_ca_plants_e2.pbo - 21122418
12:18:45 C:\3rdID_Server2\Server2\@CUP_Terrains__Core\addons\cup_terrains_ca_plants_pmc.pbo - 21122418
12:18:45 C:\3rdID_Server2\Server2\@CUP_Terrains__Core\addons\cup_terrains_ca_roads.pbo - 21122418
12:18:45 C:\3rdID_Server2\Server2\@CUP_Terrains__Core\addons\cup_terrains_ca_roads2.pbo - 21122418
12:18:45 C:\3rdID_Server2\Server2\@CUP_Terrains__Core\addons\cup_terrains_ca_roads_e.pbo - 21122418
12:18:45 C:\3rdID_Server2\Server2\@CUP_Terrains__Core\addons\cup_terrains_ca_roads_pmc.pbo - 21122418
12:18:45 C:\3rdID_Server2\Server2\@CUP_Terrains__Core\addons\cup_terrains_ca_roads_rtm2.pbo - 21122418
12:18:45 C:\3rdID_Server2\Server2\@CUP_Terrains__Core\addons\cup_terrains_ca_rocks.pbo - 21122418
12:18:45 C:\3rdID_Server2\Server2\@CUP_Terrains__Core\addons\cup_terrains_ca_rocks2.pbo - 21122418
12:18:45 C:\3rdID_Server2\Server2\@CUP_Terrains__Core\addons\cup_terrains_ca_rocks_e.pbo - 21122418
12:18:45 C:\3rdID_Server2\Server2\@CUP_Terrains__Core\addons\cup_terrains_ca_signs.pbo - 21122418
12:18:45 C:\3rdID_Server2\Server2\@CUP_Terrains__Core\addons\cup_terrains_ca_signs2.pbo - 21122418
12:18:45 C:\3rdID_Server2\Server2\@CUP_Terrains__Core\addons\cup_terrains_ca_signs_e.pbo - 21122418
12:18:45 C:\3rdID_Server2\Server2\@CUP_Terrains__Core\addons\cup_terrains_ca_sounds_c_dummy.pbo - 21122418
12:18:45 C:\3rdID_Server2\Server2\@CUP_Terrains__Core\addons\cup_terrains_ca_sounds_dummy.pbo - 21122418
12:18:45 C:\3rdID_Server2\Server2\@CUP_Terrains__Core\addons\cup_terrains_ca_sounds_e_dummy.pbo - 21122418
12:18:45 C:\3rdID_Server2\Server2\@CUP_Terrains__Core\addons\cup_terrains_ca_structures.pbo - 21122419
12:18:45 C:\3rdID_Server2\Server2\@CUP_Terrains__Core\addons\cup_terrains_ca_structures_c.pbo - 21122418
12:18:45 C:\3rdID_Server2\Server2\@CUP_Terrains__Core\addons\cup_terrains_ca_structures_e.pbo - 21122419
12:18:45 C:\3rdID_Server2\Server2\@CUP_Terrains__Core\addons\cup_terrains_ca_structures_e_c.pbo - 21122418
12:18:45 C:\3rdID_Server2\Server2\@CUP_Terrains__Core\addons\cup_terrains_ca_structures_pmc.pbo - 21122418
12:18:45 C:\3rdID_Server2\Server2\@CUP_Terrains__Core\addons\cup_terrains_ca_structures_pmc_c.pbo - 21122418
12:18:45 C:\3rdID_Server2\Server2\@CUP_Terrains__Core\addons\cup_terrains_ca_tracked2_dummy.pbo - 21122418
12:18:45 C:\3rdID_Server2\Server2\@CUP_Terrains__Core\addons\cup_terrains_ca_tracked_dummy.pbo - 21122418
12:18:45 C:\3rdID_Server2\Server2\@CUP_Terrains__Core\addons\cup_terrains_ca_tracked_e_dummy.pbo - 21122418
12:18:45 C:\3rdID_Server2\Server2\@CUP_Terrains__Core\addons\cup_terrains_ca_uifonts.pbo - 21122418
12:18:45 C:\3rdID_Server2\Server2\@CUP_Terrains__Core\addons\cup_terrains_ca_ui_dummy.pbo - 21122418
12:18:45 C:\3rdID_Server2\Server2\@CUP_Terrains__Core\addons\cup_terrains_ca_water2_dummy.pbo - 21122418
12:18:45 C:\3rdID_Server2\Server2\@CUP_Terrains__Core\addons\cup_terrains_ca_water_dummy.pbo - 21122418
12:18:45 C:\3rdID_Server2\Server2\@CUP_Terrains__Core\addons\cup_terrains_ca_weapons2_dummy.pbo - 21122418
12:18:45 C:\3rdID_Server2\Server2\@CUP_Terrains__Core\addons\cup_terrains_ca_weapons_dummy.pbo - 21122418
12:18:45 C:\3rdID_Server2\Server2\@CUP_Terrains__Core\addons\cup_terrains_ca_weapons_e_dummy.pbo - 21122418
12:18:45 C:\3rdID_Server2\Server2\@CUP_Terrains__Core\addons\cup_terrains_ca_weapons_pmc_dummy.pbo - 21122418
12:18:45 C:\3rdID_Server2\Server2\@CUP_Terrains__Core\addons\cup_terrains_ca_wheeled2_dummy.pbo - 21122418
12:18:45 C:\3rdID_Server2\Server2\@CUP_Terrains__Core\addons\cup_terrains_ca_wheeled_dummy.pbo - 21122418
12:18:45 C:\3rdID_Server2\Server2\@CUP_Terrains__Core\addons\cup_terrains_ca_wheeled_e_dummy.pbo - 21122418
12:18:45 C:\3rdID_Server2\Server2\@CUP_Terrains__Core\addons\cup_terrains_compositions.pbo - 21122418
12:18:45 C:\3rdID_Server2\Server2\@CUP_Terrains__Core\addons\cup_terrains_core.pbo - 21122418
12:18:45 C:\3rdID_Server2\Server2\@CUP_Terrains__Core\addons\cup_terrains_dbe1_dummy.pbo - 21122418
12:18:45 C:\3rdID_Server2\Server2\@CUP_Terrains__Core\addons\cup_terrains_dbe1_models_dbe1.pbo - 21122418
12:18:45 C:\3rdID_Server2\Server2\@CUP_Terrains__Core\addons\cup_terrains_dbe1_models_dbe1_c.pbo - 21122418
12:18:45 C:\3rdID_Server2\Server2\@CUP_Terrains__Core\addons\cup_terrains_dummy.pbo - 21122418
12:18:45 C:\3rdID_Server2\Server2\@CUP_Terrains__Core\addons\cup_terrains_editor_c.pbo - 21122418
12:18:45 C:\3rdID_Server2\Server2\@CUP_Terrains__Core\addons\cup_terrains_hsim_data_h_dummy.pbo - 21122418
12:18:45 C:\3rdID_Server2\Server2\@CUP_Terrains__Core\addons\cup_terrains_hsim_languagemissions_h.pbo - 21122418
12:18:45 C:\3rdID_Server2\Server2\@CUP_Terrains__Core\addons\cup_terrains_hsim_language_h.pbo - 21122418
12:18:45 C:\3rdID_Server2\Server2\@CUP_Terrains__Core\addons\cup_terrains_ibr_plants.pbo - 21122418
12:18:45 C:\3rdID_Server2\Server2\@CUP_Terrains__Core\addons\cup_terrains_music.pbo - 21122418
12:18:45 C:\3rdID_Server2\Server2\@CUP_Terrains__Core\addons\cup_terrains_plants.pbo - 21122418
12:18:45 C:\3rdID_Server2\Server2\@CUP_Terrains__Core\addons\cup_terrains_roadfix.pbo - 21122418
12:18:45 C:\3rdID_Server2\Server2\@CUP_Terrains__Core\addons\cup_terrains_terrains_core.pbo - 21122418
12:18:45 C:\3rdID_Server2\Server2\@CUP_Terrains__Core\addons\cup_terrains_weather.pbo - 21122418
12:18:45 C:\3rdID_Server2\Server2\@CUP_Terrains__Core\addons\cup_terrains_winter_animals.pbo - 21122418
12:18:45 C:\3rdID_Server2\Server2\@CUP_Terrains__Core\addons\cup_terrains_winter_objects.pbo - 21122418
12:18:45 C:\3rdID_Server2\Server2\@CUP_Terrains__Core\addons\cup_terrains_winter_plants.pbo - 21122418
12:18:45 C:\3rdID_Server2\Server2\@CUP_Terrains__Core\addons\cup_terrains_winter_roads.pbo - 21122418
12:18:45 C:\3rdID_Server2\Server2\@CUP_Terrains__Core\addons\cup_terrains_worlds.pbo - 21122418
12:18:45 C:\3rdID_Server2\Server2\@Ctab_Devastator_Edition\addons\ctab.pbo - unknown
12:18:45 C:\3rdID_Server2\Server2\@CBA_A3\addons\cba_accessory.pbo - 3.18.4.250711
12:18:45 C:\3rdID_Server2\Server2\@CBA_A3\addons\cba_ai.pbo - 3.18.4.250711
12:18:45 C:\3rdID_Server2\Server2\@CBA_A3\addons\cba_arrays.pbo - 3.18.4.250711
12:18:45 C:\3rdID_Server2\Server2\@CBA_A3\addons\cba_bitwise.pbo - 3.18.4.250711
12:18:45 C:\3rdID_Server2\Server2\@CBA_A3\addons\cba_characters.pbo - 3.18.4.250711
12:18:45 C:\3rdID_Server2\Server2\@CBA_A3\addons\cba_common.pbo - 3.18.4.250711
12:18:45 C:\3rdID_Server2\Server2\@CBA_A3\addons\cba_diagnostic.pbo - 3.18.4.250711
12:18:45 C:\3rdID_Server2\Server2\@CBA_A3\addons\cba_disposable.pbo - 3.18.4.250711
12:18:45 C:\3rdID_Server2\Server2\@CBA_A3\addons\cba_events.pbo - 3.18.4.250711
12:18:45 C:\3rdID_Server2\Server2\@CBA_A3\addons\cba_hashes.pbo - 3.18.4.250711
12:18:45 C:\3rdID_Server2\Server2\@CBA_A3\addons\cba_help.pbo - 3.18.4.250711
12:18:45 C:\3rdID_Server2\Server2\@CBA_A3\addons\cba_jam.pbo - 3.18.4.250711
12:18:45 C:\3rdID_Server2\Server2\@CBA_A3\addons\cba_jr.pbo - 3.18.4.250711
12:18:45 C:\3rdID_Server2\Server2\@CBA_A3\addons\cba_keybinding.pbo - 3.18.4.250711
12:18:45 C:\3rdID_Server2\Server2\@CBA_A3\addons\cba_loadout.pbo - 3.18.4.250711
12:18:45 C:\3rdID_Server2\Server2\@CBA_A3\addons\cba_main.pbo - 3.18.4.250711
12:18:45 C:\3rdID_Server2\Server2\@CBA_A3\addons\cba_main_a3.pbo - 3.18.4.250711
12:18:45 C:\3rdID_Server2\Server2\@CBA_A3\addons\cba_modules.pbo - 3.18.4.250711
12:18:45 C:\3rdID_Server2\Server2\@CBA_A3\addons\cba_music.pbo - 3.18.4.250711
12:18:45 C:\3rdID_Server2\Server2\@CBA_A3\addons\cba_network.pbo - 3.18.4.250711
12:18:45 C:\3rdID_Server2\Server2\@CBA_A3\addons\cba_optics.pbo - 3.18.4.250711
12:18:45 C:\3rdID_Server2\Server2\@CBA_A3\addons\cba_quicktime.pbo - 3.18.4.250711
12:18:45 C:\3rdID_Server2\Server2\@CBA_A3\addons\cba_settings.pbo - 3.18.4.250711
12:18:45 C:\3rdID_Server2\Server2\@CBA_A3\addons\cba_statemachine.pbo - 3.18.4.250711
12:18:45 C:\3rdID_Server2\Server2\@CBA_A3\addons\cba_strings.pbo - 3.18.4.250711
12:18:45 C:\3rdID_Server2\Server2\@CBA_A3\addons\cba_ui.pbo - 3.18.4.250711
12:18:45 C:\3rdID_Server2\Server2\@CBA_A3\addons\cba_vectors.pbo - 3.18.4.250711
12:18:45 C:\3rdID_Server2\Server2\@CBA_A3\addons\cba_versioning.pbo - 3.18.4.250711
12:18:45 C:\3rdID_Server2\Server2\@CBA_A3\addons\cba_xeh.pbo - 3.18.4.250711
12:18:45 C:\3rdID_Server2\Server2\@BackpackOnChest__Redux\addons\bocr_main.pbo - 2.3.0.0-d5f47a98
12:18:45 C:\3rdID_Server2\Server2\@Anizay\addons\tem_anizay.pbo - 00000000
12:18:45 C:\3rdID_Server2\Server2\@Aduke_OH_58_Kiowa\addons\ad_oh58.pbo - unknown
12:18:45 C:\3rdID_Server2\Server2\@ace\addons\ace_advanced_ballistics.pbo - 3.20.0.104
12:18:45 C:\3rdID_Server2\Server2\@ace\addons\ace_advanced_fatigue.pbo - 3.20.0.104
12:18:45 C:\3rdID_Server2\Server2\@ace\addons\ace_advanced_throwing.pbo - 3.20.0.104
12:18:45 C:\3rdID_Server2\Server2\@ace\addons\ace_ai.pbo - 3.20.0.104
12:18:45 C:\3rdID_Server2\Server2\@ace\addons\ace_aircraft.pbo - 3.20.0.104
12:18:45 C:\3rdID_Server2\Server2\@ace\addons\ace_apl.pbo - 3.20.0.104
12:18:45 C:\3rdID_Server2\Server2\@ace\addons\ace_arsenal.pbo - 3.20.0.104
12:18:45 C:\3rdID_Server2\Server2\@ace\addons\ace_artillerytables.pbo - 3.20.0.104
12:18:45 C:\3rdID_Server2\Server2\@ace\addons\ace_atragmx.pbo - 3.20.0.104
12:18:45 C:\3rdID_Server2\Server2\@ace\addons\ace_attach.pbo - 3.20.0.104
12:18:45 C:\3rdID_Server2\Server2\@ace\addons\ace_backpacks.pbo - 3.20.0.104
12:18:45 C:\3rdID_Server2\Server2\@ace\addons\ace_ballistics.pbo - 3.20.0.104
12:18:45 C:\3rdID_Server2\Server2\@ace\addons\ace_captives.pbo - 3.20.0.104
12:18:45 C:\3rdID_Server2\Server2\@ace\addons\ace_cargo.pbo - 3.20.0.104
12:18:45 C:\3rdID_Server2\Server2\@ace\addons\ace_casings.pbo - 3.20.0.104
12:18:45 C:\3rdID_Server2\Server2\@ace\addons\ace_chemlights.pbo - 3.20.0.104
12:18:45 C:\3rdID_Server2\Server2\@ace\addons\ace_common.pbo - 3.20.0.104
12:18:45 C:\3rdID_Server2\Server2\@ace\addons\ace_compat_aegis.pbo - 3.20.0.104
12:18:45 C:\3rdID_Server2\Server2\@ace\addons\ace_compat_cfp.pbo - 3.20.0.104
12:18:45 C:\3rdID_Server2\Server2\@ace\addons\ace_compat_csla.pbo - 3.20.0.104
12:18:45 C:\3rdID_Server2\Server2\@ace\addons\ace_compat_cup_terrains.pbo - 3.20.0.104
12:18:45 C:\3rdID_Server2\Server2\@ace\addons\ace_compat_cup_units.pbo - 3.20.0.104
12:18:45 C:\3rdID_Server2\Server2\@ace\addons\ace_compat_cup_vehicles.pbo - 3.20.0.104
12:18:45 C:\3rdID_Server2\Server2\@ace\addons\ace_compat_cup_weapons.pbo - 3.20.0.104
12:18:45 C:\3rdID_Server2\Server2\@ace\addons\ace_compat_ef.pbo - 3.20.0.104
12:18:45 C:\3rdID_Server2\Server2\@ace\addons\ace_compat_gm.pbo - 3.20.0.104
12:18:45 C:\3rdID_Server2\Server2\@ace\addons\ace_compat_r3f.pbo - 3.20.0.104
12:18:45 C:\3rdID_Server2\Server2\@ace\addons\ace_compat_rf.pbo - 3.20.0.104
12:18:45 C:\3rdID_Server2\Server2\@ace\addons\ace_compat_rhs_afrf3.pbo - 3.20.0.104
12:18:45 C:\3rdID_Server2\Server2\@ace\addons\ace_compat_rhs_gref3.pbo - 3.20.0.104
12:18:45 C:\3rdID_Server2\Server2\@ace\addons\ace_compat_rhs_saf3.pbo - 3.20.0.104
12:18:45 C:\3rdID_Server2\Server2\@ace\addons\ace_compat_rhs_usf3.pbo - 3.20.0.104
12:18:45 C:\3rdID_Server2\Server2\@ace\addons\ace_compat_rh_acc.pbo - 3.20.0.104
12:18:45 C:\3rdID_Server2\Server2\@ace\addons\ace_compat_rh_de.pbo - 3.20.0.104
12:18:45 C:\3rdID_Server2\Server2\@ace\addons\ace_compat_rh_m4.pbo - 3.20.0.104
12:18:45 C:\3rdID_Server2\Server2\@ace\addons\ace_compat_rh_pdw.pbo - 3.20.0.104
12:18:45 C:\3rdID_Server2\Server2\@ace\addons\ace_compat_rksl_pm_ii.pbo - 3.20.0.104
12:18:45 C:\3rdID_Server2\Server2\@ace\addons\ace_compat_sma3_iansky.pbo - 3.20.0.104
12:18:45 C:\3rdID_Server2\Server2\@ace\addons\ace_compat_sog.pbo - 3.20.0.104
12:18:45 C:\3rdID_Server2\Server2\@ace\addons\ace_compat_spe.pbo - 3.20.0.104
12:18:45 C:\3rdID_Server2\Server2\@ace\addons\ace_compat_ws.pbo - 3.20.0.104
12:18:45 C:\3rdID_Server2\Server2\@ace\addons\ace_concertina_wire.pbo - 3.20.0.104
12:18:45 C:\3rdID_Server2\Server2\@ace\addons\ace_cookoff.pbo - 3.20.0.104
12:18:45 C:\3rdID_Server2\Server2\@ace\addons\ace_csw.pbo - 3.20.0.104
12:18:45 C:\3rdID_Server2\Server2\@ace\addons\ace_dagr.pbo - 3.20.0.104
12:18:45 C:\3rdID_Server2\Server2\@ace\addons\ace_disarming.pbo - 3.20.0.104
12:18:45 C:\3rdID_Server2\Server2\@ace\addons\ace_disposable.pbo - 3.20.0.104
12:18:45 C:\3rdID_Server2\Server2\@ace\addons\ace_dogtags.pbo - 3.20.0.104
12:18:45 C:\3rdID_Server2\Server2\@ace\addons\ace_dragging.pbo - 3.20.0.104
12:18:45 C:\3rdID_Server2\Server2\@ace\addons\ace_dragon.pbo - 3.20.0.104
12:18:45 C:\3rdID_Server2\Server2\@ace\addons\ace_explosives.pbo - 3.20.0.104
12:18:45 C:\3rdID_Server2\Server2\@ace\addons\ace_fastroping.pbo - 3.20.0.104
12:18:45 C:\3rdID_Server2\Server2\@ace\addons\ace_fcs.pbo - 3.20.0.104
12:18:45 C:\3rdID_Server2\Server2\@ace\addons\ace_fieldmanual.pbo - 3.20.0.104
12:18:45 C:\3rdID_Server2\Server2\@ace\addons\ace_field_rations.pbo - 3.20.0.104
12:18:45 C:\3rdID_Server2\Server2\@ace\addons\ace_finger.pbo - 3.20.0.104
12:18:45 C:\3rdID_Server2\Server2\@ace\addons\ace_fire.pbo - 3.20.0.104
12:18:45 C:\3rdID_Server2\Server2\@ace\addons\ace_flags.pbo - 3.20.0.104
12:18:45 C:\3rdID_Server2\Server2\@ace\addons\ace_flashlights.pbo - 3.20.0.104
12:18:45 C:\3rdID_Server2\Server2\@ace\addons\ace_flashsuppressors.pbo - 3.20.0.104
12:18:45 C:\3rdID_Server2\Server2\@ace\addons\ace_fonts.pbo - 3.20.0.104
12:18:45 C:\3rdID_Server2\Server2\@ace\addons\ace_fortify.pbo - 3.20.0.104
12:18:45 C:\3rdID_Server2\Server2\@ace\addons\ace_frag.pbo - 3.20.0.104
12:18:45 C:\3rdID_Server2\Server2\@ace\addons\ace_gestures.pbo - 3.20.0.104
12:18:45 C:\3rdID_Server2\Server2\@ace\addons\ace_gforces.pbo - 3.20.0.104
12:18:45 C:\3rdID_Server2\Server2\@ace\addons\ace_goggles.pbo - 3.20.0.104
12:18:45 C:\3rdID_Server2\Server2\@ace\addons\ace_grenades.pbo - 3.20.0.104
12:18:45 C:\3rdID_Server2\Server2\@ace\addons\ace_gunbag.pbo - 3.20.0.104
12:18:45 C:\3rdID_Server2\Server2\@ace\addons\ace_headless.pbo - 3.20.0.104
12:18:45 C:\3rdID_Server2\Server2\@ace\addons\ace_hearing.pbo - 3.20.0.104
12:18:45 C:\3rdID_Server2\Server2\@ace\addons\ace_hellfire.pbo - 3.20.0.104
12:18:45 C:\3rdID_Server2\Server2\@ace\addons\ace_hitreactions.pbo - 3.20.0.104
12:18:45 C:\3rdID_Server2\Server2\@ace\addons\ace_hot.pbo - 3.20.0.104
12:18:45 C:\3rdID_Server2\Server2\@ace\addons\ace_hunterkiller.pbo - 3.20.0.104
12:18:45 C:\3rdID_Server2\Server2\@ace\addons\ace_huntir.pbo - 3.20.0.104
12:18:45 C:\3rdID_Server2\Server2\@ace\addons\ace_intelitems.pbo - 3.20.0.104
12:18:45 C:\3rdID_Server2\Server2\@ace\addons\ace_interaction.pbo - 3.20.0.104
12:18:45 C:\3rdID_Server2\Server2\@ace\addons\ace_interact_menu.pbo - 3.20.0.104
12:18:45 C:\3rdID_Server2\Server2\@ace\addons\ace_inventory.pbo - 3.20.0.104
12:18:45 C:\3rdID_Server2\Server2\@ace\addons\ace_irlight.pbo - 3.20.0.104
12:18:45 C:\3rdID_Server2\Server2\@ace\addons\ace_javelin.pbo - 3.20.0.104
12:18:45 C:\3rdID_Server2\Server2\@ace\addons\ace_kestrel4500.pbo - 3.20.0.104
12:18:45 C:\3rdID_Server2\Server2\@ace\addons\ace_killtracker.pbo - 3.20.0.104
12:18:45 C:\3rdID_Server2\Server2\@ace\addons\ace_laser.pbo - 3.20.0.104
12:18:45 C:\3rdID_Server2\Server2\@ace\addons\ace_laserpointer.pbo - 3.20.0.104
12:18:45 C:\3rdID_Server2\Server2\@ace\addons\ace_logistics_rope.pbo - 3.20.0.104
12:18:45 C:\3rdID_Server2\Server2\@ace\addons\ace_logistics_uavbattery.pbo - 3.20.0.104
12:18:45 C:\3rdID_Server2\Server2\@ace\addons\ace_logistics_wirecutter.pbo - 3.20.0.104
12:18:45 C:\3rdID_Server2\Server2\@ace\addons\ace_magazinerepack.pbo - 3.20.0.104
12:18:45 C:\3rdID_Server2\Server2\@ace\addons\ace_main.pbo - 3.20.0.104
12:18:45 C:\3rdID_Server2\Server2\@ace\addons\ace_map.pbo - 3.20.0.104
12:18:45 C:\3rdID_Server2\Server2\@ace\addons\ace_maptools.pbo - 3.20.0.104
12:18:45 C:\3rdID_Server2\Server2\@ace\addons\ace_map_gestures.pbo - 3.20.0.104
12:18:45 C:\3rdID_Server2\Server2\@ace\addons\ace_markers.pbo - 3.20.0.104
12:18:45 C:\3rdID_Server2\Server2\@ace\addons\ace_marker_flags.pbo - 3.20.0.104
12:18:45 C:\3rdID_Server2\Server2\@ace\addons\ace_markinglaser.pbo - 3.20.0.104
12:18:45 C:\3rdID_Server2\Server2\@ace\addons\ace_maverick.pbo - 3.20.0.104
12:18:45 C:\3rdID_Server2\Server2\@ace\addons\ace_medical.pbo - 3.20.0.104
12:18:45 C:\3rdID_Server2\Server2\@ace\addons\ace_medical_ai.pbo - 3.20.0.104
12:18:45 C:\3rdID_Server2\Server2\@ace\addons\ace_medical_blood.pbo - 3.20.0.104
12:18:45 C:\3rdID_Server2\Server2\@ace\addons\ace_medical_damage.pbo - 3.20.0.104
12:18:45 C:\3rdID_Server2\Server2\@ace\addons\ace_medical_engine.pbo - 3.20.0.104
12:18:45 C:\3rdID_Server2\Server2\@ace\addons\ace_medical_feedback.pbo - 3.20.0.104
12:18:45 C:\3rdID_Server2\Server2\@ace\addons\ace_medical_gui.pbo - 3.20.0.104
12:18:45 C:\3rdID_Server2\Server2\@ace\addons\ace_medical_statemachine.pbo - 3.20.0.104
12:18:45 C:\3rdID_Server2\Server2\@ace\addons\ace_medical_status.pbo - 3.20.0.104
12:18:45 C:\3rdID_Server2\Server2\@ace\addons\ace_medical_treatment.pbo - 3.20.0.104
12:18:45 C:\3rdID_Server2\Server2\@ace\addons\ace_medical_vitals.pbo - 3.20.0.104
12:18:45 C:\3rdID_Server2\Server2\@ace\addons\ace_metis.pbo - 3.20.0.104
12:18:45 C:\3rdID_Server2\Server2\@ace\addons\ace_microdagr.pbo - 3.20.0.104
12:18:45 C:\3rdID_Server2\Server2\@ace\addons\ace_minedetector.pbo - 3.20.0.104
12:18:45 C:\3rdID_Server2\Server2\@ace\addons\ace_missileguidance.pbo - 3.20.0.104
12:18:45 C:\3rdID_Server2\Server2\@ace\addons\ace_missile_aim120.pbo - 3.20.0.104
12:18:45 C:\3rdID_Server2\Server2\@ace\addons\ace_missile_aim9.pbo - 3.20.0.104
12:18:45 C:\3rdID_Server2\Server2\@ace\addons\ace_missile_clgp.pbo - 3.20.0.104
12:18:45 C:\3rdID_Server2\Server2\@ace\addons\ace_missile_gbu.pbo - 3.20.0.104
12:18:45 C:\3rdID_Server2\Server2\@ace\addons\ace_missile_hud.pbo - 3.20.0.104
12:18:45 C:\3rdID_Server2\Server2\@ace\addons\ace_missile_manpad.pbo - 3.20.0.104
12:18:45 C:\3rdID_Server2\Server2\@ace\addons\ace_missile_sam.pbo - 3.20.0.104
12:18:45 C:\3rdID_Server2\Server2\@ace\addons\ace_missile_sdb.pbo - 3.20.0.104
12:18:45 C:\3rdID_Server2\Server2\@ace\addons\ace_missile_vikhr.pbo - 3.20.0.104
12:18:45 C:\3rdID_Server2\Server2\@ace\addons\ace_missionmodules.pbo - 3.20.0.104
12:18:45 C:\3rdID_Server2\Server2\@ace\addons\ace_mk6mortar.pbo - 3.20.0.104
12:18:45 C:\3rdID_Server2\Server2\@ace\addons\ace_modules.pbo - 3.20.0.104
12:18:45 C:\3rdID_Server2\Server2\@ace\addons\ace_movement.pbo - 3.20.0.104
12:18:45 C:\3rdID_Server2\Server2\@ace\addons\ace_mx2a.pbo - 3.20.0.104
12:18:45 C:\3rdID_Server2\Server2\@ace\addons\ace_nametags.pbo - 3.20.0.104
12:18:45 C:\3rdID_Server2\Server2\@ace\addons\ace_nightvision.pbo - 3.20.0.104
12:18:45 C:\3rdID_Server2\Server2\@ace\addons\ace_nlaw.pbo - 3.20.0.104
12:18:45 C:\3rdID_Server2\Server2\@ace\addons\ace_noidle.pbo - 3.20.0.104
12:18:45 C:\3rdID_Server2\Server2\@ace\addons\ace_noradio.pbo - 3.20.0.104
12:18:45 C:\3rdID_Server2\Server2\@ace\addons\ace_norearm.pbo - 3.20.0.104
12:18:45 C:\3rdID_Server2\Server2\@ace\addons\ace_novehicleclanlogo.pbo - 3.20.0.104
12:18:45 C:\3rdID_Server2\Server2\@ace\addons\ace_optics.pbo - 3.20.0.104
12:18:45 C:\3rdID_Server2\Server2\@ace\addons\ace_optionsmenu.pbo - 3.20.0.104
12:18:45 C:\3rdID_Server2\Server2\@ace\addons\ace_overheating.pbo - 3.20.0.104
12:18:45 C:\3rdID_Server2\Server2\@ace\addons\ace_overpressure.pbo - 3.20.0.104
12:18:45 C:\3rdID_Server2\Server2\@ace\addons\ace_parachute.pbo - 3.20.0.104
12:18:45 C:\3rdID_Server2\Server2\@ace\addons\ace_pylons.pbo - 3.20.0.104
12:18:45 C:\3rdID_Server2\Server2\@ace\addons\ace_quickmount.pbo - 3.20.0.104
12:18:45 C:\3rdID_Server2\Server2\@ace\addons\ace_rangecard.pbo - 3.20.0.104
12:18:45 C:\3rdID_Server2\Server2\@ace\addons\ace_realisticnames.pbo - 3.20.0.104
12:18:45 C:\3rdID_Server2\Server2\@ace\addons\ace_realisticweights.pbo - 3.20.0.104
12:18:45 C:\3rdID_Server2\Server2\@ace\addons\ace_rearm.pbo - 3.20.0.104
12:18:45 C:\3rdID_Server2\Server2\@ace\addons\ace_recoil.pbo - 3.20.0.104
12:18:45 C:\3rdID_Server2\Server2\@ace\addons\ace_refuel.pbo - 3.20.0.104
12:18:45 C:\3rdID_Server2\Server2\@ace\addons\ace_reload.pbo - 3.20.0.104
12:18:45 C:\3rdID_Server2\Server2\@ace\addons\ace_reloadlaunchers.pbo - 3.20.0.104
12:18:45 C:\3rdID_Server2\Server2\@ace\addons\ace_repair.pbo - 3.20.0.104
12:18:45 C:\3rdID_Server2\Server2\@ace\addons\ace_respawn.pbo - 3.20.0.104
12:18:45 C:\3rdID_Server2\Server2\@ace\addons\ace_safemode.pbo - 3.20.0.104
12:18:45 C:\3rdID_Server2\Server2\@ace\addons\ace_sandbag.pbo - 3.20.0.104
12:18:45 C:\3rdID_Server2\Server2\@ace\addons\ace_scopes.pbo - 3.20.0.104
12:18:45 C:\3rdID_Server2\Server2\@ace\addons\ace_sitting.pbo - 3.20.0.104
12:18:45 C:\3rdID_Server2\Server2\@ace\addons\ace_slideshow.pbo - 3.20.0.104
12:18:45 C:\3rdID_Server2\Server2\@ace\addons\ace_smallarms.pbo - 3.20.0.104
12:18:45 C:\3rdID_Server2\Server2\@ace\addons\ace_spectator.pbo - 3.20.0.104
12:18:45 C:\3rdID_Server2\Server2\@ace\addons\ace_spike.pbo - 3.20.0.104
12:18:45 C:\3rdID_Server2\Server2\@ace\addons\ace_spottingscope.pbo - 3.20.0.104
12:18:45 C:\3rdID_Server2\Server2\@ace\addons\ace_switchunits.pbo - 3.20.0.104
12:18:45 C:\3rdID_Server2\Server2\@ace\addons\ace_tacticalladder.pbo - 3.20.0.104
12:18:45 C:\3rdID_Server2\Server2\@ace\addons\ace_tagging.pbo - 3.20.0.104
12:18:45 C:\3rdID_Server2\Server2\@ace\addons\ace_thermals.pbo - 3.20.0.104
12:18:45 C:\3rdID_Server2\Server2\@ace\addons\ace_towing.pbo - 3.20.0.104
12:18:45 C:\3rdID_Server2\Server2\@ace\addons\ace_trenches.pbo - 3.20.0.104
12:18:45 C:\3rdID_Server2\Server2\@ace\addons\ace_tripod.pbo - 3.20.0.104
12:18:45 C:\3rdID_Server2\Server2\@ace\addons\ace_ui.pbo - 3.20.0.104
12:18:45 C:\3rdID_Server2\Server2\@ace\addons\ace_vector.pbo - 3.20.0.104
12:18:45 C:\3rdID_Server2\Server2\@ace\addons\ace_vehiclelock.pbo - 3.20.0.104
12:18:45 C:\3rdID_Server2\Server2\@ace\addons\ace_vehicles.pbo - 3.20.0.104
12:18:45 C:\3rdID_Server2\Server2\@ace\addons\ace_vehicle_damage.pbo - 3.20.0.104
12:18:45 C:\3rdID_Server2\Server2\@ace\addons\ace_viewdistance.pbo - 3.20.0.104
12:18:45 C:\3rdID_Server2\Server2\@ace\addons\ace_viewports.pbo - 3.20.0.104
12:18:45 C:\3rdID_Server2\Server2\@ace\addons\ace_viewrestriction.pbo - 3.20.0.104
12:18:45 C:\3rdID_Server2\Server2\@ace\addons\ace_volume.pbo - 3.20.0.104
12:18:45 C:\3rdID_Server2\Server2\@ace\addons\ace_weaponselect.pbo - 3.20.0.104
12:18:45 C:\3rdID_Server2\Server2\@ace\addons\ace_weather.pbo - 3.20.0.104
12:18:45 C:\3rdID_Server2\Server2\@ace\addons\ace_winddeflection.pbo - 3.20.0.104
12:18:45 C:\3rdID_Server2\Server2\@ace\addons\ace_xm157.pbo - 3.20.0.104
12:18:45 C:\3rdID_Server2\Server2\@ace\addons\ace_yardage450.pbo - 3.20.0.104
12:18:45 C:\3rdID_Server2\Server2\@ace\addons\ace_zeus.pbo - 3.20.0.104
12:18:45 C:\3rdID_Server2\Server2\@3rd_Infantry_Division_Mod\addons\third_flags.pbo - 25072804
12:18:45 C:\3rdID_Server2\Server2\@3rd_Infantry_Division_Mod\addons\third_headgear.pbo - 25072804
12:18:45 C:\3rdID_Server2\Server2\@3rd_Infantry_Division_Mod\addons\third_items.pbo - 25072804
12:18:45 C:\3rdID_Server2\Server2\@3rd_Infantry_Division_Mod\addons\third_markers.pbo - 25072804
12:18:45 C:\3rdID_Server2\Server2\@3rd_Infantry_Division_Mod\addons\third_scope.pbo - 25072804
12:18:45 C:\3rdID_Server2\Server2\@3rd_Infantry_Division_Mod\addons\third_spraypaint.pbo - 25072804
12:18:45 C:\3rdID_Server2\Server2\@3rd_Infantry_Division_Mod\addons\third_structure.pbo - 25072804
12:18:45 C:\3rdID_Server2\Server2\@3rd_Infantry_Division_Mod\addons\third_ui.pbo - 25072804
12:18:45 C:\3rdID_Server2\Server2\@3rd_Infantry_Division_Mod\addons\third_uniforms.pbo - 25072804
12:18:45 C:\3rdID_Server2\Server2\@3rd_Infantry_Division_Mod\addons\third_units.pbo - 25072804
12:18:45 C:\3rdID_Server2\Server2\@3rd_Infantry_Division_Mod\addons\third_weapons.pbo - 25072804
12:18:45 C:\3rdID_Server2\Server2\@3den_Enhanced\addons\enh_ace_arsenal_shortcut.pbo - 8.7.1
12:18:45 C:\3rdID_Server2\Server2\@3den_Enhanced\addons\enh_captureframeui.pbo - 8.7.1
12:18:45 C:\3rdID_Server2\Server2\@3den_Enhanced\addons\enh_eventscripts.pbo - 8.7.1
12:18:45 C:\3rdID_Server2\Server2\@3den_Enhanced\addons\enh_main.pbo - 8.7.1
12:18:45 C:\3rdID_Server2\Server2\@AdvancedSlingLoadingRopePatch\addons\SA_AdvancedSlingLoading.pbo - unknown
12:18:45 C:\3rdID_Server2\Server2\aow\addons\anims_f_aow.pbo - 149768
12:18:45 C:\3rdID_Server2\Server2\aow\addons\characters_f_aow.pbo - 150659
12:18:45 C:\3rdID_Server2\Server2\aow\addons\data_f_aow.pbo - 149928
12:18:45 C:\3rdID_Server2\Server2\aow\addons\dubbing_f_aow.pbo - 149901
12:18:45 C:\3rdID_Server2\Server2\aow\addons\editorpreviews_f_aow.pbo - 149909
12:18:45 C:\3rdID_Server2\Server2\aow\addons\functions_f_aow.pbo - 149593
12:18:45 C:\3rdID_Server2\Server2\aow\addons\languagemissions_f_aow.pbo - 151164
12:18:45 C:\3rdID_Server2\Server2\aow\addons\language_f_aow.pbo - 151164
12:18:45 C:\3rdID_Server2\Server2\aow\addons\missions_f_aow.pbo - 150974
12:18:45 C:\3rdID_Server2\Server2\aow\addons\missions_f_aow_data.pbo - 150984
12:18:45 C:\3rdID_Server2\Server2\aow\addons\missions_f_aow_video.pbo - 149837
12:18:45 C:\3rdID_Server2\Server2\aow\addons\props_f_aow.pbo - 150912
12:18:45 C:\3rdID_Server2\Server2\aow\addons\sounds_f_aow.pbo - 150867
12:18:45 C:\3rdID_Server2\Server2\aow\addons\structures_f_aow.pbo - 149883
12:18:45 C:\3rdID_Server2\Server2\aow\addons\supplies_f_aow.pbo - 150149
12:18:45 C:\3rdID_Server2\Server2\aow\addons\ui_f_aow.pbo - 149917
12:18:45 C:\3rdID_Server2\Server2\enoch\addons\air_f_enoch.pbo - 145904
12:18:45 C:\3rdID_Server2\Server2\enoch\addons\anims_f_enoch.pbo - 150341
12:18:45 C:\3rdID_Server2\Server2\enoch\addons\armor_f_enoch.pbo - 145904
12:18:45 C:\3rdID_Server2\Server2\enoch\addons\cargoposes_f_enoch.pbo - 142478
12:18:45 C:\3rdID_Server2\Server2\enoch\addons\characters_f_enoch.pbo - 150968
12:18:45 C:\3rdID_Server2\Server2\enoch\addons\data_f_enoch.pbo - 150070
12:18:45 C:\3rdID_Server2\Server2\enoch\addons\dubbing_radio_f_enoch.pbo - 150070
12:18:45 C:\3rdID_Server2\Server2\enoch\addons\dubbing_radio_f_enoch_data.pbo - 150020
12:18:45 C:\3rdID_Server2\Server2\enoch\addons\editorpreviews_f_enoch.pbo - 150962
12:18:45 C:\3rdID_Server2\Server2\enoch\addons\functions_f_enoch.pbo - 148356
12:18:45 C:\3rdID_Server2\Server2\enoch\addons\languagemissions_f_enoch.pbo - 151164
12:18:45 C:\3rdID_Server2\Server2\enoch\addons\language_f_enoch.pbo - 151164
12:18:45 C:\3rdID_Server2\Server2\enoch\addons\map_enoch.pbo - 150292
12:18:45 C:\3rdID_Server2\Server2\enoch\addons\map_enoch_data.pbo - 145274
12:18:45 C:\3rdID_Server2\Server2\enoch\addons\map_enoch_data_layers.pbo - 146184
12:18:45 C:\3rdID_Server2\Server2\enoch\addons\map_enoch_scenes_f.pbo - 143336
12:18:45 C:\3rdID_Server2\Server2\enoch\addons\missions_f_enoch.pbo - 149487
12:18:45 C:\3rdID_Server2\Server2\enoch\addons\music_f_enoch.pbo - 147472
12:18:45 C:\3rdID_Server2\Server2\enoch\addons\music_f_enoch_music.pbo - 150867
12:18:45 C:\3rdID_Server2\Server2\enoch\addons\props_f_enoch.pbo - 150309
12:18:45 C:\3rdID_Server2\Server2\enoch\addons\rocks_f_enoch.pbo - 148432
12:18:45 C:\3rdID_Server2\Server2\enoch\addons\soft_f_enoch.pbo - 150885
12:18:45 C:\3rdID_Server2\Server2\enoch\addons\sounds_f_enoch.pbo - 150842
12:18:45 C:\3rdID_Server2\Server2\enoch\addons\static_f_enoch.pbo - 145904
12:18:45 C:\3rdID_Server2\Server2\enoch\addons\structures_f_enoch.pbo - 148551
12:18:45 C:\3rdID_Server2\Server2\enoch\addons\structures_f_enoch_civilian.pbo - 150926
12:18:45 C:\3rdID_Server2\Server2\enoch\addons\structures_f_enoch_commercial.pbo - 148419
12:18:45 C:\3rdID_Server2\Server2\enoch\addons\structures_f_enoch_cultural.pbo - 150415
12:18:45 C:\3rdID_Server2\Server2\enoch\addons\structures_f_enoch_data.pbo - 148419
12:18:45 C:\3rdID_Server2\Server2\enoch\addons\structures_f_enoch_furniture.pbo - 148419
12:18:45 C:\3rdID_Server2\Server2\enoch\addons\structures_f_enoch_industrial.pbo - 150920
12:18:45 C:\3rdID_Server2\Server2\enoch\addons\structures_f_enoch_infrastructure.pbo - 148551
12:18:45 C:\3rdID_Server2\Server2\enoch\addons\structures_f_enoch_military.pbo - 150174
12:18:45 C:\3rdID_Server2\Server2\enoch\addons\supplies_f_enoch.pbo - 151084
12:18:45 C:\3rdID_Server2\Server2\enoch\addons\ui_f_enoch.pbo - 147095
12:18:45 C:\3rdID_Server2\Server2\enoch\addons\vegetation_f_enoch.pbo - 150192
12:18:45 C:\3rdID_Server2\Server2\enoch\addons\weapons_f_enoch.pbo - 150671
12:18:45 C:\3rdID_Server2\Server2\tank\addons\armor_f_tank.pbo - 150292
12:18:45 C:\3rdID_Server2\Server2\tank\addons\cargoposes_f_tank.pbo - 128283
12:18:45 C:\3rdID_Server2\Server2\tank\addons\characters_f_tank.pbo - 150968
12:18:45 C:\3rdID_Server2\Server2\tank\addons\data_f_tank.pbo - 128203
12:18:45 C:\3rdID_Server2\Server2\tank\addons\dubbing_f_tank.pbo - 127958
12:18:45 C:\3rdID_Server2\Server2\tank\addons\editorpreviews_f_tank.pbo - 137875
12:18:45 C:\3rdID_Server2\Server2\tank\addons\functions_f_tank.pbo - 125996
12:18:45 C:\3rdID_Server2\Server2\tank\addons\languagemissions_f_tank.pbo - 151164
12:18:45 C:\3rdID_Server2\Server2\tank\addons\language_f_tank.pbo - 151164
12:18:45 C:\3rdID_Server2\Server2\tank\addons\missions_f_tank.pbo - 150984
12:18:45 C:\3rdID_Server2\Server2\tank\addons\missions_f_tank_data.pbo - 128937
12:18:45 C:\3rdID_Server2\Server2\tank\addons\modules_f_tank.pbo - 147857
12:18:45 C:\3rdID_Server2\Server2\tank\addons\music_f_tank.pbo - 127912
12:18:45 C:\3rdID_Server2\Server2\tank\addons\props_f_tank.pbo - 131702
12:18:45 C:\3rdID_Server2\Server2\tank\addons\sounds_f_tank.pbo - 150867
12:18:45 C:\3rdID_Server2\Server2\tank\addons\structures_f_tank.pbo - 150249
12:18:45 C:\3rdID_Server2\Server2\tank\addons\ui_f_tank.pbo - 148551
12:18:45 C:\3rdID_Server2\Server2\tank\addons\weapons_f_tank.pbo - 151040
12:18:45 C:\3rdID_Server2\Server2\tacops\addons\characters_f_tacops.pbo - 129739
12:18:45 C:\3rdID_Server2\Server2\tacops\addons\data_f_tacops.pbo - 150102
12:18:45 C:\3rdID_Server2\Server2\tacops\addons\dubbing_f_tacops.pbo - 129340
12:18:45 C:\3rdID_Server2\Server2\tacops\addons\functions_f_tacops.pbo - 150415
12:18:45 C:\3rdID_Server2\Server2\tacops\addons\languagemissions_f_tacops.pbo - 151164
12:18:45 C:\3rdID_Server2\Server2\tacops\addons\language_f_tacops.pbo - 151164
12:18:45 C:\3rdID_Server2\Server2\tacops\addons\missions_f_tacops.pbo - 144976
12:18:45 C:\3rdID_Server2\Server2\tacops\addons\modules_f_tacops.pbo - 150149
12:18:45 C:\3rdID_Server2\Server2\tacops\addons\music_f_tacops.pbo - 124064
12:18:45 C:\3rdID_Server2\Server2\tacops\addons\sounds_f_tacops.pbo - 150867
12:18:45 C:\3rdID_Server2\Server2\tacops\addons\ui_f_tacops.pbo - 148551
12:18:45 C:\3rdID_Server2\Server2\orange\addons\air_f_orange.pbo - 150970
12:18:45 C:\3rdID_Server2\Server2\orange\addons\cargoposes_f_orange.pbo - 126225
12:18:45 C:\3rdID_Server2\Server2\orange\addons\characters_f_orange.pbo - 150968
12:18:45 C:\3rdID_Server2\Server2\orange\addons\data_f_orange.pbo - 144284
12:18:45 C:\3rdID_Server2\Server2\orange\addons\dubbing_f_orange.pbo - 121689
12:18:45 C:\3rdID_Server2\Server2\orange\addons\editorpreviews_f_orange.pbo - 123173
12:18:45 C:\3rdID_Server2\Server2\orange\addons\functions_f_orange.pbo - 150945
12:18:45 C:\3rdID_Server2\Server2\orange\addons\languagemissions_f_orange.pbo - 151164
12:18:45 C:\3rdID_Server2\Server2\orange\addons\language_f_orange.pbo - 151164
12:18:45 C:\3rdID_Server2\Server2\orange\addons\missions_f_orange.pbo - 150364
12:18:45 C:\3rdID_Server2\Server2\orange\addons\modules_f_orange.pbo - 143632
12:18:45 C:\3rdID_Server2\Server2\orange\addons\music_f_orange.pbo - 120725
12:18:45 C:\3rdID_Server2\Server2\orange\addons\props_f_orange.pbo - 148864
12:18:45 C:\3rdID_Server2\Server2\orange\addons\soft_f_orange.pbo - 150945
12:18:45 C:\3rdID_Server2\Server2\orange\addons\sounds_f_orange.pbo - 150867
12:18:45 C:\3rdID_Server2\Server2\orange\addons\structures_f_orange.pbo - 150867
12:18:45 C:\3rdID_Server2\Server2\orange\addons\supplies_f_orange.pbo - 129371
12:18:45 C:\3rdID_Server2\Server2\orange\addons\ui_f_orange.pbo - 151010
12:18:45 C:\3rdID_Server2\Server2\orange\addons\weapons_f_orange.pbo - 150671
12:18:45 C:\3rdID_Server2\Server2\argo\addons\armor_f_argo.pbo - 129739
12:18:45 C:\3rdID_Server2\Server2\argo\addons\characters_f_patrol.pbo - 149127
12:18:45 C:\3rdID_Server2\Server2\argo\addons\data_f_argo.pbo - 128209
12:18:45 C:\3rdID_Server2\Server2\argo\addons\data_f_patrol.pbo - 141307
12:18:45 C:\3rdID_Server2\Server2\argo\addons\editorpreviews_f_argo.pbo - 150968
12:18:45 C:\3rdID_Server2\Server2\argo\addons\functions_f_patrol.pbo - 141510
12:18:45 C:\3rdID_Server2\Server2\argo\addons\languagemissions_f_patrol.pbo - 151164
12:18:45 C:\3rdID_Server2\Server2\argo\addons\language_f_argo.pbo - 151164
12:18:45 C:\3rdID_Server2\Server2\argo\addons\language_f_patrol.pbo - 151164
12:18:45 C:\3rdID_Server2\Server2\argo\addons\map_malden.pbo - 150292
12:18:45 C:\3rdID_Server2\Server2\argo\addons\map_malden_data.pbo - 135888
12:18:45 C:\3rdID_Server2\Server2\argo\addons\map_malden_data_layers.pbo - 135888
12:18:45 C:\3rdID_Server2\Server2\argo\addons\map_malden_scenes_f.pbo - 120026
12:18:45 C:\3rdID_Server2\Server2\argo\addons\missions_f_patrol.pbo - 126663
12:18:45 C:\3rdID_Server2\Server2\argo\addons\modules_f_patrol.pbo - 119459
12:18:45 C:\3rdID_Server2\Server2\argo\addons\music_f_argo.pbo - 119459
12:18:45 C:\3rdID_Server2\Server2\argo\addons\props_f_argo.pbo - 129371
12:18:45 C:\3rdID_Server2\Server2\argo\addons\rocks_f_argo.pbo - 148432
12:18:45 C:\3rdID_Server2\Server2\argo\addons\sounds_f_patrol.pbo - 150867
12:18:45 C:\3rdID_Server2\Server2\argo\addons\structures_f_argo.pbo - 150961
12:18:45 C:\3rdID_Server2\Server2\argo\addons\ui_f_patrol.pbo - 141307
12:18:45 C:\3rdID_Server2\Server2\argo\addons\vegetation_f_argo.pbo - 148432
12:18:45 C:\3rdID_Server2\Server2\argo\addons\weapons_f_patrol.pbo - 141307
12:18:45 C:\3rdID_Server2\Server2\jets\addons\air_f_jets.pbo - 150968
12:18:45 C:\3rdID_Server2\Server2\jets\addons\anims_f_jets.pbo - 123210
12:18:45 C:\3rdID_Server2\Server2\jets\addons\boat_f_destroyer.pbo - 143297
12:18:45 C:\3rdID_Server2\Server2\jets\addons\boat_f_jets.pbo - 150071
12:18:45 C:\3rdID_Server2\Server2\jets\addons\cargoposes_f_jets.pbo - 126225
12:18:45 C:\3rdID_Server2\Server2\jets\addons\characters_f_jets.pbo - 129739
12:18:45 C:\3rdID_Server2\Server2\jets\addons\data_f_destroyer.pbo - 150370
12:18:45 C:\3rdID_Server2\Server2\jets\addons\data_f_jets.pbo - 150370
12:18:45 C:\3rdID_Server2\Server2\jets\addons\data_f_sams.pbo - 150370
12:18:45 C:\3rdID_Server2\Server2\jets\addons\dubbing_f_jets.pbo - 119457
12:18:45 C:\3rdID_Server2\Server2\jets\addons\editorpreviews_f_destroyer.pbo - 132141
12:18:45 C:\3rdID_Server2\Server2\jets\addons\editorpreviews_f_jets.pbo - 150968
12:18:45 C:\3rdID_Server2\Server2\jets\addons\editorpreviews_f_sams.pbo - 132141
12:18:45 C:\3rdID_Server2\Server2\jets\addons\functions_f_destroyer.pbo - 150071
12:18:45 C:\3rdID_Server2\Server2\jets\addons\functions_f_jets.pbo - 151077
12:18:45 C:\3rdID_Server2\Server2\jets\addons\languagemissions_f_jets.pbo - 151164
12:18:45 C:\3rdID_Server2\Server2\jets\addons\language_f_destroyer.pbo - 151164
12:18:45 C:\3rdID_Server2\Server2\jets\addons\language_f_jets.pbo - 151164
12:18:45 C:\3rdID_Server2\Server2\jets\addons\language_f_sams.pbo - 151164
12:18:45 C:\3rdID_Server2\Server2\jets\addons\missions_f_jets.pbo - 130755
12:18:45 C:\3rdID_Server2\Server2\jets\addons\modules_f_jets.pbo - 119459
12:18:45 C:\3rdID_Server2\Server2\jets\addons\music_f_jets.pbo - 119459
12:18:45 C:\3rdID_Server2\Server2\jets\addons\props_f_destroyer.pbo - 132141
12:18:45 C:\3rdID_Server2\Server2\jets\addons\props_f_jets.pbo - 129371
12:18:45 C:\3rdID_Server2\Server2\jets\addons\sounds_f_jets.pbo - 150867
12:18:45 C:\3rdID_Server2\Server2\jets\addons\static_f_destroyer.pbo - 140243
12:18:45 C:\3rdID_Server2\Server2\jets\addons\static_f_jets.pbo - 146744
12:18:45 C:\3rdID_Server2\Server2\jets\addons\static_f_sams.pbo - 146744
12:18:45 C:\3rdID_Server2\Server2\jets\addons\ui_f_jets.pbo - 126137
12:18:45 C:\3rdID_Server2\Server2\jets\addons\weapons_f_destroyer.pbo - 132268
12:18:45 C:\3rdID_Server2\Server2\jets\addons\weapons_f_jets.pbo - 148847
12:18:45 C:\3rdID_Server2\Server2\jets\addons\weapons_f_sams.pbo - 149414
12:18:45 C:\3rdID_Server2\Server2\expansion\addons\air_f_exp.pbo - 150885
12:18:45 C:\3rdID_Server2\Server2\expansion\addons\anims_f_exp.pbo - 126506
12:18:45 C:\3rdID_Server2\Server2\expansion\addons\armor_f_exp.pbo - 141671
12:18:45 C:\3rdID_Server2\Server2\expansion\addons\boat_f_exp.pbo - 150071
12:18:45 C:\3rdID_Server2\Server2\expansion\addons\cargoposes_f_exp.pbo - 126224
12:18:45 C:\3rdID_Server2\Server2\expansion\addons\characters_f_exp.pbo - 150968
12:18:45 C:\3rdID_Server2\Server2\expansion\addons\characters_f_oldman.pbo - 148698
12:18:45 C:\3rdID_Server2\Server2\expansion\addons\data_f_exp.pbo - 148936
12:18:45 C:\3rdID_Server2\Server2\expansion\addons\data_f_oldman.pbo - 148580
12:18:45 C:\3rdID_Server2\Server2\expansion\addons\dubbing_f_exp.pbo - 119457
12:18:45 C:\3rdID_Server2\Server2\expansion\addons\dubbing_f_oldman.pbo - 148756
12:18:45 C:\3rdID_Server2\Server2\expansion\addons\dubbing_radio_f_exp.pbo - 119458
12:18:45 C:\3rdID_Server2\Server2\expansion\addons\dubbing_radio_f_exp_data_chi.pbo - 119458
12:18:45 C:\3rdID_Server2\Server2\expansion\addons\dubbing_radio_f_exp_data_engfre.pbo - 119457
12:18:45 C:\3rdID_Server2\Server2\expansion\addons\dubbing_radio_f_exp_data_fre.pbo - 119457
12:18:45 C:\3rdID_Server2\Server2\expansion\addons\editorpreviews_f_exp.pbo - 150961
12:18:45 C:\3rdID_Server2\Server2\expansion\addons\editorpreviews_f_oldman.pbo - 150961
12:18:45 C:\3rdID_Server2\Server2\expansion\addons\functions_f_exp.pbo - 144006
12:18:45 C:\3rdID_Server2\Server2\expansion\addons\functions_f_oldman.pbo - 148553
12:18:45 C:\3rdID_Server2\Server2\expansion\addons\languagemissions_f_exp.pbo - 151164
12:18:45 C:\3rdID_Server2\Server2\expansion\addons\languagemissions_f_oldman.pbo - 151164
12:18:45 C:\3rdID_Server2\Server2\expansion\addons\language_f_exp.pbo - 151164
12:18:45 C:\3rdID_Server2\Server2\expansion\addons\language_f_oldman.pbo - 151164
12:18:45 C:\3rdID_Server2\Server2\expansion\addons\map_data_exp.pbo - 136265
12:18:45 C:\3rdID_Server2\Server2\expansion\addons\map_tanoabuka.pbo - 150292
12:18:45 C:\3rdID_Server2\Server2\expansion\addons\map_tanoabuka_data.pbo - 135884
12:18:45 C:\3rdID_Server2\Server2\expansion\addons\map_tanoabuka_data_layers.pbo - 121192
12:18:45 C:\3rdID_Server2\Server2\expansion\addons\map_tanoabuka_data_layers_00_00.pbo - 121192
12:18:45 C:\3rdID_Server2\Server2\expansion\addons\map_tanoa_scenes_f.pbo - 123527
12:18:45 C:\3rdID_Server2\Server2\expansion\addons\missions_f_exp.pbo - 144315
12:18:45 C:\3rdID_Server2\Server2\expansion\addons\missions_f_exp_data.pbo - 119459
12:18:45 C:\3rdID_Server2\Server2\expansion\addons\missions_f_exp_video.pbo - 119459
12:18:45 C:\3rdID_Server2\Server2\expansion\addons\missions_f_oldman.pbo - 151155
12:18:45 C:\3rdID_Server2\Server2\expansion\addons\modules_f_exp.pbo - 119459
12:18:45 C:\3rdID_Server2\Server2\expansion\addons\modules_f_oldman.pbo - 148553
12:18:45 C:\3rdID_Server2\Server2\expansion\addons\music_f_exp.pbo - 119477
12:18:45 C:\3rdID_Server2\Server2\expansion\addons\music_f_exp_music.pbo - 119477
12:18:45 C:\3rdID_Server2\Server2\expansion\addons\music_f_oldman.pbo - 148553
12:18:45 C:\3rdID_Server2\Server2\expansion\addons\music_f_oldman_music.pbo - 148679
12:18:45 C:\3rdID_Server2\Server2\expansion\addons\props_f_exp.pbo - 147637
12:18:45 C:\3rdID_Server2\Server2\expansion\addons\props_f_oldman.pbo - 150968
12:18:45 C:\3rdID_Server2\Server2\expansion\addons\rocks_f_exp.pbo - 148432
12:18:45 C:\3rdID_Server2\Server2\expansion\addons\soft_f_exp.pbo - 150945
12:18:45 C:\3rdID_Server2\Server2\expansion\addons\soft_f_oldman.pbo - 148580
12:18:45 C:\3rdID_Server2\Server2\expansion\addons\sounds_f_exp.pbo - 150920
12:18:45 C:\3rdID_Server2\Server2\expansion\addons\sounds_f_oldman.pbo - 150867
12:18:45 C:\3rdID_Server2\Server2\expansion\addons\static_f_exp.pbo - 119478
12:18:45 C:\3rdID_Server2\Server2\expansion\addons\static_f_oldman.pbo - 148580
12:18:45 C:\3rdID_Server2\Server2\expansion\addons\structures_f_exp.pbo - 150912
12:18:45 C:\3rdID_Server2\Server2\expansion\addons\structures_f_exp_civilian.pbo - 148739
12:18:45 C:\3rdID_Server2\Server2\expansion\addons\structures_f_exp_commercial.pbo - 148419
12:18:45 C:\3rdID_Server2\Server2\expansion\addons\structures_f_exp_cultural.pbo - 148419
12:18:45 C:\3rdID_Server2\Server2\expansion\addons\structures_f_exp_data.pbo - 148419
12:18:45 C:\3rdID_Server2\Server2\expansion\addons\structures_f_exp_industrial.pbo - 148419
12:18:45 C:\3rdID_Server2\Server2\expansion\addons\structures_f_exp_infrastructure.pbo - 148551
12:18:45 C:\3rdID_Server2\Server2\expansion\addons\structures_f_oldman.pbo - 150089
12:18:45 C:\3rdID_Server2\Server2\expansion\addons\supplies_f_exp.pbo - 151084
12:18:45 C:\3rdID_Server2\Server2\expansion\addons\supplies_f_oldman.pbo - 148553
12:18:45 C:\3rdID_Server2\Server2\expansion\addons\ui_f_exp.pbo - 123398
12:18:45 C:\3rdID_Server2\Server2\expansion\addons\ui_f_oldman.pbo - 149216
12:18:45 C:\3rdID_Server2\Server2\expansion\addons\vegetation_f_exp.pbo - 148432
12:18:45 C:\3rdID_Server2\Server2\expansion\addons\weapons_f_exp.pbo - 150671
12:18:45 C:\3rdID_Server2\Server2\mark\addons\anims_f_mark.pbo - 119457
12:18:45 C:\3rdID_Server2\Server2\mark\addons\characters_f_mark.pbo - 150968
12:18:45 C:\3rdID_Server2\Server2\mark\addons\data_f_mark.pbo - 129371
12:18:45 C:\3rdID_Server2\Server2\mark\addons\dubbing_f_mark.pbo - 119457
12:18:45 C:\3rdID_Server2\Server2\mark\addons\dubbing_f_mp_mark.pbo - 119457
12:18:45 C:\3rdID_Server2\Server2\mark\addons\functions_f_mark.pbo - 150934
12:18:45 C:\3rdID_Server2\Server2\mark\addons\functions_f_mp_mark.pbo - 150802
12:18:45 C:\3rdID_Server2\Server2\mark\addons\languagemissions_f_mark.pbo - 151164
12:18:45 C:\3rdID_Server2\Server2\mark\addons\languagemissions_f_mp_mark.pbo - 151164
12:18:45 C:\3rdID_Server2\Server2\mark\addons\language_f_mark.pbo - 151164
12:18:45 C:\3rdID_Server2\Server2\mark\addons\language_f_mp_mark.pbo - 151164
12:18:45 C:\3rdID_Server2\Server2\mark\addons\missions_f_mark.pbo - 122301
12:18:45 C:\3rdID_Server2\Server2\mark\addons\missions_f_mark_data.pbo - 119459
12:18:45 C:\3rdID_Server2\Server2\mark\addons\missions_f_mark_video.pbo - 119459
12:18:45 C:\3rdID_Server2\Server2\mark\addons\missions_f_mp_mark.pbo - 141704
12:18:45 C:\3rdID_Server2\Server2\mark\addons\missions_f_mp_mark_data.pbo - 119459
12:18:45 C:\3rdID_Server2\Server2\mark\addons\modules_f_mark.pbo - 148886
12:18:45 C:\3rdID_Server2\Server2\mark\addons\modules_f_mp_mark.pbo - 150251
12:18:45 C:\3rdID_Server2\Server2\mark\addons\music_f_mark.pbo - 119477
12:18:45 C:\3rdID_Server2\Server2\mark\addons\music_f_mark_music.pbo - 119477
12:18:45 C:\3rdID_Server2\Server2\mark\addons\sounds_f_mark.pbo - 150867
12:18:45 C:\3rdID_Server2\Server2\mark\addons\static_f_mark.pbo - 146756
12:18:45 C:\3rdID_Server2\Server2\mark\addons\structures_f_mark.pbo - 149003
12:18:45 C:\3rdID_Server2\Server2\mark\addons\supplies_f_mark.pbo - 140562
12:18:45 C:\3rdID_Server2\Server2\mark\addons\ui_f_mark.pbo - 119478
12:18:45 C:\3rdID_Server2\Server2\mark\addons\ui_f_mp_mark.pbo - 119478
12:18:45 C:\3rdID_Server2\Server2\mark\addons\weapons_f_mark.pbo - 149339
12:18:45 C:\3rdID_Server2\Server2\heli\addons\air_f_heli.pbo - 150885
12:18:45 C:\3rdID_Server2\Server2\heli\addons\anims_f_heli.pbo - 123210
12:18:45 C:\3rdID_Server2\Server2\heli\addons\boat_f_heli.pbo - 119457
12:18:45 C:\3rdID_Server2\Server2\heli\addons\cargoposes_f_heli.pbo - 126231
12:18:45 C:\3rdID_Server2\Server2\heli\addons\data_f_heli.pbo - 119457
12:18:45 C:\3rdID_Server2\Server2\heli\addons\dubbing_f_heli.pbo - 119457
12:18:45 C:\3rdID_Server2\Server2\heli\addons\functions_f_heli.pbo - 123022
12:18:45 C:\3rdID_Server2\Server2\heli\addons\languagemissions_f_heli.pbo - 151164
12:18:45 C:\3rdID_Server2\Server2\heli\addons\language_f_heli.pbo - 151164
12:18:45 C:\3rdID_Server2\Server2\heli\addons\missions_f_heli.pbo - 151010
12:18:45 C:\3rdID_Server2\Server2\heli\addons\missions_f_heli_data.pbo - 119459
12:18:45 C:\3rdID_Server2\Server2\heli\addons\missions_f_heli_video.pbo - 119459
12:18:45 C:\3rdID_Server2\Server2\heli\addons\modules_f_heli.pbo - 150249
12:18:45 C:\3rdID_Server2\Server2\heli\addons\music_f_heli.pbo - 119477
12:18:45 C:\3rdID_Server2\Server2\heli\addons\music_f_heli_music.pbo - 119477
12:18:45 C:\3rdID_Server2\Server2\heli\addons\soft_f_heli.pbo - 129742
12:18:45 C:\3rdID_Server2\Server2\heli\addons\sounds_f_heli.pbo - 150867
12:18:45 C:\3rdID_Server2\Server2\heli\addons\structures_f_heli.pbo - 141968
12:18:45 C:\3rdID_Server2\Server2\heli\addons\supplies_f_heli.pbo - 145695
12:18:45 C:\3rdID_Server2\Server2\heli\addons\ui_f_heli.pbo - 119478
12:18:45 C:\3rdID_Server2\Server2\kart\addons\anims_f_kart.pbo - 123210
12:18:45 C:\3rdID_Server2\Server2\kart\addons\characters_f_kart.pbo - 150968
12:18:45 C:\3rdID_Server2\Server2\kart\addons\data_f_kart.pbo - 119457
12:18:45 C:\3rdID_Server2\Server2\kart\addons\languagemissions_f_kart.pbo - 151164
12:18:45 C:\3rdID_Server2\Server2\kart\addons\language_f_kart.pbo - 151164
12:18:45 C:\3rdID_Server2\Server2\kart\addons\missions_f_kart.pbo - 149274
12:18:45 C:\3rdID_Server2\Server2\kart\addons\missions_f_kart_data.pbo - 119459
12:18:45 C:\3rdID_Server2\Server2\kart\addons\modules_f_kart.pbo - 151162
12:18:45 C:\3rdID_Server2\Server2\kart\addons\modules_f_kart_data.pbo - 149274
12:18:45 C:\3rdID_Server2\Server2\kart\addons\soft_f_kart.pbo - 150945
12:18:45 C:\3rdID_Server2\Server2\kart\addons\sounds_f_kart.pbo - 150867
12:18:45 C:\3rdID_Server2\Server2\kart\addons\structures_f_kart.pbo - 123419
12:18:45 C:\3rdID_Server2\Server2\kart\addons\ui_f_kart.pbo - 119478
12:18:45 C:\3rdID_Server2\Server2\kart\addons\weapons_f_kart.pbo - 138461
12:18:45 C:\3rdID_Server2\Server2\curator\addons\data_f_curator.pbo - 150867
12:18:45 C:\3rdID_Server2\Server2\curator\addons\data_f_curator_music.pbo - 119457
12:18:45 C:\3rdID_Server2\Server2\curator\addons\functions_f_curator.pbo - 150945
12:18:45 C:\3rdID_Server2\Server2\curator\addons\language_f_curator.pbo - 151164
12:18:45 C:\3rdID_Server2\Server2\curator\addons\missions_f_curator.pbo - 121570
12:18:45 C:\3rdID_Server2\Server2\curator\addons\modules_f_curator.pbo - 151084
12:18:45 C:\3rdID_Server2\Server2\curator\addons\ui_f_curator.pbo - 150867
12:18:45 addons\3den.pbo - 151061
12:18:45 addons\3den_language.pbo - 151164
12:18:45 addons\a3.pbo - unknown
12:18:45 addons\air_f.pbo - 150885
12:18:45 addons\air_f_beta.pbo - 151175
12:18:45 addons\air_f_epb.pbo - 150885
12:18:45 addons\air_f_epc.pbo - 150048
12:18:45 addons\air_f_gamma.pbo - 150048
12:18:45 addons\animals_f.pbo - 150071
12:18:45 addons\animals_f_beta.pbo - 150071
12:18:45 addons\anims_f.pbo - 150686
12:18:45 addons\anims_f_bootcamp.pbo - 123209
12:18:45 addons\anims_f_data.pbo - 148601
12:18:45 addons\anims_f_epa.pbo - 134499
12:18:45 addons\anims_f_epc.pbo - 121358
12:18:45 addons\anims_f_exp_a.pbo - 123209
12:18:45 addons\anims_f_mod.pbo - 135280
12:18:45 addons\armor_f.pbo - 149414
12:18:45 addons\armor_f_beta.pbo - 150339
12:18:45 addons\armor_f_decade.pbo - 150805
12:18:45 addons\armor_f_epb.pbo - 150260
12:18:45 addons\armor_f_epc.pbo - 148819
12:18:45 addons\armor_f_gamma.pbo - 150803
12:18:45 addons\baseconfig_f.pbo - 119457
12:18:45 addons\boat_f.pbo - 150265
12:18:45 addons\boat_f_beta.pbo - 132036
12:18:45 addons\boat_f_epc.pbo - 131911
12:18:45 addons\boat_f_gamma.pbo - 127529
12:18:45 addons\cargoposes_f.pbo - 149489
12:18:45 addons\characters_f.pbo - 151039
12:18:45 addons\characters_f_beta.pbo - 149965
12:18:45 addons\characters_f_bootcamp.pbo - 149274
12:18:45 addons\characters_f_decade.pbo - 150784
12:18:45 addons\characters_f_epa.pbo - 148392
12:18:45 addons\characters_f_epb.pbo - 150968
12:18:45 addons\characters_f_epc.pbo - 150968
12:18:45 addons\characters_f_gamma.pbo - 150968
12:18:45 addons\data_f.pbo - 151162
12:18:45 addons\data_f_bootcamp.pbo - 129618
12:18:45 addons\data_f_decade.pbo - 150764
12:18:45 addons\data_f_exp_a.pbo - 119457
12:18:45 addons\data_f_exp_b.pbo - 119457
12:18:45 addons\data_f_mod.pbo - 131534
12:18:45 addons\data_f_warlords.pbo - 150867
12:18:45 addons\drones_f.pbo - 146855
12:18:45 addons\dubbing_f.pbo - 119457
12:18:45 addons\dubbing_f_beta.pbo - 119457
12:18:45 addons\dubbing_f_bootcamp.pbo - 119457
12:18:45 addons\dubbing_f_epa.pbo - 119457
12:18:45 addons\dubbing_f_epb.pbo - 119457
12:18:45 addons\dubbing_f_epc.pbo - 119457
12:18:45 addons\dubbing_f_gamma.pbo - 122449
12:18:45 addons\dubbing_f_warlords.pbo - 136700
12:18:45 addons\dubbing_radio_f.pbo - 119457
12:18:45 addons\dubbing_radio_f_data_eng.pbo - 119457
12:18:45 addons\dubbing_radio_f_data_engb.pbo - 119458
12:18:45 addons\dubbing_radio_f_data_gre.pbo - 119458
12:18:45 addons\dubbing_radio_f_data_per.pbo - 150218
12:18:45 addons\dubbing_radio_f_data_vr.pbo - 119458
12:18:45 addons\editorpreviews_f.pbo - 151077
12:18:45 addons\editorpreviews_f_decade.pbo - 150645
12:18:45 addons\editor_f.pbo - 121103
12:18:45 addons\functions_f.pbo - 151080
12:18:45 addons\functions_f_bootcamp.pbo - 151040
12:18:45 addons\functions_f_decade.pbo - 150807
12:18:45 addons\functions_f_epa.pbo - 150249
12:18:45 addons\functions_f_epc.pbo - 119458
12:18:45 addons\functions_f_exp_a.pbo - 150958
12:18:45 addons\functions_f_warlords.pbo - 150354
12:18:45 addons\languagemissions_f.pbo - 151164
12:18:45 addons\languagemissions_f_beta.pbo - 151164
12:18:45 addons\languagemissions_f_bootcamp.pbo - 151164
12:18:45 addons\languagemissions_f_epa.pbo - 151164
12:18:45 addons\languagemissions_f_epb.pbo - 151164
12:18:45 addons\languagemissions_f_epc.pbo - 151164
12:18:45 addons\languagemissions_f_exp_a.pbo - 151164
12:18:45 addons\languagemissions_f_gamma.pbo - 151164
12:18:45 addons\language_f.pbo - 151164
12:18:45 addons\language_f_beta.pbo - 151164
12:18:45 addons\language_f_bootcamp.pbo - 151164
12:18:45 addons\language_f_decade.pbo - 151164
12:18:45 addons\language_f_epa.pbo - 151164
12:18:45 addons\language_f_epb.pbo - 151164
12:18:45 addons\language_f_epc.pbo - 151164
12:18:45 addons\language_f_exp_a.pbo - 151164
12:18:45 addons\language_f_exp_b.pbo - 151164
12:18:45 addons\language_f_gamma.pbo - 151164
12:18:45 addons\language_f_mod.pbo - 151164
12:18:45 addons\language_f_warlords.pbo - 151164
12:18:45 addons\map_altis.pbo - 148442
12:18:45 addons\map_altis_data.pbo - 135904
12:18:45 addons\map_altis_data_layers.pbo - 135913
12:18:45 addons\map_altis_data_layers_00_00.pbo - 0000
12:18:45 addons\map_altis_data_layers_00_01.pbo - 0000
12:18:45 addons\map_altis_data_layers_01_00.pbo - 0000
12:18:45 addons\map_altis_data_layers_01_01.pbo - 0000
12:18:45 addons\map_altis_scenes_f.pbo - 119459
12:18:45 addons\map_data.pbo - 134124
12:18:45 addons\map_stratis.pbo - 148442
12:18:45 addons\map_stratis_data.pbo - 135888
12:18:45 addons\map_stratis_data_layers.pbo - 135888
12:18:45 addons\map_stratis_scenes_f.pbo - 119459
12:18:45 addons\map_vr.pbo - 135900
12:18:45 addons\map_vr_scenes_f.pbo - 119459
12:18:45 addons\misc_f.pbo - 119459
12:18:45 addons\missions_f.pbo - 141704
12:18:45 addons\missions_f_beta.pbo - 150697
12:18:45 addons\missions_f_beta_data.pbo - 150867
12:18:45 addons\missions_f_beta_video.pbo - 119459
12:18:45 addons\missions_f_bootcamp.pbo - 145509
12:18:45 addons\missions_f_bootcamp_data.pbo - 150867
12:18:45 addons\missions_f_bootcamp_video.pbo - 119459
12:18:45 addons\missions_f_data.pbo - 119459
12:18:45 addons\missions_f_epa.pbo - 150459
12:18:45 addons\missions_f_epa_data.pbo - 119459
12:18:45 addons\missions_f_epa_video.pbo - 119459
12:18:45 addons\missions_f_epb.pbo - 119459
12:18:45 addons\missions_f_epc.pbo - 141704
12:18:45 addons\missions_f_exp_a.pbo - 141704
12:18:45 addons\missions_f_exp_a_data.pbo - 119459
12:18:45 addons\missions_f_gamma.pbo - 151061
12:18:45 addons\missions_f_gamma_data.pbo - 119459
12:18:45 addons\missions_f_gamma_video.pbo - 119459
12:18:45 addons\missions_f_video.pbo - 119459
12:18:45 addons\missions_f_warlords.pbo - 145437
12:18:45 addons\modules_f.pbo - 150958
12:18:45 addons\modules_f_beta.pbo - 151162
12:18:45 addons\modules_f_beta_data.pbo - 149274
12:18:45 addons\modules_f_bootcamp.pbo - 119459
12:18:45 addons\modules_f_data.pbo - 122470
12:18:45 addons\modules_f_epb.pbo - 134655
12:18:45 addons\modules_f_exp_a.pbo - 119459
12:18:45 addons\modules_f_warlords.pbo - 144205
12:18:45 addons\music_f.pbo - 119459
12:18:45 addons\music_f_bootcamp.pbo - 119459
12:18:45 addons\music_f_bootcamp_music.pbo - 119459
12:18:45 addons\music_f_epa.pbo - 119459
12:18:45 addons\music_f_epa_music.pbo - 119459
12:18:45 addons\music_f_epb.pbo - 119459
12:18:45 addons\music_f_epb_music.pbo - 119459
12:18:45 addons\music_f_epc.pbo - 119459
12:18:45 addons\music_f_epc_music.pbo - 119477
12:18:45 addons\music_f_music.pbo - 119477
12:18:45 addons\plants_f.pbo - 148432
12:18:45 addons\props_f_decade.pbo - 150920
12:18:45 addons\props_f_exp_a.pbo - 147637
12:18:45 addons\roads_f.pbo - 148432
12:18:45 addons\rocks_f.pbo - 149339
12:18:45 addons\signs_f.pbo - 148432
12:18:45 addons\soft_f.pbo - 151061
12:18:45 addons\soft_f_beta.pbo - 150920
12:18:45 addons\soft_f_bootcamp.pbo - 150071
12:18:45 addons\soft_f_epc.pbo - 150070
12:18:45 addons\soft_f_gamma.pbo - 150920
12:18:45 addons\sounds_f.pbo - 150927
12:18:45 addons\sounds_f_arsenal.pbo - 150867
12:18:45 addons\sounds_f_bootcamp.pbo - 150842
12:18:45 addons\sounds_f_characters.pbo - 150867
12:18:45 addons\sounds_f_decade.pbo - 150867
12:18:45 addons\sounds_f_environment.pbo - 150867
12:18:45 addons\sounds_f_epb.pbo - 150867
12:18:45 addons\sounds_f_epc.pbo - 150867
12:18:45 addons\sounds_f_exp_a.pbo - 150867
12:18:45 addons\sounds_f_mod.pbo - 150867
12:18:45 addons\sounds_f_sfx.pbo - 150867
12:18:45 addons\sounds_f_vehicles.pbo - 150867
12:18:45 addons\static_f.pbo - 151061
12:18:45 addons\static_f_beta.pbo - 132365
12:18:45 addons\static_f_gamma.pbo - 122615
12:18:45 addons\structures_f.pbo - 150697
12:18:45 addons\structures_f_bootcamp.pbo - 143436
12:18:45 addons\structures_f_data.pbo - 148419
12:18:45 addons\structures_f_epa.pbo - 149252
12:18:45 addons\structures_f_epb.pbo - 148421
12:18:45 addons\structures_f_epc.pbo - 148804
12:18:45 addons\structures_f_exp_a.pbo - 150912
12:18:45 addons\structures_f_households.pbo - 150926
12:18:45 addons\structures_f_ind.pbo - 150048
12:18:45 addons\structures_f_mil.pbo - 150697
12:18:45 addons\structures_f_wrecks.pbo - 148419
12:18:45 addons\uifonts_f.pbo - 119478
12:18:45 addons\uifonts_f_data.pbo - 150106
12:18:45 addons\ui_f.pbo - 151173
12:18:45 addons\ui_f_bootcamp.pbo - 119478
12:18:45 addons\ui_f_data.pbo - 151023
12:18:45 addons\ui_f_decade.pbo - 150746
12:18:45 addons\ui_f_exp_a.pbo - 119478
12:18:45 addons\weapons_f.pbo - 151176
12:18:45 addons\weapons_f_beta.pbo - 150174
12:18:45 addons\weapons_f_bootcamp.pbo - 141713
12:18:45 addons\weapons_f_decade.pbo - 150757
12:18:45 addons\weapons_f_epa.pbo - 150905
12:18:45 addons\weapons_f_epb.pbo - 137810
12:18:45 addons\weapons_f_epc.pbo - 130416
12:18:45 addons\weapons_f_gamma.pbo - 148783
12:18:45 addons\weapons_f_mod.pbo - 149339
12:18:45 
12:18:45 =======================
12:18:45 
12:18:45 ============================================================================================= List of mods ===============================================================================================
12:18:45 modsReadOnly = true
12:18:45 safeModsActivated = false
12:18:45 customMods = true
12:18:45 hash = 'D9556996BD4CEE029B479A6B2A7982F8EEF93636'
12:18:45 hashShort = '542996f6'
12:18:45                                               name |               modDir |    default |   official |               origin |                                     hash | hashShort | fullPath
12:18:45 ----------------------------------------------------------------------------------------------------------------------------------------------------------------------------------------------------------
12:18:45                       AH-64D Official Project V2.1 | @AH_64D_Official_Project_V2_1 |      false |      false |             GAME DIR | 472cbe0ba52ff01a365c1ad3a06a8319254d5335 |  160010eb | C:\3rdID_Server2\Server2\@AH_64D_Official_Project_V2_1
12:18:45                               Zeus Enhanced 1.15.1 |       @Zeus_Enhanced |      false |      false |             GAME DIR | a61552f15b089dd008af93546a21201149fcb5e8 |  962056a3 | C:\3rdID_Server2\Server2\@Zeus_Enhanced
12:18:45                                     Zeus Additions |      @Zeus_Additions |      false |      false |             GAME DIR | 4d2d39298e8b4e658793a759a2dd29d698bc3c3b |  1227367a | C:\3rdID_Server2\Server2\@Zeus_Additions
12:18:45                                      Waypoint 2028 |                 @W28 |      false |      false |             GAME DIR | 753354ea18de91236576e849020413af1b704c7c |  bce1a892 | C:\3rdID_Server2\Server2\@W28
12:18:45                                VS Static Line Jump | @VS_ACE_Static_Line_Jump |      false |      false |             GAME DIR | 122e8d3cf2e3fcc1e257fbb3dba81fa294f7ec06 |  90137194 | C:\3rdID_Server2\Server2\@VS_ACE_Static_Line_Jump
12:18:45                                          Virolahti | @Virolahti__Valtatie_7 |      false |      false |             GAME DIR | beec71b255948df822d3b1241d797b51e8e596ae |  84a35fdc | C:\3rdID_Server2\Server2\@Virolahti__Valtatie_7
12:18:45                               Tier 1 Artillery Mod | @Tier_1_Artillery_Mod |      false |      false |             GAME DIR | a8e7b00d340e7cdc6fda32a97c056f98b99abcb8 |  7d049b3e | C:\3rdID_Server2\Server2\@Tier_1_Artillery_Mod
12:18:45                                    Tembelan Island |     @Tembelan_Island |      false |      false |             GAME DIR | d320fcb1d168e874a8b836e0ee9963f4b554c343 |  174bfeff | C:\3rdID_Server2\Server2\@Tembelan_Island
12:18:45                                               TFAR | @Task_Force_Arrowhead_Radio_BETA__ |      false |      false |             GAME DIR | 7e7a578334a3bc2122fb67d22fb40345c8293243 |  b2d5bb27 | C:\3rdID_Server2\Server2\@Task_Force_Arrowhead_Radio_BETA__
12:18:45                          RHS: United States Forces |             @RHSUSAF |      false |      false |             GAME DIR | 22dc683ee7645369b375f5d3a2db51a995658245 |  736ca0ba | C:\3rdID_Server2\Server2\@RHSUSAF
12:18:45                          RHS: Serbian Armed Forces |              @RHSSAF |      false |      false |             GAME DIR | 40a576a45eb2d629a9fc05ba543bf905933ce741 |  6430e65b | C:\3rdID_Server2\Server2\@RHSSAF
12:18:45                                          RHS: GREF |             @RHSGREF |      false |      false |             GAME DIR | d45628bb1168a22a9554c18f8c1458615546af9a |  44ebb00b | C:\3rdID_Server2\Server2\@RHSGREF
12:18:45        RHS: Armed Forces of the Russian Federation |             @RHSAFRF |      false |      false |             GAME DIR | c099f9533a1d61a33bef449594ec01c28661aa62 |  9f03db96 | C:\3rdID_Server2\Server2\@RHSAFRF
12:18:45                                       Project RACS |   @Project_RACS_2023 |      false |      false |             GAME DIR | da789d13fb178fb3b8eaf59e1240d3ce57edfe64 |  eecd534d | C:\3rdID_Server2\Server2\@Project_RACS_2023
12:18:45                                      Project OPFOR |       @Project_OPFOR |      false |      false |             GAME DIR | 88ad970c9cd4a4b1306db3c2141aee8521652626 |  b1653809 | C:\3rdID_Server2\Server2\@Project_OPFOR
12:18:45                                 Military Gear Pack |  @Military_Gear_Pack |      false |      false |             GAME DIR | 381b81f8bb0e3851b1e1b2a6c88cb43e15c7280a |  e31dc00a | C:\3rdID_Server2\Server2\@Military_Gear_Pack
12:18:45                                 @M1128_Stryker_MGS |   @M1128_Stryker_MGS |      false |      false |             GAME DIR | 40eb20a65457d12a4d83216a32886724ad4d3dcd |  30339f35 | C:\3rdID_Server2\Server2\@M1128_Stryker_MGS
12:18:45                                          LAMBS RPG |           @LAMBS_RPG |      false |      false |             GAME DIR | 8780fa217bf5791806c07cb5b8ed11db8cbb43e8 |  3421d286 | C:\3rdID_Server2\Server2\@LAMBS_RPG
12:18:45                             LAMBS Danger.fsm 2.6.1 |    @LAMBS_Danger_fsm |      false |      false |             GAME DIR | ca10ae45399b3640cb39fb0b9ca379938fdaa0bb |  92e2a26d | C:\3rdID_Server2\Server2\@LAMBS_Danger_fsm
12:18:45                                  SSG: Kunduz River |        @Kunduz_River |      false |      false |             GAME DIR | 4e9c4717273d1e3cdff79a2a3d5953024d53a2d9 |  8817c919 | C:\3rdID_Server2\Server2\@Kunduz_River
12:18:45                             KAT - Advanced Medical | @KAT__Advanced_Medical |      false |      false |             GAME DIR | cf39baf5d7505c45134eb0a022123d6fd74718f0 |  1ab8c68d | C:\3rdID_Server2\Server2\@KAT__Advanced_Medical
12:18:45                                               Jbad |                @Jbad |      false |      false |             GAME DIR | 5b8b49d72fb4e1f741b0ca42c0bdccf53994fe15 |   9954dcb | C:\3rdID_Server2\Server2\@Jbad
12:18:45                      Hatchet Interaction Framework | @Hatchet_Interaction_Framework__Stable_Version |      false |      false |             GAME DIR | 37b29819bef19a8c3235be35f7972419d16f06ee |  891d6a26 | C:\3rdID_Server2\Server2\@Hatchet_Interaction_Framework__Stable_Version
12:18:45                         H-60 pack - Stable Version | @Hatchet_H_60_pack__Stable_Version |      false |      false |             GAME DIR | b0bbb02acf0e771708e5aa882a77fb05a805d677 |  84f4c84f | C:\3rdID_Server2\Server2\@Hatchet_H_60_pack__Stable_Version
12:18:45                              Gruppe Adler Trenches | @Gruppe_Adler_Trenches |      false |      false |             GAME DIR | 1ee471476cc4b086991bb4817740f24cd560265b |   6cb8f01 | C:\3rdID_Server2\Server2\@Gruppe_Adler_Trenches
12:18:45                           DUI - Squad Radar 1.12.2 |    @DUI__Squad_Radar |      false |      false |             GAME DIR | 9c51b511911ac57d2af727220bf026500500a8a3 |  3b926c8e | C:\3rdID_Server2\Server2\@DUI__Squad_Radar
12:18:45                         CUP Terrains - Maps 1.16.0 |  @CUP_Terrains__Maps |      false |      false |             GAME DIR | 11e2851ba4154d181b57602ebaf0c2c5a8cda84a |  fbd05e37 | C:\3rdID_Server2\Server2\@CUP_Terrains__Maps
12:18:45                         CUP Terrains - Core 1.17.1 |  @CUP_Terrains__Core |      false |      false |             GAME DIR | dabf827d62e08c1ffe2cf7f5a06be6685b3a44e9 |  503b396c | C:\3rdID_Server2\Server2\@CUP_Terrains__Core
12:18:45                          cTab - Devastator Edition | @Ctab_Devastator_Edition |      false |      false |             GAME DIR | be59dbc0c6d52a7a2784b31bca496121589afe51 |  9c20f055 | C:\3rdID_Server2\Server2\@Ctab_Devastator_Edition
12:18:45                      Community Base Addons v3.18.4 |              @CBA_A3 |      false |      false |             GAME DIR | 4d05289ad8f2abd14f295946595110d644a8e162 |  216884a8 | C:\3rdID_Server2\Server2\@CBA_A3
12:18:45                               BackpackOnChestRedux | @BackpackOnChest__Redux |      false |      false |             GAME DIR | 349affd49a971004cd2be9a7b8c5d11375084d76 |  9757a1c1 | C:\3rdID_Server2\Server2\@BackpackOnChest__Redux
12:18:45                                             Anizay |              @Anizay |      false |      false |             GAME DIR | e12af5003e24476c360b4e68319beaf420a2e5cb |  b36bcc15 | C:\3rdID_Server2\Server2\@Anizay
12:18:45                                ADuke Kiowa Warrior |   @Aduke_OH_58_Kiowa |      false |      false |             GAME DIR | 46bc36fc850f4aeaf5f93ddb0a68b987931b2626 |  9433af84 | C:\3rdID_Server2\Server2\@Aduke_OH_58_Kiowa
12:18:45                 Advanced Combat Environment 3.20.0 |                 @ace |      false |      false |             GAME DIR | 05b14e5c076bc231722d99709135f1a56bdf872f |  b9cf0a6b | C:\3rdID_Server2\Server2\@ace
12:18:45                             3rdID Official Modpack | @3rd_Infantry_Division_Mod |      false |      false |             GAME DIR | 22536d1aee092cde4520756b4318212cd0e76dca |  3254a6c0 | C:\3rdID_Server2\Server2\@3rd_Infantry_Division_Mod
12:18:45                               3den Enhanced v8.7.1 |       @3den_Enhanced |      false |      false |             GAME DIR | dc9320183b4454c59b8d54829a1cca68594d922a |  ddbd242a | C:\3rdID_Server2\Server2\@3den_Enhanced
12:18:45                             Advanced Sling Loading | @AdvancedSlingLoadingRopePatch |      false |      false |             GAME DIR | 18ea75de6a32d58036043dc0fcbf01033c8f1c98 |  c6c91d4e | C:\3rdID_Server2\Server2\@AdvancedSlingLoadingRopePatch
12:18:45                                  Arma 3 Art of War |                  aow |       true |       true |             GAME DIR | 7685ba6030e4deb3c55cc1303fe4970086bb1d4e |  45cead90 | C:\3rdID_Server2\Server2\aow
12:18:45                          Arma 3 Contact (Platform) |                enoch |       true |       true |             GAME DIR | 60377b76eed5b3b0aa32b7eac60a47d283fcf0cc |  b428902f | C:\3rdID_Server2\Server2\enoch
12:18:45                                       Arma 3 Tanks |                 tank |       true |       true |             GAME DIR | ce4faa4b481d5beb49a49be538691d35e51771e2 |  6e220316 | C:\3rdID_Server2\Server2\tank
12:18:45                                     Arma 3 Tac-Ops |               tacops |       true |       true |             GAME DIR | ae5caba2339455413681ee7a0d13d6c3506c012c |  5150d064 | C:\3rdID_Server2\Server2\tacops
12:18:45                                 Arma 3 Laws of War |               orange |       true |       true |             GAME DIR | 842d91a189db46f5c940e3fecb475854965c87f7 |  107dffec | C:\3rdID_Server2\Server2\orange
12:18:45                                      Arma 3 Malden |                 argo |       true |       true |             GAME DIR | 6929f5532e7b80136be17f26a959c91eeb40ec0f |  aad6aaf5 | C:\3rdID_Server2\Server2\argo
12:18:45                                        Arma 3 Jets |                 jets |       true |       true |             GAME DIR | e4a48f3a8727e6b56d6082c1dd0b4ab3c42be223 |  7f335115 | C:\3rdID_Server2\Server2\jets
12:18:45                                        Arma 3 Apex |            expansion |       true |       true |             GAME DIR | 8e9eb113e1e92a3ba26280becd3f05e7bdfcd49c |  125ee13c | C:\3rdID_Server2\Server2\expansion
12:18:45                                    Arma 3 Marksmen |                 mark |       true |       true |             GAME DIR | 392d9e3a6fdbc19f01be0200b50a6a09413ecc63 |  140e9f85 | C:\3rdID_Server2\Server2\mark
12:18:45                                 Arma 3 Helicopters |                 heli |       true |       true |             GAME DIR | 0e67ef03a2e786a8e11e01c4b19cd104e120f282 |  61c33e7e | C:\3rdID_Server2\Server2\heli
12:18:45                                       Arma 3 Karts |                 kart |       true |       true |             GAME DIR | 0ab891520b9ac69ff9132ae6de7e2e199b884ca6 |  f6336162 | C:\3rdID_Server2\Server2\kart
12:18:45                                        Arma 3 Zeus |              curator |       true |       true |             GAME DIR | 53c3d7094eaa421dad414709f2834c660b583ad3 |  3b763ef8 | C:\3rdID_Server2\Server2\curator
12:18:45                                             Arma 3 |                   A3 |       true |       true |    NOT FOUND (Empty) |                                          |           | 
12:18:45 ==========================================================================================================================================================================================================
12:18:45 InitSound ...
12:18:45 InitSound - complete
12:18:45 PhysX3 SDK Init started ...
12:18:45 PhysX3 SDK Init ended.
12:18:47 [CBA] (xeh) INFO: [0,11.643,0] PreStart started.
12:18:47 [CBA] (settings) INFO: Userconfig: Ignored.
12:18:51 [ACE] (medical) INFO: Checking uniforms for correct medical hitpoints [998 units]
12:18:52 [CBA] (xeh) INFO: [0,16.004,0] PreStart finished.
12:18:52 [CBA] (xeh) WARNING: Jbad_CraneCon does not support Extended Event Handlers! Addon: @Jbad
12:18:52 [CBA] (xeh) WARNING: PRACS_C130J_Wreck does not support Extended Event Handlers! Addon: @Project_RACS_2023
12:18:52 [CBA] (xeh) WARNING: Jbad_Lamps_base_powerline does not support Extended Event Handlers! Addon: @Jbad
12:18:52 [CBA] (xeh) WARNING: Land_Jbad_PowLineB does not support Extended Event Handlers! Addon: @Jbad
12:18:52 [CBA] (xeh) WARNING: Land_Jbad_Pole_withlight does not support Extended Event Handlers! Addon: @Jbad
12:18:52 [CBA] (xeh) WARNING: Land_Jbad_Pole_Speaker does not support Extended Event Handlers! Addon: @Jbad
12:18:52 [CBA] (xeh) WARNING: Land_Jbad_Pole_1 does not support Extended Event Handlers! Addon: @Jbad
12:18:52 [CBA] (xeh) WARNING: PRACS_A4Wreck does not support Extended Event Handlers! Addon: @Project_RACS_2023
12:18:52 [CBA] (xeh) WARNING: PRACS_E2C_Wreck does not support Extended Event Handlers! Addon: @Project_RACS_2023
12:18:52 [CBA] (xeh) WARNING: PRACS_MirageIII_Wreck does not support Extended Event Handlers! Addon: @Project_RACS_2023
12:18:52 [CBA] (xeh) WARNING: PRACS_mohawk_Wreck does not support Extended Event Handlers! Addon: @Project_RACS_2023
12:18:52 [CBA] (xeh) WARNING: PRACS_P3C_Wreck does not support Extended Event Handlers! Addon: @Project_RACS_2023
12:18:52 [CBA] (xeh) WARNING: PRACS_M163_PIVADS does not support Extended Event Handlers! Addon: @Project_RACS_2023
12:18:52 [CBA] (xeh) WARNING: fza_ah64base does not support Extended Event Handlers! Addon: @AH_64D_Official_Project_V2_1
12:18:52 [CBA] (xeh) WARNING: PRACS_AH1S_wreck does not support Extended Event Handlers! Addon: @Project_RACS_2023
12:18:52 [CBA] (xeh) WARNING: PRACS_ah6_Wreck does not support Extended Event Handlers! Addon: @Project_RACS_2023
12:18:52 [CBA] (xeh) WARNING: Third_Unit_Opfor_R_Russian_Separatists does not support Extended Event Handlers! Addon: @3rd_Infantry_Division_Mod
12:18:52 [CBA] (xeh) WARNING: Third_Unit_Opfor_LMG_Russian_Separatists does not support Extended Event Handlers! Addon: @3rd_Infantry_Division_Mod
12:18:52 [CBA] (xeh) WARNING: PRACS_Puma_Wreck does not support Extended Event Handlers! Addon: @Project_RACS_2023
12:18:52 [CBA] (xeh) WARNING: PRACS_heli_pilot_base does not support Extended Event Handlers! Addon: @Project_RACS_2023
12:18:52 [CBA] (xeh) WARNING: PRACS_Heli_pilot does not support Extended Event Handlers! Addon: @Project_RACS_2023
12:18:52 [CBA] (xeh) WARNING: PRACS_Heli_pilot_RSAF does not support Extended Event Handlers! Addon: @Project_RACS_2023
12:18:52 [CBA] (xeh) WARNING: PRACS_Heli_pilot_RSM does not support Extended Event Handlers! Addon: @Project_RACS_2023
12:18:52 [CBA] (xeh) WARNING: PRACS_Heli_pilot_RSN does not support Extended Event Handlers! Addon: @Project_RACS_2023
12:18:52 [CBA] (xeh) WARNING: PRACS_Heli_pilot_SOAB does not support Extended Event Handlers! Addon: @Project_RACS_2023
12:18:52 [CBA] (xeh) WARNING: PRACS_flight_medic_base does not support Extended Event Handlers! Addon: @Project_RACS_2023
12:18:52 [CBA] (xeh) WARNING: PRACS_air_crew_flight_medic does not support Extended Event Handlers! Addon: @Project_RACS_2023
12:18:52 [CBA] (xeh) WARNING: PRACS_air_crew_flight_medic_RSAF does not support Extended Event Handlers! Addon: @Project_RACS_2023
12:18:52 [CBA] (xeh) WARNING: PRACS_air_crew_flight_medic_RSM does not support Extended Event Handlers! Addon: @Project_RACS_2023
12:18:52 [CBA] (xeh) WARNING: PRACS_air_crew_flight_medic_RSN does not support Extended Event Handlers! Addon: @Project_RACS_2023
12:18:52 [CBA] (xeh) WARNING: PRACS_air_crew_Door_Gunner_base does not support Extended Event Handlers! Addon: @Project_RACS_2023
12:18:52 [CBA] (xeh) WARNING: PRACS_air_crew_Door_Gunner does not support Extended Event Handlers! Addon: @Project_RACS_2023
12:18:52 [CBA] (xeh) WARNING: PRACS_air_crew_Door_Gunner_mounted does not support Extended Event Handlers! Addon: @Project_RACS_2023
12:18:52 [CBA] (xeh) WARNING: PRACS_air_crew_Door_Gunner_RSAF does not support Extended Event Handlers! Addon: @Project_RACS_2023
12:18:52 [CBA] (xeh) WARNING: PRACS_air_crew_Door_Gunner_RSM does not support Extended Event Handlers! Addon: @Project_RACS_2023
12:18:52 [CBA] (xeh) WARNING: PRACS_air_crew_Door_Gunner_RSN does not support Extended Event Handlers! Addon: @Project_RACS_2023
12:18:52 [CBA] (xeh) WARNING: PRACS_air_crew_Door_Gunner_SOAB does not support Extended Event Handlers! Addon: @Project_RACS_2023
12:18:52 [CBA] (xeh) WARNING: PRACS_jet_pilot_base does not support Extended Event Handlers! Addon: @Project_RACS_2023
12:18:52 [CBA] (xeh) WARNING: PRACS_pilot_base does not support Extended Event Handlers! Addon: @Project_RACS_2023
12:18:52 [CBA] (xeh) WARNING: PRACS_Airplane_Crew does not support Extended Event Handlers! Addon: @Project_RACS_2023
12:18:52 [CBA] (xeh) WARNING: PRACS_P3_pilot does not support Extended Event Handlers! Addon: @Project_RACS_2023
12:18:52 [CBA] (xeh) WARNING: PRACS_E2_pilot_Navy does not support Extended Event Handlers! Addon: @Project_RACS_2023
12:18:52 [CBA] (xeh) WARNING: PRACS_E2_pilot does not support Extended Event Handlers! Addon: @Project_RACS_2023
12:18:52 [CBA] (xeh) WARNING: PRACS_C130_pilot does not support Extended Event Handlers! Addon: @Project_RACS_2023
12:18:52 [CBA] (xeh) WARNING: PRACS_OV1_pilot does not support Extended Event Handlers! Addon: @Project_RACS_2023
12:18:52 [CBA] (xeh) WARNING: PRACS_F16_Wreck does not support Extended Event Handlers! Addon: @Project_RACS_2023
12:18:53 Error: Weapon[rhs_weap_m21a]: max attachments slots count reached(maximum = 5)!  Attachment slot[UnderBarrelSlot] for weapon's proxy[default]
12:18:54 Warning Message: You cannot play/edit this mission; it is dependent on downloadable content that has been deleted.\na3_characters_f
12:18:54 Loading movesType CfgGesturesMale
12:18:54 Creating action map cache
12:18:54 MovesType CfgGesturesMale load time 74.0 ms
12:18:54 Loading movesType CfgMovesMaleSdr
12:18:54 Reading cached action map data
12:18:55 Error: Bone hips doesn't exist in skeleton OFP2_ManSkeleton
12:18:55 Error: Bone headcutscene doesn't exist in skeleton OFP2_ManSkeleton
12:18:55 Error: Bone slot_backpack doesn't exist in skeleton OFP2_ManSkeleton
12:18:55 Error: Bone slot_backwpnr doesn't exist in skeleton OFP2_ManSkeleton
12:18:55 Error: Bone slot_backwpnl doesn't exist in skeleton OFP2_ManSkeleton
12:18:55 Error: Bone slot_buttpack doesn't exist in skeleton OFP2_ManSkeleton
12:18:55 Error: Bone hips doesn't exist in skeleton OFP2_ManSkeleton
12:18:55 Error: Bone headcutscene doesn't exist in skeleton OFP2_ManSkeleton
12:18:55 Error: Bone slot_backpack doesn't exist in skeleton OFP2_ManSkeleton
12:18:55 Error: Bone slot_backwpnr doesn't exist in skeleton OFP2_ManSkeleton
12:18:55 Error: Bone slot_backwpnl doesn't exist in skeleton OFP2_ManSkeleton
12:18:55 Error: Bone slot_buttpack doesn't exist in skeleton OFP2_ManSkeleton
12:18:55 Error: Bone hips doesn't exist in skeleton OFP2_ManSkeleton
12:18:55 Error: Bone headcutscene doesn't exist in skeleton OFP2_ManSkeleton
12:18:55 Error: Bone slot_backpack doesn't exist in skeleton OFP2_ManSkeleton
12:18:55 Error: Bone slot_backwpnr doesn't exist in skeleton OFP2_ManSkeleton
12:18:55 Error: Bone slot_backwpnl doesn't exist in skeleton OFP2_ManSkeleton
12:18:55 Error: Bone slot_buttpack doesn't exist in skeleton OFP2_ManSkeleton
12:18:55 Error: Bone hips doesn't exist in skeleton OFP2_ManSkeleton
12:18:55 Error: Bone headcutscene doesn't exist in skeleton OFP2_ManSkeleton
12:18:55 Error: Bone slot_backpack doesn't exist in skeleton OFP2_ManSkeleton
12:18:55 Error: Bone slot_backwpnr doesn't exist in skeleton OFP2_ManSkeleton
12:18:55 Error: Bone slot_backwpnl doesn't exist in skeleton OFP2_ManSkeleton
12:18:55 Error: Bone slot_buttpack doesn't exist in skeleton OFP2_ManSkeleton
12:18:55 Error: Bone hips doesn't exist in skeleton OFP2_ManSkeleton
12:18:55 Error: Bone headcutscene doesn't exist in skeleton OFP2_ManSkeleton
12:18:55 Error: Bone slot_backpack doesn't exist in skeleton OFP2_ManSkeleton
12:18:55 Error: Bone slot_backwpnr doesn't exist in skeleton OFP2_ManSkeleton
12:18:55 Error: Bone slot_backwpnl doesn't exist in skeleton OFP2_ManSkeleton
12:18:55 Error: Bone slot_buttpack doesn't exist in skeleton OFP2_ManSkeleton
12:18:55 Error: Bone hips doesn't exist in skeleton OFP2_ManSkeleton
12:18:55 Error: Bone headcutscene doesn't exist in skeleton OFP2_ManSkeleton
12:18:55 Error: Bone slot_backpack doesn't exist in skeleton OFP2_ManSkeleton
12:18:55 Error: Bone slot_backwpnr doesn't exist in skeleton OFP2_ManSkeleton
12:18:55 Error: Bone slot_backwpnl doesn't exist in skeleton OFP2_ManSkeleton
12:18:55 Error: Bone slot_buttpack doesn't exist in skeleton OFP2_ManSkeleton
12:18:55 Error: Bone hips doesn't exist in skeleton OFP2_ManSkeleton
12:18:55 Error: Bone headcutscene doesn't exist in skeleton OFP2_ManSkeleton
12:18:55 Error: Bone slot_backpack doesn't exist in skeleton OFP2_ManSkeleton
12:18:55 Error: Bone slot_backwpnr doesn't exist in skeleton OFP2_ManSkeleton
12:18:55 Error: Bone slot_backwpnl doesn't exist in skeleton OFP2_ManSkeleton
12:18:55 Error: Bone slot_buttpack doesn't exist in skeleton OFP2_ManSkeleton
12:18:55 Error: Bone hips doesn't exist in skeleton OFP2_ManSkeleton
12:18:55 Error: Bone headcutscene doesn't exist in skeleton OFP2_ManSkeleton
12:18:55 Error: Bone slot_backpack doesn't exist in skeleton OFP2_ManSkeleton
12:18:55 Error: Bone slot_backwpnr doesn't exist in skeleton OFP2_ManSkeleton
12:18:55 Error: Bone slot_backwpnl doesn't exist in skeleton OFP2_ManSkeleton
12:18:55 Error: Bone slot_buttpack doesn't exist in skeleton OFP2_ManSkeleton
12:18:55 Error: Bone cheek_lf doesn't exist in skeleton OFP2_ManSkeleton
12:18:55 Error: Bone nose_tip doesn't exist in skeleton OFP2_ManSkeleton
12:18:55 Error: Bone lip_uplb doesn't exist in skeleton OFP2_ManSkeleton
12:18:55 Error: Bone jaw_ls doesn't exist in skeleton OFP2_ManSkeleton
12:18:55 Error: Bone lip_uplf doesn't exist in skeleton OFP2_ManSkeleton
12:18:55 Error: Bone lip_lc doesn't exist in skeleton OFP2_ManSkeleton
12:18:55 Error: Bone lip_lwlb doesn't exist in skeleton OFP2_ManSkeleton
12:18:55 Error: Bone lip_lwlf doesn't exist in skeleton OFP2_ManSkeleton
12:18:55 Error: Bone jaw_lm doesn't exist in skeleton OFP2_ManSkeleton
12:18:55 Error: Bone zig_lb doesn't exist in skeleton OFP2_ManSkeleton
12:18:55 Error: Bone lip_lwm doesn't exist in skeleton OFP2_ManSkeleton
12:18:55 Error: Bone lip_upm doesn't exist in skeleton OFP2_ManSkeleton
12:18:55 Error: Bone ear_l doesn't exist in skeleton OFP2_ManSkeleton
12:18:55 Error: Bone corr doesn't exist in skeleton OFP2_ManSkeleton
12:18:55 Error: Bone tongue_m doesn't exist in skeleton OFP2_ManSkeleton
12:18:55 Error: Bone tongue_f doesn't exist in skeleton OFP2_ManSkeleton
12:18:55 Error: Bone eyebrow_lb doesn't exist in skeleton OFP2_ManSkeleton
12:18:55 Error: Bone eyebrow_lf doesn't exist in skeleton OFP2_ManSkeleton
12:18:55 Error: Bone eyebrow_lm doesn't exist in skeleton OFP2_ManSkeleton
12:18:55 Error: Bone zig_lm doesn't exist in skeleton OFP2_ManSkeleton
12:18:55 Error: Bone eye_upl doesn't exist in skeleton OFP2_ManSkeleton
12:18:55 Error: Bone eye_lwl doesn't exist in skeleton OFP2_ManSkeleton
12:18:55 Error: Bone cheek_l doesn't exist in skeleton OFP2_ManSkeleton
12:18:55 Error: Bone cheek_lb doesn't exist in skeleton OFP2_ManSkeleton
12:18:55 Error: Bone zig_lt doesn't exist in skeleton OFP2_ManSkeleton
12:18:55 Error: Bone nose_l doesn't exist in skeleton OFP2_ManSkeleton
12:18:55 Error: Bone cheek_lm doesn't exist in skeleton OFP2_ManSkeleton
12:18:55 Error: Bone nose_r doesn't exist in skeleton OFP2_ManSkeleton
12:18:55 Error: Bone forehead_r doesn't exist in skeleton OFP2_ManSkeleton
12:18:55 Error: Bone forehead_m doesn't exist in skeleton OFP2_ManSkeleton
12:18:55 Error: Bone forehead_l doesn't exist in skeleton OFP2_ManSkeleton
12:18:55 Error: Bone cheek_rb doesn't exist in skeleton OFP2_ManSkeleton
12:18:55 Error: Bone eye_lwr doesn't exist in skeleton OFP2_ManSkeleton
12:18:55 Error: Bone cheek_r doesn't exist in skeleton OFP2_ManSkeleton
12:18:55 Error: Bone zig_rt doesn't exist in skeleton OFP2_ManSkeleton
12:18:55 Error: Bone zig_rm doesn't exist in skeleton OFP2_ManSkeleton
12:18:55 Error: Bone cheek_rf doesn't exist in skeleton OFP2_ManSkeleton
12:18:55 Error: Bone cheek_rm doesn't exist in skeleton OFP2_ManSkeleton
12:18:55 Error: Bone eyebrow_rm doesn't exist in skeleton OFP2_ManSkeleton
12:18:55 Error: Bone eyebrow_rf doesn't exist in skeleton OFP2_ManSkeleton
12:18:55 Error: Bone eye_upr doesn't exist in skeleton OFP2_ManSkeleton
12:18:55 Error: Bone eyebrow_rb doesn't exist in skeleton OFP2_ManSkeleton
12:18:55 Error: Bone tongue_b doesn't exist in skeleton OFP2_ManSkeleton
12:18:55 Error: Bone ear_r doesn't exist in skeleton OFP2_ManSkeleton
12:18:55 Error: Bone neck_l doesn't exist in skeleton OFP2_ManSkeleton
12:18:55 Error: Bone lip_uprf doesn't exist in skeleton OFP2_ManSkeleton
12:18:55 Error: Bone neck_r doesn't exist in skeleton OFP2_ManSkeleton
12:18:55 Error: Bone lip_uprb doesn't exist in skeleton OFP2_ManSkeleton
12:18:55 Error: Bone lip_rc doesn't exist in skeleton OFP2_ManSkeleton
12:18:55 Error: Bone lip_lwrb doesn't exist in skeleton OFP2_ManSkeleton
12:18:55 Error: Bone lip_lwrf doesn't exist in skeleton OFP2_ManSkeleton
12:18:55 Error: Bone neck_b doesn't exist in skeleton OFP2_ManSkeleton
12:18:55 Error: Bone zig_rb doesn't exist in skeleton OFP2_ManSkeleton
12:18:55 Error: Bone neck_t doesn't exist in skeleton OFP2_ManSkeleton
12:18:55 Error: Bone jaw_rf doesn't exist in skeleton OFP2_ManSkeleton
12:18:55 Error: Bone jaw_lf doesn't exist in skeleton OFP2_ManSkeleton
12:18:55 Error: Bone chin doesn't exist in skeleton OFP2_ManSkeleton
12:18:55 Error: Bone jaw_rm doesn't exist in skeleton OFP2_ManSkeleton
12:18:55 Error: Bone jaw_rs doesn't exist in skeleton OFP2_ManSkeleton
12:18:55 Error: Bone jaw doesn't exist in skeleton OFP2_ManSkeleton
12:18:55 Error: Bone headcutscene doesn't exist in skeleton OFP2_ManSkeleton
12:18:55 Error: Bone hips doesn't exist in skeleton OFP2_ManSkeleton
12:18:55 Error: Bone headcutscene doesn't exist in skeleton OFP2_ManSkeleton
12:18:55 Error: Bone slot_backpack doesn't exist in skeleton OFP2_ManSkeleton
12:18:55 Error: Bone slot_backwpnr doesn't exist in skeleton OFP2_ManSkeleton
12:18:55 Error: Bone slot_backwpnl doesn't exist in skeleton OFP2_ManSkeleton
12:18:55 Error: Bone slot_buttpack doesn't exist in skeleton OFP2_ManSkeleton
12:18:55 Error: Bone hips doesn't exist in skeleton OFP2_ManSkeleton
12:18:55 Error: Bone headcutscene doesn't exist in skeleton OFP2_ManSkeleton
12:18:55 Error: Bone slot_backpack doesn't exist in skeleton OFP2_ManSkeleton
12:18:55 Error: Bone slot_backwpnr doesn't exist in skeleton OFP2_ManSkeleton
12:18:55 Error: Bone slot_backwpnl doesn't exist in skeleton OFP2_ManSkeleton
12:18:55 Error: Bone slot_buttpack doesn't exist in skeleton OFP2_ManSkeleton
12:18:55 Error: Bone hips doesn't exist in skeleton OFP2_ManSkeleton
12:18:55 Error: Bone headcutscene doesn't exist in skeleton OFP2_ManSkeleton
12:18:55 Error: Bone slot_backpack doesn't exist in skeleton OFP2_ManSkeleton
12:18:55 Error: Bone slot_backwpnr doesn't exist in skeleton OFP2_ManSkeleton
12:18:55 Error: Bone slot_backwpnl doesn't exist in skeleton OFP2_ManSkeleton
12:18:55 Error: Bone slot_buttpack doesn't exist in skeleton OFP2_ManSkeleton
12:18:55 Error: Bone hips doesn't exist in skeleton OFP2_ManSkeleton
12:18:55 Error: Bone headcutscene doesn't exist in skeleton OFP2_ManSkeleton
12:18:55 Error: Bone slot_backpack doesn't exist in skeleton OFP2_ManSkeleton
12:18:55 Error: Bone slot_backwpnr doesn't exist in skeleton OFP2_ManSkeleton
12:18:55 Error: Bone slot_backwpnl doesn't exist in skeleton OFP2_ManSkeleton
12:18:55 Error: Bone slot_buttpack doesn't exist in skeleton OFP2_ManSkeleton
12:18:55 Error: Bone hips doesn't exist in skeleton OFP2_ManSkeleton
12:18:55 Error: Bone headcutscene doesn't exist in skeleton OFP2_ManSkeleton
12:18:55 Error: Bone slot_backpack doesn't exist in skeleton OFP2_ManSkeleton
12:18:55 Error: Bone slot_backwpnr doesn't exist in skeleton OFP2_ManSkeleton
12:18:55 Error: Bone slot_backwpnl doesn't exist in skeleton OFP2_ManSkeleton
12:18:55 Error: Bone slot_buttpack doesn't exist in skeleton OFP2_ManSkeleton
12:18:55 Error: Bone slot_backwpnl doesn't exist in skeleton OFP2_ManSkeleton
12:18:55 Error: Bone slot_backwpnr doesn't exist in skeleton OFP2_ManSkeleton
12:18:55 Error: Bone slot_backpack doesn't exist in skeleton OFP2_ManSkeleton
12:18:55 Error: Bone slot_buttpack doesn't exist in skeleton OFP2_ManSkeleton
12:18:55 Error: Bone slot_patrolwpn doesn't exist in skeleton OFP2_ManSkeleton
12:18:55 Error: Bone cheek_lf doesn't exist in skeleton OFP2_ManSkeleton
12:18:55 Error: Bone nose_tip doesn't exist in skeleton OFP2_ManSkeleton
12:18:55 Error: Bone lip_uplb doesn't exist in skeleton OFP2_ManSkeleton
12:18:55 Error: Bone jaw_ls doesn't exist in skeleton OFP2_ManSkeleton
12:18:55 Error: Bone lip_uplf doesn't exist in skeleton OFP2_ManSkeleton
12:18:55 Error: Bone lip_lc doesn't exist in skeleton OFP2_ManSkeleton
12:18:55 Error: Bone lip_lwlb doesn't exist in skeleton OFP2_ManSkeleton
12:18:55 Error: Bone lip_lwlf doesn't exist in skeleton OFP2_ManSkeleton
12:18:55 Error: Bone jaw_lm doesn't exist in skeleton OFP2_ManSkeleton
12:18:55 Error: Bone zig_lb doesn't exist in skeleton OFP2_ManSkeleton
12:18:55 Error: Bone lip_lwm doesn't exist in skeleton OFP2_ManSkeleton
12:18:55 Error: Bone lip_upm doesn't exist in skeleton OFP2_ManSkeleton
12:18:55 Error: Bone ear_l doesn't exist in skeleton OFP2_ManSkeleton
12:18:55 Error: Bone corr doesn't exist in skeleton OFP2_ManSkeleton
12:18:55 Error: Bone tongue_m doesn't exist in skeleton OFP2_ManSkeleton
12:18:55 Error: Bone tongue_f doesn't exist in skeleton OFP2_ManSkeleton
12:18:55 Error: Bone eyebrow_lb doesn't exist in skeleton OFP2_ManSkeleton
12:18:55 Error: Bone eyebrow_lf doesn't exist in skeleton OFP2_ManSkeleton
12:18:55 Error: Bone eyebrow_lm doesn't exist in skeleton OFP2_ManSkeleton
12:18:55 Error: Bone zig_lm doesn't exist in skeleton OFP2_ManSkeleton
12:18:55 Error: Bone eye_upl doesn't exist in skeleton OFP2_ManSkeleton
12:18:55 Error: Bone eye_lwl doesn't exist in skeleton OFP2_ManSkeleton
12:18:55 Error: Bone cheek_l doesn't exist in skeleton OFP2_ManSkeleton
12:18:55 Error: Bone cheek_lb doesn't exist in skeleton OFP2_ManSkeleton
12:18:55 Error: Bone zig_lt doesn't exist in skeleton OFP2_ManSkeleton
12:18:55 Error: Bone nose_l doesn't exist in skeleton OFP2_ManSkeleton
12:18:55 Error: Bone cheek_lm doesn't exist in skeleton OFP2_ManSkeleton
12:18:55 Error: Bone nose_r doesn't exist in skeleton OFP2_ManSkeleton
12:18:55 Error: Bone forehead_r doesn't exist in skeleton OFP2_ManSkeleton
12:18:55 Error: Bone forehead_m doesn't exist in skeleton OFP2_ManSkeleton
12:18:55 Error: Bone forehead_l doesn't exist in skeleton OFP2_ManSkeleton
12:18:55 Error: Bone cheek_rb doesn't exist in skeleton OFP2_ManSkeleton
12:18:55 Error: Bone eye_lwr doesn't exist in skeleton OFP2_ManSkeleton
12:18:55 Error: Bone cheek_r doesn't exist in skeleton OFP2_ManSkeleton
12:18:55 Error: Bone zig_rt doesn't exist in skeleton OFP2_ManSkeleton
12:18:55 Error: Bone zig_rm doesn't exist in skeleton OFP2_ManSkeleton
12:18:55 Error: Bone cheek_rf doesn't exist in skeleton OFP2_ManSkeleton
12:18:55 Error: Bone cheek_rm doesn't exist in skeleton OFP2_ManSkeleton
12:18:55 Error: Bone eyebrow_rm doesn't exist in skeleton OFP2_ManSkeleton
12:18:55 Error: Bone eyebrow_rf doesn't exist in skeleton OFP2_ManSkeleton
12:18:55 Error: Bone eye_upr doesn't exist in skeleton OFP2_ManSkeleton
12:18:55 Error: Bone eyebrow_rb doesn't exist in skeleton OFP2_ManSkeleton
12:18:55 Error: Bone tongue_b doesn't exist in skeleton OFP2_ManSkeleton
12:18:55 Error: Bone ear_r doesn't exist in skeleton OFP2_ManSkeleton
12:18:55 Error: Bone neck_l doesn't exist in skeleton OFP2_ManSkeleton
12:18:55 Error: Bone lip_uprf doesn't exist in skeleton OFP2_ManSkeleton
12:18:55 Error: Bone neck_r doesn't exist in skeleton OFP2_ManSkeleton
12:18:55 Error: Bone lip_uprb doesn't exist in skeleton OFP2_ManSkeleton
12:18:55 Error: Bone lip_rc doesn't exist in skeleton OFP2_ManSkeleton
12:18:55 Error: Bone lip_lwrb doesn't exist in skeleton OFP2_ManSkeleton
12:18:55 Error: Bone lip_lwrf doesn't exist in skeleton OFP2_ManSkeleton
12:18:55 Error: Bone neck_b doesn't exist in skeleton OFP2_ManSkeleton
12:18:55 Error: Bone zig_rb doesn't exist in skeleton OFP2_ManSkeleton
12:18:55 Error: Bone neck_t doesn't exist in skeleton OFP2_ManSkeleton
12:18:55 Error: Bone jaw_rf doesn't exist in skeleton OFP2_ManSkeleton
12:18:55 Error: Bone jaw_lf doesn't exist in skeleton OFP2_ManSkeleton
12:18:55 Error: Bone chin doesn't exist in skeleton OFP2_ManSkeleton
12:18:55 Error: Bone jaw_rm doesn't exist in skeleton OFP2_ManSkeleton
12:18:55 Error: Bone jaw_rs doesn't exist in skeleton OFP2_ManSkeleton
12:18:55 Error: Bone jaw doesn't exist in skeleton OFP2_ManSkeleton
12:18:55 Error: Bone rightinhandring doesn't exist in skeleton OFP2_ManSkeleton
12:18:55 Error: Bone leftinhandring doesn't exist in skeleton OFP2_ManSkeleton
12:18:55 Error: Bone headcutscene doesn't exist in skeleton OFP2_ManSkeleton
12:18:55 Error: Bone hips doesn't exist in skeleton OFP2_ManSkeleton
12:18:55 Error: Bone headcutscene doesn't exist in skeleton OFP2_ManSkeleton
12:18:55 Error: Bone slot_backpack doesn't exist in skeleton OFP2_ManSkeleton
12:18:55 Error: Bone slot_backwpnr doesn't exist in skeleton OFP2_ManSkeleton
12:18:55 Error: Bone slot_backwpnl doesn't exist in skeleton OFP2_ManSkeleton
12:18:55 Error: Bone slot_buttpack doesn't exist in skeleton OFP2_ManSkeleton
12:18:55 Error: Bone slot_backwpnl doesn't exist in skeleton OFP2_ManSkeleton
12:18:55 Error: Bone slot_backwpnr doesn't exist in skeleton OFP2_ManSkeleton
12:18:55 Error: Bone slot_backpack doesn't exist in skeleton OFP2_ManSkeleton
12:18:55 Error: Bone slot_buttpack doesn't exist in skeleton OFP2_ManSkeleton
12:18:55 Error: Bone slot_patrolwpn doesn't exist in skeleton OFP2_ManSkeleton
12:18:55 Error: Bone cheek_lf doesn't exist in skeleton OFP2_ManSkeleton
12:18:55 Error: Bone nose_tip doesn't exist in skeleton OFP2_ManSkeleton
12:18:55 Error: Bone lip_uplb doesn't exist in skeleton OFP2_ManSkeleton
12:18:55 Error: Bone jaw_ls doesn't exist in skeleton OFP2_ManSkeleton
12:18:55 Error: Bone lip_uplf doesn't exist in skeleton OFP2_ManSkeleton
12:18:55 Error: Bone lip_lc doesn't exist in skeleton OFP2_ManSkeleton
12:18:55 Error: Bone lip_lwlb doesn't exist in skeleton OFP2_ManSkeleton
12:18:55 Error: Bone lip_lwlf doesn't exist in skeleton OFP2_ManSkeleton
12:18:55 Error: Bone jaw_lm doesn't exist in skeleton OFP2_ManSkeleton
12:18:55 Error: Bone zig_lb doesn't exist in skeleton OFP2_ManSkeleton
12:18:55 Error: Bone lip_lwm doesn't exist in skeleton OFP2_ManSkeleton
12:18:55 Error: Bone lip_upm doesn't exist in skeleton OFP2_ManSkeleton
12:18:55 Error: Bone ear_l doesn't exist in skeleton OFP2_ManSkeleton
12:18:55 Error: Bone corr doesn't exist in skeleton OFP2_ManSkeleton
12:18:55 Error: Bone tongue_m doesn't exist in skeleton OFP2_ManSkeleton
12:18:55 Error: Bone tongue_f doesn't exist in skeleton OFP2_ManSkeleton
12:18:55 Error: Bone eyebrow_lb doesn't exist in skeleton OFP2_ManSkeleton
12:18:55 Error: Bone eyebrow_lf doesn't exist in skeleton OFP2_ManSkeleton
12:18:55 Error: Bone eyebrow_lm doesn't exist in skeleton OFP2_ManSkeleton
12:18:55 Error: Bone zig_lm doesn't exist in skeleton OFP2_ManSkeleton
12:18:55 Error: Bone eye_upl doesn't exist in skeleton OFP2_ManSkeleton
12:18:55 Error: Bone eye_lwl doesn't exist in skeleton OFP2_ManSkeleton
12:18:55 Error: Bone cheek_l doesn't exist in skeleton OFP2_ManSkeleton
12:18:55 Error: Bone cheek_lb doesn't exist in skeleton OFP2_ManSkeleton
12:18:55 Error: Bone zig_lt doesn't exist in skeleton OFP2_ManSkeleton
12:18:55 Error: Bone nose_l doesn't exist in skeleton OFP2_ManSkeleton
12:18:55 Error: Bone cheek_lm doesn't exist in skeleton OFP2_ManSkeleton
12:18:55 Error: Bone nose_r doesn't exist in skeleton OFP2_ManSkeleton
12:18:55 Error: Bone forehead_r doesn't exist in skeleton OFP2_ManSkeleton
12:18:55 Error: Bone forehead_m doesn't exist in skeleton OFP2_ManSkeleton
12:18:55 Error: Bone forehead_l doesn't exist in skeleton OFP2_ManSkeleton
12:18:55 Error: Bone cheek_rb doesn't exist in skeleton OFP2_ManSkeleton
12:18:55 Error: Bone eye_lwr doesn't exist in skeleton OFP2_ManSkeleton
12:18:55 Error: Bone cheek_r doesn't exist in skeleton OFP2_ManSkeleton
12:18:55 Error: Bone zig_rt doesn't exist in skeleton OFP2_ManSkeleton
12:18:55 Error: Bone zig_rm doesn't exist in skeleton OFP2_ManSkeleton
12:18:55 Error: Bone cheek_rf doesn't exist in skeleton OFP2_ManSkeleton
12:18:55 Error: Bone cheek_rm doesn't exist in skeleton OFP2_ManSkeleton
12:18:55 Error: Bone eyebrow_rm doesn't exist in skeleton OFP2_ManSkeleton
12:18:55 Error: Bone eyebrow_rf doesn't exist in skeleton OFP2_ManSkeleton
12:18:55 Error: Bone eye_upr doesn't exist in skeleton OFP2_ManSkeleton
12:18:55 Error: Bone eyebrow_rb doesn't exist in skeleton OFP2_ManSkeleton
12:18:55 Error: Bone tongue_b doesn't exist in skeleton OFP2_ManSkeleton
12:18:55 Error: Bone ear_r doesn't exist in skeleton OFP2_ManSkeleton
12:18:55 Error: Bone neck_l doesn't exist in skeleton OFP2_ManSkeleton
12:18:55 Error: Bone lip_uprf doesn't exist in skeleton OFP2_ManSkeleton
12:18:55 Error: Bone neck_r doesn't exist in skeleton OFP2_ManSkeleton
12:18:55 Error: Bone lip_uprb doesn't exist in skeleton OFP2_ManSkeleton
12:18:55 Error: Bone lip_rc doesn't exist in skeleton OFP2_ManSkeleton
12:18:55 Error: Bone lip_lwrb doesn't exist in skeleton OFP2_ManSkeleton
12:18:55 Error: Bone lip_lwrf doesn't exist in skeleton OFP2_ManSkeleton
12:18:55 Error: Bone neck_b doesn't exist in skeleton OFP2_ManSkeleton
12:18:55 Error: Bone zig_rb doesn't exist in skeleton OFP2_ManSkeleton
12:18:55 Error: Bone neck_t doesn't exist in skeleton OFP2_ManSkeleton
12:18:55 Error: Bone jaw_rf doesn't exist in skeleton OFP2_ManSkeleton
12:18:55 Error: Bone jaw_lf doesn't exist in skeleton OFP2_ManSkeleton
12:18:55 Error: Bone chin doesn't exist in skeleton OFP2_ManSkeleton
12:18:55 Error: Bone jaw_rm doesn't exist in skeleton OFP2_ManSkeleton
12:18:55 Error: Bone jaw_rs doesn't exist in skeleton OFP2_ManSkeleton
12:18:55 Error: Bone jaw doesn't exist in skeleton OFP2_ManSkeleton
12:18:55 Error: Bone rightinhandring doesn't exist in skeleton OFP2_ManSkeleton
12:18:55 Error: Bone leftinhandring doesn't exist in skeleton OFP2_ManSkeleton
12:18:55 Error: Bone headcutscene doesn't exist in skeleton OFP2_ManSkeleton
12:18:55 Error: Bone hips doesn't exist in skeleton OFP2_ManSkeleton
12:18:55 Error: Bone headcutscene doesn't exist in skeleton OFP2_ManSkeleton
12:18:55 Error: Bone slot_backpack doesn't exist in skeleton OFP2_ManSkeleton
12:18:55 Error: Bone slot_backwpnr doesn't exist in skeleton OFP2_ManSkeleton
12:18:55 Error: Bone slot_backwpnl doesn't exist in skeleton OFP2_ManSkeleton
12:18:55 Error: Bone slot_buttpack doesn't exist in skeleton OFP2_ManSkeleton
12:18:55 Error: Bone slot_backwpnl doesn't exist in skeleton OFP2_ManSkeleton
12:18:55 Error: Bone slot_backwpnr doesn't exist in skeleton OFP2_ManSkeleton
12:18:55 Error: Bone slot_backpack doesn't exist in skeleton OFP2_ManSkeleton
12:18:55 Error: Bone slot_buttpack doesn't exist in skeleton OFP2_ManSkeleton
12:18:55 Error: Bone slot_patrolwpn doesn't exist in skeleton OFP2_ManSkeleton
12:18:55 Error: Bone cheek_lf doesn't exist in skeleton OFP2_ManSkeleton
12:18:55 Error: Bone nose_tip doesn't exist in skeleton OFP2_ManSkeleton
12:18:55 Error: Bone lip_uplb doesn't exist in skeleton OFP2_ManSkeleton
12:18:55 Error: Bone jaw_ls doesn't exist in skeleton OFP2_ManSkeleton
12:18:55 Error: Bone lip_uplf doesn't exist in skeleton OFP2_ManSkeleton
12:18:55 Error: Bone lip_lc doesn't exist in skeleton OFP2_ManSkeleton
12:18:55 Error: Bone lip_lwlb doesn't exist in skeleton OFP2_ManSkeleton
12:18:55 Error: Bone lip_lwlf doesn't exist in skeleton OFP2_ManSkeleton
12:18:55 Error: Bone jaw_lm doesn't exist in skeleton OFP2_ManSkeleton
12:18:55 Error: Bone zig_lb doesn't exist in skeleton OFP2_ManSkeleton
12:18:55 Error: Bone lip_lwm doesn't exist in skeleton OFP2_ManSkeleton
12:18:55 Error: Bone lip_upm doesn't exist in skeleton OFP2_ManSkeleton
12:18:55 Error: Bone ear_l doesn't exist in skeleton OFP2_ManSkeleton
12:18:55 Error: Bone corr doesn't exist in skeleton OFP2_ManSkeleton
12:18:55 Error: Bone tongue_m doesn't exist in skeleton OFP2_ManSkeleton
12:18:55 Error: Bone tongue_f doesn't exist in skeleton OFP2_ManSkeleton
12:18:55 Error: Bone eyebrow_lb doesn't exist in skeleton OFP2_ManSkeleton
12:18:55 Error: Bone eyebrow_lf doesn't exist in skeleton OFP2_ManSkeleton
12:18:55 Error: Bone eyebrow_lm doesn't exist in skeleton OFP2_ManSkeleton
12:18:55 Error: Bone zig_lm doesn't exist in skeleton OFP2_ManSkeleton
12:18:55 Error: Bone eye_upl doesn't exist in skeleton OFP2_ManSkeleton
12:18:55 Error: Bone eye_lwl doesn't exist in skeleton OFP2_ManSkeleton
12:18:55 Error: Bone cheek_l doesn't exist in skeleton OFP2_ManSkeleton
12:18:55 Error: Bone cheek_lb doesn't exist in skeleton OFP2_ManSkeleton
12:18:55 Error: Bone zig_lt doesn't exist in skeleton OFP2_ManSkeleton
12:18:55 Error: Bone nose_l doesn't exist in skeleton OFP2_ManSkeleton
12:18:55 Error: Bone cheek_lm doesn't exist in skeleton OFP2_ManSkeleton
12:18:55 Error: Bone nose_r doesn't exist in skeleton OFP2_ManSkeleton
12:18:55 Error: Bone forehead_r doesn't exist in skeleton OFP2_ManSkeleton
12:18:55 Error: Bone forehead_m doesn't exist in skeleton OFP2_ManSkeleton
12:18:55 Error: Bone forehead_l doesn't exist in skeleton OFP2_ManSkeleton
12:18:55 Error: Bone cheek_rb doesn't exist in skeleton OFP2_ManSkeleton
12:18:55 Error: Bone eye_lwr doesn't exist in skeleton OFP2_ManSkeleton
12:18:55 Error: Bone cheek_r doesn't exist in skeleton OFP2_ManSkeleton
12:18:55 Error: Bone zig_rt doesn't exist in skeleton OFP2_ManSkeleton
12:18:55 Error: Bone zig_rm doesn't exist in skeleton OFP2_ManSkeleton
12:18:55 Error: Bone cheek_rf doesn't exist in skeleton OFP2_ManSkeleton
12:18:55 Error: Bone cheek_rm doesn't exist in skeleton OFP2_ManSkeleton
12:18:55 Error: Bone eyebrow_rm doesn't exist in skeleton OFP2_ManSkeleton
12:18:55 Error: Bone eyebrow_rf doesn't exist in skeleton OFP2_ManSkeleton
12:18:55 Error: Bone eye_upr doesn't exist in skeleton OFP2_ManSkeleton
12:18:55 Error: Bone eyebrow_rb doesn't exist in skeleton OFP2_ManSkeleton
12:18:55 Error: Bone tongue_b doesn't exist in skeleton OFP2_ManSkeleton
12:18:55 Error: Bone ear_r doesn't exist in skeleton OFP2_ManSkeleton
12:18:55 Error: Bone neck_l doesn't exist in skeleton OFP2_ManSkeleton
12:18:55 Error: Bone lip_uprf doesn't exist in skeleton OFP2_ManSkeleton
12:18:55 Error: Bone neck_r doesn't exist in skeleton OFP2_ManSkeleton
12:18:55 Error: Bone lip_uprb doesn't exist in skeleton OFP2_ManSkeleton
12:18:55 Error: Bone lip_rc doesn't exist in skeleton OFP2_ManSkeleton
12:18:55 Error: Bone lip_lwrb doesn't exist in skeleton OFP2_ManSkeleton
12:18:55 Error: Bone lip_lwrf doesn't exist in skeleton OFP2_ManSkeleton
12:18:55 Error: Bone neck_b doesn't exist in skeleton OFP2_ManSkeleton
12:18:55 Error: Bone zig_rb doesn't exist in skeleton OFP2_ManSkeleton
12:18:55 Error: Bone neck_t doesn't exist in skeleton OFP2_ManSkeleton
12:18:55 Error: Bone jaw_rf doesn't exist in skeleton OFP2_ManSkeleton
12:18:55 Error: Bone jaw_lf doesn't exist in skeleton OFP2_ManSkeleton
12:18:55 Error: Bone chin doesn't exist in skeleton OFP2_ManSkeleton
12:18:55 Error: Bone jaw_rm doesn't exist in skeleton OFP2_ManSkeleton
12:18:55 Error: Bone jaw_rs doesn't exist in skeleton OFP2_ManSkeleton
12:18:55 Error: Bone jaw doesn't exist in skeleton OFP2_ManSkeleton
12:18:55 Error: Bone rightinhandring doesn't exist in skeleton OFP2_ManSkeleton
12:18:55 Error: Bone leftinhandring doesn't exist in skeleton OFP2_ManSkeleton
12:18:55 Error: Bone headcutscene doesn't exist in skeleton OFP2_ManSkeleton
12:18:55 Error: Bone hips doesn't exist in skeleton OFP2_ManSkeleton
12:18:55 Error: Bone headcutscene doesn't exist in skeleton OFP2_ManSkeleton
12:18:55 Error: Bone slot_backpack doesn't exist in skeleton OFP2_ManSkeleton
12:18:55 Error: Bone slot_backwpnr doesn't exist in skeleton OFP2_ManSkeleton
12:18:55 Error: Bone slot_backwpnl doesn't exist in skeleton OFP2_ManSkeleton
12:18:55 Error: Bone slot_buttpack doesn't exist in skeleton OFP2_ManSkeleton
12:18:55 Error: Bone slot_backwpnl doesn't exist in skeleton OFP2_ManSkeleton
12:18:55 Error: Bone slot_backwpnr doesn't exist in skeleton OFP2_ManSkeleton
12:18:55 Error: Bone slot_backpack doesn't exist in skeleton OFP2_ManSkeleton
12:18:55 Error: Bone slot_buttpack doesn't exist in skeleton OFP2_ManSkeleton
12:18:55 Error: Bone slot_patrolwpn doesn't exist in skeleton OFP2_ManSkeleton
12:18:55 Error: Bone cheek_lf doesn't exist in skeleton OFP2_ManSkeleton
12:18:55 Error: Bone nose_tip doesn't exist in skeleton OFP2_ManSkeleton
12:18:55 Error: Bone lip_uplb doesn't exist in skeleton OFP2_ManSkeleton
12:18:55 Error: Bone jaw_ls doesn't exist in skeleton OFP2_ManSkeleton
12:18:55 Error: Bone lip_uplf doesn't exist in skeleton OFP2_ManSkeleton
12:18:55 Error: Bone lip_lc doesn't exist in skeleton OFP2_ManSkeleton
12:18:55 Error: Bone lip_lwlb doesn't exist in skeleton OFP2_ManSkeleton
12:18:55 Error: Bone lip_lwlf doesn't exist in skeleton OFP2_ManSkeleton
12:18:55 Error: Bone jaw_lm doesn't exist in skeleton OFP2_ManSkeleton
12:18:55 Error: Bone zig_lb doesn't exist in skeleton OFP2_ManSkeleton
12:18:55 Error: Bone lip_lwm doesn't exist in skeleton OFP2_ManSkeleton
12:18:55 Error: Bone lip_upm doesn't exist in skeleton OFP2_ManSkeleton
12:18:55 Error: Bone ear_l doesn't exist in skeleton OFP2_ManSkeleton
12:18:55 Error: Bone corr doesn't exist in skeleton OFP2_ManSkeleton
12:18:55 Error: Bone tongue_m doesn't exist in skeleton OFP2_ManSkeleton
12:18:55 Error: Bone tongue_f doesn't exist in skeleton OFP2_ManSkeleton
12:18:55 Error: Bone eyebrow_lb doesn't exist in skeleton OFP2_ManSkeleton
12:18:55 Error: Bone eyebrow_lf doesn't exist in skeleton OFP2_ManSkeleton
12:18:55 Error: Bone eyebrow_lm doesn't exist in skeleton OFP2_ManSkeleton
12:18:55 Error: Bone zig_lm doesn't exist in skeleton OFP2_ManSkeleton
12:18:55 Error: Bone eye_upl doesn't exist in skeleton OFP2_ManSkeleton
12:18:55 Error: Bone eye_lwl doesn't exist in skeleton OFP2_ManSkeleton
12:18:55 Error: Bone cheek_l doesn't exist in skeleton OFP2_ManSkeleton
12:18:55 Error: Bone cheek_lb doesn't exist in skeleton OFP2_ManSkeleton
12:18:55 Error: Bone zig_lt doesn't exist in skeleton OFP2_ManSkeleton
12:18:55 Error: Bone nose_l doesn't exist in skeleton OFP2_ManSkeleton
12:18:55 Error: Bone cheek_lm doesn't exist in skeleton OFP2_ManSkeleton
12:18:55 Error: Bone nose_r doesn't exist in skeleton OFP2_ManSkeleton
12:18:55 Error: Bone forehead_r doesn't exist in skeleton OFP2_ManSkeleton
12:18:55 Error: Bone forehead_m doesn't exist in skeleton OFP2_ManSkeleton
12:18:55 Error: Bone forehead_l doesn't exist in skeleton OFP2_ManSkeleton
12:18:55 Error: Bone cheek_rb doesn't exist in skeleton OFP2_ManSkeleton
12:18:55 Error: Bone eye_lwr doesn't exist in skeleton OFP2_ManSkeleton
12:18:55 Error: Bone cheek_r doesn't exist in skeleton OFP2_ManSkeleton
12:18:55 Error: Bone zig_rt doesn't exist in skeleton OFP2_ManSkeleton
12:18:55 Error: Bone zig_rm doesn't exist in skeleton OFP2_ManSkeleton
12:18:55 Error: Bone cheek_rf doesn't exist in skeleton OFP2_ManSkeleton
12:18:55 Error: Bone cheek_rm doesn't exist in skeleton OFP2_ManSkeleton
12:18:55 Error: Bone eyebrow_rm doesn't exist in skeleton OFP2_ManSkeleton
12:18:55 Error: Bone eyebrow_rf doesn't exist in skeleton OFP2_ManSkeleton
12:18:55 Error: Bone eye_upr doesn't exist in skeleton OFP2_ManSkeleton
12:18:55 Error: Bone eyebrow_rb doesn't exist in skeleton OFP2_ManSkeleton
12:18:55 Error: Bone tongue_b doesn't exist in skeleton OFP2_ManSkeleton
12:18:55 Error: Bone ear_r doesn't exist in skeleton OFP2_ManSkeleton
12:18:55 Error: Bone neck_l doesn't exist in skeleton OFP2_ManSkeleton
12:18:55 Error: Bone lip_uprf doesn't exist in skeleton OFP2_ManSkeleton
12:18:55 Error: Bone neck_r doesn't exist in skeleton OFP2_ManSkeleton
12:18:55 Error: Bone lip_uprb doesn't exist in skeleton OFP2_ManSkeleton
12:18:55 Error: Bone lip_rc doesn't exist in skeleton OFP2_ManSkeleton
12:18:55 Error: Bone lip_lwrb doesn't exist in skeleton OFP2_ManSkeleton
12:18:55 Error: Bone lip_lwrf doesn't exist in skeleton OFP2_ManSkeleton
12:18:55 Error: Bone neck_b doesn't exist in skeleton OFP2_ManSkeleton
12:18:55 Error: Bone zig_rb doesn't exist in skeleton OFP2_ManSkeleton
12:18:55 Error: Bone neck_t doesn't exist in skeleton OFP2_ManSkeleton
12:18:55 Error: Bone jaw_rf doesn't exist in skeleton OFP2_ManSkeleton
12:18:55 Error: Bone jaw_lf doesn't exist in skeleton OFP2_ManSkeleton
12:18:55 Error: Bone chin doesn't exist in skeleton OFP2_ManSkeleton
12:18:55 Error: Bone jaw_rm doesn't exist in skeleton OFP2_ManSkeleton
12:18:55 Error: Bone jaw_rs doesn't exist in skeleton OFP2_ManSkeleton
12:18:55 Error: Bone jaw doesn't exist in skeleton OFP2_ManSkeleton
12:18:55 Error: Bone rightinhandring doesn't exist in skeleton OFP2_ManSkeleton
12:18:55 Error: Bone leftinhandring doesn't exist in skeleton OFP2_ManSkeleton
12:18:55 Error: Bone headcutscene doesn't exist in skeleton OFP2_ManSkeleton
12:18:55 Error: Bone hips doesn't exist in skeleton OFP2_ManSkeleton
12:18:55 Error: Bone headcutscene doesn't exist in skeleton OFP2_ManSkeleton
12:18:55 Error: Bone slot_backpack doesn't exist in skeleton OFP2_ManSkeleton
12:18:55 Error: Bone slot_backwpnr doesn't exist in skeleton OFP2_ManSkeleton
12:18:55 Error: Bone slot_backwpnl doesn't exist in skeleton OFP2_ManSkeleton
12:18:55 Error: Bone slot_buttpack doesn't exist in skeleton OFP2_ManSkeleton
12:18:55 Error: Bone hips doesn't exist in skeleton OFP2_ManSkeleton
12:18:55 Error: Bone headcutscene doesn't exist in skeleton OFP2_ManSkeleton
12:18:55 Error: Bone slot_backpack doesn't exist in skeleton OFP2_ManSkeleton
12:18:55 Error: Bone slot_backwpnr doesn't exist in skeleton OFP2_ManSkeleton
12:18:55 Error: Bone slot_backwpnl doesn't exist in skeleton OFP2_ManSkeleton
12:18:55 Error: Bone slot_buttpack doesn't exist in skeleton OFP2_ManSkeleton
12:18:55 Error: Bone slot_backwpnl doesn't exist in skeleton OFP2_ManSkeleton
12:18:55 Error: Bone slot_backwpnr doesn't exist in skeleton OFP2_ManSkeleton
12:18:55 Error: Bone slot_backpack doesn't exist in skeleton OFP2_ManSkeleton
12:18:55 Error: Bone slot_buttpack doesn't exist in skeleton OFP2_ManSkeleton
12:18:55 Error: Bone slot_patrolwpn doesn't exist in skeleton OFP2_ManSkeleton
12:18:55 Warning: looped for animation: a3\anims_f_epa\data\anim\sdr\cts\hubcleaned\briefing\hubbriefing_loop.rtm differs (looped now 1)! MoveName: hubbriefing_loop
12:18:55 Warning: looped for animation: a3\anims_f_epa\data\anim\sdr\cts\hubcleaned\briefing\hubbriefing_loop.rtm differs (looped now 0)! MoveName: hubbriefing_ext
12:18:55 Warning: looped for animation: a3\anims_f_epa\data\anim\sdr\cts\hubcleaned\spectator\hubspectator_stand.rtm differs (looped now 0)! MoveName: hubspectator_stand
12:18:55 Warning: looped for animation: a3\anims_f\data\anim\sdr\inj\healing\ainvpknlmstpsnonwnondr_medic3.rtm differs (looped now 1)! MoveName: ainvpknlmstpsnonwnondr_medic3
12:18:55 Warning: looped for animation: a3\anims_f\data\anim\sdr\inj\healing\ainvpknlmstpsnonwnondr_medic0.rtm differs (looped now 0)! MoveName: ainvpknlmstpsnonwnondr_medic0
12:18:55 MovesType CfgMovesMaleSdr load time 1054.0 ms
12:18:55 Initializing Steam server - Game Port: 2312, Steam Query Port: 2313
12:18:55 Steam AppId in current environment: 107410
12:18:57 Connected to Steam servers
12:18:59 Mission Zeus_Kunduz_River.kunduz_valley: Missing 'description.ext::Header'
12:18:59 Server: SetServerState to ASSIGNING ROLES
12:19:00 Server error: Player without identity OCS D.Lotus (id 748135938)
12:19:00 Server error: Player without identity OCS D.Lotus (id 748135938)
12:19:00 Server error: Player without identity OCS D.Lotus (id 748135938)
12:19:00 Server error: Player without identity OCS D.Lotus (id 748135938)
12:19:00 Server error: Player without identity OCS D.Lotus (id 748135938)
12:19:00 Server error: Player without identity OCS D.Lotus (id 748135938)
12:19:00 Server error: Player without identity OCS D.Lotus (id 748135938)
12:19:00 Server error: Player without identity OCS D.Lotus (id 748135938)
12:19:00 Server error: Player without identity OCS D.Lotus (id 748135938)
12:19:00 Server error: Player without identity OCS D.Lotus (id 748135938)
12:19:00 Server error: Player without identity OCS D.Lotus (id 748135938)
12:19:00 Server error: Player without identity OCS D.Lotus (id 748135938)
12:19:00 Server error: Player without identity OCS D.Lotus (id 748135938)
12:19:00 Server error: Player without identity OCS D.Lotus (id 748135938)
12:19:00 Server error: Player without identity OCS D.Lotus (id 748135938)
12:19:00 Server error: Player without identity OCS D.Lotus (id 748135938)
12:19:00 Server error: Player without identity OCS D.Lotus (id 748135938)
12:19:01 Server error: Player without identity OCS D.Lotus (id 748135938)
12:19:01 Server error: Player without identity OCS D.Lotus (id 748135938)
12:19:01 Server error: Player without identity OCS D.Lotus (id 748135938)
12:19:01 Server error: Player without identity OCS D.Lotus (id 748135938)
12:19:01 Server error: Player without identity OCS D.Lotus (id 748135938)
12:19:01 Server error: Player without identity OCS D.Lotus (id 748135938)
12:19:01 Server error: Player without identity OCS D.Lotus (id 748135938)
12:19:01 Server error: Player without identity OCS D.Lotus (id 748135938)
12:19:01 Server error: Player without identity OCS D.Lotus (id 748135938)
12:19:01 Server error: Player without identity OCS D.Lotus (id 748135938)
12:19:01 Server error: Player without identity OCS D.Lotus (id 748135938)
12:19:01 Server error: Player without identity OCS D.Lotus (id 748135938)
12:19:01 Server error: Player without identity OCS D.Lotus (id 748135938)
12:19:01 Server error: Player without identity OCS D.Lotus (id 748135938)
12:19:01 Server error: Player without identity OCS D.Lotus (id 748135938)
12:19:01 Server error: Player without identity OCS D.Lotus (id 748135938)
12:19:01 Server error: Player without identity OCS D.Lotus (id 748135938)
12:19:01 Server error: Player without identity OCS D.Lotus (id 748135938)
12:19:01 Warning: Wrong data in squad.xml for Player[OCS D.Lotus], Squad[https://3rdinf.us/squad.xml]
12:19:01 Server error: Player without identity OCS D.Lotus (id 748135938)
12:19:01 Server error: Player without identity OCS D.Lotus (id 748135938)
12:19:01 Server error: Player without identity OCS D.Lotus (id 748135938)
12:19:01 Server error: Player without identity OCS D.Lotus (id 748135938)
12:19:01 Server error: Player without identity OCS D.Lotus (id 748135938)
12:19:01 Server error: Player without identity OCS D.Lotus (id 748135938)
12:19:01 Server error: Player without identity OCS D.Lotus (id 748135938)
12:19:01 Server error: Player without identity OCS D.Lotus (id 748135938)
12:19:01 Server error: Player without identity OCS D.Lotus (id 748135938)
12:19:01 Server error: Player without identity OCS D.Lotus (id 748135938)
12:19:01 Server error: Player without identity OCS D.Lotus (id 748135938)
12:19:01 Server error: Player without identity OCS D.Lotus (id 748135938)
12:19:01 Server error: Player without identity OCS D.Lotus (id 748135938)
12:19:01 Server error: Player without identity OCS D.Lotus (id 748135938)
12:19:01 Server error: Player without identity OCS D.Lotus (id 748135938)
12:19:01 Server error: Player without identity OCS D.Lotus (id 748135938)
12:19:01 Server error: Player without identity OCS D.Lotus (id 748135938)
12:19:01 Server error: Player without identity OCS D.Lotus (id 748135938)
12:19:01 Server error: Player without identity OCS D.Lotus (id 748135938)
12:19:01 Server error: Player without identity OCS D.Lotus (id 748135938)
12:19:01 Server error: Player without identity OCS D.Lotus (id 748135938)
12:19:01 Server error: Player without identity OCS D.Lotus (id 748135938)
12:19:01 Server error: Player without identity OCS D.Lotus (id 748135938)
12:19:01 Server error: Player without identity OCS D.Lotus (id 748135938)
12:19:01 Server error: Player without identity OCS D.Lotus (id 748135938)
12:19:01 Server error: Player without identity OCS D.Lotus (id 748135938)
12:19:01 Server error: Player without identity OCS D.Lotus (id 748135938)
12:19:02 Server error: Player without identity OCS D.Lotus (id 748135938)
12:19:02 Server error: Player without identity OCS D.Lotus (id 748135938)
12:19:16 Admin logged in, player: OCS D.Lotus, playerUID: 76561198046799420, IP: 192.168.0.134:2304.
12:19:19 Server: SetServerState to SELECTING MISSION
12:19:19 File dialogs.hpp, line 56: '/3rd_dialog_Place/controls/3rd_close.action': Missing ';' prior '}'
12:19:19 File dialogs.hpp, line 198: '/3rd_dialog_Remove/controls/3rd_close.action': Missing ';' prior '}'
12:19:19 Unsupported language English in stringtable
12:19:19  ➥ Context: kp_liberation.Altis.pbo
12:19:19 mpmissions\kp_liberation.Altis: string @STR_MISSION_TITLE cannot be localized client-side - move to global stringtable
12:19:19 mpmissions\kp_liberation.Altis: string @STR_MISSION_DESCRIPTION cannot be localized client-side - move to global stringtable
12:19:19 File dialogs.hpp, line 56: '/3rd_dialog_Place/controls/3rd_close.action': Missing ';' prior '}'
12:19:19 File dialogs.hpp, line 198: '/3rd_dialog_Remove/controls/3rd_close.action': Missing ';' prior '}'
12:19:20 Server can't keep up, too many incoming network messages. Remaining in queue: 14
12:19:42 Server: SetServerState to SELECTING MISSION
12:19:42 Unsupported language English in stringtable
12:19:42 mpmissions\kp_liberation.Altis: string @STR_MISSION_TITLE cannot be localized client-side - move to global stringtable
12:19:42 Unsupported language English in stringtable
12:19:42  ➥ Context: mpmissions\__cur_mp.Altis\stringtable.xml
12:19:42 @STR_MISSION_TITLE: string @STR_MISSION_TITLE cannot be localized client-side - move to global stringtable
12:19:42 CTI 34 KP Liberation Altis v0.96.7a: string @STR_MISSION_DESCRIPTION cannot be localized client-side - move to global stringtable
12:19:42 Mission kp_liberation.Altis: Number of roles (37) is different from 'description.ext::Header::maxPlayer' (34)
12:19:42 Server: SetServerState to ASSIGNING ROLES
12:19:49 Server: SetServerState to SENDING MISSION
12:19:49 Server: SetServerState to LOADING GAME
12:19:49 Starting mission:
12:19:49  Mission file: kp_liberation (__cur_mp)
12:19:49  Mission world: Altis
12:19:49  Mission directory: mpmissions\__cur_mp.Altis\
12:19:52 Strange convex component202 in a3\structures_f\households\house_small01\d_house_small_01_v1_f.p3d:geometryView
12:19:52 Strange convex component203 in a3\structures_f\households\house_small01\d_house_small_01_v1_f.p3d:geometryView
12:19:52 Strange convex component145 in a3\plants_f\tree\t_pinuss2s_b_f.p3d:geometryView
12:19:52 Strange convex component149 in a3\plants_f\tree\t_pinuss2s_b_f.p3d:geometryView
12:19:52 Strange convex component114 in a3\structures_f\households\house_big01\u_house_big_01_v1_f.p3d:geometryView
12:19:54 "_641fb88761ae466a9e5954b4eff0ed26/BIS_fnc_log: [BIS_fnc_preload] ----- Initializing scripts in kp_liberation -----"
12:19:54 "_641fb88761ae466a9e5954b4eff0ed26/BIS_fnc_log: [recompile] recompile BIS_fnc_missionTasksLocal"
12:19:54 "_641fb88761ae466a9e5954b4eff0ed26/BIS_fnc_log: [recompile] recompile BIS_fnc_missionConversationsLocal"
12:19:54 "_641fb88761ae466a9e5954b4eff0ed26/BIS_fnc_log: [recompile] recompile BIS_fnc_missionFlow"
12:19:54 "_641fb88761ae466a9e5954b4eff0ed26/BIS_fnc_log: [preInit] BIS_fnc_feedbackMain (0 ms)"
12:19:54 "_641fb88761ae466a9e5954b4eff0ed26/BIS_fnc_log: [preInit] BIS_fnc_missionHandlers (0 ms)"
12:19:54 "_641fb88761ae466a9e5954b4eff0ed26/BIS_fnc_log: [preInit] BIS_fnc_storeParamsValues (0 ms)"
12:19:54 "_641fb88761ae466a9e5954b4eff0ed26/BIS_fnc_log: [preInit] ""DeltaTime computation started"""
12:19:54 "_641fb88761ae466a9e5954b4eff0ed26/BIS_fnc_log: [preInit] BIS_fnc_keyframeAnimation_deltaTime (0 ms)"
12:19:54 "_641fb88761ae466a9e5954b4eff0ed26/BIS_fnc_log: [preInit] BIS_fnc_getServerVariable (0 ms)"
12:19:54 "_641fb88761ae466a9e5954b4eff0ed26/BIS_fnc_log: [preInit] BIS_fnc_OM_HandleMapControls (0 ms)"
12:19:54 "_641fb88761ae466a9e5954b4eff0ed26/BIS_fnc_log: [BIS_fnc_OM_moduleSmartMarkers] Error: SmartMarker system has not been yet initialized."
12:19:54 "_641fb88761ae466a9e5954b4eff0ed26/BIS_fnc_log: [preInit] BIS_fnc_OM_moduleSmartMarkers (0 ms)"
12:19:54 [CBA] (xeh) INFO: [20727,78.263,0] PreInit started. v3.18.4.250711
12:19:54 [CBA] (xeh) WARNING: One or more children of class CAManBase do not support Extended Event Handlers. Fall back to loop.
12:19:54 [CBA] (settings) INFO: Reading settings from settings file.
12:19:54 [CBA] (settings) INFO: Finished reading settings from settings file.
12:19:54 [ACE] (common) INFO: Parsed Settings Configs [0.0 ms]
12:19:54 Attempt to override final function - ace_medical_engine_fnc_updatedamageeffects
12:19:54 Attempt to override final function - ace_medical_status_fnc_addmedicationadjustment
12:19:54 Attempt to override final function - ace_medical_status_fnc_getbloodpressure
12:19:54 Attempt to override final function - ace_medical_status_fnc_hasstablevitals
12:19:54 Attempt to override final function - ace_medical_vitals_fnc_handleunitvitals
12:19:54 Attempt to override final function - ace_medical_vitals_fnc_updateheartrate
12:19:54 Attempt to override final function - ace_dogtags_fnc_cancheckdogtag
12:19:54 Attempt to override final function - ace_dogtags_fnc_getdogtagdata
12:19:54 Attempt to override final function - ace_dragging_fnc_carryobject
12:19:54 Attempt to override final function - ace_dragging_fnc_handleunconscious
12:19:54 Attempt to override final function - ace_medical_fnc_setunconscious
12:19:54 Attempt to override final function - ace_medical_statemachine_fnc_conditionexecutiondeath
12:19:54 Attempt to override final function - ace_medical_statemachine_fnc_conditionsecondchance
12:19:54 Attempt to override final function - ace_medical_treatment_fnc_cprsuccess
12:19:54 Attempt to override final function - ace_medical_treatment_fnc_cprlocal
12:19:54 Attempt to override final function - ace_medical_treatment_fnc_medicationlocal
12:19:54 Attempt to override final function - ace_medical_treatment_fnc_tourniquetremove
12:19:54 Attempt to override final function - ace_medical_treatment_fnc_treatment
12:19:54 Attempt to override final function - ace_medical_treatment_fnc_treatmentsuccess
12:19:54 Attempt to override final function - ace_medical_treatment_fnc_useitem
12:19:55 Attempt to override final function - ace_medical_gui_fnc_menupfh
12:19:55 Attempt to override final function - ace_medical_gui_fnc_onmenuclose
12:19:55 Attempt to override final function - ace_medical_gui_fnc_onmenuopen
12:19:55 Attempt to override final function - ace_medical_gui_fnc_updatebodyimage
12:19:55 Attempt to override final function - ace_medical_gui_fnc_updatecategories
12:19:55 Attempt to override final function - ace_medical_gui_fnc_updateinjurylist
12:19:55 [CBA] (xeh) INFO: [20727,78.925,0] PreInit finished.
12:19:55 "_641fb88761ae466a9e5954b4eff0ed26/BIS_fnc_log: [preInit] CBA_fnc_preInit (662.003 ms)"
12:19:55 "_641fb88761ae466a9e5954b4eff0ed26/BIS_fnc_log: [preInit] KPPLM_fnc_preInit (0 ms)"
12:19:55 Strange convex component16 in a3\boat_f_jets\carrier_01\carrier_01_hull_05_2_f.p3d:geometry
12:19:55 Strange convex component17 in a3\boat_f_jets\carrier_01\carrier_01_hull_05_2_f.p3d:geometry
12:19:55 Strange convex component197 in a3\boat_f_jets\carrier_01\carrier_01_hull_06_2_f.p3d:geometryFire
12:19:55 Strange convex component199 in a3\boat_f_jets\carrier_01\carrier_01_hull_06_2_f.p3d:geometryFire
12:19:55 Strange convex component41 in a3\boat_f_jets\carrier_01\carrier_01_hull_09_1_f.p3d:geometryView
12:19:55 Strange convex component42 in a3\boat_f_jets\carrier_01\carrier_01_hull_09_1_f.p3d:geometryView
12:19:55 Strange convex component43 in a3\boat_f_jets\carrier_01\carrier_01_hull_09_1_f.p3d:geometryView
12:19:55 Strange convex component44 in a3\boat_f_jets\carrier_01\carrier_01_hull_09_1_f.p3d:geometryView
12:19:55 Strange convex component45 in a3\boat_f_jets\carrier_01\carrier_01_hull_09_1_f.p3d:geometryView
12:19:55 Strange convex component46 in a3\boat_f_jets\carrier_01\carrier_01_hull_09_1_f.p3d:geometryView
12:19:55 [KPLIB] [MOD] ACE detected. Deactivating resupply script from Liberation.
12:19:55 [KPLIB] [PARAM] ----- Server starts parameter initialization
12:19:55 [KPLIB] [PARAM] Save/Load is set to LOAD
12:19:55 [KPLIB] [PARAM] --- Mission Options ---
12:19:55 [KPLIB] [PARAM] Unitcap: 2
12:19:55 [KPLIB] [PARAM] Difficulty: 2
12:19:55 [KPLIB] [PARAM] Aggressivity: 2
12:19:55 [KPLIB] [PARAM] AdaptToPlayercount: true
12:19:55 [KPLIB] [PARAM] Civilians: 2
12:19:55 [KPLIB] [PARAM] FirstFob: false
12:19:55 [KPLIB] [PARAM] FirstFobVehicle: false
12:19:55 [KPLIB] [PARAM] MaximumFobs: 10
12:19:55 [KPLIB] [PARAM] MaxSquadSize: 12
12:19:55 [KPLIB] [PARAM] BluforDefenders: true
12:19:55 [KPLIB] [PARAM] Autodanger: true
12:19:55 [KPLIB] [PARAM] DayDuration: 4
12:19:55 [KPLIB] [PARAM] ShorterNights: false
12:19:55 [KPLIB] [PARAM] Weather: 3
12:19:55 [KPLIB] [PARAM] VanillaFog: true
12:19:55 [KPLIB] [PARAM] ResourcesMultiplier: 3
12:19:55 [KPLIB] [PARAM] ArsenalType: false
12:19:55 [KPLIB] [PARAM] DirectArsenal: false
12:19:55 [KPLIB] [PARAM] PlayerMenu: true
12:19:55 [KPLIB] [PARAM] VictoryCondition: 1
12:19:55 [KPLIB] [PARAM] ACE Medical detected. Deactivating BI Revive System.
12:19:55 [KPLIB] [PARAM] --- Gameplay Options ---
12:19:55 [KPLIB] [PARAM] Fatigue: true
12:19:55 [KPLIB] [PARAM] WeaponSway: true
12:19:55 [KPLIB] [PARAM] ArsenalUsePreset: true
12:19:55 [KPLIB] [PARAM] MapMarkers: true
12:19:55 [KPLIB] [PARAM] MobileRespawn: true
12:19:55 [KPLIB] [PARAM] RespawnCooldown: 600
12:19:55 [KPLIB] [PARAM] MobileArsenal: true
12:19:55 [KPLIB] [PARAM] AttackedSectorRespawn: false
12:19:55 [KPLIB] [PARAM] AiLogistics: true
12:19:55 [KPLIB] [PARAM] CR_Building: false
12:19:55 [KPLIB] [PARAM] HaloJump: 5
12:19:55 [KPLIB] [PARAM] ClearCargo: true
12:19:55 [KPLIB] [PARAM] AllowEnemiesInImmobile: 50
12:19:55 [KPLIB] [PARAM] DelayDespawnMax: 5
12:19:55 [KPLIB] [PARAM] LimitedZeus: true
12:19:55 [KPLIB] [PARAM] CommanderZeus: true
12:19:55 [KPLIB] [PARAM] ZeusAddEnemies: false
12:19:55 [KPLIB] [PARAM] HighCommand: true
12:19:55 [KPLIB] [PARAM] SuppMod: 1
12:19:55 [KPLIB] [PARAM] Tutorial: true
12:19:55 [KPLIB] [PARAM] --- Technical Options ---
12:19:55 [KPLIB] [PARAM] Permissions: true
12:19:55 [KPLIB] [PARAM] CleanupVehicles: 2
12:19:55 [KPLIB] [PARAM] Introduction: true
12:19:55 [KPLIB] [PARAM] DeploymentCinematic: true
12:19:55 [KPLIB] [PARAM] Whitelist: false
12:19:55 [KPLIB] [PARAM] ServerRestart: 0
12:19:55 [KPLIB] [PARAM] ----- Server finished parameter initialization - Time needed: 0.0019989 seconds
12:19:55 Client OCS D.Lotus - client's ticket has become invalid. Code: 6
12:19:55 NetServer: cannot find channel #748135938, users.card=0
12:19:55 Message not sent - error 0, message ID = ffffffff, to 748135938 (OCS D.Lotus)
12:19:55 [KPLIB] [PRESETS] ----- Server starts preset initialization -----
12:19:55 [KPLIB] [PRESETS] Not found vehicles listed below are not an issue in general. It just sorts out vehicles from not loaded mods.
12:19:55 [KPLIB] [PRESETS] Only if you e.g. use a CUP preset and you get messages about missing CUP classes, then check your loaded mods.
12:19:55 [KPLIB] [PRESETS] BWA3_Eagle_Fleck not found in CfgVehicles
12:19:55 [KPLIB] [PRESETS] BWA3_Eagle_FLW100_Fleck not found in CfgVehicles
12:19:55 [KPLIB] [PRESETS] BWA3_Puma_Fleck not found in CfgVehicles
12:19:55 [KPLIB] [PRESETS] CUP_B_Challenger2_NATO not found in CfgVehicles
12:19:55 [KPLIB] [PRESETS] BWA3_Leopard2_Fleck not found in CfgVehicles
12:19:55 [KPLIB] [PRESETS] BWA3_Tiger_RMK_Universal not found in CfgVehicles
12:19:55 [KPLIB] [PRESETS] USAF_C130J not found in CfgVehicles
12:19:55 [KPLIB] [PRESETS] USAF_C130J_Cargo not found in CfgVehicles
12:19:55 [KPLIB] [PRESETS] USAF_C17 not found in CfgVehicles
12:19:55 [KPLIB] [PRESETS] usaf_kc135 not found in CfgVehicles
12:19:55 [KPLIB] [PRESETS] USAF_RQ4A not found in CfgVehicles
12:19:55 [KPLIB] [PRESETS] USAF_MQ9 not found in CfgVehicles
12:19:55 [KPLIB] [PRESETS] USAF_A10 not found in CfgVehicles
12:19:55 [KPLIB] [PRESETS] FIR_F15C not found in CfgVehicles
12:19:55 [KPLIB] [PRESETS] FIR_F15D not found in CfgVehicles
12:19:55 [KPLIB] [PRESETS] FIR_F15E not found in CfgVehicles
12:19:55 [KPLIB] [PRESETS] JS_JC_FA18E not found in CfgVehicles
12:19:55 [KPLIB] [PRESETS] JS_JC_FA18F not found in CfgVehicles
12:19:55 [KPLIB] [PRESETS] USAF_F22 not found in CfgVehicles
12:19:55 [KPLIB] [PRESETS] USAF_F22_EWP_AA not found in CfgVehicles
12:19:55 [KPLIB] [PRESETS] USAF_F22_EWP_AG not found in CfgVehicles
12:19:55 [KPLIB] [PRESETS] USAF_F22_Heavy not found in CfgVehicles
12:19:55 [KPLIB] [PRESETS] USAF_F35A_STEALTH not found in CfgVehicles
12:19:55 [KPLIB] [PRESETS] USAF_F35A not found in CfgVehicles
12:19:55 [KPLIB] [PRESETS] BWA3_Flag_Ger_F not found in CfgVehicles
12:19:55 [KPLIB] [PRESETS] USAF_missileCart_W_AGM114 not found in CfgVehicles
12:19:55 [KPLIB] [PRESETS] USAF_missileCart_AGMMix not found in CfgVehicles
12:19:55 [KPLIB] [PRESETS] USAF_missileCart_AGM1 not found in CfgVehicles
12:19:55 [KPLIB] [PRESETS] USAF_missileCart_AGM2 not found in CfgVehicles
12:19:55 [KPLIB] [PRESETS] USAF_missileCart_AGM3 not found in CfgVehicles
12:19:55 [KPLIB] [PRESETS] USAF_missileCart_AA1 not found in CfgVehicles
12:19:55 [KPLIB] [PRESETS] USAF_missileCart_AA2 not found in CfgVehicles
12:19:55 [KPLIB] [PRESETS] USAF_missileCart_GBU12_green not found in CfgVehicles
12:19:55 [KPLIB] [PRESETS] USAF_missileCart_GBU12_maritime not found in CfgVehicles
12:19:55 [KPLIB] [PRESETS] USAF_missileCart_GBU12 not found in CfgVehicles
12:19:55 [KPLIB] [PRESETS] USAF_missileCart_Gbu31 not found in CfgVehicles
12:19:55 [KPLIB] [PRESETS] USAF_missileCart_GBU39 not found in CfgVehicles
12:19:55 [KPLIB] [PRESETS] USAF_missileCart_Mk82 not found in CfgVehicles
12:19:55 [KPLIB] [PRESETS] CUP_B_TowingTractor_NATO not found in CfgVehicles
12:19:55 [KPLIB] [PRESETS] BWA3_Leopard2_Fleck not found in CfgVehicles
12:19:55 [KPLIB] [PRESETS] BWA3_Tiger_RMK_Universal not found in CfgVehicles
12:19:55 [KPLIB] [PRESETS] USAF_MQ9 not found in CfgVehicles
12:19:55 [KPLIB] [PRESETS] USAF_A10 not found in CfgVehicles
12:19:55 [KPLIB] [PRESETS] USAF_F22 not found in CfgVehicles
12:19:55 [KPLIB] [PRESETS] USAF_F22_EWP_AA not found in CfgVehicles
12:19:55 [KPLIB] [PRESETS] USAF_F22_EWP_AG not found in CfgVehicles
12:19:55 [KPLIB] [PRESETS] USAF_F22_Heavy not found in CfgVehicles
12:19:55 [KPLIB] [PRESETS] USAF_F35A_STEALTH not found in CfgVehicles
12:19:55 [KPLIB] [PRESETS] USAF_F35A not found in CfgVehicles
12:19:55 [KPLIB] [PRESETS] FIR_F15C not found in CfgVehicles
12:19:55 [KPLIB] [PRESETS] FIR_F15D not found in CfgVehicles
12:19:55 [KPLIB] [PRESETS] FIR_F15E not found in CfgVehicles
12:19:55 [KPLIB] [PRESETS] JS_JC_FA18E not found in CfgVehicles
12:19:55 [KPLIB] [PRESETS] JS_JC_FA18F not found in CfgVehicles
12:19:55 [KPLIB] [PRESETS] BW_AW101_Trans_Heer_F not found in CfgVehicles
12:19:55 [KPLIB] [PRESETS] BW_LKW7T_Trans_F not found in CfgVehicles
12:19:55 [KPLIB] [PRESETS] CUP_B_C130J_Cargo_USMC not found in CfgVehicles
12:19:55 [KPLIB] [PRESETS] CUP_B_CH47F_GB not found in CfgVehicles
12:19:55 [KPLIB] [PRESETS] CUP_B_CH47F_USA not found in CfgVehicles
12:19:55 [KPLIB] [PRESETS] CUP_B_CH53E_USMC not found in CfgVehicles
12:19:55 [KPLIB] [PRESETS] CUP_B_Kamaz_CDF not found in CfgVehicles
12:19:55 [KPLIB] [PRESETS] CUP_B_Kamaz_Open_CDF not found in CfgVehicles
12:19:55 [KPLIB] [PRESETS] CUP_B_Mi17_CDF not found in CfgVehicles
12:19:55 [KPLIB] [PRESETS] CUP_B_Mi171Sh_ACR not found in CfgVehicles
12:19:55 [KPLIB] [PRESETS] CUP_B_Mi171Sh_Unarmed_ACR not found in CfgVehicles
12:19:55 [KPLIB] [PRESETS] CUP_B_MI6A_CDF not found in CfgVehicles
12:19:55 [KPLIB] [PRESETS] CUP_B_MTVR_USA not found in CfgVehicles
12:19:55 [KPLIB] [PRESETS] CUP_B_MTVR_USMC not found in CfgVehicles
12:19:55 [KPLIB] [PRESETS] CUP_B_MV22_USMC_RAMPGUN not found in CfgVehicles
12:19:55 [KPLIB] [PRESETS] CUP_B_MV22_USMC not found in CfgVehicles
12:19:55 [KPLIB] [PRESETS] CUP_B_MV22_VIV_USMC not found in CfgVehicles
12:19:55 [KPLIB] [PRESETS] CUP_B_T810_Armed_CZ_DES not found in CfgVehicles
12:19:55 [KPLIB] [PRESETS] CUP_B_T810_Armed_CZ_WDL not found in CfgVehicles
12:19:55 [KPLIB] [PRESETS] CUP_B_T810_Unarmed_CZ_DES not found in CfgVehicles
12:19:55 [KPLIB] [PRESETS] CUP_B_T810_Unarmed_CZ_WDL not found in CfgVehicles
12:19:55 [KPLIB] [PRESETS] CUP_B_Ural_CDF not found in CfgVehicles
12:19:55 [KPLIB] [PRESETS] CUP_B_Ural_Open_CDF not found in CfgVehicles
12:19:55 [KPLIB] [PRESETS] CUP_B_Wolfhound_GMG_GB_D not found in CfgVehicles
12:19:55 [KPLIB] [PRESETS] CUP_B_Wolfhound_GMG_GB_W not found in CfgVehicles
12:19:55 [KPLIB] [PRESETS] CUP_B_Wolfhound_HMG_GB_D not found in CfgVehicles
12:19:55 [KPLIB] [PRESETS] CUP_B_Wolfhound_HMG_GB_W not found in CfgVehicles
12:19:55 [KPLIB] [PRESETS] CUP_B_Wolfhound_LMG_GB_D not found in CfgVehicles
12:19:55 [KPLIB] [PRESETS] CUP_B_Wolfhound_LMG_GB_W not found in CfgVehicles
12:19:55 [KPLIB] [PRESETS] CUP_C_Ural_Civ_01 not found in CfgVehicles
12:19:55 [KPLIB] [PRESETS] CUP_C_Ural_Civ_03 not found in CfgVehicles
12:19:55 [KPLIB] [PRESETS] CUP_C_Ural_Open_Civ_03 not found in CfgVehicles
12:19:55 [KPLIB] [PRESETS] CUP_O_Kamaz_Open_RU not found in CfgVehicles
12:19:55 [KPLIB] [PRESETS] CUP_O_Kamaz_RU not found in CfgVehicles
12:19:55 [KPLIB] [PRESETS] CUP_O_Ural_CHDKZ not found in CfgVehicles
12:19:55 [KPLIB] [PRESETS] CUP_O_Ural_Open_CHDKZ not found in CfgVehicles
12:19:55 [KPLIB] [PRESETS] CUP_O_Ural_Open_SLA not found in CfgVehicles
12:19:55 [KPLIB] [PRESETS] CUP_O_Ural_Open_TKA not found in CfgVehicles
12:19:55 [KPLIB] [PRESETS] CUP_O_Ural_SLA not found in CfgVehicles
12:19:55 [KPLIB] [PRESETS] CUP_O_Ural_TKA not found in CfgVehicles
12:19:55 [KPLIB] [PRESETS] CUP_O_Mi8_SLA_1 not found in CfgVehicles
12:19:55 [KPLIB] [PRESETS] CUP_O_MI6A_CHDKZ not found in CfgVehicles
12:19:55 [KPLIB] [PRESETS] CUP_O_MI6A_TKA not found in CfgVehicles
12:19:55 [KPLIB] [PRESETS] CUP_O_C130J_Cargo_TKA not found in CfgVehicles
12:19:55 [KPLIB] [PRESETS] gm_gc_army_ural4320_cargo_win not found in CfgVehicles
12:19:55 [KPLIB] [PRESETS] gm_gc_army_ural4320_cargo not found in CfgVehicles
12:19:55 [KPLIB] [PRESETS] gm_gc_bgs_ural4320_cargo not found in CfgVehicles
12:19:55 [KPLIB] [PRESETS] gm_ge_army_kat1_451_container_win not found in CfgVehicles
12:19:55 [KPLIB] [PRESETS] gm_ge_army_kat1_451_container not found in CfgVehicles
12:19:55 [KPLIB] [PRESETS] gm_ge_army_kat1_454_cargo_win not found in CfgVehicles
12:19:55 [KPLIB] [PRESETS] gm_ge_army_kat1_454_cargo not found in CfgVehicles
12:19:55 [KPLIB] [PRESETS] gm_ge_army_u1300l_container_win not found in CfgVehicles
12:19:55 [KPLIB] [PRESETS] gm_ge_army_u1300l_container not found in CfgVehicles
12:19:55 [KPLIB] [PRESETS] greuh_eh101_gr not found in CfgVehicles
12:19:55 [KPLIB] [PRESETS] sfp_tgb30 not found in CfgVehicles
12:19:55 [KPLIB] [PRESETS] sfp_tgb40 not found in CfgVehicles
12:19:55 [KPLIB] [PRESETS] UK3CB_BAF_Merlin_HC3_18_DPMT not found in CfgVehicles
12:19:55 [KPLIB] [PRESETS] UK3CB_BAF_Merlin_HC3_32_MTP not found in CfgVehicles
12:19:55 [KPLIB] [PRESETS] UK3CB_BAF_Merlin_HC3_CSAR_MTP not found in CfgVehicles
12:19:55 [KPLIB] [PRESETS] UK3CB_BAF_Merlin_HC4_18_Arctic not found in CfgVehicles
12:19:55 [KPLIB] [PRESETS] UK3CB_BAF_Merlin_HC4_18_GPMG_Arctic not found in CfgVehicles
12:19:55 [KPLIB] [PRESETS] UK3CB_BAF_Merlin_HC4_32_Arctic not found in CfgVehicles
12:19:55 [KPLIB] [PRESETS] UK3CB_BAF_Merlin_HC4_CSAR_Arctic not found in CfgVehicles
12:19:55 [KPLIB] [PRESETS] USAF_C17 not found in CfgVehicles
12:19:55 [KPLIB] [PRESETS] USAF_C130J not found in CfgVehicles
12:19:55 [KPLIB] [PRESETS] USAF_C130J_Cargo not found in CfgVehicles
12:19:55 [KPLIB] [PRESETS] uns_M35A2_Open not found in CfgVehicles
12:19:55 [KPLIB] [PRESETS] uns_M35A2 not found in CfgVehicles
12:19:55 [KPLIB] [PRESETS] uns_m37b1 not found in CfgVehicles
12:19:55 [KPLIB] [PRESETS] uns_nvatruck_mg not found in CfgVehicles
12:19:55 [KPLIB] [PRESETS] uns_nvatruck_open not found in CfgVehicles
12:19:55 [KPLIB] [PRESETS] uns_nvatruck not found in CfgVehicles
12:19:55 [KPLIB] [PRESETS] BW_LKW15T_Ammo_F not found in CfgVehicles
12:19:55 [KPLIB] [PRESETS] CUP_B_Kamaz_Reammo_CDF not found in CfgVehicles
12:19:55 [KPLIB] [PRESETS] CUP_B_MTVR_Ammo_USA not found in CfgVehicles
12:19:55 [KPLIB] [PRESETS] CUP_B_MTVR_Ammo_USMC not found in CfgVehicles
12:19:55 [KPLIB] [PRESETS] CUP_B_T810_Reammo_CZ_DES not found in CfgVehicles
12:19:55 [KPLIB] [PRESETS] CUP_B_T810_Reammo_CZ_WDL not found in CfgVehicles
12:19:55 [KPLIB] [PRESETS] CUP_O_Kamaz_Reammo_RU not found in CfgVehicles
12:19:55 [KPLIB] [PRESETS] CUP_O_Ural_Reammo_CHDKZ not found in CfgVehicles
12:19:55 [KPLIB] [PRESETS] CUP_O_Ural_Reammo_SLA not found in CfgVehicles
12:19:55 [KPLIB] [PRESETS] CUP_O_Ural_Reammo_TKA not found in CfgVehicles
12:19:55 [KPLIB] [PRESETS] CUP_O_V3S_Rearm_TKA not found in CfgVehicles
12:19:55 [KPLIB] [PRESETS] gm_gc_army_ural4320_reammo_win not found in CfgVehicles
12:19:55 [KPLIB] [PRESETS] gm_gc_army_ural4320_reammo not found in CfgVehicles
12:19:55 [KPLIB] [PRESETS] gm_ge_army_kat1_451_reammo_win not found in CfgVehicles
12:19:55 [KPLIB] [PRESETS] gm_ge_army_kat1_451_reammo not found in CfgVehicles
12:19:55 [KPLIB] [PRESETS] sfp_tgb40_ammo not found in CfgVehicles
12:19:55 [KPLIB] [PRESETS] uns_M113_ENG not found in CfgVehicles
12:19:55 [KPLIB] [PRESETS] uns_M35A2_ammo not found in CfgVehicles
12:19:55 [KPLIB] [PRESETS] uns_motorpool1_repair not found in CfgVehicles
12:19:55 [KPLIB] [PRESETS] ----- Preset initialization finished. Time needed: 0.00699615 seconds -----
12:19:55 [KPLIB] [SUPPORTMODULES] Creating modules
12:19:55 Admin logged out, player: OCS D.Lotus, playerUID: 76561198046799420, IP: 192.168.0.134:2304.
12:19:55 d:\Bis\Source\Profile\Futura\lib\Network\networkServer.cpp NetworkServer::OnClientStateChanged:NOT IMPLEMENTED - briefing!
12:19:55 Server: SetServerState to BRIEFING
12:19:55 Server: SetServerState to SELECTING MISSION
12:19:55 [KPLIB] [MISSIONSTART] ------------------------------------
12:19:55 [KPLIB] [MISSIONSTART] Name: CTI 34 KP Liberation Altis v0.96.7a
12:19:55 [KPLIB] [MISSIONSTART] World: 
12:19:55 [KPLIB] [MISSIONSTART] Version: v0.96.7a
12:19:55 [KPLIB] [MISSIONSTART] Author: by [GREUH] Zbug & McKeewa, KP Liberation Dev Team
12:19:55 [KPLIB] [MISSIONSTART] Blufor: 0
12:19:55 [KPLIB] [MISSIONSTART] Opfor: 0
12:19:55 [KPLIB] [MISSIONSTART] Resistance: 0
12:19:55 [KPLIB] [MISSIONSTART] Civilians: 0
12:19:55 [KPLIB] [MISSIONSTART] Arsenal: 0
12:19:55 [KPLIB] [MISSIONSTART] CBA: true
12:19:55 [KPLIB] [MISSIONSTART] ACE: true
12:19:55 [KPLIB] [MISSIONSTART] KP Ranks: false
12:19:55 [KPLIB] [MISSIONSTART] ------------------------------------
12:19:55 Attempt to override final function - bis_fnc_storeparamsvalues_data
12:19:55 Warning Message: Script scripts\server\civrep\fnc\f_kp_cr_getBuildings.sqf not found
12:19:55 Warning Message: Script scripts\server\civrep\fnc\f_kp_cr_changeCR.sqf not found
12:19:55 Warning Message: Script scripts\server\civrep\fnc\f_kp_cr_liberatedSector.sqf not found
12:19:55 Warning Message: Script scripts\server\civrep\fnc\f_kp_cr_woundedAnim.sqf not found
12:19:55 Warning Message: Script scripts\server\civrep\wounded\civrep_wounded_civs.sqf not found
12:19:55 Warning Message: Script scripts\server\civrep\init_buildings.sqf not found
12:19:55 [KPLIB] [SAVE] ----- Loading save data
12:19:55 [KPLIB] [SAVE] No save wipe
12:19:55 [KPLIB] [SAVE] Save nil
12:19:55 [KPLIB] [SAVE] Additional military sectors or unlockable vehicles detected and assigned
12:19:55 [KPLIB] [SAVE] ----- Saved data loaded - Time needed: 0.0019989 seconds
12:19:55 [KPLIB] [SECTORMONITOR] Sector Monitor started
12:19:55 [KPLIB] [PRODUCTION] Production management started
12:19:55 Warning Message: Script scripts\server\asymmetric\convoy\logistic_convoy_ambush.sqf not found
12:19:55 Warning Message: Script scripts\server\asymmetric\ied\manage_asymIED.sqf not found
12:19:55 Warning Message: Script scripts\server\asymmetric\random\asym_sector_ambush.sqf not found
12:19:55 Warning Message: Script scripts\server\asymmetric\random\sector_guerilla.sqf not found
12:19:55 Warning Message: Script scripts\server\asymmetric\asymmetric_loop.sqf not found
12:19:55 Duplicate HitPoint name 'HitTurret' in 'B_Heli_Transport_03_unarmed_F'
12:19:55 Duplicate HitPoint name 'HitGun' in 'B_Heli_Transport_03_unarmed_F'
12:19:55 Duplicate HitPoint name 'HitTurret' in 'B_Heli_Transport_03_unarmed_F'
12:19:55 Duplicate HitPoint name 'HitGun' in 'B_Heli_Transport_03_unarmed_F'
12:19:55 Weather was forced to change
12:19:55 [KPLIB] [WEATHER] Set initial weather to: 0.4 - Param Value: 3 - Time: 79.737
12:19:55 [KPLIB] [WEATHER] Set next weather transition to: 0.525 - Time: 79.737
12:19:55 Creation of object L Charlie 2-6 failed, state LOGGED IN
12:19:55 Creation of object L Charlie 2-6:<Empty main subgroup> failed, state LOGGED IN
12:19:55 Client: Nonnetwork object 1bfa69ea700.
12:19:55 Client: Nonnetwork object 1bfd6269600.
12:19:55 [KPLIB] [SUPPORTMODULES] Init provider on server
12:19:55 Warning Message: Script scripts\server\civinformant\tasks\civinfo_task.sqf not found
12:19:55 Warning Message: Script scripts\server\civinformant\civinfo_loop.sqf not found
12:19:55 [KPLIB] [LOGISTIC] Logistic management started
12:19:56 "_641fb88761ae466a9e5954b4eff0ed26/BIS_fnc_log: [SUPPORTS] Warning: No units synced with provider module L Charlie 2-5:2 REMOTE"
12:19:56 Creation of object B Alpha 2-2 failed, state LOGGED IN
12:19:56 Creation of object B Alpha 2-2:<Empty main subgroup> failed, state LOGGED IN
12:19:56 Client: Nonnetwork object 1bfa8a78800.
12:19:56 Client: Nonnetwork object 1bfd6268100.
12:19:56 Ref to nonnetwork object B Alpha 2-2:1
12:19:56 Ref to nonnetwork object B Alpha 2-2:1
12:19:56 Creation of object B Alpha 2-2:1 (BIS_SUPP_HQ_WEST) failed, state LOGGED IN
12:19:56 Client: Nonnetwork object 1bfd6268100.
12:19:56 Creation of object O Alpha 1-1 failed, state LOGGED IN
12:19:56 Creation of object O Alpha 1-1:<Empty main subgroup> failed, state LOGGED IN
12:19:56 Client: Nonnetwork object 1bfa71ee500.
12:19:56 Client: Nonnetwork object 1bfd6268b80.
12:19:56 Ref to nonnetwork object O Alpha 1-1:1
12:19:56 Ref to nonnetwork object O Alpha 1-1:1
12:19:56 Creation of object O Alpha 1-1:1 (BIS_SUPP_HQ_EAST) failed, state LOGGED IN
12:19:56 Client: Nonnetwork object 1bfd6268b80.
12:19:56 Creation of object R Alpha 1-1 failed, state LOGGED IN
12:19:56 Creation of object R Alpha 1-1:<Empty main subgroup> failed, state LOGGED IN
12:19:56 Client: Nonnetwork object 1bfa922d900.
12:19:56 Client: Nonnetwork object 1bfd6694f00.
12:19:56 Ref to nonnetwork object R Alpha 1-1:1
12:19:56 Ref to nonnetwork object R Alpha 1-1:1
12:19:56 Creation of object R Alpha 1-1:1 (BIS_SUPP_HQ_GUER) failed, state LOGGED IN
12:19:56 Client: Nonnetwork object 1bfd6694f00.
12:19:56 "_641fb88761ae466a9e5954b4eff0ed26/BIS_fnc_log: [module] zen_modules_fnc_bi_moduleCurator (387.001 ms)"
12:19:56 "_641fb88761ae466a9e5954b4eff0ed26/BIS_fnc_log: [module] BIS_fnc_moduleCuratorSetAttributes (22.995 ms)"
12:19:56 "_641fb88761ae466a9e5954b4eff0ed26/BIS_fnc_log: [module] BIS_fnc_moduleCuratorSetAttributes (22.995 ms)"
12:19:56 "_641fb88761ae466a9e5954b4eff0ed26/BIS_fnc_log: [module] BIS_fnc_moduleCuratorSetAttributes (22.995 ms)"
12:19:56 "_641fb88761ae466a9e5954b4eff0ed26/BIS_fnc_log: [postInit] BIS_fnc_missionFlow (0 ms)"
12:19:56 "_641fb88761ae466a9e5954b4eff0ed26/BIS_fnc_log: [postInit] BIS_fnc_initParams (1.00708 ms)"
12:19:56 "_641fb88761ae466a9e5954b4eff0ed26/BIS_fnc_log: [postInit] BIS_fnc_initRespawn (0 ms)"
12:19:56 "_641fb88761ae466a9e5954b4eff0ed26/BIS_fnc_log: [postInit] BIS_fnc_keyframeAnimation_init (1.9989 ms)"
12:19:56 "Advanced Sling Loading Loading..."
12:19:56 "Advanced Sling Loading Loaded"
12:19:56 "_641fb88761ae466a9e5954b4eff0ed26/BIS_fnc_log: [postInit] SA_fnc_advancedSlingLoadingInit (0 ms)"
12:19:56 "_641fb88761ae466a9e5954b4eff0ed26/BIS_fnc_log: [postInit] CUP_fnc_emissiveLights (0 ms)"
12:19:56 [CBA] (xeh) INFO: [20741,80.197,0] PostInit started. MISSIONINIT: missionName=, missionVersion=54, worldName=, isMultiplayer=true, isServer=true, isDedicated=true, CBA_isHeadlessClient=false, hasInterface=false, didJIP=false
12:19:56 [CBA] (versioning) INFO: [20741,80.33,0] VERSIONING:cba=3.18.4.250711, zen=1.15.1.36, ace=3.20.0.104, tfar=1.-1.0.334, ctab=2.3.0.0, kat=3.1.2, zeus_additions=1.6.10.0
12:19:56 [ACE] (common) INFO: ACE is version 3.20.0.104 - CBA is version 3.18.4.250711 (min required 3.18.2)
12:19:56 [ZEUS_ADDITIONS] (main) INFO: PostInit: didJIP: false - Functions sent: false
12:19:56 [ACE] (markinglaser) INFO: Class B_Heli_Light_01_F does not have a pilot camera nor a turret that could be equipped with an IR marking laser.
12:19:56 [ACE] (markinglaser) INFO: Class B_Heli_Transport_03_unarmed_F does not have a pilot camera nor a turret that could be equipped with an IR marking laser.
12:19:56 [CBA] (xeh) INFO: [20741,80.698,0] PostInit finished.
12:19:56 [ZEUS_ADDITIONS] (main) INFO: Init: Net mode: DedicatedServer - ZEUS_ADDITIONS loaded: true - clientOwner 2
12:19:56 [CBA] (settings) ERROR: No server settings after postInit phase.
12:19:57 [ACE] (common) INFO: Settings initialized.
12:19:57 [ACE] (common) INFO: 33 delayed functions running.
12:19:57 [ACE] (refuel) WARNING: World : ace_refuel_positions is not configured; can load slower
12:19:57 Strange convex component317 in a3\rocks_f\blunt\bluntrock_wallv.p3d:geometry
12:19:57 Strange convex component318 in a3\rocks_f\blunt\bluntrock_wallv.p3d:geometry
12:19:57 Strange convex component319 in a3\rocks_f\blunt\bluntrock_wallv.p3d:geometry
12:19:57 Strange convex component317 in a3\rocks_f\blunt\bluntrock_wallv.p3d:geometryView
12:19:57 Strange convex component318 in a3\rocks_f\blunt\bluntrock_wallv.p3d:geometryView
12:19:57 Strange convex component319 in a3\rocks_f\blunt\bluntrock_wallv.p3d:geometryView
12:20:00 Strange convex component322 in a3\structures_f\research\dome_big_f.p3d:geometryFire
12:20:00 Strange convex component327 in a3\structures_f\research\dome_big_f.p3d:geometryFire
12:20:03 "_641fb88761ae466a9e5954b4eff0ed26/BIS_fnc_log: [BIS_fnc_preload] ----- Scripts initialized at 8810 ms -----"
12:20:03 "_641fb88761ae466a9e5954b4eff0ed26/BIS_fnc_log: [postInit] CBA_fnc_postInit (6860 ms)"
12:20:03 "_641fb88761ae466a9e5954b4eff0ed26/BIS_fnc_log: [postInit] KPLIB_fnc_initCuratorHandlers (0 ms)"
12:20:05 EPE manager release (0|14|0)
12:20:06 Mission Zeus_Kunduz_River.kunduz_valley: Missing 'description.ext::Header'
12:20:06 Server: SetServerState to ASSIGNING ROLES
12:20:07 Server error: Player without identity OCS D.Lotus (id 814317611)
12:20:07 Server error: Player without identity OCS D.Lotus (id 814317611)
12:20:07 Server error: Player without identity OCS D.Lotus (id 814317611)
12:20:07 Server error: Player without identity OCS D.Lotus (id 814317611)
12:20:07 Server error: Player without identity OCS D.Lotus (id 814317611)
12:20:07 Server error: Player without identity OCS D.Lotus (id 814317611)
12:20:07 Server error: Player without identity OCS D.Lotus (id 814317611)
12:20:07 Server error: Player without identity OCS D.Lotus (id 814317611)
12:20:07 Server error: Player without identity OCS D.Lotus (id 814317611)
12:20:07 Server error: Player without identity OCS D.Lotus (id 814317611)
12:20:07 Server error: Player without identity OCS D.Lotus (id 814317611)
12:20:07 Server error: Player without identity OCS D.Lotus (id 814317611)
12:20:07 Server error: Player without identity OCS D.Lotus (id 814317611)
12:20:07 Server error: Player without identity OCS D.Lotus (id 814317611)
12:20:07 Server error: Player without identity OCS D.Lotus (id 814317611)
12:20:08 Server error: Player without identity OCS D.Lotus (id 814317611)
12:20:08 Server error: Player without identity OCS D.Lotus (id 814317611)
12:20:08 Server error: Player without identity OCS D.Lotus (id 814317611)
12:20:08 Server error: Player without identity OCS D.Lotus (id 814317611)
12:20:08 Server error: Player without identity OCS D.Lotus (id 814317611)
12:20:08 Server error: Player without identity OCS D.Lotus (id 814317611)
12:20:08 Server error: Player without identity OCS D.Lotus (id 814317611)
12:20:08 Warning: Wrong data in squad.xml for Player[OCS D.Lotus], Squad[https://3rdinf.us/squad.xml]
12:20:08 Server error: Player without identity OCS D.Lotus (id 814317611)
12:20:08 Server error: Player without identity OCS D.Lotus (id 814317611)
12:20:08 Server error: Player without identity OCS D.Lotus (id 814317611)
12:20:08 Server error: Player without identity OCS D.Lotus (id 814317611)
12:20:08 Server error: Player without identity OCS D.Lotus (id 814317611)
12:20:08 Server error: Player without identity OCS D.Lotus (id 814317611)
12:20:08 Server error: Player without identity OCS D.Lotus (id 814317611)
12:20:08 Server error: Player without identity OCS D.Lotus (id 814317611)
12:20:08 Server error: Player without identity OCS D.Lotus (id 814317611)
12:20:08 Server error: Player without identity OCS D.Lotus (id 814317611)
12:20:08 Server error: Player without identity OCS D.Lotus (id 814317611)
12:20:08 Server error: Player without identity OCS D.Lotus (id 814317611)
12:20:08 Server error: Player without identity OCS D.Lotus (id 814317611)
12:20:08 Server error: Player without identity OCS D.Lotus (id 814317611)
12:20:08 Server error: Player without identity OCS D.Lotus (id 814317611)
12:20:08 Server error: Player without identity OCS D.Lotus (id 814317611)
12:20:08 Server error: Player without identity OCS D.Lotus (id 814317611)
12:20:08 Server error: Player without identity OCS D.Lotus (id 814317611)
12:20:08 Server error: Player without identity OCS D.Lotus (id 814317611)
12:20:08 Server error: Player without identity OCS D.Lotus (id 814317611)
12:20:08 Server error: Player without identity OCS D.Lotus (id 814317611)
12:20:08 Server error: Player without identity OCS D.Lotus (id 814317611)
12:20:08 Server error: Player without identity OCS D.Lotus (id 814317611)
12:20:08 Server error: Player without identity OCS D.Lotus (id 814317611)
12:20:08 Server error: Player without identity OCS D.Lotus (id 814317611)
12:20:08 Server error: Player without identity OCS D.Lotus (id 814317611)
12:20:08 Server error: Player without identity OCS D.Lotus (id 814317611)
12:20:08 Server error: Player without identity OCS D.Lotus (id 814317611)
12:20:08 Server error: Player without identity OCS D.Lotus (id 814317611)
12:20:08 Server error: Player without identity OCS D.Lotus (id 814317611)
12:20:08 Server error: Player without identity OCS D.Lotus (id 814317611)
12:20:08 Server error: Player without identity OCS D.Lotus (id 814317611)
12:20:08 Server error: Player without identity OCS D.Lotus (id 814317611)
12:20:08 Server error: Player without identity OCS D.Lotus (id 814317611)
12:20:08 Server error: Player without identity OCS D.Lotus (id 814317611)
12:20:08 Server error: Player without identity OCS D.Lotus (id 814317611)
12:20:08 Server error: Player without identity OCS D.Lotus (id 814317611)
12:20:08 Server error: Player without identity OCS D.Lotus (id 814317611)
12:20:08 Server error: Player without identity OCS D.Lotus (id 814317611)
12:20:09 Server error: Player without identity OCS D.Lotus (id 814317611)
12:20:09 Server error: Player without identity OCS D.Lotus (id 814317611)
12:20:09 Server error: Player without identity OCS D.Lotus (id 814317611)
12:20:09 Server error: Player without identity OCS D.Lotus (id 814317611)
12:20:09 Server error: Player without identity OCS D.Lotus (id 814317611)
12:20:09 Server error: Player without identity OCS D.Lotus (id 814317611)
12:20:09 Server error: Player without identity OCS D.Lotus (id 814317611)
12:20:09 Server error: Player without identity OCS D.Lotus (id 814317611)
12:20:12 Server: SetServerState to SELECTING MISSION
12:20:21 Mission Zeus_Kunduz_River.kunduz_valley: Missing 'description.ext::Header'
12:20:21 Server: SetServerState to ASSIGNING ROLES
12:20:22 Server error: Player without identity OCS D.Lotus (id 829051232)
12:20:22 Server error: Player without identity OCS D.Lotus (id 829051232)
12:20:22 Server error: Player without identity OCS D.Lotus (id 829051232)
12:20:22 Server error: Player without identity OCS D.Lotus (id 829051232)
12:20:22 Server error: Player without identity OCS D.Lotus (id 829051232)
12:20:22 Server error: Player without identity OCS D.Lotus (id 829051232)
12:20:22 Server error: Player without identity OCS D.Lotus (id 829051232)
12:20:22 Server error: Player without identity OCS D.Lotus (id 829051232)
12:20:22 Server error: Player without identity OCS D.Lotus (id 829051232)
12:20:22 Server error: Player without identity OCS D.Lotus (id 829051232)
12:20:22 Server error: Player without identity OCS D.Lotus (id 829051232)
12:20:22 Server error: Player without identity OCS D.Lotus (id 829051232)
12:20:22 Server error: Player without identity OCS D.Lotus (id 829051232)
12:20:22 Server error: Player without identity OCS D.Lotus (id 829051232)
12:20:22 Server error: Player without identity OCS D.Lotus (id 829051232)
12:20:22 Server error: Player without identity OCS D.Lotus (id 829051232)
12:20:22 Server error: Player without identity OCS D.Lotus (id 829051232)
12:20:22 Server error: Player without identity OCS D.Lotus (id 829051232)
12:20:22 Server error: Player without identity OCS D.Lotus (id 829051232)
12:20:22 Server error: Player without identity OCS D.Lotus (id 829051232)
12:20:22 Server error: Player without identity OCS D.Lotus (id 829051232)
12:20:22 Warning: Wrong data in squad.xml for Player[OCS D.Lotus], Squad[https://3rdinf.us/squad.xml]
12:20:22 Server error: Player without identity OCS D.Lotus (id 829051232)
12:20:22 Server error: Player without identity OCS D.Lotus (id 829051232)
12:20:22 Server error: Player without identity OCS D.Lotus (id 829051232)
12:20:22 Server error: Player without identity OCS D.Lotus (id 829051232)
12:20:22 Server error: Player without identity OCS D.Lotus (id 829051232)
12:20:22 Server error: Player without identity OCS D.Lotus (id 829051232)
12:20:22 Server error: Player without identity OCS D.Lotus (id 829051232)
12:20:22 Server error: Player without identity OCS D.Lotus (id 829051232)
12:20:23 Server error: Player without identity OCS D.Lotus (id 829051232)
12:20:23 Server error: Player without identity OCS D.Lotus (id 829051232)
12:20:23 Server error: Player without identity OCS D.Lotus (id 829051232)
12:20:23 Server error: Player without identity OCS D.Lotus (id 829051232)
12:20:23 Server error: Player without identity OCS D.Lotus (id 829051232)
12:20:23 Server error: Player without identity OCS D.Lotus (id 829051232)
12:20:23 Server error: Player without identity OCS D.Lotus (id 829051232)
12:20:23 Server error: Player without identity OCS D.Lotus (id 829051232)
12:20:23 Server error: Player without identity OCS D.Lotus (id 829051232)
12:20:23 Server error: Player without identity OCS D.Lotus (id 829051232)
12:20:23 Server error: Player without identity OCS D.Lotus (id 829051232)
12:20:23 Server error: Player without identity OCS D.Lotus (id 829051232)
12:20:23 Server error: Player without identity OCS D.Lotus (id 829051232)
12:20:23 Server error: Player without identity OCS D.Lotus (id 829051232)
12:20:23 Server error: Player without identity OCS D.Lotus (id 829051232)
12:20:23 Server error: Player without identity OCS D.Lotus (id 829051232)
12:20:23 Server error: Player without identity OCS D.Lotus (id 829051232)
12:20:23 Server error: Player without identity OCS D.Lotus (id 829051232)
12:20:23 Server error: Player without identity OCS D.Lotus (id 829051232)
12:20:23 Server error: Player without identity OCS D.Lotus (id 829051232)
12:20:23 Server error: Player without identity OCS D.Lotus (id 829051232)
12:20:23 Server error: Player without identity OCS D.Lotus (id 829051232)
12:20:23 Server error: Player without identity OCS D.Lotus (id 829051232)
12:20:23 Server error: Player without identity OCS D.Lotus (id 829051232)
12:20:23 Server error: Player without identity OCS D.Lotus (id 829051232)
12:20:23 Server error: Player without identity OCS D.Lotus (id 829051232)
12:20:23 Server error: Player without identity OCS D.Lotus (id 829051232)
12:20:23 Server error: Player without identity OCS D.Lotus (id 829051232)
12:20:23 Server error: Player without identity OCS D.Lotus (id 829051232)
12:20:23 Server error: Player without identity OCS D.Lotus (id 829051232)
12:20:23 Server error: Player without identity OCS D.Lotus (id 829051232)
12:20:23 Server error: Player without identity OCS D.Lotus (id 829051232)
12:20:23 Server error: Player without identity OCS D.Lotus (id 829051232)
12:20:23 Server error: Player without identity OCS D.Lotus (id 829051232)
12:20:23 Server error: Player without identity OCS D.Lotus (id 829051232)
12:20:23 Server error: Player without identity OCS D.Lotus (id 829051232)
12:20:23 Server error: Player without identity OCS D.Lotus (id 829051232)
12:20:23 Server error: Player without identity OCS D.Lotus (id 829051232)
12:20:23 Server error: Player without identity OCS D.Lotus (id 829051232)
12:20:23 Server error: Player without identity OCS D.Lotus (id 829051232)
12:20:38 Admin logged in, player: OCS D.Lotus, playerUID: 76561198046799420, IP: 192.168.0.134:2304.
12:20:45 Server: SetServerState to SELECTING MISSION
12:20:45 File dialogs.hpp, line 56: '/3rd_dialog_Place/controls/3rd_close.action': Missing ';' prior '}'
12:20:45 File dialogs.hpp, line 198: '/3rd_dialog_Remove/controls/3rd_close.action': Missing ';' prior '}'
12:20:45 Unsupported language English in stringtable
12:20:45  ➥ Context: kp_liberation.Altis.pbo
12:20:45 mpmissions\kp_liberation.Altis: string @STR_MISSION_TITLE cannot be localized client-side - move to global stringtable
12:20:45 mpmissions\kp_liberation.Altis: string @STR_MISSION_DESCRIPTION cannot be localized client-side - move to global stringtable
12:20:45 File dialogs.hpp, line 56: '/3rd_dialog_Place/controls/3rd_close.action': Missing ';' prior '}'
12:20:45 File dialogs.hpp, line 198: '/3rd_dialog_Remove/controls/3rd_close.action': Missing ';' prior '}'
12:20:46 Server can't keep up, too many incoming network messages. Remaining in queue: 22
12:20:49 Server: SetServerState to SELECTING MISSION
12:20:49 Unsupported language English in stringtable
12:20:49 mpmissions\kp_liberation.Altis: string @STR_MISSION_TITLE cannot be localized client-side - move to global stringtable
12:20:49 Unsupported language English in stringtable
12:20:49  ➥ Context: mpmissions\__cur_mp.Altis\stringtable.xml
12:20:50 @STR_MISSION_TITLE: string @STR_MISSION_TITLE cannot be localized client-side - move to global stringtable
12:20:50 CTI 34 KP Liberation Altis v0.96.7a: string @STR_MISSION_DESCRIPTION cannot be localized client-side - move to global stringtable
12:20:50 Mission kp_liberation.Altis: Number of roles (37) is different from 'description.ext::Header::maxPlayer' (34)
12:20:50 Server: SetServerState to ASSIGNING ROLES
12:24:08 Server: SetServerState to SENDING MISSION
12:24:08 Server: SetServerState to LOADING GAME
12:24:08 Starting mission:
12:24:08  Mission file: kp_liberation (__cur_mp)
12:24:08  Mission world: Altis
12:24:08  Mission directory: mpmissions\__cur_mp.Altis\
12:24:09 "_641fb88761ae466a9e5954b4eff0ed26/BIS_fnc_log: [BIS_fnc_preload] ----- Initializing scripts in kp_liberation -----"
12:24:09 "_641fb88761ae466a9e5954b4eff0ed26/BIS_fnc_log: [recompile] recompile BIS_fnc_missionTasksLocal"
12:24:09 "_641fb88761ae466a9e5954b4eff0ed26/BIS_fnc_log: [recompile] recompile BIS_fnc_missionConversationsLocal"
12:24:09 "_641fb88761ae466a9e5954b4eff0ed26/BIS_fnc_log: [recompile] recompile BIS_fnc_missionFlow"
12:24:09 "_641fb88761ae466a9e5954b4eff0ed26/BIS_fnc_log: [preInit] BIS_fnc_feedbackMain (0 ms)"
12:24:09 "_641fb88761ae466a9e5954b4eff0ed26/BIS_fnc_log: [preInit] BIS_fnc_missionHandlers (0 ms)"
12:24:09 "_641fb88761ae466a9e5954b4eff0ed26/BIS_fnc_log: [preInit] BIS_fnc_storeParamsValues (1.00708 ms)"
12:24:09 "_641fb88761ae466a9e5954b4eff0ed26/BIS_fnc_log: [preInit] ""DeltaTime computation started"""
12:24:09 "_641fb88761ae466a9e5954b4eff0ed26/BIS_fnc_log: [preInit] BIS_fnc_keyframeAnimation_deltaTime (0 ms)"
12:24:09 "_641fb88761ae466a9e5954b4eff0ed26/BIS_fnc_log: [preInit] BIS_fnc_getServerVariable (0 ms)"
12:24:09 "_641fb88761ae466a9e5954b4eff0ed26/BIS_fnc_log: [preInit] BIS_fnc_OM_HandleMapControls (0 ms)"
12:24:09 "_641fb88761ae466a9e5954b4eff0ed26/BIS_fnc_log: [BIS_fnc_OM_moduleSmartMarkers] Error: SmartMarker system has not been yet initialized."
12:24:09 "_641fb88761ae466a9e5954b4eff0ed26/BIS_fnc_log: [preInit] BIS_fnc_OM_moduleSmartMarkers (0 ms)"
12:24:09 [CBA] (xeh) INFO: [31681,333.114,0] PreInit started. v3.18.4.250711
12:24:09 [CBA] (xeh) WARNING: One or more children of class CAManBase do not support Extended Event Handlers. Fall back to loop.
12:24:09 [CBA] (settings) INFO: Reading settings from settings file.
12:24:09 [CBA] (settings) INFO: Finished reading settings from settings file.
12:24:09 [ACE] (common) INFO: Parsed Settings Configs [0.0 ms]
12:24:09 Attempt to override final function - ace_medical_engine_fnc_updatedamageeffects
12:24:09 Attempt to override final function - ace_medical_status_fnc_addmedicationadjustment
12:24:09 Attempt to override final function - ace_medical_status_fnc_getbloodpressure
12:24:09 Attempt to override final function - ace_medical_status_fnc_hasstablevitals
12:24:09 Attempt to override final function - ace_medical_vitals_fnc_handleunitvitals
12:24:09 Attempt to override final function - ace_medical_vitals_fnc_updateheartrate
12:24:09 Attempt to override final function - ace_dogtags_fnc_cancheckdogtag
12:24:09 Attempt to override final function - ace_dogtags_fnc_getdogtagdata
12:24:09 Attempt to override final function - ace_dragging_fnc_carryobject
12:24:09 Attempt to override final function - ace_dragging_fnc_handleunconscious
12:24:09 Attempt to override final function - ace_medical_fnc_setunconscious
12:24:09 Attempt to override final function - ace_medical_statemachine_fnc_conditionexecutiondeath
12:24:09 Attempt to override final function - ace_medical_statemachine_fnc_conditionsecondchance
12:24:09 Attempt to override final function - ace_medical_treatment_fnc_cprsuccess
12:24:09 Attempt to override final function - ace_medical_treatment_fnc_cprlocal
12:24:09 Attempt to override final function - ace_medical_treatment_fnc_medicationlocal
12:24:09 Attempt to override final function - ace_medical_treatment_fnc_tourniquetremove
12:24:09 Attempt to override final function - ace_medical_treatment_fnc_treatment
12:24:09 Attempt to override final function - ace_medical_treatment_fnc_treatmentsuccess
12:24:09 Attempt to override final function - ace_medical_treatment_fnc_useitem
12:24:09 Attempt to override final function - ace_medical_gui_fnc_menupfh
12:24:09 Attempt to override final function - ace_medical_gui_fnc_onmenuclose
12:24:09 Attempt to override final function - ace_medical_gui_fnc_onmenuopen
12:24:09 Attempt to override final function - ace_medical_gui_fnc_updatebodyimage
12:24:09 Attempt to override final function - ace_medical_gui_fnc_updatecategories
12:24:09 Attempt to override final function - ace_medical_gui_fnc_updateinjurylist
12:24:09 [CBA] (xeh) INFO: [31681,333.664,0] PreInit finished.
12:24:09 "_641fb88761ae466a9e5954b4eff0ed26/BIS_fnc_log: [preInit] CBA_fnc_preInit (549.988 ms)"
12:24:09 "_641fb88761ae466a9e5954b4eff0ed26/BIS_fnc_log: [preInit] KPPLM_fnc_preInit (0 ms)"
12:24:12 [KPLIB] [MOD] ACE detected. Deactivating resupply script from Liberation.
12:24:12 [KPLIB] [PARAM] ----- Server starts parameter initialization
12:24:12 [KPLIB] [PARAM] Save/Load is set to SAVE
12:24:12 [KPLIB] [PARAM] --- Mission Options ---
12:24:12 [KPLIB] [PARAM] Unitcap: 2
12:24:12 [KPLIB] [PARAM] Difficulty: 3
12:24:12 [KPLIB] [PARAM] Aggressivity: 2
12:24:12 [KPLIB] [PARAM] AdaptToPlayercount: true
12:24:12 [KPLIB] [PARAM] Civilians: 2
12:24:12 [KPLIB] [PARAM] FirstFob: false
12:24:12 [KPLIB] [PARAM] FirstFobVehicle: false
12:24:12 d:\Bis\Source\Profile\Futura\lib\Network\networkServer.cpp NetworkServer::OnClientStateChanged:NOT IMPLEMENTED - briefing!
12:24:12 Server: SetServerState to BRIEFING
12:24:12 [KPLIB] [PARAM] MaximumFobs: 10
12:24:12 [KPLIB] [PARAM] MaxSquadSize: 12
12:24:12 [KPLIB] [PARAM] BluforDefenders: true
12:24:12 [KPLIB] [PARAM] Autodanger: true
12:24:12 [KPLIB] [PARAM] DayDuration: 4
12:24:12 [KPLIB] [PARAM] ShorterNights: false
12:24:12 [KPLIB] [PARAM] Weather: 3
12:24:12 Attempt to override final function - bis_fnc_storeparamsvalues_data
12:24:12 [KPLIB] [PARAM] VanillaFog: true
12:24:12 [KPLIB] [PARAM] ResourcesMultiplier: 3
12:24:12 [KPLIB] [PARAM] ArsenalType: true
12:24:12 [KPLIB] [PARAM] DirectArsenal: false
12:24:12 [KPLIB] [PARAM] PlayerMenu: true
12:24:12 [KPLIB] [PARAM] VictoryCondition: 1
12:24:12 [KPLIB] [PARAM] ACE Medical detected. Deactivating BI Revive System.
12:24:12 [KPLIB] [PARAM] --- Gameplay Options ---
12:24:12 [KPLIB] [PARAM] Fatigue: false
12:24:12 [KPLIB] [PARAM] WeaponSway: true
12:24:12 [KPLIB] [PARAM] ArsenalUsePreset: false
12:24:12 [KPLIB] [PARAM] MapMarkers: true
12:24:12 [KPLIB] [PARAM] MobileRespawn: true
12:24:12 [KPLIB] [PARAM] RespawnCooldown: 600
12:24:12 [KPLIB] [PARAM] MobileArsenal: true
12:24:12 [KPLIB] [PARAM] AttackedSectorRespawn: false
12:24:12 [KPLIB] [PARAM] AiLogistics: true
12:24:12 [KPLIB] [PARAM] CR_Building: false
12:24:12 [KPLIB] [PARAM] HaloJump: 5
12:24:12 [KPLIB] [PARAM] ClearCargo: true
12:24:12 [KPLIB] [PARAM] AllowEnemiesInImmobile: 50
12:24:12 [KPLIB] [PARAM] DelayDespawnMax: 5
12:24:12 [KPLIB] [PARAM] LimitedZeus: false
12:24:12 [KPLIB] [PARAM] CommanderZeus: true
12:24:12 [KPLIB] [PARAM] ZeusAddEnemies: false
12:24:12 [KPLIB] [PARAM] HighCommand: true
12:24:12 [KPLIB] [PARAM] SuppMod: 1
12:24:12 [KPLIB] [PARAM] Tutorial: true
12:24:12 [KPLIB] [PARAM] --- Technical Options ---
12:24:12 [KPLIB] [PARAM] Permissions: true
12:24:12 [KPLIB] [PARAM] CleanupVehicles: 2
12:24:12 [KPLIB] [PARAM] Introduction: true
12:24:12 [KPLIB] [PARAM] DeploymentCinematic: true
12:24:12 [KPLIB] [PARAM] Whitelist: false
12:24:12 [KPLIB] [PARAM] ServerRestart: 0
12:24:12 [KPLIB] [PARAM] ----- Server finished parameter initialization - Time needed: 0.403992 seconds
12:24:12 [KPLIB] [PRESETS] ----- Server starts preset initialization -----
12:24:12 [KPLIB] [PRESETS] Not found vehicles listed below are not an issue in general. It just sorts out vehicles from not loaded mods.
12:24:12 [KPLIB] [PRESETS] Only if you e.g. use a CUP preset and you get messages about missing CUP classes, then check your loaded mods.
12:24:12 [KPLIB] [PRESETS] BWA3_Eagle_Fleck not found in CfgVehicles
12:24:12 [KPLIB] [PRESETS] BWA3_Eagle_FLW100_Fleck not found in CfgVehicles
12:24:12 [KPLIB] [PRESETS] BWA3_Puma_Fleck not found in CfgVehicles
12:24:12 [KPLIB] [PRESETS] CUP_B_Challenger2_NATO not found in CfgVehicles
12:24:12 [KPLIB] [PRESETS] BWA3_Leopard2_Fleck not found in CfgVehicles
12:24:12 [KPLIB] [PRESETS] BWA3_Tiger_RMK_Universal not found in CfgVehicles
12:24:12 [KPLIB] [PRESETS] USAF_C130J not found in CfgVehicles
12:24:12 [KPLIB] [PRESETS] USAF_C130J_Cargo not found in CfgVehicles
12:24:12 [KPLIB] [PRESETS] USAF_C17 not found in CfgVehicles
12:24:12 [KPLIB] [PRESETS] usaf_kc135 not found in CfgVehicles
12:24:12 [KPLIB] [PRESETS] USAF_RQ4A not found in CfgVehicles
12:24:12 [KPLIB] [PRESETS] USAF_MQ9 not found in CfgVehicles
12:24:12 [KPLIB] [PRESETS] USAF_A10 not found in CfgVehicles
12:24:12 [KPLIB] [PRESETS] FIR_F15C not found in CfgVehicles
12:24:12 [KPLIB] [PRESETS] FIR_F15D not found in CfgVehicles
12:24:12 [KPLIB] [PRESETS] FIR_F15E not found in CfgVehicles
12:24:12 [KPLIB] [PRESETS] JS_JC_FA18E not found in CfgVehicles
12:24:12 [KPLIB] [PRESETS] JS_JC_FA18F not found in CfgVehicles
12:24:12 [KPLIB] [PRESETS] USAF_F22 not found in CfgVehicles
12:24:12 [KPLIB] [PRESETS] USAF_F22_EWP_AA not found in CfgVehicles
12:24:12 [KPLIB] [PRESETS] USAF_F22_EWP_AG not found in CfgVehicles
12:24:12 [KPLIB] [PRESETS] USAF_F22_Heavy not found in CfgVehicles
12:24:12 [KPLIB] [PRESETS] USAF_F35A_STEALTH not found in CfgVehicles
12:24:12 [KPLIB] [PRESETS] USAF_F35A not found in CfgVehicles
12:24:12 [KPLIB] [PRESETS] BWA3_Flag_Ger_F not found in CfgVehicles
12:24:12 [KPLIB] [PRESETS] USAF_missileCart_W_AGM114 not found in CfgVehicles
12:24:12 [KPLIB] [PRESETS] USAF_missileCart_AGMMix not found in CfgVehicles
12:24:12 [KPLIB] [PRESETS] USAF_missileCart_AGM1 not found in CfgVehicles
12:24:12 [KPLIB] [PRESETS] USAF_missileCart_AGM2 not found in CfgVehicles
12:24:12 [KPLIB] [PRESETS] USAF_missileCart_AGM3 not found in CfgVehicles
12:24:12 [KPLIB] [PRESETS] USAF_missileCart_AA1 not found in CfgVehicles
12:24:12 [KPLIB] [PRESETS] USAF_missileCart_AA2 not found in CfgVehicles
12:24:12 [KPLIB] [PRESETS] USAF_missileCart_GBU12_green not found in CfgVehicles
12:24:12 [KPLIB] [PRESETS] USAF_missileCart_GBU12_maritime not found in CfgVehicles
12:24:12 [KPLIB] [PRESETS] USAF_missileCart_GBU12 not found in CfgVehicles
12:24:12 [KPLIB] [PRESETS] USAF_missileCart_Gbu31 not found in CfgVehicles
12:24:12 [KPLIB] [PRESETS] USAF_missileCart_GBU39 not found in CfgVehicles
12:24:12 [KPLIB] [PRESETS] USAF_missileCart_Mk82 not found in CfgVehicles
12:24:12 [KPLIB] [PRESETS] CUP_B_TowingTractor_NATO not found in CfgVehicles
12:24:12 [KPLIB] [PRESETS] BWA3_Leopard2_Fleck not found in CfgVehicles
12:24:12 [KPLIB] [PRESETS] BWA3_Tiger_RMK_Universal not found in CfgVehicles
12:24:12 [KPLIB] [PRESETS] USAF_MQ9 not found in CfgVehicles
12:24:12 [KPLIB] [PRESETS] USAF_A10 not found in CfgVehicles
12:24:12 [KPLIB] [PRESETS] USAF_F22 not found in CfgVehicles
12:24:12 [KPLIB] [PRESETS] USAF_F22_EWP_AA not found in CfgVehicles
12:24:12 [KPLIB] [PRESETS] USAF_F22_EWP_AG not found in CfgVehicles
12:24:12 [KPLIB] [PRESETS] USAF_F22_Heavy not found in CfgVehicles
12:24:12 [KPLIB] [PRESETS] USAF_F35A_STEALTH not found in CfgVehicles
12:24:12 [KPLIB] [PRESETS] USAF_F35A not found in CfgVehicles
12:24:12 [KPLIB] [PRESETS] FIR_F15C not found in CfgVehicles
12:24:12 [KPLIB] [PRESETS] FIR_F15D not found in CfgVehicles
12:24:12 [KPLIB] [PRESETS] FIR_F15E not found in CfgVehicles
12:24:12 [KPLIB] [PRESETS] JS_JC_FA18E not found in CfgVehicles
12:24:12 [KPLIB] [PRESETS] JS_JC_FA18F not found in CfgVehicles
12:24:12 [KPLIB] [PRESETS] BW_AW101_Trans_Heer_F not found in CfgVehicles
12:24:12 [KPLIB] [PRESETS] BW_LKW7T_Trans_F not found in CfgVehicles
12:24:12 [KPLIB] [PRESETS] CUP_B_C130J_Cargo_USMC not found in CfgVehicles
12:24:12 [KPLIB] [PRESETS] CUP_B_CH47F_GB not found in CfgVehicles
12:24:12 [KPLIB] [PRESETS] CUP_B_CH47F_USA not found in CfgVehicles
12:24:12 [KPLIB] [PRESETS] CUP_B_CH53E_USMC not found in CfgVehicles
12:24:12 [KPLIB] [PRESETS] CUP_B_Kamaz_CDF not found in CfgVehicles
12:24:12 [KPLIB] [PRESETS] CUP_B_Kamaz_Open_CDF not found in CfgVehicles
12:24:12 [KPLIB] [PRESETS] CUP_B_Mi17_CDF not found in CfgVehicles
12:24:12 [KPLIB] [PRESETS] CUP_B_Mi171Sh_ACR not found in CfgVehicles
12:24:12 [KPLIB] [PRESETS] CUP_B_Mi171Sh_Unarmed_ACR not found in CfgVehicles
12:24:12 [KPLIB] [PRESETS] CUP_B_MI6A_CDF not found in CfgVehicles
12:24:12 [KPLIB] [PRESETS] CUP_B_MTVR_USA not found in CfgVehicles
12:24:12 [KPLIB] [PRESETS] CUP_B_MTVR_USMC not found in CfgVehicles
12:24:12 [KPLIB] [PRESETS] CUP_B_MV22_USMC_RAMPGUN not found in CfgVehicles
12:24:12 [KPLIB] [PRESETS] CUP_B_MV22_USMC not found in CfgVehicles
12:24:12 [KPLIB] [PRESETS] CUP_B_MV22_VIV_USMC not found in CfgVehicles
12:24:12 [KPLIB] [PRESETS] CUP_B_T810_Armed_CZ_DES not found in CfgVehicles
12:24:12 [KPLIB] [PRESETS] CUP_B_T810_Armed_CZ_WDL not found in CfgVehicles
12:24:12 [KPLIB] [PRESETS] CUP_B_T810_Unarmed_CZ_DES not found in CfgVehicles
12:24:12 [KPLIB] [PRESETS] CUP_B_T810_Unarmed_CZ_WDL not found in CfgVehicles
12:24:12 [KPLIB] [PRESETS] CUP_B_Ural_CDF not found in CfgVehicles
12:24:12 [KPLIB] [PRESETS] CUP_B_Ural_Open_CDF not found in CfgVehicles
12:24:12 [KPLIB] [PRESETS] CUP_B_Wolfhound_GMG_GB_D not found in CfgVehicles
12:24:12 [KPLIB] [PRESETS] CUP_B_Wolfhound_GMG_GB_W not found in CfgVehicles
12:24:12 [KPLIB] [PRESETS] CUP_B_Wolfhound_HMG_GB_D not found in CfgVehicles
12:24:12 [KPLIB] [PRESETS] CUP_B_Wolfhound_HMG_GB_W not found in CfgVehicles
12:24:12 [KPLIB] [PRESETS] CUP_B_Wolfhound_LMG_GB_D not found in CfgVehicles
12:24:12 [KPLIB] [PRESETS] CUP_B_Wolfhound_LMG_GB_W not found in CfgVehicles
12:24:12 [KPLIB] [PRESETS] CUP_C_Ural_Civ_01 not found in CfgVehicles
12:24:12 [KPLIB] [PRESETS] CUP_C_Ural_Civ_03 not found in CfgVehicles
12:24:12 [KPLIB] [PRESETS] CUP_C_Ural_Open_Civ_03 not found in CfgVehicles
12:24:12 [KPLIB] [PRESETS] CUP_O_Kamaz_Open_RU not found in CfgVehicles
12:24:12 [KPLIB] [PRESETS] CUP_O_Kamaz_RU not found in CfgVehicles
12:24:12 [KPLIB] [PRESETS] CUP_O_Ural_CHDKZ not found in CfgVehicles
12:24:12 [KPLIB] [PRESETS] CUP_O_Ural_Open_CHDKZ not found in CfgVehicles
12:24:12 [KPLIB] [PRESETS] CUP_O_Ural_Open_SLA not found in CfgVehicles
12:24:12 [KPLIB] [PRESETS] CUP_O_Ural_Open_TKA not found in CfgVehicles
12:24:12 [KPLIB] [PRESETS] CUP_O_Ural_SLA not found in CfgVehicles
12:24:12 [KPLIB] [PRESETS] CUP_O_Ural_TKA not found in CfgVehicles
12:24:12 [KPLIB] [PRESETS] CUP_O_Mi8_SLA_1 not found in CfgVehicles
12:24:12 [KPLIB] [PRESETS] CUP_O_MI6A_CHDKZ not found in CfgVehicles
12:24:12 [KPLIB] [PRESETS] CUP_O_MI6A_TKA not found in CfgVehicles
12:24:12 [KPLIB] [PRESETS] CUP_O_C130J_Cargo_TKA not found in CfgVehicles
12:24:12 [KPLIB] [PRESETS] gm_gc_army_ural4320_cargo_win not found in CfgVehicles
12:24:12 [KPLIB] [PRESETS] gm_gc_army_ural4320_cargo not found in CfgVehicles
12:24:12 [KPLIB] [PRESETS] gm_gc_bgs_ural4320_cargo not found in CfgVehicles
12:24:12 [KPLIB] [PRESETS] gm_ge_army_kat1_451_container_win not found in CfgVehicles
12:24:12 [KPLIB] [PRESETS] gm_ge_army_kat1_451_container not found in CfgVehicles
12:24:12 [KPLIB] [PRESETS] gm_ge_army_kat1_454_cargo_win not found in CfgVehicles
12:24:12 [KPLIB] [PRESETS] gm_ge_army_kat1_454_cargo not found in CfgVehicles
12:24:12 [KPLIB] [PRESETS] gm_ge_army_u1300l_container_win not found in CfgVehicles
12:24:12 [KPLIB] [PRESETS] gm_ge_army_u1300l_container not found in CfgVehicles
12:24:12 [KPLIB] [PRESETS] greuh_eh101_gr not found in CfgVehicles
12:24:12 [KPLIB] [PRESETS] sfp_tgb30 not found in CfgVehicles
12:24:12 [KPLIB] [PRESETS] sfp_tgb40 not found in CfgVehicles
12:24:12 [KPLIB] [PRESETS] UK3CB_BAF_Merlin_HC3_18_DPMT not found in CfgVehicles
12:24:12 [KPLIB] [PRESETS] UK3CB_BAF_Merlin_HC3_32_MTP not found in CfgVehicles
12:24:12 [KPLIB] [PRESETS] UK3CB_BAF_Merlin_HC3_CSAR_MTP not found in CfgVehicles
12:24:12 [KPLIB] [PRESETS] UK3CB_BAF_Merlin_HC4_18_Arctic not found in CfgVehicles
12:24:12 [KPLIB] [PRESETS] UK3CB_BAF_Merlin_HC4_18_GPMG_Arctic not found in CfgVehicles
12:24:12 [KPLIB] [PRESETS] UK3CB_BAF_Merlin_HC4_32_Arctic not found in CfgVehicles
12:24:12 [KPLIB] [PRESETS] UK3CB_BAF_Merlin_HC4_CSAR_Arctic not found in CfgVehicles
12:24:12 [KPLIB] [PRESETS] USAF_C17 not found in CfgVehicles
12:24:12 [KPLIB] [PRESETS] USAF_C130J not found in CfgVehicles
12:24:12 [KPLIB] [PRESETS] USAF_C130J_Cargo not found in CfgVehicles
12:24:12 [KPLIB] [PRESETS] uns_M35A2_Open not found in CfgVehicles
12:24:12 [KPLIB] [PRESETS] uns_M35A2 not found in CfgVehicles
12:24:12 [KPLIB] [PRESETS] uns_m37b1 not found in CfgVehicles
12:24:12 [KPLIB] [PRESETS] uns_nvatruck_mg not found in CfgVehicles
12:24:12 [KPLIB] [PRESETS] uns_nvatruck_open not found in CfgVehicles
12:24:12 [KPLIB] [PRESETS] uns_nvatruck not found in CfgVehicles
12:24:12 [KPLIB] [PRESETS] BW_LKW15T_Ammo_F not found in CfgVehicles
12:24:12 [KPLIB] [PRESETS] CUP_B_Kamaz_Reammo_CDF not found in CfgVehicles
12:24:12 [KPLIB] [PRESETS] CUP_B_MTVR_Ammo_USA not found in CfgVehicles
12:24:12 [KPLIB] [PRESETS] CUP_B_MTVR_Ammo_USMC not found in CfgVehicles
12:24:12 [KPLIB] [PRESETS] CUP_B_T810_Reammo_CZ_DES not found in CfgVehicles
12:24:12 [KPLIB] [PRESETS] CUP_B_T810_Reammo_CZ_WDL not found in CfgVehicles
12:24:12 [KPLIB] [PRESETS] CUP_O_Kamaz_Reammo_RU not found in CfgVehicles
12:24:12 [KPLIB] [PRESETS] CUP_O_Ural_Reammo_CHDKZ not found in CfgVehicles
12:24:12 [KPLIB] [PRESETS] CUP_O_Ural_Reammo_SLA not found in CfgVehicles
12:24:12 [KPLIB] [PRESETS] CUP_O_Ural_Reammo_TKA not found in CfgVehicles
12:24:12 [KPLIB] [PRESETS] CUP_O_V3S_Rearm_TKA not found in CfgVehicles
12:24:12 [KPLIB] [PRESETS] gm_gc_army_ural4320_reammo_win not found in CfgVehicles
12:24:12 [KPLIB] [PRESETS] gm_gc_army_ural4320_reammo not found in CfgVehicles
12:24:12 [KPLIB] [PRESETS] gm_ge_army_kat1_451_reammo_win not found in CfgVehicles
12:24:12 [KPLIB] [PRESETS] gm_ge_army_kat1_451_reammo not found in CfgVehicles
12:24:12 [KPLIB] [PRESETS] sfp_tgb40_ammo not found in CfgVehicles
12:24:12 [KPLIB] [PRESETS] uns_M113_ENG not found in CfgVehicles
12:24:12 [KPLIB] [PRESETS] uns_M35A2_ammo not found in CfgVehicles
12:24:12 [KPLIB] [PRESETS] uns_motorpool1_repair not found in CfgVehicles
12:24:12 [KPLIB] [PRESETS] ----- Preset initialization finished. Time needed: 0.00799561 seconds -----
12:24:12 [KPLIB] [SUPPORTMODULES] Creating modules
12:24:12 [KPLIB] [MISSIONSTART] ------------------------------------
12:24:12 [KPLIB] [MISSIONSTART] Name: CTI 34 KP Liberation Altis v0.96.7a
12:24:12 [KPLIB] [MISSIONSTART] World: Altis
12:24:12 [KPLIB] [MISSIONSTART] Version: v0.96.7a
12:24:12 [KPLIB] [MISSIONSTART] Author: by [GREUH] Zbug & McKeewa, KP Liberation Dev Team
12:24:12 [KPLIB] [MISSIONSTART] Blufor: 0
12:24:12 [KPLIB] [MISSIONSTART] Opfor: 0
12:24:12 [KPLIB] [MISSIONSTART] Resistance: 0
12:24:12 [KPLIB] [MISSIONSTART] Civilians: 0
12:24:12 [KPLIB] [MISSIONSTART] Arsenal: 0
12:24:12 [KPLIB] [MISSIONSTART] CBA: true
12:24:12 [KPLIB] [MISSIONSTART] ACE: true
12:24:12 [KPLIB] [MISSIONSTART] KP Ranks: false
12:24:12 [KPLIB] [MISSIONSTART] ------------------------------------
12:24:13 [KPLIB] [SAVE] ----- Loading save data
12:24:13 [KPLIB] [SAVE] No save wipe
12:24:13 [KPLIB] [SAVE] Save nil
12:24:13 [KPLIB] [SAVE] Additional military sectors or unlockable vehicles detected and assigned
12:24:13 [KPLIB] [SAVE] ----- Saved data loaded - Time needed: 0.0109863 seconds
12:24:13 [KPLIB] [PRODUCTION] Production management started
12:24:13 Weather was forced to change
12:24:13 [KPLIB] [WEATHER] Set initial weather to: 0.6 - Param Value: 3 - Time: 336.866
12:24:13 [KPLIB] [WEATHER] Set next weather transition to: 0.525 - Time: 336.866
12:24:13 [KPLIB] [SECTORMONITOR] Sector Monitor started
12:24:13 [KPLIB] [SUPPORTMODULES] Init provider on server
12:24:13 [KPLIB] [LOGISTIC] Logistic management started
12:24:13 "_641fb88761ae466a9e5954b4eff0ed26/BIS_fnc_log: [module] zen_modules_fnc_bi_moduleCurator (160.98 ms)"
12:24:13 [KPLIB] [CIVREP] init_buildings.sqf initialising...
12:24:13 [KPLIB] [CIVREP] init_buildings.sqf finished. Time needed: 0.0249939 seconds
12:24:13 "_641fb88761ae466a9e5954b4eff0ed26/BIS_fnc_log: [SUPPORTS] Warning: No units synced with provider module L Charlie 2-5:2"
12:24:13 "_641fb88761ae466a9e5954b4eff0ed26/BIS_fnc_log: [module] BIS_fnc_moduleCuratorSetAttributes (22.0032 ms)"
12:24:13 "_641fb88761ae466a9e5954b4eff0ed26/BIS_fnc_log: [module] BIS_fnc_moduleCuratorSetAttributes (23.0103 ms)"
12:24:13 "_641fb88761ae466a9e5954b4eff0ed26/BIS_fnc_log: [module] BIS_fnc_moduleCuratorSetAttributes (23.0103 ms)"
12:24:13 "_641fb88761ae466a9e5954b4eff0ed26/BIS_fnc_log: [postInit] BIS_fnc_missionFlow (0 ms)"
12:24:13 "_641fb88761ae466a9e5954b4eff0ed26/BIS_fnc_log: [postInit] BIS_fnc_initParams (1.98364 ms)"
12:24:13 "_641fb88761ae466a9e5954b4eff0ed26/BIS_fnc_log: [postInit] BIS_fnc_initRespawn (0 ms)"
12:24:13 "_641fb88761ae466a9e5954b4eff0ed26/BIS_fnc_log: [postInit] BIS_fnc_keyframeAnimation_init (9.00269 ms)"
12:24:13 "Advanced Sling Loading Loading..."
12:24:13 "Advanced Sling Loading Loaded"
12:24:13 "_641fb88761ae466a9e5954b4eff0ed26/BIS_fnc_log: [postInit] SA_fnc_advancedSlingLoadingInit (1.00708 ms)"
12:24:13 "_641fb88761ae466a9e5954b4eff0ed26/BIS_fnc_log: [postInit] CUP_fnc_emissiveLights (0 ms)"
12:24:13 [CBA] (xeh) INFO: [31697,337.081,0] PostInit started. MISSIONINIT: missionName=kp_liberation, missionVersion=54, worldName=Altis, isMultiplayer=true, isServer=true, isDedicated=true, CBA_isHeadlessClient=false, hasInterface=false, didJIP=false
12:24:13 [CBA] (versioning) INFO: [31697,337.202,0] VERSIONING:cba=3.18.4.250711, zen=1.15.1.36, ace=3.20.0.104, tfar=1.-1.0.334, ctab=2.3.0.0, kat=3.1.2, zeus_additions=1.6.10.0
12:24:13 [ACE] (common) INFO: ACE is version 3.20.0.104 - CBA is version 3.18.4.250711 (min required 3.18.2)
12:24:13 [ZEUS_ADDITIONS] (main) INFO: PostInit: didJIP: false - Functions sent: false
12:24:13 [ACE] (markinglaser) INFO: Class B_Heli_Light_01_F does not have a pilot camera nor a turret that could be equipped with an IR marking laser.
12:24:13 [ACE] (markinglaser) INFO: Class B_Heli_Transport_03_unarmed_F does not have a pilot camera nor a turret that could be equipped with an IR marking laser.
12:24:13 [CBA] (xeh) INFO: [31697,337.492,0] PostInit finished.
12:24:13 [ZEUS_ADDITIONS] (main) INFO: Init: Net mode: DedicatedServer - ZEUS_ADDITIONS loaded: true - clientOwner 2
12:24:13 [ACE] (common) INFO: Settings initialized.
12:24:13 [ACE] (common) INFO: 3 delayed functions running.
12:24:13 "_641fb88761ae466a9e5954b4eff0ed26/BIS_fnc_log: [postInit] CBA_fnc_postInit (597.992 ms)"
12:24:13 "_641fb88761ae466a9e5954b4eff0ed26/BIS_fnc_log: [postInit] KPLIB_fnc_initCuratorHandlers (0 ms)"
12:24:14 "_641fb88761ae466a9e5954b4eff0ed26/BIS_fnc_log: [BIS_fnc_preload] ----- Scripts initialized at 4829.01 ms -----"
12:24:35 Server: SetServerState to PLAYING
12:24:35  Mission id: 2abdf65bdc7b9bae4c6adbd35ca9f4cce6dc0a03
12:24:36 [ACE] (markinglaser) INFO: Class B_Heli_Light_01_F does not have a pilot camera nor a turret that could be equipped with an IR marking laser.
12:24:36 [KPLIB] [STATS] Server - FPS: 45.45 - Local groups: 10 - Local units: 3 - Active Sectors: 0 - Active Scripts: [spawn: 17, execVM: 31, exec: 0, execFSM: 2]
12:24:36 [ACE] (markinglaser) INFO: Class B_Heli_Light_01_F does not have a pilot camera nor a turret that could be equipped with an IR marking laser.
12:24:37 [KPLIB] [STATS] OCS D.Lotus - FPS: 103.23 - Local groups: 1 - Local units: 1 - Active Scripts: [spawn: 25, execVM: 25, exec: 0, execFSM: 2]
12:24:40 [KPLIB] [HIGHCOMMAND] High Command started
12:24:41 "TFAR_RadioRequestEvent [[""ItemRadio""],commandant] 365.326"
12:24:41 "Send TFAR_RadioRequestResponseEvent [1] 365.326"
12:24:41 "TFAR_RadioRequestEvent [[""ItemRadio""],commandant] 365.327"
12:24:41 "Send TFAR_RadioRequestResponseEvent [2] 365.327"
12:24:41 "_641fb88761ae466a9e5954b4eff0ed26/BIS_fnc_log: [module] zen_modules_fnc_bi_moduleCurator (167.999 ms)"
12:25:09 [KPLIB] [TUTORIAL] FSM started on: OCS D.Lotus
12:25:18 [KPLIB] [TUTORIAL] FSM on OCS D.Lotus aborted due to declining the tutorial
12:25:49 [KPLIB] [STATS] SPC D.Scott - FPS: 91.95 - Local groups: 1 - Local units: 1 - Active Scripts: [spawn: 16, execVM: 24, exec: 0, execFSM: 2]
12:25:53 "TFAR_RadioRequestEvent [[""ItemRadio""],B Alpha 2-4:1 (SPC D.Scott) REMOTE] 437.436"
12:25:53 "Send TFAR_RadioRequestResponseEvent [3] 437.436"
12:25:53 "TFAR_RadioRequestEvent [[""ItemRadio""],B Alpha 2-4:1 (SPC D.Scott) REMOTE] 437.436"
12:25:53 "Send TFAR_RadioRequestResponseEvent [4] 437.436"
12:26:19 Error: Bone slot_backwpnl doesn't exist in skeleton OFP2_ManSkeleton
12:26:19 Error: Bone slot_backwpnr doesn't exist in skeleton OFP2_ManSkeleton
12:26:19 Error: Bone slot_backpack doesn't exist in skeleton OFP2_ManSkeleton
12:26:19 Error: Bone slot_buttpack doesn't exist in skeleton OFP2_ManSkeleton
12:26:19 Error: Bone slot_patrolwpn doesn't exist in skeleton OFP2_ManSkeleton
12:26:19 Warning Message: You cannot play/edit this mission; it is dependent on downloadable content that has been deleted.\nthird_weapons
12:26:19 Warning Message: You cannot play/edit this mission; it is dependent on downloadable content that has been deleted.\nthird_weapons
12:26:31 Warning Message: You cannot play/edit this mission; it is dependent on downloadable content that has been deleted.\ntweed_uaf_21_cfg
12:26:35 "TFAR_RadioRequestEvent [[""TFAR_anprc152""],commandant] 479.304"
12:26:35 "Send TFAR_RadioRequestResponseEvent [5] 479.304"
12:26:36 [KPLIB] [STATS] Server - FPS: 45.33 - Local groups: 10 - Local units: 3 - Active Sectors: 0 - Active Scripts: [spawn: 18, execVM: 30, exec: 0, execFSM: 3]
12:27:04 [KPLIB] [STATS] PFC S.Guss - FPS: 16.15 - Local groups: 1 - Local units: 1 - Active Scripts: [spawn: 12, execVM: 24, exec: 0, execFSM: 2]
12:27:08 "TFAR_RadioRequestEvent [[""ItemRadio""],B Alpha 2-5:1 (PFC S.Guss) REMOTE] 512.267"
12:27:08 "Send TFAR_RadioRequestResponseEvent [6] 512.267"
12:27:08 "TFAR_RadioRequestEvent [[""ItemRadio""],B Alpha 2-5:1 (PFC S.Guss) REMOTE] 512.267"
12:27:08 "Send TFAR_RadioRequestResponseEvent [7] 512.267"
12:27:31 Warning Message: You cannot play/edit this mission; it is dependent on downloadable content that has been deleted.\nthird_uniforms_backpacks
12:27:31 Warning Message: You cannot play/edit this mission; it is dependent on downloadable content that has been deleted.\nthird_weapons
12:27:31 Warning Message: You cannot play/edit this mission; it is dependent on downloadable content that has been deleted.\nace_vector
12:27:39 Setting invalid pitch 0.0000 for B Alpha 3-1:1 REMOTE
12:27:43 [KPLIB] [STATS] CPL H.Jäger - FPS: 64.52 - Local groups: 1 - Local units: 1 - Active Scripts: [spawn: 25, execVM: 26, exec: 0, execFSM: 2]
12:27:44 Warning Message: You cannot play/edit this mission; it is dependent on downloadable content that has been deleted.\nthird_weapons
12:27:44 Warning Message: You cannot play/edit this mission; it is dependent on downloadable content that has been deleted.\nace_vector
12:27:45 Warning Message: You cannot play/edit this mission; it is dependent on downloadable content that has been deleted.\nthird_weapons
12:27:45 Warning Message: You cannot play/edit this mission; it is dependent on downloadable content that has been deleted.\nthird_weapons
12:27:47 "TFAR_RadioRequestEvent [[""ItemRadio""],B Alpha 2-6:1 (CPL H.Jäger) REMOTE] 551.219"
12:27:47 "Send TFAR_RadioRequestResponseEvent [8] 551.219"
12:27:47 "TFAR_RadioRequestEvent [[""ItemRadio""],B Alpha 2-6:1 (CPL H.Jäger) REMOTE] 551.219"
12:27:47 "Send TFAR_RadioRequestResponseEvent [9] 551.219"
12:27:51 "TFAR_RadioRequestEvent [[""TFAR_anprc152""],B Alpha 2-4:1 (SPC D.Scott) REMOTE] 555.449"
12:27:51 "Send TFAR_RadioRequestResponseEvent [10] 555.449"
12:28:34 Setting invalid pitch 0.0000 for B Alpha 3-1:1 REMOTE
12:28:34 Setting invalid pitch 0.0000 for B Alpha 3-2:1 REMOTE
12:28:34 Warning Message: You cannot play/edit this mission; it is dependent on downloadable content that has been deleted.\nthird_uniforms_backpacks
12:28:34 Warning Message: You cannot play/edit this mission; it is dependent on downloadable content that has been deleted.\nthird_weapons
12:28:34 Ragdoll - loading of ragdoll source "Soldier" started.
12:28:34 Ragdoll - loading of ragdoll source "Soldier" finished successfully.
12:28:34 Setting invalid pitch 0.0000 for B Alpha 3-3:1 REMOTE
12:28:34 Setting invalid pitch 0.0000 for B Alpha 3-3:1 REMOTE
12:28:36 [KPLIB] [STATS] Server - FPS: 45.45 - Local groups: 11 - Local units: 4 - Active Sectors: 0 - Active Scripts: [spawn: 20, execVM: 30, exec: 0, execFSM: 3]
12:28:39 Setting invalid pitch 0.0000 for B Alpha 3-2:1 REMOTE
12:28:39 Setting invalid pitch 0.0000 for B Alpha 3-2:1 REMOTE
12:28:40 Setting invalid pitch 0.0000 for B Alpha 3-3:1 REMOTE
12:28:42 [KPLIB] [STATS] Pegging Officer - FPS: 64.26 - Local groups: 1 - Local units: 1 - Active Scripts: [spawn: 13, execVM: 24, exec: 0, execFSM: 2]
12:28:44 "TFAR_RadioRequestEvent [[""ItemRadio""],B Alpha 2-5:1 (PFC S.Guss) REMOTE] 607.966"
12:28:44 "Send TFAR_RadioRequestResponseEvent [11] 607.966"
12:28:46 "TFAR_RadioRequestEvent [[""ItemRadio""],B Alpha 3-1:1 (Pegging Officer) REMOTE] 610.342"
12:28:46 "Send TFAR_RadioRequestResponseEvent [12] 610.342"
12:28:46 "TFAR_RadioRequestEvent [[""ItemRadio""],B Alpha 3-1:1 (Pegging Officer) REMOTE] 610.364"
12:28:46 "Send TFAR_RadioRequestResponseEvent [13] 610.364"
12:28:52 Warning Message: You cannot play/edit this mission; it is dependent on downloadable content that has been deleted.\nthird_uniforms_backpacks
12:28:52 Subskeleton index out of range. There seems to be a SubSkeleton index that is greater than the number of sub skeletons, this should not be happening. Please report it with reproduction steps/files.
12:28:52 Warnings in x\kat\addons\ophthalmology\models\eyecovers\kat_eyecovers.p3d:1
12:28:52 Too detailed shadow lod in x\kat\addons\ophthalmology\models\eyecovers\kat_eyecovers.p3d (0:1.000000 : 3656) - shadows disabled
12:28:52 Warning Message: You cannot play/edit this mission; it is dependent on downloadable content that has been deleted.\nthird_weapons
12:28:52 Warning Message: You cannot play/edit this mission; it is dependent on downloadable content that has been deleted.\nthird_weapons
12:28:52 Warning Message: You cannot play/edit this mission; it is dependent on downloadable content that has been deleted.\nace_vector
12:29:03 Setting invalid pitch 0.0000 for B Alpha 3-2:1 REMOTE
12:29:03 Setting invalid pitch 0.0000 for B Alpha 3-2:1 REMOTE
12:29:03 Setting invalid pitch 0.0000 for B Alpha 3-3:1 REMOTE
12:29:04 Setting invalid pitch 0.0000 for B Alpha 3-5:1 REMOTE
12:29:04 Setting invalid pitch 0.0000 for B Alpha 3-5:1 REMOTE
12:29:06 Warning Message: You cannot play/edit this mission; it is dependent on downloadable content that has been deleted.\nthird_uniforms_backpacks
12:29:06 Warning Message: You cannot play/edit this mission; it is dependent on downloadable content that has been deleted.\nthird_weapons
12:29:07 "TFAR_RadioRequestEvent [[""TFAR_anprc152""],B Alpha 2-6:1 (CPL H.Jäger) REMOTE] 631.223"
12:29:07 "Send TFAR_RadioRequestResponseEvent [14] 631.223"
12:29:13 "TFAR_RadioRequestEvent [[""ItemRadio""],B Alpha 2-5:1 (PFC S.Guss) REMOTE] 637.428"
12:29:13 "Send TFAR_RadioRequestResponseEvent [15] 637.428"
12:29:18 [KPLIB] [SECTORMONITOR] Active sectors: None
12:29:37 [KPLIB] [STATS] OCS D.Lotus - FPS: 116.79 - Local groups: 1 - Local units: 1 - Active Scripts: [spawn: 17, execVM: 22, exec: 0, execFSM: 3]
12:29:48 Warning Message: You cannot play/edit this mission; it is dependent on downloadable content that has been deleted.\nthird_uniforms_backpacks
12:29:48 Warning Message: You cannot play/edit this mission; it is dependent on downloadable content that has been deleted.\nthird_weapons
12:29:50 "TFAR_RadioRequestEvent [[""TFAR_anprc152""],B Alpha 2-5:1 (PFC S.Guss) REMOTE] 674.262"
12:29:50 "Send TFAR_RadioRequestResponseEvent [16] 674.262"
12:30:12 [ACE] (medical_status) WARNING: setDead executed on unit with damage blocked - [BIS_SUPP_HQ_WEST,"#scripted"]
12:30:13 Setting invalid pitch 0.0000 for B Alpha 3-2:1 REMOTE
12:30:13 Setting invalid pitch 0.0000 for B Alpha 3-2:1 REMOTE
12:30:13 Setting invalid pitch 0.0000 for B Alpha 3-3:1 REMOTE
12:30:13 Setting invalid pitch 0.0000 for B Alpha 3-3:1 REMOTE
12:30:13 Setting invalid pitch 0.0000 for B Alpha 3-3:1 REMOTE
12:30:22 Warning Message: You cannot play/edit this mission; it is dependent on downloadable content that has been deleted.\nthird_uniforms_backpacks
12:30:23 Warning Message: You cannot play/edit this mission; it is dependent on downloadable content that has been deleted.\nthird_uniforms_backpacks
12:30:24 [ACE] (medical_status) WARNING: setDead executed on unit with damage blocked - [BIS_SUPP_HQ_GUER,"#scripted"]
12:30:24 Warning Message: You cannot play/edit this mission; it is dependent on downloadable content that has been deleted.\nthird_uniforms_backpacks
12:30:25 Warning Message: You cannot play/edit this mission; it is dependent on downloadable content that has been deleted.\nthird_uniforms_backpacks
12:30:26 Warning Message: You cannot play/edit this mission; it is dependent on downloadable content that has been deleted.\nthird_uniforms_backpacks
12:30:36 [KPLIB] [STATS] Server - FPS: 45.45 - Local groups: 10 - Local units: 1 - Active Sectors: 0 - Active Scripts: [spawn: 18, execVM: 30, exec: 0, execFSM: 3]
12:30:49 [KPLIB] [STATS] SPC D.Scott - FPS: 142.86 - Local groups: 1 - Local units: 1 - Active Scripts: [spawn: 6, execVM: 22, exec: 0, execFSM: 2]
12:30:51 [ACE] (medical_status) WARNING: setDead executed on unit with damage blocked - [BIS_SUPP_HQ_EAST,"#scripted"]
12:31:34 Warning Message: You cannot play/edit this mission; it is dependent on downloadable content that has been deleted.\nthird_uniforms_backpacks
12:31:34 Warning Message: You cannot play/edit this mission; it is dependent on downloadable content that has been deleted.\nthird_weapons
12:31:41 Warning Message: You cannot play/edit this mission; it is dependent on downloadable content that has been deleted.\nthird_weapons
12:31:41 Warning Message: You cannot play/edit this mission; it is dependent on downloadable content that has been deleted.\nthird_weapons
12:31:41 Warning Message: You cannot play/edit this mission; it is dependent on downloadable content that has been deleted.\nace_vector
12:31:43 Warning Message: You cannot play/edit this mission; it is dependent on downloadable content that has been deleted.\nthird_weapons
12:31:43 Warning Message: You cannot play/edit this mission; it is dependent on downloadable content that has been deleted.\nthird_weapons
12:31:43 Warning Message: You cannot play/edit this mission; it is dependent on downloadable content that has been deleted.\nace_vector
12:31:46 Warning Message: You cannot play/edit this mission; it is dependent on downloadable content that has been deleted.\nthird_weapons
12:31:46 Warning Message: You cannot play/edit this mission; it is dependent on downloadable content that has been deleted.\nthird_weapons
12:31:46 Warning Message: You cannot play/edit this mission; it is dependent on downloadable content that has been deleted.\nace_disposable
12:31:50 "TFAR_RadioRequestEvent [[""TFAR_anprc152""],B Alpha 3-1:1 (Pegging Officer) REMOTE] 794.359"
12:31:50 "Send TFAR_RadioRequestResponseEvent [17] 794.359"
12:32:08 [KPLIB] [STATS] PFC S.Guss - FPS: 107.38 - Local groups: 1 - Local units: 1 - Active Scripts: [spawn: 6, execVM: 22, exec: 0, execFSM: 2]
12:32:36 [KPLIB] [STATS] Server - FPS: 45.58 - Local groups: 10 - Local units: 0 - Active Sectors: 0 - Active Scripts: [spawn: 18, execVM: 30, exec: 0, execFSM: 3]
12:32:43 [KPLIB] [STATS] CPL H.Jäger - FPS: 72.73 - Local groups: 1 - Local units: 1 - Active Scripts: [spawn: 19, execVM: 24, exec: 0, execFSM: 2]
12:33:35 Setting invalid pitch 0.0000 for B Alpha 3-2:1 REMOTE
12:33:35 Setting invalid pitch 0.0000 for B Alpha 3-3:1 REMOTE
12:33:36 Setting invalid pitch 0.0000 for B Alpha 3-4:1 REMOTE
12:33:36 Setting invalid pitch 0.0000 for B Alpha 3-4:1 REMOTE
12:33:36 Setting invalid pitch 0.0000 for B Alpha 3-4:1 REMOTE
12:33:40 [KPLIB] [STATS] Pegging Officer - FPS: 144.14 - Local groups: 1 - Local units: 1 - Active Scripts: [spawn: 7, execVM: 22, exec: 0, execFSM: 2]
12:33:59 Warning Message: You cannot play/edit this mission; it is dependent on downloadable content that has been deleted.\nthird_weapons
12:33:59 Warning Message: You cannot play/edit this mission; it is dependent on downloadable content that has been deleted.\nace_disposable
12:34:23 [KPLIB] [SECTORMONITOR] Active sectors: None
12:34:29 Setting invalid pitch 0.0000 for B Alpha 3-2:1 REMOTE
12:34:29 Setting invalid pitch 0.0000 for B Alpha 3-2:1 REMOTE
12:34:29 Setting invalid pitch 0.0000 for B Alpha 3-3:1 REMOTE
12:34:29 Setting invalid pitch 0.0000 for B Alpha 3-3:1 REMOTE
12:34:36 [KPLIB] [STATS] Server - FPS: 45.45 - Local groups: 10 - Local units: 0 - Active Sectors: 0 - Active Scripts: [spawn: 19, execVM: 30, exec: 0, execFSM: 3]
12:34:37 [KPLIB] [STATS] OCS D.Lotus - FPS: 134.45 - Local groups: 1 - Local units: 1 - Active Scripts: [spawn: 18, execVM: 22, exec: 0, execFSM: 3]
12:35:43 Warning Message: You cannot play/edit this mission; it is dependent on downloadable content that has been deleted.\nthird_uniforms_backpacks
12:35:47 Setting invalid pitch 0.0000 for B Alpha 1-1:1 REMOTE
12:35:47 Setting invalid pitch 0.0000 for B Alpha 1-1:1 REMOTE
12:35:47 Setting invalid pitch 0.0000 for B Alpha 1-2:1 REMOTE
12:35:47 Setting invalid pitch 0.0000 for B Alpha 1-2:1 REMOTE
12:35:48 [KPLIB] [STATS] SPC D.Scott - FPS: 115.94 - Local groups: 1 - Local units: 2 - Active Scripts: [spawn: 8, execVM: 22, exec: 0, execFSM: 2]
12:36:18 Warning Message: You cannot play/edit this mission; it is dependent on downloadable content that has been deleted.\nthird_uniforms_backpacks
12:36:22 Warning Message: You cannot play/edit this mission; it is dependent on downloadable content that has been deleted.\nthird_uniforms_backpacks
12:36:24 Warning Message: You cannot play/edit this mission; it is dependent on downloadable content that has been deleted.\nthird_uniforms_backpacks
12:36:25 Warning Message: You cannot play/edit this mission; it is dependent on downloadable content that has been deleted.\nthird_uniforms_backpacks
12:36:25 Warning Message: You cannot play/edit this mission; it is dependent on downloadable content that has been deleted.\nthird_uniforms_backpacks
12:36:25 Warning Message: You cannot play/edit this mission; it is dependent on downloadable content that has been deleted.\nthird_uniforms_backpacks
12:36:26 Warning Message: You cannot play/edit this mission; it is dependent on downloadable content that has been deleted.\nthird_uniforms_backpacks
12:36:26 Warning Message: You cannot play/edit this mission; it is dependent on downloadable content that has been deleted.\nthird_uniforms_backpacks
12:36:26 Warning Message: You cannot play/edit this mission; it is dependent on downloadable content that has been deleted.\nthird_uniforms_backpacks
12:36:26 Warning Message: You cannot play/edit this mission; it is dependent on downloadable content that has been deleted.\nthird_uniforms_backpacks
12:36:26 Warning Message: You cannot play/edit this mission; it is dependent on downloadable content that has been deleted.\nthird_uniforms_backpacks
12:36:27 Warning Message: You cannot play/edit this mission; it is dependent on downloadable content that has been deleted.\nthird_uniforms_backpacks
12:36:27 Warning Message: You cannot play/edit this mission; it is dependent on downloadable content that has been deleted.\nthird_uniforms_backpacks
12:36:27 Warning Message: You cannot play/edit this mission; it is dependent on downloadable content that has been deleted.\nthird_uniforms_backpacks
12:36:27 Warning Message: You cannot play/edit this mission; it is dependent on downloadable content that has been deleted.\nthird_uniforms_backpacks
12:36:27 Warning Message: You cannot play/edit this mission; it is dependent on downloadable content that has been deleted.\nthird_uniforms_backpacks
12:36:28 Warning Message: You cannot play/edit this mission; it is dependent on downloadable content that has been deleted.\nthird_uniforms_backpacks
12:36:28 Warning Message: You cannot play/edit this mission; it is dependent on downloadable content that has been deleted.\nthird_uniforms_backpacks
12:36:28 Warning Message: You cannot play/edit this mission; it is dependent on downloadable content that has been deleted.\nthird_uniforms_backpacks
12:36:28 Warning Message: You cannot play/edit this mission; it is dependent on downloadable content that has been deleted.\nthird_uniforms_backpacks
12:36:28 Warning Message: You cannot play/edit this mission; it is dependent on downloadable content that has been deleted.\nthird_uniforms_backpacks
12:36:29 Warning Message: You cannot play/edit this mission; it is dependent on downloadable content that has been deleted.\nthird_uniforms_backpacks
12:36:29 Warning Message: You cannot play/edit this mission; it is dependent on downloadable content that has been deleted.\nthird_uniforms_backpacks
12:36:29 Warning Message: You cannot play/edit this mission; it is dependent on downloadable content that has been deleted.\nthird_uniforms_backpacks
12:36:30 Warning Message: You cannot play/edit this mission; it is dependent on downloadable content that has been deleted.\nthird_uniforms_backpacks
12:36:30 Warning Message: You cannot play/edit this mission; it is dependent on downloadable content that has been deleted.\nthird_uniforms_backpacks
12:36:30 Warning Message: You cannot play/edit this mission; it is dependent on downloadable content that has been deleted.\nthird_uniforms_backpacks
12:36:30 Warning Message: You cannot play/edit this mission; it is dependent on downloadable content that has been deleted.\nthird_uniforms_backpacks
12:36:30 Warning Message: You cannot play/edit this mission; it is dependent on downloadable content that has been deleted.\nthird_uniforms_backpacks
12:36:30 Warning Message: You cannot play/edit this mission; it is dependent on downloadable content that has been deleted.\nthird_uniforms_backpacks
12:36:30 Warning Message: You cannot play/edit this mission; it is dependent on downloadable content that has been deleted.\nthird_uniforms_backpacks
12:36:30 Warning Message: You cannot play/edit this mission; it is dependent on downloadable content that has been deleted.\nthird_uniforms_backpacks
12:36:30 Warning Message: You cannot play/edit this mission; it is dependent on downloadable content that has been deleted.\nthird_uniforms_backpacks
12:36:30 Warning Message: You cannot play/edit this mission; it is dependent on downloadable content that has been deleted.\nthird_uniforms_backpacks
12:36:30 Warning Message: You cannot play/edit this mission; it is dependent on downloadable content that has been deleted.\nthird_uniforms_backpacks
12:36:30 Warning Message: You cannot play/edit this mission; it is dependent on downloadable content that has been deleted.\nthird_uniforms_backpacks
12:36:30 Warning Message: You cannot play/edit this mission; it is dependent on downloadable content that has been deleted.\nthird_uniforms_backpacks
12:36:30 Warning Message: You cannot play/edit this mission; it is dependent on downloadable content that has been deleted.\nthird_uniforms_backpacks
12:36:31 Warning Message: You cannot play/edit this mission; it is dependent on downloadable content that has been deleted.\nthird_uniforms_backpacks
12:36:31 Warning Message: You cannot play/edit this mission; it is dependent on downloadable content that has been deleted.\nthird_uniforms_backpacks
12:36:31 Warning Message: You cannot play/edit this mission; it is dependent on downloadable content that has been deleted.\nthird_uniforms_backpacks
12:36:31 Warning Message: You cannot play/edit this mission; it is dependent on downloadable content that has been deleted.\nthird_uniforms_backpacks
12:36:31 Warning Message: You cannot play/edit this mission; it is dependent on downloadable content that has been deleted.\nthird_uniforms_backpacks
12:36:31 Warning Message: You cannot play/edit this mission; it is dependent on downloadable content that has been deleted.\nthird_uniforms_backpacks
12:36:31 Warning Message: You cannot play/edit this mission; it is dependent on downloadable content that has been deleted.\nthird_uniforms_backpacks
12:36:32 Warning Message: You cannot play/edit this mission; it is dependent on downloadable content that has been deleted.\nthird_uniforms_backpacks
12:36:33 Warning Message: You cannot play/edit this mission; it is dependent on downloadable content that has been deleted.\nthird_uniforms_backpacks
12:36:33 Warning Message: You cannot play/edit this mission; it is dependent on downloadable content that has been deleted.\nthird_uniforms_backpacks
12:36:33 Warning Message: You cannot play/edit this mission; it is dependent on downloadable content that has been deleted.\nthird_uniforms_backpacks
12:36:34 Warning Message: You cannot play/edit this mission; it is dependent on downloadable content that has been deleted.\nthird_uniforms_backpacks
12:36:34 Warning Message: You cannot play/edit this mission; it is dependent on downloadable content that has been deleted.\nthird_uniforms_backpacks
12:36:35 Warning Message: You cannot play/edit this mission; it is dependent on downloadable content that has been deleted.\nthird_uniforms_backpacks
12:36:35 Warning Message: You cannot play/edit this mission; it is dependent on downloadable content that has been deleted.\nthird_uniforms_backpacks
12:36:35 Warning Message: You cannot play/edit this mission; it is dependent on downloadable content that has been deleted.\nthird_uniforms_backpacks
12:36:35 Warning Message: You cannot play/edit this mission; it is dependent on downloadable content that has been deleted.\nthird_uniforms_backpacks
12:36:36 [KPLIB] [STATS] Server - FPS: 45.58 - Local groups: 0 - Local units: 0 - Active Sectors: 0 - Active Scripts: [spawn: 18, execVM: 30, exec: 0, execFSM: 3]
12:36:36 Warning Message: You cannot play/edit this mission; it is dependent on downloadable content that has been deleted.\nthird_uniforms_backpacks
12:36:37 Warning Message: You cannot play/edit this mission; it is dependent on downloadable content that has been deleted.\nthird_uniforms_backpacks
12:36:37 Warning Message: You cannot play/edit this mission; it is dependent on downloadable content that has been deleted.\nthird_uniforms_backpacks
12:36:37 Warning Message: You cannot play/edit this mission; it is dependent on downloadable content that has been deleted.\nthird_uniforms_backpacks
12:36:37 Warning Message: You cannot play/edit this mission; it is dependent on downloadable content that has been deleted.\nthird_uniforms_backpacks
12:36:37 Warning Message: You cannot play/edit this mission; it is dependent on downloadable content that has been deleted.\nthird_uniforms_backpacks
12:36:37 Warning Message: You cannot play/edit this mission; it is dependent on downloadable content that has been deleted.\nthird_uniforms_backpacks
12:36:37 Warning Message: You cannot play/edit this mission; it is dependent on downloadable content that has been deleted.\nthird_uniforms_backpacks
12:36:37 Warning Message: You cannot play/edit this mission; it is dependent on downloadable content that has been deleted.\nthird_uniforms_backpacks
12:36:38 Warning Message: You cannot play/edit this mission; it is dependent on downloadable content that has been deleted.\nthird_uniforms_backpacks
12:36:38 Warning Message: You cannot play/edit this mission; it is dependent on downloadable content that has been deleted.\nthird_uniforms_backpacks
12:36:38 Warning Message: You cannot play/edit this mission; it is dependent on downloadable content that has been deleted.\nthird_uniforms_backpacks
12:36:38 Warning Message: You cannot play/edit this mission; it is dependent on downloadable content that has been deleted.\nthird_uniforms_backpacks
12:36:38 Warning Message: You cannot play/edit this mission; it is dependent on downloadable content that has been deleted.\nthird_uniforms_backpacks
12:36:38 Warning Message: You cannot play/edit this mission; it is dependent on downloadable content that has been deleted.\nthird_uniforms_backpacks
12:36:38 Warning Message: You cannot play/edit this mission; it is dependent on downloadable content that has been deleted.\nthird_uniforms_backpacks
12:36:39 Warning Message: You cannot play/edit this mission; it is dependent on downloadable content that has been deleted.\nthird_uniforms_backpacks
12:36:39 Warning Message: You cannot play/edit this mission; it is dependent on downloadable content that has been deleted.\nthird_uniforms_backpacks
12:36:39 Warning Message: You cannot play/edit this mission; it is dependent on downloadable content that has been deleted.\nthird_uniforms_backpacks
12:36:39 Warning Message: You cannot play/edit this mission; it is dependent on downloadable content that has been deleted.\nthird_uniforms_backpacks
12:36:39 Warning Message: You cannot play/edit this mission; it is dependent on downloadable content that has been deleted.\nthird_uniforms_backpacks
12:36:39 Warning Message: You cannot play/edit this mission; it is dependent on downloadable content that has been deleted.\nthird_uniforms_backpacks
12:36:39 Warning Message: You cannot play/edit this mission; it is dependent on downloadable content that has been deleted.\nthird_uniforms_backpacks
12:36:39 Warning Message: You cannot play/edit this mission; it is dependent on downloadable content that has been deleted.\nthird_uniforms_backpacks
12:36:39 Warning Message: You cannot play/edit this mission; it is dependent on downloadable content that has been deleted.\nthird_uniforms_backpacks
12:36:39 Warning Message: You cannot play/edit this mission; it is dependent on downloadable content that has been deleted.\nthird_uniforms_backpacks
12:36:39 Warning Message: You cannot play/edit this mission; it is dependent on downloadable content that has been deleted.\nthird_uniforms_backpacks
12:36:40 Warning Message: You cannot play/edit this mission; it is dependent on downloadable content that has been deleted.\nthird_uniforms_backpacks
12:36:40 Warning Message: You cannot play/edit this mission; it is dependent on downloadable content that has been deleted.\nthird_uniforms_backpacks
12:36:40 Warning Message: You cannot play/edit this mission; it is dependent on downloadable content that has been deleted.\nthird_uniforms_backpacks
12:36:40 Warning Message: You cannot play/edit this mission; it is dependent on downloadable content that has been deleted.\nthird_uniforms_backpacks
12:36:40 Warning Message: You cannot play/edit this mission; it is dependent on downloadable content that has been deleted.\nthird_uniforms_backpacks
12:36:40 Warning Message: You cannot play/edit this mission; it is dependent on downloadable content that has been deleted.\nthird_uniforms_backpacks
12:36:40 Warning Message: You cannot play/edit this mission; it is dependent on downloadable content that has been deleted.\nthird_uniforms_backpacks
12:36:40 Warning Message: You cannot play/edit this mission; it is dependent on downloadable content that has been deleted.\nthird_uniforms_backpacks
12:36:41 Warning Message: You cannot play/edit this mission; it is dependent on downloadable content that has been deleted.\nthird_uniforms_backpacks
12:36:41 Warning Message: You cannot play/edit this mission; it is dependent on downloadable content that has been deleted.\nthird_uniforms_backpacks
12:36:41 Warning Message: You cannot play/edit this mission; it is dependent on downloadable content that has been deleted.\nthird_uniforms_backpacks
12:36:41 Warning Message: You cannot play/edit this mission; it is dependent on downloadable content that has been deleted.\nthird_uniforms_backpacks
12:36:41 Warning Message: You cannot play/edit this mission; it is dependent on downloadable content that has been deleted.\nthird_uniforms_backpacks
12:36:41 Warning Message: You cannot play/edit this mission; it is dependent on downloadable content that has been deleted.\nthird_uniforms_backpacks
12:36:41 Warning Message: You cannot play/edit this mission; it is dependent on downloadable content that has been deleted.\nthird_uniforms_backpacks
12:36:41 Warning Message: You cannot play/edit this mission; it is dependent on downloadable content that has been deleted.\nthird_uniforms_backpacks
12:36:41 Warning Message: You cannot play/edit this mission; it is dependent on downloadable content that has been deleted.\nthird_uniforms_backpacks
12:36:41 Warning Message: You cannot play/edit this mission; it is dependent on downloadable content that has been deleted.\nthird_uniforms_backpacks
12:36:42 Warning Message: You cannot play/edit this mission; it is dependent on downloadable content that has been deleted.\nthird_uniforms_backpacks
12:36:42 Warning Message: You cannot play/edit this mission; it is dependent on downloadable content that has been deleted.\nthird_uniforms_backpacks
12:36:42 Warning Message: You cannot play/edit this mission; it is dependent on downloadable content that has been deleted.\nthird_uniforms_backpacks
12:36:42 Warning Message: You cannot play/edit this mission; it is dependent on downloadable content that has been deleted.\nthird_uniforms_backpacks
12:36:42 Warning Message: You cannot play/edit this mission; it is dependent on downloadable content that has been deleted.\nthird_uniforms_backpacks
12:36:42 Warning Message: You cannot play/edit this mission; it is dependent on downloadable content that has been deleted.\nthird_uniforms_backpacks
12:36:42 Warning Message: You cannot play/edit this mission; it is dependent on downloadable content that has been deleted.\nthird_uniforms_backpacks
12:36:42 Warning Message: You cannot play/edit this mission; it is dependent on downloadable content that has been deleted.\nthird_uniforms_backpacks
12:36:42 Warning Message: You cannot play/edit this mission; it is dependent on downloadable content that has been deleted.\nthird_uniforms_backpacks
12:36:42 Warning Message: You cannot play/edit this mission; it is dependent on downloadable content that has been deleted.\nthird_uniforms_backpacks
12:36:43 Warning Message: You cannot play/edit this mission; it is dependent on downloadable content that has been deleted.\nthird_uniforms_backpacks
12:36:45 Warning Message: You cannot play/edit this mission; it is dependent on downloadable content that has been deleted.\nthird_uniforms_backpacks
12:36:45 Warning Message: You cannot play/edit this mission; it is dependent on downloadable content that has been deleted.\nthird_uniforms_backpacks
12:36:46 Warning Message: You cannot play/edit this mission; it is dependent on downloadable content that has been deleted.\nthird_uniforms_backpacks
12:36:46 Warning Message: You cannot play/edit this mission; it is dependent on downloadable content that has been deleted.\nthird_uniforms_backpacks
12:36:46 Warning Message: You cannot play/edit this mission; it is dependent on downloadable content that has been deleted.\nthird_uniforms_backpacks
12:36:46 Warning Message: You cannot play/edit this mission; it is dependent on downloadable content that has been deleted.\nthird_uniforms_backpacks
12:36:46 Warning Message: You cannot play/edit this mission; it is dependent on downloadable content that has been deleted.\nthird_uniforms_backpacks
12:36:46 Warning Message: You cannot play/edit this mission; it is dependent on downloadable content that has been deleted.\nthird_uniforms_backpacks
12:36:46 Warning Message: You cannot play/edit this mission; it is dependent on downloadable content that has been deleted.\nthird_uniforms_backpacks
12:36:47 Warning Message: You cannot play/edit this mission; it is dependent on downloadable content that has been deleted.\nthird_uniforms_backpacks
12:36:47 Warning Message: You cannot play/edit this mission; it is dependent on downloadable content that has been deleted.\nthird_uniforms_backpacks
12:36:47 Warning Message: You cannot play/edit this mission; it is dependent on downloadable content that has been deleted.\nthird_uniforms_backpacks
12:36:47 Warning Message: You cannot play/edit this mission; it is dependent on downloadable content that has been deleted.\nthird_uniforms_backpacks
12:36:47 Warning Message: You cannot play/edit this mission; it is dependent on downloadable content that has been deleted.\nthird_uniforms_backpacks
12:36:47 Warning Message: You cannot play/edit this mission; it is dependent on downloadable content that has been deleted.\nthird_uniforms_backpacks
12:36:47 Warning Message: You cannot play/edit this mission; it is dependent on downloadable content that has been deleted.\nthird_uniforms_backpacks
12:36:47 Warning Message: You cannot play/edit this mission; it is dependent on downloadable content that has been deleted.\nthird_uniforms_backpacks
12:36:47 Warning Message: You cannot play/edit this mission; it is dependent on downloadable content that has been deleted.\nthird_uniforms_backpacks
12:36:47 Warning Message: You cannot play/edit this mission; it is dependent on downloadable content that has been deleted.\nthird_uniforms_backpacks
12:36:47 Warning Message: You cannot play/edit this mission; it is dependent on downloadable content that has been deleted.\nthird_uniforms_backpacks
12:36:47 Warning Message: You cannot play/edit this mission; it is dependent on downloadable content that has been deleted.\nthird_uniforms_backpacks
12:36:47 Warning Message: You cannot play/edit this mission; it is dependent on downloadable content that has been deleted.\nthird_uniforms_backpacks
12:36:47 Warning Message: You cannot play/edit this mission; it is dependent on downloadable content that has been deleted.\nthird_uniforms_backpacks
12:36:48 Warning Message: You cannot play/edit this mission; it is dependent on downloadable content that has been deleted.\nthird_uniforms_backpacks
12:36:48 Warning Message: You cannot play/edit this mission; it is dependent on downloadable content that has been deleted.\nthird_uniforms_backpacks
12:36:48 Warning Message: You cannot play/edit this mission; it is dependent on downloadable content that has been deleted.\nthird_uniforms_backpacks
12:36:48 Warning Message: You cannot play/edit this mission; it is dependent on downloadable content that has been deleted.\nthird_uniforms_backpacks
12:36:48 Warning Message: You cannot play/edit this mission; it is dependent on downloadable content that has been deleted.\nthird_uniforms_backpacks
12:36:48 Warning Message: You cannot play/edit this mission; it is dependent on downloadable content that has been deleted.\nthird_uniforms_backpacks
12:36:48 Warning Message: You cannot play/edit this mission; it is dependent on downloadable content that has been deleted.\nthird_uniforms_backpacks
12:36:48 Warning Message: You cannot play/edit this mission; it is dependent on downloadable content that has been deleted.\nthird_uniforms_backpacks
12:36:48 Warning Message: You cannot play/edit this mission; it is dependent on downloadable content that has been deleted.\nthird_uniforms_backpacks
12:36:48 Warning Message: You cannot play/edit this mission; it is dependent on downloadable content that has been deleted.\nthird_uniforms_backpacks
12:36:48 Warning Message: You cannot play/edit this mission; it is dependent on downloadable content that has been deleted.\nthird_uniforms_backpacks
12:36:48 Warning Message: You cannot play/edit this mission; it is dependent on downloadable content that has been deleted.\nthird_uniforms_backpacks
12:36:48 Warning Message: You cannot play/edit this mission; it is dependent on downloadable content that has been deleted.\nthird_uniforms_backpacks
12:36:48 Warning Message: You cannot play/edit this mission; it is dependent on downloadable content that has been deleted.\nthird_uniforms_backpacks
12:36:48 Warning Message: You cannot play/edit this mission; it is dependent on downloadable content that has been deleted.\nthird_uniforms_backpacks
12:36:48 Warning Message: You cannot play/edit this mission; it is dependent on downloadable content that has been deleted.\nthird_uniforms_backpacks
12:36:48 Warning Message: You cannot play/edit this mission; it is dependent on downloadable content that has been deleted.\nthird_uniforms_backpacks
12:36:48 Warning Message: You cannot play/edit this mission; it is dependent on downloadable content that has been deleted.\nthird_uniforms_backpacks
12:36:48 Warning Message: You cannot play/edit this mission; it is dependent on downloadable content that has been deleted.\nthird_uniforms_backpacks
12:36:48 Warning Message: You cannot play/edit this mission; it is dependent on downloadable content that has been deleted.\nthird_uniforms_backpacks
12:36:48 Warning Message: You cannot play/edit this mission; it is dependent on downloadable content that has been deleted.\nthird_uniforms_backpacks
12:36:48 Warning Message: You cannot play/edit this mission; it is dependent on downloadable content that has been deleted.\nthird_uniforms_backpacks
12:36:48 Warning Message: You cannot play/edit this mission; it is dependent on downloadable content that has been deleted.\nthird_uniforms_backpacks
12:36:48 Warning Message: You cannot play/edit this mission; it is dependent on downloadable content that has been deleted.\nthird_uniforms_backpacks
12:36:48 Warning Message: You cannot play/edit this mission; it is dependent on downloadable content that has been deleted.\nthird_uniforms_backpacks
12:36:48 Warning Message: You cannot play/edit this mission; it is dependent on downloadable content that has been deleted.\nthird_uniforms_backpacks
12:36:48 Warning Message: You cannot play/edit this mission; it is dependent on downloadable content that has been deleted.\nthird_uniforms_backpacks
12:36:48 Warning Message: You cannot play/edit this mission; it is dependent on downloadable content that has been deleted.\nthird_uniforms_backpacks
12:36:48 Warning Message: You cannot play/edit this mission; it is dependent on downloadable content that has been deleted.\nthird_uniforms_backpacks
12:36:48 Warning Message: You cannot play/edit this mission; it is dependent on downloadable content that has been deleted.\nthird_uniforms_backpacks
12:36:48 Warning Message: You cannot play/edit this mission; it is dependent on downloadable content that has been deleted.\nthird_uniforms_backpacks
12:36:48 Warning Message: You cannot play/edit this mission; it is dependent on downloadable content that has been deleted.\nthird_uniforms_backpacks
12:36:48 Warning Message: You cannot play/edit this mission; it is dependent on downloadable content that has been deleted.\nthird_uniforms_backpacks
12:36:48 Warning Message: You cannot play/edit this mission; it is dependent on downloadable content that has been deleted.\nthird_uniforms_backpacks
12:36:49 Warning Message: You cannot play/edit this mission; it is dependent on downloadable content that has been deleted.\nthird_uniforms_backpacks
12:36:49 Warning Message: You cannot play/edit this mission; it is dependent on downloadable content that has been deleted.\nthird_uniforms_backpacks
12:36:49 Warning Message: You cannot play/edit this mission; it is dependent on downloadable content that has been deleted.\nthird_uniforms_backpacks
12:36:49 Warning Message: You cannot play/edit this mission; it is dependent on downloadable content that has been deleted.\nthird_uniforms_backpacks
12:36:49 Warning Message: You cannot play/edit this mission; it is dependent on downloadable content that has been deleted.\nthird_uniforms_backpacks
12:36:50 Warning Message: You cannot play/edit this mission; it is dependent on downloadable content that has been deleted.\nthird_uniforms_backpacks
12:36:50 Warning Message: You cannot play/edit this mission; it is dependent on downloadable content that has been deleted.\nthird_uniforms_backpacks
12:36:50 Warning Message: You cannot play/edit this mission; it is dependent on downloadable content that has been deleted.\nthird_uniforms_backpacks
12:36:51 Warning Message: You cannot play/edit this mission; it is dependent on downloadable content that has been deleted.\nthird_uniforms_backpacks
12:36:52 Warning Message: You cannot play/edit this mission; it is dependent on downloadable content that has been deleted.\nthird_uniforms_backpacks
12:36:53 Warning Message: You cannot play/edit this mission; it is dependent on downloadable content that has been deleted.\nthird_uniforms_backpacks
12:36:53 Warning Message: You cannot play/edit this mission; it is dependent on downloadable content that has been deleted.\nthird_uniforms_backpacks
12:36:54 Warning Message: You cannot play/edit this mission; it is dependent on downloadable content that has been deleted.\nthird_uniforms_backpacks
12:36:54 Warning Message: You cannot play/edit this mission; it is dependent on downloadable content that has been deleted.\nthird_uniforms_backpacks
12:36:54 Warning Message: You cannot play/edit this mission; it is dependent on downloadable content that has been deleted.\nthird_uniforms_backpacks
12:36:54 Warning Message: You cannot play/edit this mission; it is dependent on downloadable content that has been deleted.\nthird_uniforms_backpacks
12:36:54 Warning Message: You cannot play/edit this mission; it is dependent on downloadable content that has been deleted.\nthird_uniforms_backpacks
12:36:54 Warning Message: You cannot play/edit this mission; it is dependent on downloadable content that has been deleted.\nthird_uniforms_backpacks
12:36:54 Warning Message: You cannot play/edit this mission; it is dependent on downloadable content that has been deleted.\nthird_uniforms_backpacks
12:36:54 Warning Message: You cannot play/edit this mission; it is dependent on downloadable content that has been deleted.\nthird_uniforms_backpacks
12:36:55 Warning Message: You cannot play/edit this mission; it is dependent on downloadable content that has been deleted.\nthird_uniforms_backpacks
12:36:55 Warning Message: You cannot play/edit this mission; it is dependent on downloadable content that has been deleted.\nthird_uniforms_backpacks
12:36:55 Warning Message: You cannot play/edit this mission; it is dependent on downloadable content that has been deleted.\nthird_uniforms_backpacks
12:36:56 Warning Message: You cannot play/edit this mission; it is dependent on downloadable content that has been deleted.\nthird_uniforms_backpacks
12:36:56 Warning Message: You cannot play/edit this mission; it is dependent on downloadable content that has been deleted.\nthird_uniforms_backpacks
12:36:56 Warning Message: You cannot play/edit this mission; it is dependent on downloadable content that has been deleted.\nthird_uniforms_backpacks
12:36:56 Warning Message: You cannot play/edit this mission; it is dependent on downloadable content that has been deleted.\nthird_uniforms_backpacks
12:36:56 Warning Message: You cannot play/edit this mission; it is dependent on downloadable content that has been deleted.\nthird_uniforms_backpacks
12:36:56 Warning Message: You cannot play/edit this mission; it is dependent on downloadable content that has been deleted.\nthird_uniforms_backpacks
12:36:56 Warning Message: You cannot play/edit this mission; it is dependent on downloadable content that has been deleted.\nthird_uniforms_backpacks
12:36:56 Warning Message: You cannot play/edit this mission; it is dependent on downloadable content that has been deleted.\nthird_uniforms_backpacks
12:36:56 Warning Message: You cannot play/edit this mission; it is dependent on downloadable content that has been deleted.\nthird_uniforms_backpacks
12:36:56 Warning Message: You cannot play/edit this mission; it is dependent on downloadable content that has been deleted.\nthird_uniforms_backpacks
12:36:56 Warning Message: You cannot play/edit this mission; it is dependent on downloadable content that has been deleted.\nthird_uniforms_backpacks
12:36:56 Warning Message: You cannot play/edit this mission; it is dependent on downloadable content that has been deleted.\nthird_uniforms_backpacks
12:36:57 Warning Message: You cannot play/edit this mission; it is dependent on downloadable content that has been deleted.\nthird_uniforms_backpacks
12:36:57 Warning Message: You cannot play/edit this mission; it is dependent on downloadable content that has been deleted.\nthird_uniforms_backpacks
12:36:57 Warning Message: You cannot play/edit this mission; it is dependent on downloadable content that has been deleted.\nthird_uniforms_backpacks
12:36:57 Warning Message: You cannot play/edit this mission; it is dependent on downloadable content that has been deleted.\nthird_uniforms_backpacks
12:36:57 Warning Message: You cannot play/edit this mission; it is dependent on downloadable content that has been deleted.\nthird_uniforms_backpacks
12:36:57 Warning Message: You cannot play/edit this mission; it is dependent on downloadable content that has been deleted.\nthird_uniforms_backpacks
12:36:57 Warning Message: You cannot play/edit this mission; it is dependent on downloadable content that has been deleted.\nthird_uniforms_backpacks
12:36:57 Warning Message: You cannot play/edit this mission; it is dependent on downloadable content that has been deleted.\nthird_uniforms_backpacks
12:36:57 Warning Message: You cannot play/edit this mission; it is dependent on downloadable content that has been deleted.\nthird_uniforms_backpacks
12:36:57 Warning Message: You cannot play/edit this mission; it is dependent on downloadable content that has been deleted.\nthird_uniforms_backpacks
12:36:57 Warning Message: You cannot play/edit this mission; it is dependent on downloadable content that has been deleted.\nthird_uniforms_backpacks
12:36:57 Warning Message: You cannot play/edit this mission; it is dependent on downloadable content that has been deleted.\nthird_uniforms_backpacks
12:36:57 Warning Message: You cannot play/edit this mission; it is dependent on downloadable content that has been deleted.\nthird_uniforms_backpacks
12:36:57 Warning Message: You cannot play/edit this mission; it is dependent on downloadable content that has been deleted.\nthird_uniforms_backpacks
12:36:57 Warning Message: You cannot play/edit this mission; it is dependent on downloadable content that has been deleted.\nthird_uniforms_backpacks
12:36:57 Warning Message: You cannot play/edit this mission; it is dependent on downloadable content that has been deleted.\nthird_uniforms_backpacks
12:36:58 Warning Message: You cannot play/edit this mission; it is dependent on downloadable content that has been deleted.\nthird_uniforms_backpacks
12:36:58 Warning Message: You cannot play/edit this mission; it is dependent on downloadable content that has been deleted.\nthird_uniforms_backpacks
12:36:58 Warning Message: You cannot play/edit this mission; it is dependent on downloadable content that has been deleted.\nthird_uniforms_backpacks
12:36:58 Warning Message: You cannot play/edit this mission; it is dependent on downloadable content that has been deleted.\nthird_uniforms_backpacks
12:36:58 Warning Message: You cannot play/edit this mission; it is dependent on downloadable content that has been deleted.\nthird_uniforms_backpacks
12:36:58 Warning Message: You cannot play/edit this mission; it is dependent on downloadable content that has been deleted.\nthird_uniforms_backpacks
12:36:58 Warning Message: You cannot play/edit this mission; it is dependent on downloadable content that has been deleted.\nthird_uniforms_backpacks
12:36:58 Warning Message: You cannot play/edit this mission; it is dependent on downloadable content that has been deleted.\nthird_uniforms_backpacks
12:36:58 Warning Message: You cannot play/edit this mission; it is dependent on downloadable content that has been deleted.\nthird_uniforms_backpacks
12:36:58 Warning Message: You cannot play/edit this mission; it is dependent on downloadable content that has been deleted.\nthird_uniforms_backpacks
12:36:58 Warning Message: You cannot play/edit this mission; it is dependent on downloadable content that has been deleted.\nthird_uniforms_backpacks
12:36:58 Warning Message: You cannot play/edit this mission; it is dependent on downloadable content that has been deleted.\nthird_uniforms_backpacks
12:36:58 Warning Message: You cannot play/edit this mission; it is dependent on downloadable content that has been deleted.\nthird_uniforms_backpacks
12:36:58 Warning Message: You cannot play/edit this mission; it is dependent on downloadable content that has been deleted.\nthird_uniforms_backpacks
12:36:58 Warning Message: You cannot play/edit this mission; it is dependent on downloadable content that has been deleted.\nthird_uniforms_backpacks
12:36:58 Warning Message: You cannot play/edit this mission; it is dependent on downloadable content that has been deleted.\nthird_uniforms_backpacks
12:36:59 Warning Message: You cannot play/edit this mission; it is dependent on downloadable content that has been deleted.\nthird_uniforms_backpacks
12:36:59 Warning Message: You cannot play/edit this mission; it is dependent on downloadable content that has been deleted.\nthird_uniforms_backpacks
12:37:00 Warning Message: You cannot play/edit this mission; it is dependent on downloadable content that has been deleted.\nthird_uniforms_backpacks
12:37:00 Warning Message: You cannot play/edit this mission; it is dependent on downloadable content that has been deleted.\nthird_uniforms_backpacks
12:37:00 Warning Message: You cannot play/edit this mission; it is dependent on downloadable content that has been deleted.\nthird_uniforms_backpacks
12:37:00 Warning Message: You cannot play/edit this mission; it is dependent on downloadable content that has been deleted.\nthird_uniforms_backpacks
12:37:00 Warning Message: You cannot play/edit this mission; it is dependent on downloadable content that has been deleted.\nthird_uniforms_backpacks
12:37:00 Warning Message: You cannot play/edit this mission; it is dependent on downloadable content that has been deleted.\nthird_uniforms_backpacks
12:37:01 Warning Message: You cannot play/edit this mission; it is dependent on downloadable content that has been deleted.\nthird_uniforms_backpacks
12:37:01 Warning Message: You cannot play/edit this mission; it is dependent on downloadable content that has been deleted.\nthird_uniforms_backpacks
12:37:01 Warning Message: You cannot play/edit this mission; it is dependent on downloadable content that has been deleted.\nthird_uniforms_backpacks
12:37:01 Warning Message: You cannot play/edit this mission; it is dependent on downloadable content that has been deleted.\nthird_uniforms_backpacks
12:37:01 Warning Message: You cannot play/edit this mission; it is dependent on downloadable content that has been deleted.\nthird_uniforms_backpacks
12:37:01 Warning Message: You cannot play/edit this mission; it is dependent on downloadable content that has been deleted.\nthird_uniforms_backpacks
12:37:01 Warning Message: You cannot play/edit this mission; it is dependent on downloadable content that has been deleted.\nthird_uniforms_backpacks
12:37:01 Warning Message: You cannot play/edit this mission; it is dependent on downloadable content that has been deleted.\nthird_uniforms_backpacks
12:37:01 Warning Message: You cannot play/edit this mission; it is dependent on downloadable content that has been deleted.\nthird_uniforms_backpacks
12:37:01 Warning Message: You cannot play/edit this mission; it is dependent on downloadable content that has been deleted.\nthird_uniforms_backpacks
12:37:02 Warning Message: You cannot play/edit this mission; it is dependent on downloadable content that has been deleted.\nthird_uniforms_backpacks
12:37:02 Warning Message: You cannot play/edit this mission; it is dependent on downloadable content that has been deleted.\nthird_uniforms_backpacks
12:37:02 Warning Message: You cannot play/edit this mission; it is dependent on downloadable content that has been deleted.\nthird_uniforms_backpacks
12:37:02 Warning Message: You cannot play/edit this mission; it is dependent on downloadable content that has been deleted.\nthird_uniforms_backpacks
12:37:02 Warning Message: You cannot play/edit this mission; it is dependent on downloadable content that has been deleted.\nthird_uniforms_backpacks
12:37:02 Warning Message: You cannot play/edit this mission; it is dependent on downloadable content that has been deleted.\nthird_uniforms_backpacks
12:37:02 Warning Message: You cannot play/edit this mission; it is dependent on downloadable content that has been deleted.\nthird_uniforms_backpacks
12:37:02 Warning Message: You cannot play/edit this mission; it is dependent on downloadable content that has been deleted.\nthird_uniforms_backpacks
12:37:02 Warning Message: You cannot play/edit this mission; it is dependent on downloadable content that has been deleted.\nthird_uniforms_backpacks
12:37:02 Warning Message: You cannot play/edit this mission; it is dependent on downloadable content that has been deleted.\nthird_uniforms_backpacks
12:37:02 Warning Message: You cannot play/edit this mission; it is dependent on downloadable content that has been deleted.\nthird_uniforms_backpacks
12:37:02 Warning Message: You cannot play/edit this mission; it is dependent on downloadable content that has been deleted.\nthird_uniforms_backpacks
12:37:02 Warning Message: You cannot play/edit this mission; it is dependent on downloadable content that has been deleted.\nthird_uniforms_backpacks
12:37:02 Warning Message: You cannot play/edit this mission; it is dependent on downloadable content that has been deleted.\nthird_uniforms_backpacks
12:37:02 Warning Message: You cannot play/edit this mission; it is dependent on downloadable content that has been deleted.\nthird_uniforms_backpacks
12:37:02 Warning Message: You cannot play/edit this mission; it is dependent on downloadable content that has been deleted.\nthird_uniforms_backpacks
12:37:02 Warning Message: You cannot play/edit this mission; it is dependent on downloadable content that has been deleted.\nthird_uniforms_backpacks
12:37:02 Warning Message: You cannot play/edit this mission; it is dependent on downloadable content that has been deleted.\nthird_uniforms_backpacks
12:37:02 Warning Message: You cannot play/edit this mission; it is dependent on downloadable content that has been deleted.\nthird_uniforms_backpacks
12:37:03 Warning Message: You cannot play/edit this mission; it is dependent on downloadable content that has been deleted.\nthird_uniforms_backpacks
12:37:03 Warning Message: You cannot play/edit this mission; it is dependent on downloadable content that has been deleted.\nthird_uniforms_backpacks
12:37:03 Warning Message: You cannot play/edit this mission; it is dependent on downloadable content that has been deleted.\nthird_uniforms_backpacks
12:37:03 Warning Message: You cannot play/edit this mission; it is dependent on downloadable content that has been deleted.\nthird_uniforms_backpacks
12:37:03 Warning Message: You cannot play/edit this mission; it is dependent on downloadable content that has been deleted.\nthird_uniforms_backpacks
12:37:03 Warning Message: You cannot play/edit this mission; it is dependent on downloadable content that has been deleted.\nthird_uniforms_backpacks
12:37:03 Warning Message: You cannot play/edit this mission; it is dependent on downloadable content that has been deleted.\nthird_uniforms_backpacks
12:37:03 Warning Message: You cannot play/edit this mission; it is dependent on downloadable content that has been deleted.\nthird_uniforms_backpacks
12:37:03 Warning Message: You cannot play/edit this mission; it is dependent on downloadable content that has been deleted.\nthird_uniforms_backpacks
12:37:03 Warning Message: You cannot play/edit this mission; it is dependent on downloadable content that has been deleted.\nthird_uniforms_backpacks
12:37:03 Warning Message: You cannot play/edit this mission; it is dependent on downloadable content that has been deleted.\nthird_uniforms_backpacks
12:37:03 Warning Message: You cannot play/edit this mission; it is dependent on downloadable content that has been deleted.\nthird_uniforms_backpacks
12:37:03 Warning Message: You cannot play/edit this mission; it is dependent on downloadable content that has been deleted.\nthird_uniforms_backpacks
12:37:03 Warning Message: You cannot play/edit this mission; it is dependent on downloadable content that has been deleted.\nthird_uniforms_backpacks
12:37:03 Warning Message: You cannot play/edit this mission; it is dependent on downloadable content that has been deleted.\nthird_uniforms_backpacks
12:37:04 Warning Message: You cannot play/edit this mission; it is dependent on downloadable content that has been deleted.\nthird_uniforms_backpacks
12:37:04 Warning Message: You cannot play/edit this mission; it is dependent on downloadable content that has been deleted.\nthird_uniforms_backpacks
12:37:04 Warning Message: You cannot play/edit this mission; it is dependent on downloadable content that has been deleted.\nthird_uniforms_backpacks
12:37:04 Warning Message: You cannot play/edit this mission; it is dependent on downloadable content that has been deleted.\nthird_uniforms_backpacks
12:37:04 Warning Message: You cannot play/edit this mission; it is dependent on downloadable content that has been deleted.\nthird_uniforms_backpacks
12:37:04 Warning Message: You cannot play/edit this mission; it is dependent on downloadable content that has been deleted.\nthird_uniforms_backpacks
12:37:04 Warning Message: You cannot play/edit this mission; it is dependent on downloadable content that has been deleted.\nthird_uniforms_backpacks
12:37:04 Warning Message: You cannot play/edit this mission; it is dependent on downloadable content that has been deleted.\nthird_uniforms_backpacks
12:37:04 Warning Message: You cannot play/edit this mission; it is dependent on downloadable content that has been deleted.\nthird_uniforms_backpacks
12:37:05 Warning Message: You cannot play/edit this mission; it is dependent on downloadable content that has been deleted.\nthird_uniforms_backpacks
12:37:05 Warning Message: You cannot play/edit this mission; it is dependent on downloadable content that has been deleted.\nthird_uniforms_backpacks
12:37:05 Warning Message: You cannot play/edit this mission; it is dependent on downloadable content that has been deleted.\nthird_uniforms_backpacks
12:37:05 Warning Message: You cannot play/edit this mission; it is dependent on downloadable content that has been deleted.\nthird_uniforms_backpacks
12:37:05 Warning Message: You cannot play/edit this mission; it is dependent on downloadable content that has been deleted.\nthird_uniforms_backpacks
12:37:05 Warning Message: You cannot play/edit this mission; it is dependent on downloadable content that has been deleted.\nthird_uniforms_backpacks
12:37:05 Warning Message: You cannot play/edit this mission; it is dependent on downloadable content that has been deleted.\nthird_uniforms_backpacks
12:37:05 Warning Message: You cannot play/edit this mission; it is dependent on downloadable content that has been deleted.\nthird_uniforms_backpacks
12:37:05 Warning Message: You cannot play/edit this mission; it is dependent on downloadable content that has been deleted.\nthird_uniforms_backpacks
12:37:05 Warning Message: You cannot play/edit this mission; it is dependent on downloadable content that has been deleted.\nthird_uniforms_backpacks
12:37:05 Warning Message: You cannot play/edit this mission; it is dependent on downloadable content that has been deleted.\nthird_uniforms_backpacks
12:37:06 Warning Message: You cannot play/edit this mission; it is dependent on downloadable content that has been deleted.\nthird_uniforms_backpacks
12:37:06 Warning Message: You cannot play/edit this mission; it is dependent on downloadable content that has been deleted.\nthird_uniforms_backpacks
12:37:06 Warning Message: You cannot play/edit this mission; it is dependent on downloadable content that has been deleted.\nthird_uniforms_backpacks
12:37:06 Warning Message: You cannot play/edit this mission; it is dependent on downloadable content that has been deleted.\nthird_uniforms_backpacks
12:37:06 Warning Message: You cannot play/edit this mission; it is dependent on downloadable content that has been deleted.\nthird_uniforms_backpacks
12:37:06 Warning Message: You cannot play/edit this mission; it is dependent on downloadable content that has been deleted.\nthird_uniforms_backpacks
12:37:07 Warning Message: You cannot play/edit this mission; it is dependent on downloadable content that has been deleted.\nthird_uniforms_backpacks
12:37:07 Warning Message: You cannot play/edit this mission; it is dependent on downloadable content that has been deleted.\nthird_uniforms_backpacks
12:37:07 Warning Message: You cannot play/edit this mission; it is dependent on downloadable content that has been deleted.\nthird_uniforms_backpacks
12:37:07 Warning Message: You cannot play/edit this mission; it is dependent on downloadable content that has been deleted.\nthird_uniforms_backpacks
12:37:07 Warning Message: You cannot play/edit this mission; it is dependent on downloadable content that has been deleted.\nthird_uniforms_backpacks
12:37:08 Warning Message: You cannot play/edit this mission; it is dependent on downloadable content that has been deleted.\nthird_uniforms_backpacks
12:37:08 Warning Message: You cannot play/edit this mission; it is dependent on downloadable content that has been deleted.\nthird_uniforms_backpacks
12:37:08 Warning Message: You cannot play/edit this mission; it is dependent on downloadable content that has been deleted.\nthird_uniforms_backpacks
12:37:08 Warning Message: You cannot play/edit this mission; it is dependent on downloadable content that has been deleted.\nthird_uniforms_backpacks
12:37:08 Warning Message: You cannot play/edit this mission; it is dependent on downloadable content that has been deleted.\nthird_uniforms_backpacks
12:37:08 Warning Message: You cannot play/edit this mission; it is dependent on downloadable content that has been deleted.\nthird_uniforms_backpacks
12:37:08 Warning Message: You cannot play/edit this mission; it is dependent on downloadable content that has been deleted.\nthird_uniforms_backpacks
12:37:08 Warning Message: You cannot play/edit this mission; it is dependent on downloadable content that has been deleted.\nthird_uniforms_backpacks
12:37:09 Warning Message: You cannot play/edit this mission; it is dependent on downloadable content that has been deleted.\nthird_uniforms_backpacks
12:37:09 Warning Message: You cannot play/edit this mission; it is dependent on downloadable content that has been deleted.\nthird_uniforms_backpacks
12:37:09 Warning Message: You cannot play/edit this mission; it is dependent on downloadable content that has been deleted.\nthird_uniforms_backpacks
12:37:09 Warning Message: You cannot play/edit this mission; it is dependent on downloadable content that has been deleted.\nthird_uniforms_backpacks
12:37:09 Warning Message: You cannot play/edit this mission; it is dependent on downloadable content that has been deleted.\nthird_uniforms_backpacks
12:37:09 Warning Message: You cannot play/edit this mission; it is dependent on downloadable content that has been deleted.\nthird_uniforms_backpacks
12:37:09 Warning Message: You cannot play/edit this mission; it is dependent on downloadable content that has been deleted.\nthird_uniforms_backpacks
12:37:09 Warning Message: You cannot play/edit this mission; it is dependent on downloadable content that has been deleted.\nthird_uniforms_backpacks
12:37:09 Warning Message: You cannot play/edit this mission; it is dependent on downloadable content that has been deleted.\nthird_uniforms_backpacks
12:37:09 Warning Message: You cannot play/edit this mission; it is dependent on downloadable content that has been deleted.\nthird_uniforms_backpacks
12:37:09 Warning Message: You cannot play/edit this mission; it is dependent on downloadable content that has been deleted.\nthird_uniforms_backpacks
12:37:09 Warning Message: You cannot play/edit this mission; it is dependent on downloadable content that has been deleted.\nthird_uniforms_backpacks
12:37:09 Warning Message: You cannot play/edit this mission; it is dependent on downloadable content that has been deleted.\nthird_uniforms_backpacks
12:37:09 Warning Message: You cannot play/edit this mission; it is dependent on downloadable content that has been deleted.\nthird_uniforms_backpacks
12:37:09 Warning Message: You cannot play/edit this mission; it is dependent on downloadable content that has been deleted.\nthird_uniforms_backpacks
12:37:09 Warning Message: You cannot play/edit this mission; it is dependent on downloadable content that has been deleted.\nthird_uniforms_backpacks
12:37:09 Warning Message: You cannot play/edit this mission; it is dependent on downloadable content that has been deleted.\nthird_uniforms_backpacks
12:37:09 Warning Message: You cannot play/edit this mission; it is dependent on downloadable content that has been deleted.\nthird_uniforms_backpacks
12:37:09 Warning Message: You cannot play/edit this mission; it is dependent on downloadable content that has been deleted.\nthird_uniforms_backpacks
12:37:09 Warning Message: You cannot play/edit this mission; it is dependent on downloadable content that has been deleted.\nthird_uniforms_backpacks
12:37:09 Warning Message: You cannot play/edit this mission; it is dependent on downloadable content that has been deleted.\nthird_uniforms_backpacks
12:37:09 Warning Message: You cannot play/edit this mission; it is dependent on downloadable content that has been deleted.\nthird_uniforms_backpacks
12:37:09 Warning Message: You cannot play/edit this mission; it is dependent on downloadable content that has been deleted.\nthird_uniforms_backpacks
12:37:09 Warning Message: You cannot play/edit this mission; it is dependent on downloadable content that has been deleted.\nthird_uniforms_backpacks
12:37:09 Warning Message: You cannot play/edit this mission; it is dependent on downloadable content that has been deleted.\nthird_uniforms_backpacks
12:37:09 Warning Message: You cannot play/edit this mission; it is dependent on downloadable content that has been deleted.\nthird_uniforms_backpacks
12:37:09 Warning Message: You cannot play/edit this mission; it is dependent on downloadable content that has been deleted.\nthird_uniforms_backpacks
12:37:09 Warning Message: You cannot play/edit this mission; it is dependent on downloadable content that has been deleted.\nthird_uniforms_backpacks
12:37:09 Warning Message: You cannot play/edit this mission; it is dependent on downloadable content that has been deleted.\nthird_uniforms_backpacks
12:37:09 Warning Message: You cannot play/edit this mission; it is dependent on downloadable content that has been deleted.\nthird_uniforms_backpacks
12:37:09 Warning Message: You cannot play/edit this mission; it is dependent on downloadable content that has been deleted.\nthird_uniforms_backpacks
12:37:09 Warning Message: You cannot play/edit this mission; it is dependent on downloadable content that has been deleted.\nthird_uniforms_backpacks
12:37:09 Warning Message: You cannot play/edit this mission; it is dependent on downloadable content that has been deleted.\nthird_uniforms_backpacks
12:37:09 Warning Message: You cannot play/edit this mission; it is dependent on downloadable content that has been deleted.\nthird_uniforms_backpacks
12:37:09 Warning Message: You cannot play/edit this mission; it is dependent on downloadable content that has been deleted.\nthird_uniforms_backpacks
12:37:09 Warning Message: You cannot play/edit this mission; it is dependent on downloadable content that has been deleted.\nthird_uniforms_backpacks
12:37:10 Warning Message: You cannot play/edit this mission; it is dependent on downloadable content that has been deleted.\nthird_uniforms_backpacks
12:37:10 Warning Message: You cannot play/edit this mission; it is dependent on downloadable content that has been deleted.\nthird_uniforms_backpacks
12:37:10 Warning Message: You cannot play/edit this mission; it is dependent on downloadable content that has been deleted.\nthird_uniforms_backpacks
12:37:10 Warning Message: You cannot play/edit this mission; it is dependent on downloadable content that has been deleted.\nthird_uniforms_backpacks
12:37:10 Warning Message: You cannot play/edit this mission; it is dependent on downloadable content that has been deleted.\nthird_uniforms_backpacks
12:37:10 Warning Message: You cannot play/edit this mission; it is dependent on downloadable content that has been deleted.\nthird_uniforms_backpacks
12:37:10 Warning Message: You cannot play/edit this mission; it is dependent on downloadable content that has been deleted.\nthird_uniforms_backpacks
12:37:10 Warning Message: You cannot play/edit this mission; it is dependent on downloadable content that has been deleted.\nthird_uniforms_backpacks
12:37:10 Warning Message: You cannot play/edit this mission; it is dependent on downloadable content that has been deleted.\nthird_uniforms_backpacks
12:37:10 Warning Message: You cannot play/edit this mission; it is dependent on downloadable content that has been deleted.\nthird_uniforms_backpacks
12:37:10 Warning Message: You cannot play/edit this mission; it is dependent on downloadable content that has been deleted.\nthird_uniforms_backpacks
12:37:10 Warning Message: You cannot play/edit this mission; it is dependent on downloadable content that has been deleted.\nthird_uniforms_backpacks
12:37:10 Warning Message: You cannot play/edit this mission; it is dependent on downloadable content that has been deleted.\nthird_uniforms_backpacks
12:37:10 Warning Message: You cannot play/edit this mission; it is dependent on downloadable content that has been deleted.\nthird_uniforms_backpacks
12:37:10 Warning Message: You cannot play/edit this mission; it is dependent on downloadable content that has been deleted.\nthird_uniforms_backpacks
12:37:10 Warning Message: You cannot play/edit this mission; it is dependent on downloadable content that has been deleted.\nthird_uniforms_backpacks
12:37:10 Warning Message: You cannot play/edit this mission; it is dependent on downloadable content that has been deleted.\nthird_uniforms_backpacks
12:37:10 Warning Message: You cannot play/edit this mission; it is dependent on downloadable content that has been deleted.\nthird_uniforms_backpacks
12:37:10 Warning Message: You cannot play/edit this mission; it is dependent on downloadable content that has been deleted.\nthird_uniforms_backpacks
12:37:10 Warning Message: You cannot play/edit this mission; it is dependent on downloadable content that has been deleted.\nthird_uniforms_backpacks
12:37:10 Warning Message: You cannot play/edit this mission; it is dependent on downloadable content that has been deleted.\nthird_uniforms_backpacks
12:37:10 Warning Message: You cannot play/edit this mission; it is dependent on downloadable content that has been deleted.\nthird_uniforms_backpacks
12:37:10 Warning Message: You cannot play/edit this mission; it is dependent on downloadable content that has been deleted.\nthird_uniforms_backpacks
12:37:10 Warning Message: You cannot play/edit this mission; it is dependent on downloadable content that has been deleted.\nthird_uniforms_backpacks
12:37:10 Warning Message: You cannot play/edit this mission; it is dependent on downloadable content that has been deleted.\nthird_uniforms_backpacks
12:37:10 Warning Message: You cannot play/edit this mission; it is dependent on downloadable content that has been deleted.\nthird_uniforms_backpacks
12:37:10 Warning Message: You cannot play/edit this mission; it is dependent on downloadable content that has been deleted.\nthird_uniforms_backpacks
12:37:10 Warning Message: You cannot play/edit this mission; it is dependent on downloadable content that has been deleted.\nthird_uniforms_backpacks
12:37:10 Warning Message: You cannot play/edit this mission; it is dependent on downloadable content that has been deleted.\nthird_uniforms_backpacks
12:37:10 Warning Message: You cannot play/edit this mission; it is dependent on downloadable content that has been deleted.\nthird_uniforms_backpacks
12:37:10 Warning Message: You cannot play/edit this mission; it is dependent on downloadable content that has been deleted.\nthird_uniforms_backpacks
12:37:10 Warning Message: You cannot play/edit this mission; it is dependent on downloadable content that has been deleted.\nthird_uniforms_backpacks
12:37:10 Warning Message: You cannot play/edit this mission; it is dependent on downloadable content that has been deleted.\nthird_uniforms_backpacks
12:37:10 Warning Message: You cannot play/edit this mission; it is dependent on downloadable content that has been deleted.\nthird_uniforms_backpacks
12:37:10 Warning Message: You cannot play/edit this mission; it is dependent on downloadable content that has been deleted.\nthird_uniforms_backpacks
12:37:10 Warning Message: You cannot play/edit this mission; it is dependent on downloadable content that has been deleted.\nthird_uniforms_backpacks
12:37:11 Warning Message: You cannot play/edit this mission; it is dependent on downloadable content that has been deleted.\nthird_uniforms_backpacks
12:37:11 Warning Message: You cannot play/edit this mission; it is dependent on downloadable content that has been deleted.\nthird_uniforms_backpacks
12:37:11 Warning Message: You cannot play/edit this mission; it is dependent on downloadable content that has been deleted.\nthird_uniforms_backpacks
12:37:11 Warning Message: You cannot play/edit this mission; it is dependent on downloadable content that has been deleted.\nthird_uniforms_backpacks
12:37:11 [KPLIB] [STATS] PFC S.Guss - FPS: 119.4 - Local groups: 0 - Local units: 1 - Active Scripts: [spawn: 6, execVM: 22, exec: 0, execFSM: 2]
12:37:11 Warning Message: You cannot play/edit this mission; it is dependent on downloadable content that has been deleted.\nthird_uniforms_backpacks
12:37:11 Warning Message: You cannot play/edit this mission; it is dependent on downloadable content that has been deleted.\nthird_uniforms_backpacks
12:37:11 Warning Message: You cannot play/edit this mission; it is dependent on downloadable content that has been deleted.\nthird_uniforms_backpacks
12:37:11 Warning Message: You cannot play/edit this mission; it is dependent on downloadable content that has been deleted.\nthird_uniforms_backpacks
12:37:11 Warning Message: You cannot play/edit this mission; it is dependent on downloadable content that has been deleted.\nthird_uniforms_backpacks
12:37:11 Warning Message: You cannot play/edit this mission; it is dependent on downloadable content that has been deleted.\nthird_uniforms_backpacks
12:37:11 Warning Message: You cannot play/edit this mission; it is dependent on downloadable content that has been deleted.\nthird_uniforms_backpacks
12:37:11 Warning Message: You cannot play/edit this mission; it is dependent on downloadable content that has been deleted.\nthird_uniforms_backpacks
12:37:11 Warning Message: You cannot play/edit this mission; it is dependent on downloadable content that has been deleted.\nthird_uniforms_backpacks
12:37:11 Warning Message: You cannot play/edit this mission; it is dependent on downloadable content that has been deleted.\nthird_uniforms_backpacks
12:37:11 Warning Message: You cannot play/edit this mission; it is dependent on downloadable content that has been deleted.\nthird_uniforms_backpacks
12:37:11 Warning Message: You cannot play/edit this mission; it is dependent on downloadable content that has been deleted.\nthird_uniforms_backpacks
12:37:11 Warning Message: You cannot play/edit this mission; it is dependent on downloadable content that has been deleted.\nthird_uniforms_backpacks
12:37:11 Warning Message: You cannot play/edit this mission; it is dependent on downloadable content that has been deleted.\nthird_uniforms_backpacks
12:37:11 Warning Message: You cannot play/edit this mission; it is dependent on downloadable content that has been deleted.\nthird_uniforms_backpacks
12:37:11 Warning Message: You cannot play/edit this mission; it is dependent on downloadable content that has been deleted.\nthird_uniforms_backpacks
12:37:11 Warning Message: You cannot play/edit this mission; it is dependent on downloadable content that has been deleted.\nthird_uniforms_backpacks
12:37:11 Warning Message: You cannot play/edit this mission; it is dependent on downloadable content that has been deleted.\nthird_uniforms_backpacks
12:37:11 Warning Message: You cannot play/edit this mission; it is dependent on downloadable content that has been deleted.\nthird_uniforms_backpacks
12:37:11 Warning Message: You cannot play/edit this mission; it is dependent on downloadable content that has been deleted.\nthird_uniforms_backpacks
12:37:11 Warning Message: You cannot play/edit this mission; it is dependent on downloadable content that has been deleted.\nthird_uniforms_backpacks
12:37:11 Warning Message: You cannot play/edit this mission; it is dependent on downloadable content that has been deleted.\nthird_uniforms_backpacks
12:37:11 Warning Message: You cannot play/edit this mission; it is dependent on downloadable content that has been deleted.\nthird_uniforms_backpacks
12:37:11 Warning Message: You cannot play/edit this mission; it is dependent on downloadable content that has been deleted.\nthird_uniforms_backpacks
12:37:11 Warning Message: You cannot play/edit this mission; it is dependent on downloadable content that has been deleted.\nthird_uniforms_backpacks
12:37:11 Warning Message: You cannot play/edit this mission; it is dependent on downloadable content that has been deleted.\nthird_uniforms_backpacks
12:37:11 Warning Message: You cannot play/edit this mission; it is dependent on downloadable content that has been deleted.\nthird_uniforms_backpacks
12:37:11 Warning Message: You cannot play/edit this mission; it is dependent on downloadable content that has been deleted.\nthird_uniforms_backpacks
12:37:11 Warning Message: You cannot play/edit this mission; it is dependent on downloadable content that has been deleted.\nthird_uniforms_backpacks
12:37:11 Warning Message: You cannot play/edit this mission; it is dependent on downloadable content that has been deleted.\nthird_uniforms_backpacks
12:37:11 Warning Message: You cannot play/edit this mission; it is dependent on downloadable content that has been deleted.\nthird_uniforms_backpacks
12:37:11 Warning Message: You cannot play/edit this mission; it is dependent on downloadable content that has been deleted.\nthird_uniforms_backpacks
12:37:12 Warning Message: You cannot play/edit this mission; it is dependent on downloadable content that has been deleted.\nthird_uniforms_backpacks
12:37:12 Warning Message: You cannot play/edit this mission; it is dependent on downloadable content that has been deleted.\nthird_uniforms_backpacks
12:37:12 Warning Message: You cannot play/edit this mission; it is dependent on downloadable content that has been deleted.\nthird_uniforms_backpacks
12:37:12 Warning Message: You cannot play/edit this mission; it is dependent on downloadable content that has been deleted.\nthird_uniforms_backpacks
12:37:12 Warning Message: You cannot play/edit this mission; it is dependent on downloadable content that has been deleted.\nthird_uniforms_backpacks
12:37:12 Warning Message: You cannot play/edit this mission; it is dependent on downloadable content that has been deleted.\nthird_uniforms_backpacks
12:37:12 Warning Message: You cannot play/edit this mission; it is dependent on downloadable content that has been deleted.\nthird_uniforms_backpacks
12:37:12 Warning Message: You cannot play/edit this mission; it is dependent on downloadable content that has been deleted.\nthird_uniforms_backpacks
12:37:12 Warning Message: You cannot play/edit this mission; it is dependent on downloadable content that has been deleted.\nthird_uniforms_backpacks
12:37:12 Warning Message: You cannot play/edit this mission; it is dependent on downloadable content that has been deleted.\nthird_uniforms_backpacks
12:37:12 Warning Message: You cannot play/edit this mission; it is dependent on downloadable content that has been deleted.\nthird_uniforms_backpacks
12:37:12 Warning Message: You cannot play/edit this mission; it is dependent on downloadable content that has been deleted.\nthird_uniforms_backpacks
12:37:12 Warning Message: You cannot play/edit this mission; it is dependent on downloadable content that has been deleted.\nthird_uniforms_backpacks
12:37:17 Warning Message: You cannot play/edit this mission; it is dependent on downloadable content that has been deleted.\nthird_uniforms_backpacks
12:37:18 Warning Message: You cannot play/edit this mission; it is dependent on downloadable content that has been deleted.\nthird_uniforms_backpacks
12:37:18 Warning Message: You cannot play/edit this mission; it is dependent on downloadable content that has been deleted.\nthird_uniforms_backpacks
12:37:18 Warning Message: You cannot play/edit this mission; it is dependent on downloadable content that has been deleted.\nthird_uniforms_backpacks
12:37:18 Warning Message: You cannot play/edit this mission; it is dependent on downloadable content that has been deleted.\nthird_uniforms_backpacks
12:37:18 Warning Message: You cannot play/edit this mission; it is dependent on downloadable content that has been deleted.\nthird_uniforms_backpacks
12:37:18 Warning Message: You cannot play/edit this mission; it is dependent on downloadable content that has been deleted.\nthird_uniforms_backpacks
12:37:18 Warning Message: You cannot play/edit this mission; it is dependent on downloadable content that has been deleted.\nthird_uniforms_backpacks
12:37:18 Warning Message: You cannot play/edit this mission; it is dependent on downloadable content that has been deleted.\nthird_uniforms_backpacks
12:37:18 Warning Message: You cannot play/edit this mission; it is dependent on downloadable content that has been deleted.\nthird_uniforms_backpacks
12:37:18 Warning Message: You cannot play/edit this mission; it is dependent on downloadable content that has been deleted.\nthird_uniforms_backpacks
12:37:19 Warning Message: You cannot play/edit this mission; it is dependent on downloadable content that has been deleted.\nthird_uniforms_backpacks
12:37:19 Warning Message: You cannot play/edit this mission; it is dependent on downloadable content that has been deleted.\nthird_uniforms_backpacks
12:37:19 Warning Message: You cannot play/edit this mission; it is dependent on downloadable content that has been deleted.\nthird_uniforms_backpacks
12:37:20 Warning Message: You cannot play/edit this mission; it is dependent on downloadable content that has been deleted.\nthird_uniforms_backpacks
12:37:20 Warning Message: You cannot play/edit this mission; it is dependent on downloadable content that has been deleted.\nthird_uniforms_backpacks
12:37:20 Warning Message: You cannot play/edit this mission; it is dependent on downloadable content that has been deleted.\nthird_uniforms_backpacks
12:37:20 Warning Message: You cannot play/edit this mission; it is dependent on downloadable content that has been deleted.\nthird_uniforms_backpacks
12:37:20 Warning Message: You cannot play/edit this mission; it is dependent on downloadable content that has been deleted.\nthird_uniforms_backpacks
12:37:20 Warning Message: You cannot play/edit this mission; it is dependent on downloadable content that has been deleted.\nthird_uniforms_backpacks
12:37:20 Warning Message: You cannot play/edit this mission; it is dependent on downloadable content that has been deleted.\nthird_uniforms_backpacks
12:37:20 Warning Message: You cannot play/edit this mission; it is dependent on downloadable content that has been deleted.\nthird_uniforms_backpacks
12:37:21 Warning Message: You cannot play/edit this mission; it is dependent on downloadable content that has been deleted.\nthird_uniforms_backpacks
12:37:21 Warning Message: You cannot play/edit this mission; it is dependent on downloadable content that has been deleted.\nthird_uniforms_backpacks
12:37:21 Warning Message: You cannot play/edit this mission; it is dependent on downloadable content that has been deleted.\nthird_uniforms_backpacks
12:37:21 Warning Message: You cannot play/edit this mission; it is dependent on downloadable content that has been deleted.\nthird_uniforms_backpacks
12:37:21 Warning Message: You cannot play/edit this mission; it is dependent on downloadable content that has been deleted.\nthird_uniforms_backpacks
12:37:21 Warning Message: You cannot play/edit this mission; it is dependent on downloadable content that has been deleted.\nthird_uniforms_backpacks
12:37:21 Warning Message: You cannot play/edit this mission; it is dependent on downloadable content that has been deleted.\nthird_uniforms_backpacks
12:37:21 Warning Message: You cannot play/edit this mission; it is dependent on downloadable content that has been deleted.\nthird_uniforms_backpacks
12:37:21 Warning Message: You cannot play/edit this mission; it is dependent on downloadable content that has been deleted.\nthird_uniforms_backpacks
12:37:21 Warning Message: You cannot play/edit this mission; it is dependent on downloadable content that has been deleted.\nthird_uniforms_backpacks
12:37:21 Warning Message: You cannot play/edit this mission; it is dependent on downloadable content that has been deleted.\nthird_uniforms_backpacks
12:37:21 Warning Message: You cannot play/edit this mission; it is dependent on downloadable content that has been deleted.\nthird_uniforms_backpacks
12:37:21 Warning Message: You cannot play/edit this mission; it is dependent on downloadable content that has been deleted.\nthird_uniforms_backpacks
12:37:21 Warning Message: You cannot play/edit this mission; it is dependent on downloadable content that has been deleted.\nthird_uniforms_backpacks
12:37:21 Warning Message: You cannot play/edit this mission; it is dependent on downloadable content that has been deleted.\nthird_uniforms_backpacks
12:37:22 Warning Message: You cannot play/edit this mission; it is dependent on downloadable content that has been deleted.\nthird_uniforms_backpacks
12:37:22 Warning Message: You cannot play/edit this mission; it is dependent on downloadable content that has been deleted.\nthird_uniforms_backpacks
12:37:22 Warning Message: You cannot play/edit this mission; it is dependent on downloadable content that has been deleted.\nthird_uniforms_backpacks
12:37:22 Warning Message: You cannot play/edit this mission; it is dependent on downloadable content that has been deleted.\nthird_uniforms_backpacks
12:37:22 Warning Message: You cannot play/edit this mission; it is dependent on downloadable content that has been deleted.\nthird_uniforms_backpacks
12:37:22 Warning Message: You cannot play/edit this mission; it is dependent on downloadable content that has been deleted.\nthird_uniforms_backpacks
12:37:22 Warning Message: You cannot play/edit this mission; it is dependent on downloadable content that has been deleted.\nthird_uniforms_backpacks
12:37:22 Warning Message: You cannot play/edit this mission; it is dependent on downloadable content that has been deleted.\nthird_uniforms_backpacks
12:37:22 Warning Message: You cannot play/edit this mission; it is dependent on downloadable content that has been deleted.\nthird_uniforms_backpacks
12:37:22 Warning Message: You cannot play/edit this mission; it is dependent on downloadable content that has been deleted.\nthird_uniforms_backpacks
12:37:22 Warning Message: You cannot play/edit this mission; it is dependent on downloadable content that has been deleted.\nthird_uniforms_backpacks
12:37:22 Warning Message: You cannot play/edit this mission; it is dependent on downloadable content that has been deleted.\nthird_uniforms_backpacks
12:37:22 Warning Message: You cannot play/edit this mission; it is dependent on downloadable content that has been deleted.\nthird_uniforms_backpacks
12:37:22 Warning Message: You cannot play/edit this mission; it is dependent on downloadable content that has been deleted.\nthird_uniforms_backpacks
12:37:22 Warning Message: You cannot play/edit this mission; it is dependent on downloadable content that has been deleted.\nthird_uniforms_backpacks
12:37:22 Warning Message: You cannot play/edit this mission; it is dependent on downloadable content that has been deleted.\nthird_uniforms_backpacks
12:37:22 Warning Message: You cannot play/edit this mission; it is dependent on downloadable content that has been deleted.\nthird_uniforms_backpacks
12:37:22 Warning Message: You cannot play/edit this mission; it is dependent on downloadable content that has been deleted.\nthird_uniforms_backpacks
12:37:22 Warning Message: You cannot play/edit this mission; it is dependent on downloadable content that has been deleted.\nthird_uniforms_backpacks
12:37:22 Warning Message: You cannot play/edit this mission; it is dependent on downloadable content that has been deleted.\nthird_uniforms_backpacks
12:37:23 Warning Message: You cannot play/edit this mission; it is dependent on downloadable content that has been deleted.\nthird_uniforms_backpacks
12:37:23 Warning Message: You cannot play/edit this mission; it is dependent on downloadable content that has been deleted.\nthird_uniforms_backpacks
12:37:23 Warning Message: You cannot play/edit this mission; it is dependent on downloadable content that has been deleted.\nthird_uniforms_backpacks
12:37:23 Warning Message: You cannot play/edit this mission; it is dependent on downloadable content that has been deleted.\nthird_uniforms_backpacks
12:37:23 Warning Message: You cannot play/edit this mission; it is dependent on downloadable content that has been deleted.\nthird_uniforms_backpacks
12:37:23 Warning Message: You cannot play/edit this mission; it is dependent on downloadable content that has been deleted.\nthird_uniforms_backpacks
12:37:23 Warning Message: You cannot play/edit this mission; it is dependent on downloadable content that has been deleted.\nthird_uniforms_backpacks
12:37:23 Warning Message: You cannot play/edit this mission; it is dependent on downloadable content that has been deleted.\nthird_uniforms_backpacks
12:37:24 Warning Message: You cannot play/edit this mission; it is dependent on downloadable content that has been deleted.\nthird_uniforms_backpacks
12:37:24 Warning Message: You cannot play/edit this mission; it is dependent on downloadable content that has been deleted.\nthird_uniforms_backpacks
12:37:24 Warning Message: You cannot play/edit this mission; it is dependent on downloadable content that has been deleted.\nthird_uniforms_backpacks
12:37:28 Warning Message: You cannot play/edit this mission; it is dependent on downloadable content that has been deleted.\nthird_uniforms_backpacks
12:37:29 Warning Message: You cannot play/edit this mission; it is dependent on downloadable content that has been deleted.\nthird_uniforms_backpacks
12:37:29 Warning Message: You cannot play/edit this mission; it is dependent on downloadable content that has been deleted.\nthird_uniforms_backpacks
12:37:29 Warning Message: You cannot play/edit this mission; it is dependent on downloadable content that has been deleted.\nthird_uniforms_backpacks
12:37:30 Warning Message: You cannot play/edit this mission; it is dependent on downloadable content that has been deleted.\nthird_uniforms_backpacks
12:37:30 Warning Message: You cannot play/edit this mission; it is dependent on downloadable content that has been deleted.\nthird_uniforms_backpacks
12:37:30 Warning Message: You cannot play/edit this mission; it is dependent on downloadable content that has been deleted.\nthird_uniforms_backpacks
12:37:30 Warning Message: You cannot play/edit this mission; it is dependent on downloadable content that has been deleted.\nthird_uniforms_backpacks
12:37:30 Warning Message: You cannot play/edit this mission; it is dependent on downloadable content that has been deleted.\nthird_uniforms_backpacks
12:37:30 Warning Message: You cannot play/edit this mission; it is dependent on downloadable content that has been deleted.\nthird_uniforms_backpacks
12:37:31 Warning Message: You cannot play/edit this mission; it is dependent on downloadable content that has been deleted.\nthird_uniforms_backpacks
12:37:31 Warning Message: You cannot play/edit this mission; it is dependent on downloadable content that has been deleted.\nthird_uniforms_backpacks
12:37:31 Warning Message: You cannot play/edit this mission; it is dependent on downloadable content that has been deleted.\nthird_uniforms_backpacks
12:37:31 Warning Message: You cannot play/edit this mission; it is dependent on downloadable content that has been deleted.\nthird_uniforms_backpacks
12:37:31 Warning Message: You cannot play/edit this mission; it is dependent on downloadable content that has been deleted.\nthird_uniforms_backpacks
12:37:32 Warning Message: You cannot play/edit this mission; it is dependent on downloadable content that has been deleted.\nthird_uniforms_backpacks
12:37:32 Warning Message: You cannot play/edit this mission; it is dependent on downloadable content that has been deleted.\nthird_uniforms_backpacks
12:37:33 Warning Message: You cannot play/edit this mission; it is dependent on downloadable content that has been deleted.\nthird_uniforms_backpacks
12:37:33 Warning Message: You cannot play/edit this mission; it is dependent on downloadable content that has been deleted.\nthird_uniforms_backpacks
12:37:33 Warning Message: You cannot play/edit this mission; it is dependent on downloadable content that has been deleted.\nthird_uniforms_backpacks
12:37:33 Warning Message: You cannot play/edit this mission; it is dependent on downloadable content that has been deleted.\nthird_uniforms_backpacks
12:37:33 Warning Message: You cannot play/edit this mission; it is dependent on downloadable content that has been deleted.\nthird_uniforms_backpacks
12:37:33 Warning Message: You cannot play/edit this mission; it is dependent on downloadable content that has been deleted.\nthird_uniforms_backpacks
12:37:34 Warning Message: You cannot play/edit this mission; it is dependent on downloadable content that has been deleted.\nthird_uniforms_backpacks
12:37:34 Warning Message: You cannot play/edit this mission; it is dependent on downloadable content that has been deleted.\nthird_uniforms_backpacks
12:37:34 Warning Message: You cannot play/edit this mission; it is dependent on downloadable content that has been deleted.\nthird_uniforms_backpacks
12:37:34 Warning Message: You cannot play/edit this mission; it is dependent on downloadable content that has been deleted.\nthird_uniforms_backpacks
12:37:34 Warning Message: You cannot play/edit this mission; it is dependent on downloadable content that has been deleted.\nthird_uniforms_backpacks
12:37:34 Warning Message: You cannot play/edit this mission; it is dependent on downloadable content that has been deleted.\nthird_uniforms_backpacks
12:37:35 Warning Message: You cannot play/edit this mission; it is dependent on downloadable content that has been deleted.\nthird_uniforms_backpacks
12:37:35 Warning Message: You cannot play/edit this mission; it is dependent on downloadable content that has been deleted.\nthird_uniforms_backpacks
12:37:35 Warning Message: You cannot play/edit this mission; it is dependent on downloadable content that has been deleted.\nthird_uniforms_backpacks
12:37:35 Warning Message: You cannot play/edit this mission; it is dependent on downloadable content that has been deleted.\nthird_uniforms_backpacks
12:37:35 Warning Message: You cannot play/edit this mission; it is dependent on downloadable content that has been deleted.\nthird_uniforms_backpacks
12:37:35 Warning Message: You cannot play/edit this mission; it is dependent on downloadable content that has been deleted.\nthird_uniforms_backpacks
12:37:35 Warning Message: You cannot play/edit this mission; it is dependent on downloadable content that has been deleted.\nthird_uniforms_backpacks
12:37:35 Warning Message: You cannot play/edit this mission; it is dependent on downloadable content that has been deleted.\nthird_uniforms_backpacks
12:37:35 Warning Message: You cannot play/edit this mission; it is dependent on downloadable content that has been deleted.\nthird_uniforms_backpacks
12:37:35 Warning Message: You cannot play/edit this mission; it is dependent on downloadable content that has been deleted.\nthird_uniforms_backpacks
12:37:35 Warning Message: You cannot play/edit this mission; it is dependent on downloadable content that has been deleted.\nthird_uniforms_backpacks
12:37:35 Warning Message: You cannot play/edit this mission; it is dependent on downloadable content that has been deleted.\nthird_uniforms_backpacks
12:37:35 Warning Message: You cannot play/edit this mission; it is dependent on downloadable content that has been deleted.\nthird_uniforms_backpacks
12:37:35 Warning Message: You cannot play/edit this mission; it is dependent on downloadable content that has been deleted.\nthird_uniforms_backpacks
12:37:35 Warning Message: You cannot play/edit this mission; it is dependent on downloadable content that has been deleted.\nthird_uniforms_backpacks
12:37:35 Warning Message: You cannot play/edit this mission; it is dependent on downloadable content that has been deleted.\nthird_uniforms_backpacks
12:37:35 Warning Message: You cannot play/edit this mission; it is dependent on downloadable content that has been deleted.\nthird_uniforms_backpacks
12:37:36 Warning Message: You cannot play/edit this mission; it is dependent on downloadable content that has been deleted.\nthird_uniforms_backpacks
12:37:36 Warning Message: You cannot play/edit this mission; it is dependent on downloadable content that has been deleted.\nthird_uniforms_backpacks
12:37:36 Warning Message: You cannot play/edit this mission; it is dependent on downloadable content that has been deleted.\nthird_uniforms_backpacks
12:37:36 Warning Message: You cannot play/edit this mission; it is dependent on downloadable content that has been deleted.\nthird_uniforms_backpacks
12:37:36 Warning Message: You cannot play/edit this mission; it is dependent on downloadable content that has been deleted.\nthird_uniforms_backpacks
12:37:36 Warning Message: You cannot play/edit this mission; it is dependent on downloadable content that has been deleted.\nthird_uniforms_backpacks
12:37:36 Warning Message: You cannot play/edit this mission; it is dependent on downloadable content that has been deleted.\nthird_uniforms_backpacks
12:37:36 Warning Message: You cannot play/edit this mission; it is dependent on downloadable content that has been deleted.\nthird_uniforms_backpacks
12:37:36 Warning Message: You cannot play/edit this mission; it is dependent on downloadable content that has been deleted.\nthird_uniforms_backpacks
12:37:36 Warning Message: You cannot play/edit this mission; it is dependent on downloadable content that has been deleted.\nthird_uniforms_backpacks
12:37:36 Warning Message: You cannot play/edit this mission; it is dependent on downloadable content that has been deleted.\nthird_uniforms_backpacks
12:37:36 Warning Message: You cannot play/edit this mission; it is dependent on downloadable content that has been deleted.\nthird_uniforms_backpacks
12:37:36 Warning Message: You cannot play/edit this mission; it is dependent on downloadable content that has been deleted.\nthird_uniforms_backpacks
12:37:36 Warning Message: You cannot play/edit this mission; it is dependent on downloadable content that has been deleted.\nthird_uniforms_backpacks
12:37:36 Warning Message: You cannot play/edit this mission; it is dependent on downloadable content that has been deleted.\nthird_uniforms_backpacks
12:37:37 Warning Message: You cannot play/edit this mission; it is dependent on downloadable content that has been deleted.\nthird_uniforms_backpacks
12:37:37 Warning Message: You cannot play/edit this mission; it is dependent on downloadable content that has been deleted.\nthird_uniforms_backpacks
12:37:37 Warning Message: You cannot play/edit this mission; it is dependent on downloadable content that has been deleted.\nthird_uniforms_backpacks
12:37:37 Warning Message: You cannot play/edit this mission; it is dependent on downloadable content that has been deleted.\nthird_uniforms_backpacks
12:37:37 Warning Message: You cannot play/edit this mission; it is dependent on downloadable content that has been deleted.\nthird_uniforms_backpacks
12:37:39 Warning Message: You cannot play/edit this mission; it is dependent on downloadable content that has been deleted.\nthird_uniforms_backpacks
12:37:39 Warning Message: You cannot play/edit this mission; it is dependent on downloadable content that has been deleted.\nthird_uniforms_backpacks
12:37:39 Warning Message: You cannot play/edit this mission; it is dependent on downloadable content that has been deleted.\nthird_uniforms_backpacks
12:37:39 Warning Message: You cannot play/edit this mission; it is dependent on downloadable content that has been deleted.\nthird_uniforms_backpacks
12:37:39 Warning Message: You cannot play/edit this mission; it is dependent on downloadable content that has been deleted.\nthird_uniforms_backpacks
12:37:39 Warning Message: You cannot play/edit this mission; it is dependent on downloadable content that has been deleted.\nthird_uniforms_backpacks
12:37:39 Warning Message: You cannot play/edit this mission; it is dependent on downloadable content that has been deleted.\nthird_uniforms_backpacks
12:37:39 Warning Message: You cannot play/edit this mission; it is dependent on downloadable content that has been deleted.\nthird_uniforms_backpacks
12:37:39 Warning Message: You cannot play/edit this mission; it is dependent on downloadable content that has been deleted.\nthird_uniforms_backpacks
12:37:39 Warning Message: You cannot play/edit this mission; it is dependent on downloadable content that has been deleted.\nthird_uniforms_backpacks
12:37:40 Warning Message: You cannot play/edit this mission; it is dependent on downloadable content that has been deleted.\nthird_uniforms_backpacks
12:37:40 Warning Message: You cannot play/edit this mission; it is dependent on downloadable content that has been deleted.\nthird_uniforms_backpacks
12:37:40 Warning Message: You cannot play/edit this mission; it is dependent on downloadable content that has been deleted.\nthird_uniforms_backpacks
12:37:40 Warning Message: You cannot play/edit this mission; it is dependent on downloadable content that has been deleted.\nthird_uniforms_backpacks
12:37:40 Warning Message: You cannot play/edit this mission; it is dependent on downloadable content that has been deleted.\nthird_uniforms_backpacks
12:37:41 Warning Message: You cannot play/edit this mission; it is dependent on downloadable content that has been deleted.\nthird_uniforms_backpacks
12:37:41 Warning Message: You cannot play/edit this mission; it is dependent on downloadable content that has been deleted.\nthird_uniforms_backpacks
12:37:41 Warning Message: You cannot play/edit this mission; it is dependent on downloadable content that has been deleted.\nthird_uniforms_backpacks
12:37:41 Warning Message: You cannot play/edit this mission; it is dependent on downloadable content that has been deleted.\nthird_uniforms_backpacks
12:37:41 Warning Message: You cannot play/edit this mission; it is dependent on downloadable content that has been deleted.\nthird_uniforms_backpacks
12:37:41 Warning Message: You cannot play/edit this mission; it is dependent on downloadable content that has been deleted.\nthird_uniforms_backpacks
12:37:41 Warning Message: You cannot play/edit this mission; it is dependent on downloadable content that has been deleted.\nthird_uniforms_backpacks
12:37:42 Warning Message: You cannot play/edit this mission; it is dependent on downloadable content that has been deleted.\nthird_uniforms_backpacks
12:37:42 Warning Message: You cannot play/edit this mission; it is dependent on downloadable content that has been deleted.\nthird_uniforms_backpacks
12:37:42 Warning Message: You cannot play/edit this mission; it is dependent on downloadable content that has been deleted.\nthird_uniforms_backpacks
12:37:42 Warning Message: You cannot play/edit this mission; it is dependent on downloadable content that has been deleted.\nthird_uniforms_backpacks
12:37:42 Warning Message: You cannot play/edit this mission; it is dependent on downloadable content that has been deleted.\nthird_uniforms_backpacks
12:37:42 Warning Message: You cannot play/edit this mission; it is dependent on downloadable content that has been deleted.\nthird_uniforms_backpacks
12:37:42 Warning Message: You cannot play/edit this mission; it is dependent on downloadable content that has been deleted.\nthird_uniforms_backpacks
12:37:42 Warning Message: You cannot play/edit this mission; it is dependent on downloadable content that has been deleted.\nthird_uniforms_backpacks
12:37:42 Warning Message: You cannot play/edit this mission; it is dependent on downloadable content that has been deleted.\nthird_uniforms_backpacks
12:37:42 Warning Message: You cannot play/edit this mission; it is dependent on downloadable content that has been deleted.\nthird_uniforms_backpacks
12:37:42 Warning Message: You cannot play/edit this mission; it is dependent on downloadable content that has been deleted.\nthird_uniforms_backpacks
12:37:42 Warning Message: You cannot play/edit this mission; it is dependent on downloadable content that has been deleted.\nthird_uniforms_backpacks
12:37:42 Warning Message: You cannot play/edit this mission; it is dependent on downloadable content that has been deleted.\nthird_uniforms_backpacks
12:37:42 Warning Message: You cannot play/edit this mission; it is dependent on downloadable content that has been deleted.\nthird_uniforms_backpacks
12:37:42 Warning Message: You cannot play/edit this mission; it is dependent on downloadable content that has been deleted.\nthird_uniforms_backpacks
12:37:42 Warning Message: You cannot play/edit this mission; it is dependent on downloadable content that has been deleted.\nthird_uniforms_backpacks
12:37:43 [KPLIB] [STATS] CPL H.Jäger - FPS: 87.91 - Local groups: 0 - Local units: 1 - Active Scripts: [spawn: 22, execVM: 24, exec: 0, execFSM: 2]
12:37:43 Warning Message: You cannot play/edit this mission; it is dependent on downloadable content that has been deleted.\nthird_uniforms_backpacks
12:37:43 Warning Message: You cannot play/edit this mission; it is dependent on downloadable content that has been deleted.\nthird_uniforms_backpacks
12:37:43 Warning Message: You cannot play/edit this mission; it is dependent on downloadable content that has been deleted.\nthird_uniforms_backpacks
12:37:43 Warning Message: You cannot play/edit this mission; it is dependent on downloadable content that has been deleted.\nthird_uniforms_backpacks
12:37:43 Warning Message: You cannot play/edit this mission; it is dependent on downloadable content that has been deleted.\nthird_uniforms_backpacks
12:37:43 Warning Message: You cannot play/edit this mission; it is dependent on downloadable content that has been deleted.\nthird_uniforms_backpacks
12:37:43 Warning Message: You cannot play/edit this mission; it is dependent on downloadable content that has been deleted.\nthird_uniforms_backpacks
12:37:43 Warning Message: You cannot play/edit this mission; it is dependent on downloadable content that has been deleted.\nthird_uniforms_backpacks
12:37:43 Warning Message: You cannot play/edit this mission; it is dependent on downloadable content that has been deleted.\nthird_uniforms_backpacks
12:37:44 Warning Message: You cannot play/edit this mission; it is dependent on downloadable content that has been deleted.\nthird_uniforms_backpacks
12:37:44 Warning Message: You cannot play/edit this mission; it is dependent on downloadable content that has been deleted.\nthird_uniforms_backpacks
12:37:44 Warning Message: You cannot play/edit this mission; it is dependent on downloadable content that has been deleted.\nthird_uniforms_backpacks
12:37:44 Warning Message: You cannot play/edit this mission; it is dependent on downloadable content that has been deleted.\nthird_uniforms_backpacks
12:37:44 Warning Message: You cannot play/edit this mission; it is dependent on downloadable content that has been deleted.\nthird_uniforms_backpacks
12:37:44 Warning Message: You cannot play/edit this mission; it is dependent on downloadable content that has been deleted.\nthird_uniforms_backpacks
12:37:44 Warning Message: You cannot play/edit this mission; it is dependent on downloadable content that has been deleted.\nthird_uniforms_backpacks
12:37:44 Warning Message: You cannot play/edit this mission; it is dependent on downloadable content that has been deleted.\nthird_uniforms_backpacks
12:37:45 Warning Message: You cannot play/edit this mission; it is dependent on downloadable content that has been deleted.\nthird_uniforms_backpacks
12:37:45 Warning Message: You cannot play/edit this mission; it is dependent on downloadable content that has been deleted.\nthird_uniforms_backpacks
12:37:45 Warning Message: You cannot play/edit this mission; it is dependent on downloadable content that has been deleted.\nthird_uniforms_backpacks
12:37:45 Warning Message: You cannot play/edit this mission; it is dependent on downloadable content that has been deleted.\nthird_uniforms_backpacks
12:37:45 Warning Message: You cannot play/edit this mission; it is dependent on downloadable content that has been deleted.\nthird_uniforms_backpacks
12:37:45 Warning Message: You cannot play/edit this mission; it is dependent on downloadable content that has been deleted.\nthird_uniforms_backpacks
12:37:45 Warning Message: You cannot play/edit this mission; it is dependent on downloadable content that has been deleted.\nthird_uniforms_backpacks
12:37:45 Warning Message: You cannot play/edit this mission; it is dependent on downloadable content that has been deleted.\nthird_uniforms_backpacks
12:37:45 Warning Message: You cannot play/edit this mission; it is dependent on downloadable content that has been deleted.\nthird_uniforms_backpacks
12:37:45 Warning Message: You cannot play/edit this mission; it is dependent on downloadable content that has been deleted.\nthird_uniforms_backpacks
12:37:45 Warning Message: You cannot play/edit this mission; it is dependent on downloadable content that has been deleted.\nthird_uniforms_backpacks
12:37:45 Warning Message: You cannot play/edit this mission; it is dependent on downloadable content that has been deleted.\nthird_uniforms_backpacks
12:37:45 Warning Message: You cannot play/edit this mission; it is dependent on downloadable content that has been deleted.\nthird_uniforms_backpacks
12:37:45 Warning Message: You cannot play/edit this mission; it is dependent on downloadable content that has been deleted.\nthird_uniforms_backpacks
12:37:45 Warning Message: You cannot play/edit this mission; it is dependent on downloadable content that has been deleted.\nthird_uniforms_backpacks
12:37:45 Warning Message: You cannot play/edit this mission; it is dependent on downloadable content that has been deleted.\nthird_uniforms_backpacks
12:37:45 Warning Message: You cannot play/edit this mission; it is dependent on downloadable content that has been deleted.\nthird_uniforms_backpacks
12:37:45 Warning Message: You cannot play/edit this mission; it is dependent on downloadable content that has been deleted.\nthird_uniforms_backpacks
12:37:45 Warning Message: You cannot play/edit this mission; it is dependent on downloadable content that has been deleted.\nthird_uniforms_backpacks
12:37:46 Warning Message: You cannot play/edit this mission; it is dependent on downloadable content that has been deleted.\nthird_uniforms_backpacks
12:37:46 Warning Message: You cannot play/edit this mission; it is dependent on downloadable content that has been deleted.\nthird_uniforms_backpacks
12:37:46 Warning Message: You cannot play/edit this mission; it is dependent on downloadable content that has been deleted.\nthird_uniforms_backpacks
12:37:46 Warning Message: You cannot play/edit this mission; it is dependent on downloadable content that has been deleted.\nthird_uniforms_backpacks
12:37:46 Warning Message: You cannot play/edit this mission; it is dependent on downloadable content that has been deleted.\nthird_uniforms_backpacks
12:37:46 Warning Message: You cannot play/edit this mission; it is dependent on downloadable content that has been deleted.\nthird_uniforms_backpacks
12:37:46 Warning Message: You cannot play/edit this mission; it is dependent on downloadable content that has been deleted.\nthird_uniforms_backpacks
12:37:46 Warning Message: You cannot play/edit this mission; it is dependent on downloadable content that has been deleted.\nthird_uniforms_backpacks
12:37:46 Warning Message: You cannot play/edit this mission; it is dependent on downloadable content that has been deleted.\nthird_uniforms_backpacks
12:37:46 Warning Message: You cannot play/edit this mission; it is dependent on downloadable content that has been deleted.\nthird_uniforms_backpacks
12:37:46 Warning Message: You cannot play/edit this mission; it is dependent on downloadable content that has been deleted.\nthird_uniforms_backpacks
12:37:46 Warning Message: You cannot play/edit this mission; it is dependent on downloadable content that has been deleted.\nthird_uniforms_backpacks
12:37:47 Warning Message: You cannot play/edit this mission; it is dependent on downloadable content that has been deleted.\nthird_uniforms_backpacks
12:37:47 Warning Message: You cannot play/edit this mission; it is dependent on downloadable content that has been deleted.\nthird_uniforms_backpacks
12:37:47 Warning Message: You cannot play/edit this mission; it is dependent on downloadable content that has been deleted.\nthird_uniforms_backpacks
12:37:47 Warning Message: You cannot play/edit this mission; it is dependent on downloadable content that has been deleted.\nthird_uniforms_backpacks
12:37:47 Warning Message: You cannot play/edit this mission; it is dependent on downloadable content that has been deleted.\nthird_uniforms_backpacks
12:37:47 Warning Message: You cannot play/edit this mission; it is dependent on downloadable content that has been deleted.\nthird_uniforms_backpacks
12:37:47 Warning Message: You cannot play/edit this mission; it is dependent on downloadable content that has been deleted.\nthird_uniforms_backpacks
12:37:47 Warning Message: You cannot play/edit this mission; it is dependent on downloadable content that has been deleted.\nthird_uniforms_backpacks
12:37:47 Warning Message: You cannot play/edit this mission; it is dependent on downloadable content that has been deleted.\nthird_uniforms_backpacks
12:37:47 Warning Message: You cannot play/edit this mission; it is dependent on downloadable content that has been deleted.\nthird_uniforms_backpacks
12:37:47 Warning Message: You cannot play/edit this mission; it is dependent on downloadable content that has been deleted.\nthird_uniforms_backpacks
12:37:47 Warning Message: You cannot play/edit this mission; it is dependent on downloadable content that has been deleted.\nthird_uniforms_backpacks
12:37:48 Warning Message: You cannot play/edit this mission; it is dependent on downloadable content that has been deleted.\nthird_uniforms_backpacks
12:37:48 Warning Message: You cannot play/edit this mission; it is dependent on downloadable content that has been deleted.\nthird_uniforms_backpacks
12:37:48 Warning Message: You cannot play/edit this mission; it is dependent on downloadable content that has been deleted.\nthird_uniforms_backpacks
12:37:48 Warning Message: You cannot play/edit this mission; it is dependent on downloadable content that has been deleted.\nthird_uniforms_backpacks
12:37:48 Warning Message: You cannot play/edit this mission; it is dependent on downloadable content that has been deleted.\nthird_uniforms_backpacks
12:37:48 Warning Message: You cannot play/edit this mission; it is dependent on downloadable content that has been deleted.\nthird_uniforms_backpacks
12:37:48 Warning Message: You cannot play/edit this mission; it is dependent on downloadable content that has been deleted.\nthird_uniforms_backpacks
12:37:48 Warning Message: You cannot play/edit this mission; it is dependent on downloadable content that has been deleted.\nthird_uniforms_backpacks
12:37:48 Warning Message: You cannot play/edit this mission; it is dependent on downloadable content that has been deleted.\nthird_uniforms_backpacks
12:37:49 Warning Message: You cannot play/edit this mission; it is dependent on downloadable content that has been deleted.\nthird_uniforms_backpacks
12:37:49 Warning Message: You cannot play/edit this mission; it is dependent on downloadable content that has been deleted.\nthird_uniforms_backpacks
12:37:49 Warning Message: You cannot play/edit this mission; it is dependent on downloadable content that has been deleted.\nthird_uniforms_backpacks
12:37:49 Warning Message: You cannot play/edit this mission; it is dependent on downloadable content that has been deleted.\nthird_uniforms_backpacks
12:37:49 Warning Message: You cannot play/edit this mission; it is dependent on downloadable content that has been deleted.\nthird_uniforms_backpacks
12:37:49 Warning Message: You cannot play/edit this mission; it is dependent on downloadable content that has been deleted.\nthird_uniforms_backpacks
12:37:49 Warning Message: You cannot play/edit this mission; it is dependent on downloadable content that has been deleted.\nthird_uniforms_backpacks
12:37:49 Warning Message: You cannot play/edit this mission; it is dependent on downloadable content that has been deleted.\nthird_uniforms_backpacks
12:37:49 Warning Message: You cannot play/edit this mission; it is dependent on downloadable content that has been deleted.\nthird_uniforms_backpacks
12:37:49 Warning Message: You cannot play/edit this mission; it is dependent on downloadable content that has been deleted.\nthird_uniforms_backpacks
12:37:49 Warning Message: You cannot play/edit this mission; it is dependent on downloadable content that has been deleted.\nthird_uniforms_backpacks
12:37:49 Warning Message: You cannot play/edit this mission; it is dependent on downloadable content that has been deleted.\nthird_uniforms_backpacks
12:37:49 Warning Message: You cannot play/edit this mission; it is dependent on downloadable content that has been deleted.\nthird_uniforms_backpacks
12:37:50 Warning Message: You cannot play/edit this mission; it is dependent on downloadable content that has been deleted.\nthird_uniforms_backpacks
12:37:50 Warning Message: You cannot play/edit this mission; it is dependent on downloadable content that has been deleted.\nthird_uniforms_backpacks
12:37:50 Warning Message: You cannot play/edit this mission; it is dependent on downloadable content that has been deleted.\nthird_uniforms_backpacks
12:37:50 Warning Message: You cannot play/edit this mission; it is dependent on downloadable content that has been deleted.\nthird_uniforms_backpacks
12:37:50 Warning Message: You cannot play/edit this mission; it is dependent on downloadable content that has been deleted.\nthird_uniforms_backpacks
12:37:51 Warning Message: You cannot play/edit this mission; it is dependent on downloadable content that has been deleted.\nthird_uniforms_backpacks
12:37:51 Warning Message: You cannot play/edit this mission; it is dependent on downloadable content that has been deleted.\nthird_uniforms_backpacks
12:37:51 Warning Message: You cannot play/edit this mission; it is dependent on downloadable content that has been deleted.\nthird_uniforms_backpacks
12:37:52 Warning Message: You cannot play/edit this mission; it is dependent on downloadable content that has been deleted.\nthird_uniforms_backpacks
12:37:52 Warning Message: You cannot play/edit this mission; it is dependent on downloadable content that has been deleted.\nthird_uniforms_backpacks
12:37:52 Warning Message: You cannot play/edit this mission; it is dependent on downloadable content that has been deleted.\nthird_uniforms_backpacks
12:37:53 Warning Message: You cannot play/edit this mission; it is dependent on downloadable content that has been deleted.\nthird_uniforms_backpacks
12:37:53 Warning Message: You cannot play/edit this mission; it is dependent on downloadable content that has been deleted.\nthird_uniforms_backpacks
12:37:53 Warning Message: You cannot play/edit this mission; it is dependent on downloadable content that has been deleted.\nthird_uniforms_backpacks
12:37:53 Warning Message: You cannot play/edit this mission; it is dependent on downloadable content that has been deleted.\nthird_uniforms_backpacks
12:37:53 Warning Message: You cannot play/edit this mission; it is dependent on downloadable content that has been deleted.\nthird_uniforms_backpacks
12:37:53 Warning Message: You cannot play/edit this mission; it is dependent on downloadable content that has been deleted.\nthird_uniforms_backpacks
12:37:53 Warning Message: You cannot play/edit this mission; it is dependent on downloadable content that has been deleted.\nthird_uniforms_backpacks
12:37:53 Warning Message: You cannot play/edit this mission; it is dependent on downloadable content that has been deleted.\nthird_uniforms_backpacks
12:37:53 Warning Message: You cannot play/edit this mission; it is dependent on downloadable content that has been deleted.\nthird_uniforms_backpacks
12:37:53 Warning Message: You cannot play/edit this mission; it is dependent on downloadable content that has been deleted.\nthird_uniforms_backpacks
12:37:53 Warning Message: You cannot play/edit this mission; it is dependent on downloadable content that has been deleted.\nthird_uniforms_backpacks
12:37:53 Warning Message: You cannot play/edit this mission; it is dependent on downloadable content that has been deleted.\nthird_uniforms_backpacks
12:37:53 Warning Message: You cannot play/edit this mission; it is dependent on downloadable content that has been deleted.\nthird_uniforms_backpacks
12:37:54 Warning Message: You cannot play/edit this mission; it is dependent on downloadable content that has been deleted.\nthird_uniforms_backpacks
12:37:54 Warning Message: You cannot play/edit this mission; it is dependent on downloadable content that has been deleted.\nthird_uniforms_backpacks
12:37:54 Warning Message: You cannot play/edit this mission; it is dependent on downloadable content that has been deleted.\nthird_uniforms_backpacks
12:37:54 Warning Message: You cannot play/edit this mission; it is dependent on downloadable content that has been deleted.\nthird_uniforms_backpacks
12:37:54 Warning Message: You cannot play/edit this mission; it is dependent on downloadable content that has been deleted.\nthird_uniforms_backpacks
12:37:54 Warning Message: You cannot play/edit this mission; it is dependent on downloadable content that has been deleted.\nthird_uniforms_backpacks
12:37:54 Warning Message: You cannot play/edit this mission; it is dependent on downloadable content that has been deleted.\nthird_uniforms_backpacks
12:37:54 Warning Message: You cannot play/edit this mission; it is dependent on downloadable content that has been deleted.\nthird_uniforms_backpacks
12:37:54 Warning Message: You cannot play/edit this mission; it is dependent on downloadable content that has been deleted.\nthird_uniforms_backpacks
12:37:54 Warning Message: You cannot play/edit this mission; it is dependent on downloadable content that has been deleted.\nthird_uniforms_backpacks
12:37:54 Warning Message: You cannot play/edit this mission; it is dependent on downloadable content that has been deleted.\nthird_uniforms_backpacks
12:37:54 Warning Message: You cannot play/edit this mission; it is dependent on downloadable content that has been deleted.\nthird_uniforms_backpacks
12:37:55 Warning Message: You cannot play/edit this mission; it is dependent on downloadable content that has been deleted.\nthird_uniforms_backpacks
12:37:56 Warning Message: You cannot play/edit this mission; it is dependent on downloadable content that has been deleted.\nthird_uniforms_backpacks
12:37:56 Warning Message: You cannot play/edit this mission; it is dependent on downloadable content that has been deleted.\nthird_uniforms_backpacks
12:37:56 Warning Message: You cannot play/edit this mission; it is dependent on downloadable content that has been deleted.\nthird_uniforms_backpacks
12:37:56 Warning Message: You cannot play/edit this mission; it is dependent on downloadable content that has been deleted.\nthird_uniforms_backpacks
12:37:56 Warning Message: You cannot play/edit this mission; it is dependent on downloadable content that has been deleted.\nthird_uniforms_backpacks
12:37:57 Warning Message: You cannot play/edit this mission; it is dependent on downloadable content that has been deleted.\nthird_uniforms_backpacks
12:37:57 Warning Message: You cannot play/edit this mission; it is dependent on downloadable content that has been deleted.\nthird_uniforms_backpacks
12:37:57 Warning Message: You cannot play/edit this mission; it is dependent on downloadable content that has been deleted.\nthird_uniforms_backpacks
12:37:57 Warning Message: You cannot play/edit this mission; it is dependent on downloadable content that has been deleted.\nthird_uniforms_backpacks
12:37:57 Warning Message: You cannot play/edit this mission; it is dependent on downloadable content that has been deleted.\nthird_uniforms_backpacks
12:37:57 Warning Message: You cannot play/edit this mission; it is dependent on downloadable content that has been deleted.\nthird_uniforms_backpacks
12:37:57 Warning Message: You cannot play/edit this mission; it is dependent on downloadable content that has been deleted.\nthird_uniforms_backpacks
12:37:57 Warning Message: You cannot play/edit this mission; it is dependent on downloadable content that has been deleted.\nthird_uniforms_backpacks
12:37:57 Warning Message: You cannot play/edit this mission; it is dependent on downloadable content that has been deleted.\nthird_uniforms_backpacks
12:37:57 Warning Message: You cannot play/edit this mission; it is dependent on downloadable content that has been deleted.\nthird_uniforms_backpacks
12:37:57 Warning Message: You cannot play/edit this mission; it is dependent on downloadable content that has been deleted.\nthird_uniforms_backpacks
12:37:57 Warning Message: You cannot play/edit this mission; it is dependent on downloadable content that has been deleted.\nthird_uniforms_backpacks
12:37:57 Warning Message: You cannot play/edit this mission; it is dependent on downloadable content that has been deleted.\nthird_uniforms_backpacks
12:37:57 Warning Message: You cannot play/edit this mission; it is dependent on downloadable content that has been deleted.\nthird_uniforms_backpacks
12:37:57 Warning Message: You cannot play/edit this mission; it is dependent on downloadable content that has been deleted.\nthird_uniforms_backpacks
12:37:57 Warning Message: You cannot play/edit this mission; it is dependent on downloadable content that has been deleted.\nthird_uniforms_backpacks
12:37:57 Warning Message: You cannot play/edit this mission; it is dependent on downloadable content that has been deleted.\nthird_uniforms_backpacks
12:37:57 Warning Message: You cannot play/edit this mission; it is dependent on downloadable content that has been deleted.\nthird_uniforms_backpacks
12:37:57 Warning Message: You cannot play/edit this mission; it is dependent on downloadable content that has been deleted.\nthird_uniforms_backpacks
12:37:57 Warning Message: You cannot play/edit this mission; it is dependent on downloadable content that has been deleted.\nthird_uniforms_backpacks
12:37:59 Warning Message: You cannot play/edit this mission; it is dependent on downloadable content that has been deleted.\nthird_uniforms_backpacks
12:37:59 Warning Message: You cannot play/edit this mission; it is dependent on downloadable content that has been deleted.\nthird_uniforms_backpacks
12:37:59 Warning Message: You cannot play/edit this mission; it is dependent on downloadable content that has been deleted.\nthird_uniforms_backpacks
12:37:59 Warning Message: You cannot play/edit this mission; it is dependent on downloadable content that has been deleted.\nthird_uniforms_backpacks
12:38:00 Warning Message: You cannot play/edit this mission; it is dependent on downloadable content that has been deleted.\nthird_uniforms_backpacks
12:38:00 Warning Message: You cannot play/edit this mission; it is dependent on downloadable content that has been deleted.\nthird_uniforms_backpacks
12:38:00 Warning Message: You cannot play/edit this mission; it is dependent on downloadable content that has been deleted.\nthird_uniforms_backpacks
12:38:00 Wrong geometry convex component mapping  for person collision geometry found in rhssaf\addons\rhssaf_m_uniform_m10\rhssaf_uniform_m10.p3d. Convex component number 3. not found
12:38:00 Warning Message: You cannot play/edit this mission; it is dependent on downloadable content that has been deleted.\nthird_uniforms_backpacks
12:38:00 Warning Message: You cannot play/edit this mission; it is dependent on downloadable content that has been deleted.\nthird_uniforms_backpacks
12:38:00 Warning Message: You cannot play/edit this mission; it is dependent on downloadable content that has been deleted.\nthird_uniforms_backpacks
12:38:00 Warning Message: You cannot play/edit this mission; it is dependent on downloadable content that has been deleted.\nthird_uniforms_backpacks
12:38:01 Warning Message: You cannot play/edit this mission; it is dependent on downloadable content that has been deleted.\nthird_uniforms_backpacks
12:38:01 Warning Message: You cannot play/edit this mission; it is dependent on downloadable content that has been deleted.\nthird_uniforms_backpacks
12:38:01 Warning Message: You cannot play/edit this mission; it is dependent on downloadable content that has been deleted.\nthird_uniforms_backpacks
12:38:01 Warning Message: You cannot play/edit this mission; it is dependent on downloadable content that has been deleted.\nthird_uniforms_backpacks
12:38:01 Warning Message: You cannot play/edit this mission; it is dependent on downloadable content that has been deleted.\nthird_uniforms_backpacks
12:38:01 Warning Message: You cannot play/edit this mission; it is dependent on downloadable content that has been deleted.\nthird_uniforms_backpacks
12:38:01 Warning Message: You cannot play/edit this mission; it is dependent on downloadable content that has been deleted.\nthird_uniforms_backpacks
12:38:01 Warning Message: You cannot play/edit this mission; it is dependent on downloadable content that has been deleted.\nthird_uniforms_backpacks
12:38:01 Warning Message: You cannot play/edit this mission; it is dependent on downloadable content that has been deleted.\nthird_uniforms_backpacks
12:38:01 Warning Message: You cannot play/edit this mission; it is dependent on downloadable content that has been deleted.\nthird_uniforms_backpacks
12:38:01 Warning Message: You cannot play/edit this mission; it is dependent on downloadable content that has been deleted.\nthird_uniforms_backpacks
12:38:02 Warning Message: You cannot play/edit this mission; it is dependent on downloadable content that has been deleted.\nthird_uniforms_backpacks
12:38:02 Warning Message: You cannot play/edit this mission; it is dependent on downloadable content that has been deleted.\nthird_uniforms_backpacks
12:38:12 Warning Message: You cannot play/edit this mission; it is dependent on downloadable content that has been deleted.\nthird_uniforms_backpacks
12:38:13 Warning Message: You cannot play/edit this mission; it is dependent on downloadable content that has been deleted.\nthird_uniforms_backpacks
12:38:14 Warning Message: You cannot play/edit this mission; it is dependent on downloadable content that has been deleted.\nthird_uniforms_backpacks
12:38:15 Warning Message: You cannot play/edit this mission; it is dependent on downloadable content that has been deleted.\nthird_uniforms_backpacks
12:38:16 Warning Message: You cannot play/edit this mission; it is dependent on downloadable content that has been deleted.\nthird_uniforms_backpacks
12:38:16 Warning Message: You cannot play/edit this mission; it is dependent on downloadable content that has been deleted.\nthird_uniforms_backpacks
12:38:17 Warning Message: You cannot play/edit this mission; it is dependent on downloadable content that has been deleted.\nthird_uniforms_backpacks
12:38:17 Warning Message: You cannot play/edit this mission; it is dependent on downloadable content that has been deleted.\nthird_uniforms_backpacks
12:38:18 Warning Message: You cannot play/edit this mission; it is dependent on downloadable content that has been deleted.\nthird_uniforms_backpacks
12:38:19 Warning Message: You cannot play/edit this mission; it is dependent on downloadable content that has been deleted.\nthird_uniforms_backpacks
12:38:20 Warning Message: You cannot play/edit this mission; it is dependent on downloadable content that has been deleted.\nthird_uniforms_backpacks
12:38:21 Warning Message: You cannot play/edit this mission; it is dependent on downloadable content that has been deleted.\nthird_uniforms_backpacks
12:38:21 Warning Message: You cannot play/edit this mission; it is dependent on downloadable content that has been deleted.\nthird_uniforms_backpacks
12:38:22 Warning Message: You cannot play/edit this mission; it is dependent on downloadable content that has been deleted.\nthird_uniforms_backpacks
12:38:23 Warning Message: You cannot play/edit this mission; it is dependent on downloadable content that has been deleted.\nthird_uniforms_backpacks
12:38:23 Warning Message: You cannot play/edit this mission; it is dependent on downloadable content that has been deleted.\nthird_uniforms_backpacks
12:38:23 Warning Message: You cannot play/edit this mission; it is dependent on downloadable content that has been deleted.\nthird_uniforms_backpacks
12:38:24 Warning Message: You cannot play/edit this mission; it is dependent on downloadable content that has been deleted.\nthird_uniforms_backpacks
12:38:36 [KPLIB] [STATS] Server - FPS: 45.33 - Local groups: 0 - Local units: 0 - Active Sectors: 0 - Active Scripts: [spawn: 18, execVM: 30, exec: 0, execFSM: 3]
12:38:39 [KPLIB] [STATS] Pegging Officer - FPS: 145.45 - Local groups: 1 - Local units: 1 - Active Scripts: [spawn: 6, execVM: 22, exec: 0, execFSM: 2]
12:38:52 Setting invalid pitch 0.0000 for B Alpha 1-3:1 REMOTE
12:38:52 Setting invalid pitch 0.0000 for B Alpha 1-4:1 REMOTE
12:38:53 [KPLIB] [STATS] PFC J.White - FPS: 128 - Local groups: 1 - Local units: 1 - Active Scripts: [spawn: 27, execVM: 26, exec: 0, execFSM: 2]
12:38:55 Warning Message: You cannot play/edit this mission; it is dependent on downloadable content that has been deleted.\nthird_uniforms_backpacks
12:38:55 Warning Message: You cannot play/edit this mission; it is dependent on downloadable content that has been deleted.\nthird_weapons
12:38:57 "TFAR_RadioRequestEvent [[""ItemRadio""],B Alpha 1-2:1 (PFC J.White) REMOTE] 1221.62"
12:38:57 "Send TFAR_RadioRequestResponseEvent [18] 1221.62"
12:38:57 "TFAR_RadioRequestEvent [[""ItemRadio""],B Alpha 1-2:1 (PFC J.White) REMOTE] 1221.62"
12:38:57 "Send TFAR_RadioRequestResponseEvent [19] 1221.62"
12:39:04 Warning Message: You cannot play/edit this mission; it is dependent on downloadable content that has been deleted.\nthird_uniforms_backpacks
12:39:27 [KPLIB] [SECTORMONITOR] Active sectors: None
12:39:32 Warning Message: You cannot play/edit this mission; it is dependent on downloadable content that has been deleted.\nthird_uniforms_backpacks
12:39:34 Warning Message: You cannot play/edit this mission; it is dependent on downloadable content that has been deleted.\nthird_uniforms_backpacks
12:39:36 Warning Message: You cannot play/edit this mission; it is dependent on downloadable content that has been deleted.\nthird_uniforms_backpacks
12:39:37 Warning Message: You cannot play/edit this mission; it is dependent on downloadable content that has been deleted.\nthird_uniforms_backpacks
12:39:38 [KPLIB] [STATS] OCS D.Lotus - FPS: 98.77 - Local groups: 1 - Local units: 1 - Active Scripts: [spawn: 17, execVM: 22, exec: 0, execFSM: 3]
12:39:39 Warning Message: You cannot play/edit this mission; it is dependent on downloadable content that has been deleted.\nthird_uniforms_backpacks
12:39:40 Warning Message: You cannot play/edit this mission; it is dependent on downloadable content that has been deleted.\nthird_uniforms_backpacks
12:39:41 Warning Message: You cannot play/edit this mission; it is dependent on downloadable content that has been deleted.\nthird_uniforms_backpacks
12:39:43 Warning Message: You cannot play/edit this mission; it is dependent on downloadable content that has been deleted.\nthird_uniforms_backpacks
12:39:44 Warning Message: You cannot play/edit this mission; it is dependent on downloadable content that has been deleted.\nthird_uniforms_backpacks
12:39:47 Warning Message: You cannot play/edit this mission; it is dependent on downloadable content that has been deleted.\nthird_uniforms_backpacks
12:39:47 Warning Message: You cannot play/edit this mission; it is dependent on downloadable content that has been deleted.\nthird_weapons
12:39:47 Warning Message: You cannot play/edit this mission; it is dependent on downloadable content that has been deleted.\nthird_weapons
12:39:47 Warning Message: You cannot play/edit this mission; it is dependent on downloadable content that has been deleted.\nace_vector
12:39:52 Warning Message: You cannot play/edit this mission; it is dependent on downloadable content that has been deleted.\nthird_weapons
12:39:53 Warning Message: You cannot play/edit this mission; it is dependent on downloadable content that has been deleted.\nthird_weapons
12:39:53 Warning Message: You cannot play/edit this mission; it is dependent on downloadable content that has been deleted.\nace_disposable
12:40:36 Warning Message: You cannot play/edit this mission; it is dependent on downloadable content that has been deleted.\nthird_weapons
12:40:36 Warning Message: You cannot play/edit this mission; it is dependent on downloadable content that has been deleted.\nace_vector
12:40:36 [KPLIB] [STATS] Server - FPS: 45.58 - Local groups: 1 - Local units: 0 - Active Sectors: 0 - Active Scripts: [spawn: 18, execVM: 30, exec: 0, execFSM: 3]
12:40:37 Warning Message: You cannot play/edit this mission; it is dependent on downloadable content that has been deleted.\nthird_weapons
12:40:37 Warning Message: You cannot play/edit this mission; it is dependent on downloadable content that has been deleted.\nace_vector
12:40:38 Warning Message: You cannot play/edit this mission; it is dependent on downloadable content that has been deleted.\nthird_weapons
12:40:38 Warning Message: You cannot play/edit this mission; it is dependent on downloadable content that has been deleted.\nace_vector
12:40:42 Warning Message: You cannot play/edit this mission; it is dependent on downloadable content that has been deleted.\nthird_weapons
12:40:42 Warning Message: You cannot play/edit this mission; it is dependent on downloadable content that has been deleted.\nace_vector
12:40:43 Warning Message: You cannot play/edit this mission; it is dependent on downloadable content that has been deleted.\nthird_weapons
12:40:43 Warning Message: You cannot play/edit this mission; it is dependent on downloadable content that has been deleted.\nthird_weapons
12:40:43 Warning Message: You cannot play/edit this mission; it is dependent on downloadable content that has been deleted.\nthird_weapons
12:40:43 Warning Message: You cannot play/edit this mission; it is dependent on downloadable content that has been deleted.\nace_vector
12:40:45 Warning Message: You cannot play/edit this mission; it is dependent on downloadable content that has been deleted.\nthird_weapons
12:40:45 Warning Message: You cannot play/edit this mission; it is dependent on downloadable content that has been deleted.\nace_vector
12:40:45 Warning Message: You cannot play/edit this mission; it is dependent on downloadable content that has been deleted.\nthird_weapons
12:40:45 Warning Message: You cannot play/edit this mission; it is dependent on downloadable content that has been deleted.\nace_vector
12:40:45 Warning Message: You cannot play/edit this mission; it is dependent on downloadable content that has been deleted.\nthird_weapons
12:40:45 Warning Message: You cannot play/edit this mission; it is dependent on downloadable content that has been deleted.\nace_vector
12:40:46 Warning Message: You cannot play/edit this mission; it is dependent on downloadable content that has been deleted.\nthird_weapons
12:40:46 Warning Message: You cannot play/edit this mission; it is dependent on downloadable content that has been deleted.\nace_vector
12:40:48 [KPLIB] [STATS] SPC D.Scott - FPS: 115.94 - Local groups: 0 - Local units: 1 - Active Scripts: [spawn: 6, execVM: 22, exec: 0, execFSM: 2]
12:40:48 Warning Message: You cannot play/edit this mission; it is dependent on downloadable content that has been deleted.\nthird_weapons
12:40:48 Warning Message: You cannot play/edit this mission; it is dependent on downloadable content that has been deleted.\nace_vector
12:40:49 Warning Message: You cannot play/edit this mission; it is dependent on downloadable content that has been deleted.\nthird_weapons
12:40:49 Warning Message: You cannot play/edit this mission; it is dependent on downloadable content that has been deleted.\nace_vector
12:40:51 Warning Message: You cannot play/edit this mission; it is dependent on downloadable content that has been deleted.\nthird_weapons
12:40:51 Warning Message: You cannot play/edit this mission; it is dependent on downloadable content that has been deleted.\nace_vector
12:40:58 Warning Message: You cannot play/edit this mission; it is dependent on downloadable content that has been deleted.\nthird_weapons
12:40:58 Warning Message: You cannot play/edit this mission; it is dependent on downloadable content that has been deleted.\nace_vector
12:40:59 Warning Message: You cannot play/edit this mission; it is dependent on downloadable content that has been deleted.\nthird_weapons
12:40:59 Warning Message: You cannot play/edit this mission; it is dependent on downloadable content that has been deleted.\nace_vector
12:41:02 Warning Message: You cannot play/edit this mission; it is dependent on downloadable content that has been deleted.\nace_disposable
12:41:03 Warning Message: You cannot play/edit this mission; it is dependent on downloadable content that has been deleted.\nace_disposable
12:41:04 Warning Message: You cannot play/edit this mission; it is dependent on downloadable content that has been deleted.\nthird_weapons
12:41:04 Warning Message: You cannot play/edit this mission; it is dependent on downloadable content that has been deleted.\nace_vector
12:41:04 Warning Message: You cannot play/edit this mission; it is dependent on downloadable content that has been deleted.\nthird_weapons
12:41:04 Warning Message: You cannot play/edit this mission; it is dependent on downloadable content that has been deleted.\nace_vector
12:41:04 Warning Message: You cannot play/edit this mission; it is dependent on downloadable content that has been deleted.\nace_disposable
12:41:04 Warning Message: You cannot play/edit this mission; it is dependent on downloadable content that has been deleted.\nthird_weapons
12:41:04 Warning Message: You cannot play/edit this mission; it is dependent on downloadable content that has been deleted.\nace_vector
12:41:11 Warning Message: You cannot play/edit this mission; it is dependent on downloadable content that has been deleted.\nthird_weapons
12:41:11 Warning Message: You cannot play/edit this mission; it is dependent on downloadable content that has been deleted.\nace_vector
12:41:11 Warning Message: You cannot play/edit this mission; it is dependent on downloadable content that has been deleted.\nthird_weapons
12:41:11 Warning Message: You cannot play/edit this mission; it is dependent on downloadable content that has been deleted.\nace_vector
12:41:12 Warning Message: You cannot play/edit this mission; it is dependent on downloadable content that has been deleted.\nace_disposable
12:41:17 Warning Message: You cannot play/edit this mission; it is dependent on downloadable content that has been deleted.\nace_disposable
12:41:17 Warning Message: You cannot play/edit this mission; it is dependent on downloadable content that has been deleted.\nthird_weapons
12:41:17 Warning Message: You cannot play/edit this mission; it is dependent on downloadable content that has been deleted.\nace_vector
12:41:18 Warning Message: You cannot play/edit this mission; it is dependent on downloadable content that has been deleted.\nthird_weapons
12:41:18 Warning Message: You cannot play/edit this mission; it is dependent on downloadable content that has been deleted.\nace_vector
12:41:18 Warning Message: You cannot play/edit this mission; it is dependent on downloadable content that has been deleted.\nace_disposable
12:41:18 Warning Message: You cannot play/edit this mission; it is dependent on downloadable content that has been deleted.\nthird_weapons
12:41:18 Warning Message: You cannot play/edit this mission; it is dependent on downloadable content that has been deleted.\nace_vector
12:41:19 Warning Message: You cannot play/edit this mission; it is dependent on downloadable content that has been deleted.\nthird_weapons
12:41:19 Warning Message: You cannot play/edit this mission; it is dependent on downloadable content that has been deleted.\nace_vector
12:41:19 Warning Message: You cannot play/edit this mission; it is dependent on downloadable content that has been deleted.\nthird_weapons
12:41:19 Warning Message: You cannot play/edit this mission; it is dependent on downloadable content that has been deleted.\nace_vector
12:41:20 Warning Message: You cannot play/edit this mission; it is dependent on downloadable content that has been deleted.\nthird_weapons
12:41:20 Warning Message: You cannot play/edit this mission; it is dependent on downloadable content that has been deleted.\nace_vector
12:41:20 Warning Message: You cannot play/edit this mission; it is dependent on downloadable content that has been deleted.\nthird_weapons
12:41:20 Warning Message: You cannot play/edit this mission; it is dependent on downloadable content that has been deleted.\nace_vector
12:41:21 Warning Message: You cannot play/edit this mission; it is dependent on downloadable content that has been deleted.\nthird_weapons
12:41:21 Warning Message: You cannot play/edit this mission; it is dependent on downloadable content that has been deleted.\nace_vector
12:41:21 Warning Message: You cannot play/edit this mission; it is dependent on downloadable content that has been deleted.\nthird_weapons
12:41:21 Warning Message: You cannot play/edit this mission; it is dependent on downloadable content that has been deleted.\nace_vector
12:41:22 Warning Message: You cannot play/edit this mission; it is dependent on downloadable content that has been deleted.\nace_disposable
12:41:24 Warning Message: You cannot play/edit this mission; it is dependent on downloadable content that has been deleted.\nace_disposable
12:41:43 Warning Message: You cannot play/edit this mission; it is dependent on downloadable content that has been deleted.\nace_disposable
12:41:46 Warning Message: You cannot play/edit this mission; it is dependent on downloadable content that has been deleted.\nace_disposable
12:41:46 "TFAR_RadioRequestEvent [[""TFAR_anprc152""],B Alpha 3-1:1 (Pegging Officer) REMOTE] 1390.34"
12:41:46 "Send TFAR_RadioRequestResponseEvent [20] 1390.34"
12:42:14 [KPLIB] [STATS] PFC S.Guss - FPS: 96.97 - Local groups: 0 - Local units: 1 - Active Scripts: [spawn: 6, execVM: 22, exec: 0, execFSM: 2]
12:42:15 Warning Message: You cannot play/edit this mission; it is dependent on downloadable content that has been deleted.\nace_disposable
12:42:16 Warning Message: You cannot play/edit this mission; it is dependent on downloadable content that has been deleted.\nace_disposable
12:42:17 Warning Message: You cannot play/edit this mission; it is dependent on downloadable content that has been deleted.\nace_disposable
12:42:18 Warning Message: You cannot play/edit this mission; it is dependent on downloadable content that has been deleted.\nace_disposable
12:42:19 Warning Message: You cannot play/edit this mission; it is dependent on downloadable content that has been deleted.\nace_disposable
12:42:20 Warning Message: You cannot play/edit this mission; it is dependent on downloadable content that has been deleted.\nace_disposable
12:42:21 Warning Message: You cannot play/edit this mission; it is dependent on downloadable content that has been deleted.\nace_disposable
12:42:21 Warning Message: You cannot play/edit this mission; it is dependent on downloadable content that has been deleted.\nace_disposable
12:42:23 Warning Message: You cannot play/edit this mission; it is dependent on downloadable content that has been deleted.\nthird_weapons
12:42:23 Warning Message: You cannot play/edit this mission; it is dependent on downloadable content that has been deleted.\nthird_weapons
12:42:25 Warning Message: You cannot play/edit this mission; it is dependent on downloadable content that has been deleted.\nace_disposable
12:42:26 Warning Message: You cannot play/edit this mission; it is dependent on downloadable content that has been deleted.\nace_disposable
12:42:27 Warning Message: You cannot play/edit this mission; it is dependent on downloadable content that has been deleted.\nace_disposable
12:42:27 Warning Message: You cannot play/edit this mission; it is dependent on downloadable content that has been deleted.\nace_disposable
12:42:29 Warning Message: You cannot play/edit this mission; it is dependent on downloadable content that has been deleted.\nace_disposable
12:42:29 Warning Message: You cannot play/edit this mission; it is dependent on downloadable content that has been deleted.\nace_disposable
12:42:30 Warning Message: You cannot play/edit this mission; it is dependent on downloadable content that has been deleted.\nace_disposable
12:42:31 Warning Message: You cannot play/edit this mission; it is dependent on downloadable content that has been deleted.\nace_disposable
12:42:32 Warning Message: You cannot play/edit this mission; it is dependent on downloadable content that has been deleted.\nace_disposable
12:42:33 Warning Message: You cannot play/edit this mission; it is dependent on downloadable content that has been deleted.\nace_disposable
12:42:36 Warning Message: You cannot play/edit this mission; it is dependent on downloadable content that has been deleted.\nace_disposable
12:42:36 [KPLIB] [STATS] Server - FPS: 45.45 - Local groups: 1 - Local units: 0 - Active Sectors: 0 - Active Scripts: [spawn: 18, execVM: 30, exec: 0, execFSM: 3]
12:42:37 Warning Message: You cannot play/edit this mission; it is dependent on downloadable content that has been deleted.\nace_disposable
12:42:38 Warning Message: You cannot play/edit this mission; it is dependent on downloadable content that has been deleted.\nace_disposable
12:42:39 Warning Message: You cannot play/edit this mission; it is dependent on downloadable content that has been deleted.\nace_disposable
12:42:41 Warning Message: You cannot play/edit this mission; it is dependent on downloadable content that has been deleted.\nace_disposable
12:42:42 Warning Message: You cannot play/edit this mission; it is dependent on downloadable content that has been deleted.\nace_disposable
12:42:42 Warning Message: You cannot play/edit this mission; it is dependent on downloadable content that has been deleted.\nace_disposable
12:42:43 [KPLIB] [STATS] CPL H.Jäger - FPS: 74.77 - Local groups: 0 - Local units: 1 - Active Scripts: [spawn: 20, execVM: 24, exec: 0, execFSM: 2]
12:43:09 Warning Message: You cannot play/edit this mission; it is dependent on downloadable content that has been deleted.\nace_disposable
12:43:10 Warning Message: You cannot play/edit this mission; it is dependent on downloadable content that has been deleted.\nace_disposable
12:43:10 Warning Message: You cannot play/edit this mission; it is dependent on downloadable content that has been deleted.\nace_disposable
12:43:11 Warning Message: You cannot play/edit this mission; it is dependent on downloadable content that has been deleted.\nace_disposable
12:43:11 Warning Message: You cannot play/edit this mission; it is dependent on downloadable content that has been deleted.\nace_disposable
12:43:12 Warning Message: You cannot play/edit this mission; it is dependent on downloadable content that has been deleted.\nace_disposable
12:43:13 Warning Message: You cannot play/edit this mission; it is dependent on downloadable content that has been deleted.\nace_disposable
12:43:13 Warning Message: You cannot play/edit this mission; it is dependent on downloadable content that has been deleted.\nace_disposable
12:43:14 Warning Message: You cannot play/edit this mission; it is dependent on downloadable content that has been deleted.\nace_disposable
12:43:35 Warning Message: You cannot play/edit this mission; it is dependent on downloadable content that has been deleted.\nace_disposable
12:43:35 Warning Message: You cannot play/edit this mission; it is dependent on downloadable content that has been deleted.\nace_disposable
12:43:36 Warning Message: You cannot play/edit this mission; it is dependent on downloadable content that has been deleted.\nace_disposable
12:43:36 Warning Message: You cannot play/edit this mission; it is dependent on downloadable content that has been deleted.\nace_disposable
12:43:37 Warning Message: You cannot play/edit this mission; it is dependent on downloadable content that has been deleted.\nace_disposable
12:43:38 [KPLIB] [STATS] Pegging Officer - FPS: 144.14 - Local groups: 1 - Local units: 1 - Active Scripts: [spawn: 6, execVM: 22, exec: 0, execFSM: 2]
12:43:53 [KPLIB] [STATS] PFC J.White - FPS: 124.03 - Local groups: 1 - Local units: 1 - Active Scripts: [spawn: 19, execVM: 24, exec: 0, execFSM: 2]
12:43:55 Warning Message: You cannot play/edit this mission; it is dependent on downloadable content that has been deleted.\nace_disposable
12:43:55 "TFAR_RadioRequestEvent [[""TFAR_anprc152""],B Alpha 1-2:1 (PFC J.White) REMOTE] 1519.63"
12:43:55 "Send TFAR_RadioRequestResponseEvent [21] 1519.63"
12:44:14 Warning Message: You cannot play/edit this mission; it is dependent on downloadable content that has been deleted.\nace_disposable
12:44:31 [KPLIB] [SECTORMONITOR] Active sectors: None
12:44:36 [KPLIB] [STATS] Server - FPS: 45.58 - Local groups: 1 - Local units: 0 - Active Sectors: 0 - Active Scripts: [spawn: 18, execVM: 30, exec: 0, execFSM: 3]
12:44:38 [KPLIB] [STATS] OCS D.Lotus - FPS: 89.89 - Local groups: 1 - Local units: 1 - Active Scripts: [spawn: 17, execVM: 22, exec: 0, execFSM: 3]
12:44:44 Warning Message: You cannot play/edit this mission; it is dependent on downloadable content that has been deleted.\nace_disposable
12:45:40 Warning Message: You cannot play/edit this mission; it is dependent on downloadable content that has been deleted.\nace_disposable
12:45:48 [KPLIB] [STATS] SPC D.Scott - FPS: 120.3 - Local groups: 0 - Local units: 1 - Active Scripts: [spawn: 6, execVM: 22, exec: 0, execFSM: 2]
12:45:52 Warning Message: You cannot play/edit this mission; it is dependent on downloadable content that has been deleted.\nace_disposable
12:46:36 [KPLIB] [STATS] Server - FPS: 45.45 - Local groups: 0 - Local units: 0 - Active Sectors: 0 - Active Scripts: [spawn: 18, execVM: 30, exec: 0, execFSM: 3]
12:46:47 Warning Message: You cannot play/edit this mission; it is dependent on downloadable content that has been deleted.\nthird_weapons
12:46:48 Warning Message: You cannot play/edit this mission; it is dependent on downloadable content that has been deleted.\nthird_weapons
12:46:49 Warning Message: You cannot play/edit this mission; it is dependent on downloadable content that has been deleted.\nthird_weapons
12:46:49 Warning Message: You cannot play/edit this mission; it is dependent on downloadable content that has been deleted.\nace_mx2a
12:46:49 Warning Message: You cannot play/edit this mission; it is dependent on downloadable content that has been deleted.\nthird_weapons
12:46:49 Warning Message: You cannot play/edit this mission; it is dependent on downloadable content that has been deleted.\nthird_weapons
12:46:49 Warning Message: You cannot play/edit this mission; it is dependent on downloadable content that has been deleted.\nace_dragon
12:46:50 Warning Message: You cannot play/edit this mission; it is dependent on downloadable content that has been deleted.\nthird_weapons
12:46:50 Warning Message: You cannot play/edit this mission; it is dependent on downloadable content that has been deleted.\nthird_weapons
12:46:53 Warning Message: You cannot play/edit this mission; it is dependent on downloadable content that has been deleted.\nthird_weapons
12:46:53 Warning Message: You cannot play/edit this mission; it is dependent on downloadable content that has been deleted.\nthird_weapons
12:47:17 Warning Message: You cannot play/edit this mission; it is dependent on downloadable content that has been deleted.\nthird_weapons
12:47:18 [KPLIB] [STATS] PFC S.Guss - FPS: 103.9 - Local groups: 0 - Local units: 1 - Active Scripts: [spawn: 6, execVM: 22, exec: 0, execFSM: 2]
12:47:25 Setting invalid pitch 0.0000 for B Alpha 1-1:1 REMOTE
12:47:25 Setting invalid pitch 0.0000 for B Alpha 1-1:1 REMOTE
12:47:25 Setting invalid pitch 0.0000 for B Alpha 1-4:1 REMOTE
12:47:25 Setting invalid pitch 0.0000 for B Alpha 1-4:1 REMOTE
12:47:25 Setting invalid pitch 0.0000 for B Alpha 1-4:1 REMOTE
12:47:25 Setting invalid pitch 0.0000 for B Alpha 1-4:1 REMOTE
12:47:42 [KPLIB] [STATS] CPL H.Jäger - FPS: 100.63 - Local groups: 0 - Local units: 1 - Active Scripts: [spawn: 19, execVM: 24, exec: 0, execFSM: 2]
12:48:36 [KPLIB] [STATS] Server - FPS: 45.58 - Local groups: 0 - Local units: 0 - Active Sectors: 0 - Active Scripts: [spawn: 18, execVM: 30, exec: 0, execFSM: 3]
12:48:41 [KPLIB] [STATS] Pegging Officer - FPS: 105.26 - Local groups: 1 - Local units: 1 - Active Scripts: [spawn: 6, execVM: 23, exec: 0, execFSM: 2]
12:48:53 [KPLIB] [STATS] PFC J.White - FPS: 136.75 - Local groups: 0 - Local units: 1 - Active Scripts: [spawn: 19, execVM: 25, exec: 0, execFSM: 2]
12:49:26 Ref to nonnetwork object 1bf8ccad9c0# 1785458: c_citizen1.p3d C_man_1_1_F
12:49:26 Server: Object 2:1045 not found (message Type_116)
12:49:26 Server: Object 2:1044 not found (message Type_112)
12:49:35 Warning Message: You cannot play/edit this mission; it is dependent on downloadable content that has been deleted.\nace_parachute
12:49:35 [KPLIB] [SECTORSPAWN] Sector Strigla Outpost (military_8) activated - Managed on: Server
12:49:35 [KPLIB] [SECTORSPAWN] Sector Strigla Outpost (military_8) - Waiting to spawn sector...
12:49:35 Warning Message: You cannot play/edit this mission; it is dependent on downloadable content that has been deleted.\nace_parachute
12:49:35 Warning Message: You cannot play/edit this mission; it is dependent on downloadable content that has been deleted.\nace_parachute
12:49:35 [KPLIB] [SECTORMONITOR] Active sectors: Strigla Outpost
12:49:35 Warning Message: You cannot play/edit this mission; it is dependent on downloadable content that has been deleted.\nace_parachute
12:49:37 Warning Message: You cannot play/edit this mission; it is dependent on downloadable content that has been deleted.\nace_parachute
12:49:39 [KPLIB] [STATS] OCS D.Lotus - FPS: 102.56 - Local groups: 1 - Local units: 1 - Active Scripts: [spawn: 22, execVM: 23, exec: 0, execFSM: 3]
12:49:40 Warning Message: You cannot play/edit this mission; it is dependent on downloadable content that has been deleted.\nace_parachute
12:49:41 [KPLIB] [SECTORSPAWN] Sector Radio Tower 276249 (tower_10) activated - Managed on: Server
12:49:41 [KPLIB] [SECTORSPAWN] Sector Radio Tower 276249 (tower_10) - Waiting to spawn sector...
12:49:45 Duplicate HitPoint name 'HitTurret' in 'O_APC_Wheeled_02_rcws_F'
12:49:45 Duplicate HitPoint name 'HitGun' in 'O_APC_Wheeled_02_rcws_F'
12:49:45 O_APC_Wheeled_02_rcws_F: cannon_ready_light - unknown animation source revolving_gmg
12:49:45 O_APC_Wheeled_02_rcws_F: engine_damage_fire_indicator - unknown animation source hitengine_src
12:49:45 O_APC_Wheeled_02_rcws_F: engine_damage_indicator - unknown animation source hitengine_src
12:49:45 O_APC_Wheeled_02_rcws_F: main_gun_damage_indicator - unknown animation source hitmaingun_src
12:49:45 O_APC_Wheeled_02_rcws_F: turret_control_x - unknown animation source turret_control_y
12:49:45 O_APC_Wheeled_02_rcws_F: turret_control_y - unknown animation source turret_control_x
12:49:45 O_APC_Wheeled_02_rcws_F: indicator_com_smoke_1 - unknown animation source smoke_source
12:49:45 O_APC_Wheeled_02_rcws_F: indicator_com_smoke_2 - unknown animation source smoke_source
12:49:45 O_APC_Wheeled_02_rcws_F: indicator_damage_engine - unknown animation source hitengine_src
12:49:45 O_APC_Wheeled_02_rcws_F: indicator_damage_fuel - unknown animation source hitfuel_src
12:49:45 O_APC_Wheeled_02_rcws_F: indicator_turret_damage_hull - unknown animation source hithull_src
12:49:45 O_APC_Wheeled_02_rcws_F: indicator_turret_damage_engine - unknown animation source hitengine_src
12:49:45 O_APC_Wheeled_02_rcws_F: indicator_turret_damage_fuel - unknown animation source hitfuel_src
12:49:45 O_APC_Wheeled_02_rcws_F: indicator_turret_damage_main_gun - unknown animation source hitmaingun_src
12:49:45 O_APC_Wheeled_02_rcws_F: indicator_turret_damage_turret - unknown animation source hitturret_src
12:49:45 O_APC_Wheeled_02_rcws_F: indicator_turret_damage_com_turret - unknown animation source hitcomturret_src
12:49:45 O_APC_Wheeled_02_rcws_F: showcamonethull - unknown animation source showcamonethull
12:49:45 O_APC_Wheeled_02_rcws_F: showbags - unknown animation source showbags
12:49:45 O_APC_Wheeled_02_rcws_F: showcanisters - unknown animation source showcanisters
12:49:45 O_APC_Wheeled_02_rcws_F: showtools - unknown animation source showtools
12:49:45 O_APC_Wheeled_02_rcws_F: showslathull - unknown animation source showslathull
12:49:45 O_APC_Wheeled_02_rcws_F: slat_front_normal_hide - unknown animation source hitslat_front_src
12:49:45 O_APC_Wheeled_02_rcws_F: slat_front_damage_unhide - unknown animation source hitslat_front_src
12:49:45 O_APC_Wheeled_02_rcws_F: slat_front_damage_hide - unknown animation source hitslat_front_src
12:49:45 O_APC_Wheeled_02_rcws_F: slat_front_destroyed_unhide - unknown animation source hitslat_front_src
12:49:45 O_APC_Wheeled_02_rcws_F: slat_front_firegeo_hide - unknown animation source hitslat_front_src
12:49:45 O_APC_Wheeled_02_rcws_F: slat_back_normal_hide - unknown animation source hitslat_back_src
12:49:45 O_APC_Wheeled_02_rcws_F: slat_back_damage_unhide - unknown animation source hitslat_back_src
12:49:45 O_APC_Wheeled_02_rcws_F: slat_back_damage_hide - unknown animation source hitslat_back_src
12:49:45 O_APC_Wheeled_02_rcws_F: slat_back_destroyed_unhide - unknown animation source hitslat_back_src
12:49:45 O_APC_Wheeled_02_rcws_F: slat_back_firegeo_hide - unknown animation source hitslat_back_src
12:49:45 O_APC_Wheeled_02_rcws_F: slat_left_1_normal_hide - unknown animation source hitslat_left_1_src
12:49:45 O_APC_Wheeled_02_rcws_F: slat_left_1_damage_unhide - unknown animation source hitslat_left_1_src
12:49:45 O_APC_Wheeled_02_rcws_F: slat_left_1_damage_hide - unknown animation source hitslat_left_1_src
12:49:45 O_APC_Wheeled_02_rcws_F: slat_left_1_destroyed_unhide - unknown animation source hitslat_left_1_src
12:49:45 O_APC_Wheeled_02_rcws_F: slat_left_1_firegeo_hide - unknown animation source hitslat_left_1_src
12:49:45 O_APC_Wheeled_02_rcws_F: slat_left_2_normal_hide - unknown animation source hitslat_left_2_src
12:49:45 O_APC_Wheeled_02_rcws_F: slat_left_2_damage_unhide - unknown animation source hitslat_left_2_src
12:49:45 O_APC_Wheeled_02_rcws_F: slat_left_2_damage_hide - unknown animation source hitslat_left_2_src
12:49:45 O_APC_Wheeled_02_rcws_F: slat_left_2_destroyed_unhide - unknown animation source hitslat_left_2_src
12:49:45 O_APC_Wheeled_02_rcws_F: slat_left_2_firegeo_hide - unknown animation source hitslat_left_2_src
12:49:45 O_APC_Wheeled_02_rcws_F: slat_left_3_normal_hide - unknown animation source hitslat_left_3_src
12:49:45 O_APC_Wheeled_02_rcws_F: slat_left_3_damage_unhide - unknown animation source hitslat_left_3_src
12:49:45 O_APC_Wheeled_02_rcws_F: slat_left_3_damage_hide - unknown animation source hitslat_left_3_src
12:49:45 O_APC_Wheeled_02_rcws_F: slat_left_3_destroyed_unhide - unknown animation source hitslat_left_3_src
12:49:45 O_APC_Wheeled_02_rcws_F: slat_left_3_firegeo_hide - unknown animation source hitslat_left_3_src
12:49:45 O_APC_Wheeled_02_rcws_F: slat_right_1_normal_hide - unknown animation source hitslat_right_1_src
12:49:45 O_APC_Wheeled_02_rcws_F: slat_right_1_damage_unhide - unknown animation source hitslat_right_1_src
12:49:45 O_APC_Wheeled_02_rcws_F: slat_right_1_damage_hide - unknown animation source hitslat_right_1_src
12:49:45 O_APC_Wheeled_02_rcws_F: slat_right_1_destroyed_unhide - unknown animation source hitslat_right_1_src
12:49:45 O_APC_Wheeled_02_rcws_F: slat_right_1_firegeo_hide - unknown animation source hitslat_right_1_src
12:49:45 O_APC_Wheeled_02_rcws_F: slat_right_2_normal_hide - unknown animation source hitslat_right_2_src
12:49:45 O_APC_Wheeled_02_rcws_F: slat_right_2_damage_unhide - unknown animation source hitslat_right_2_src
12:49:45 O_APC_Wheeled_02_rcws_F: slat_right_2_damage_hide - unknown animation source hitslat_right_2_src
12:49:45 O_APC_Wheeled_02_rcws_F: slat_right_2_destroyed_unhide - unknown animation source hitslat_right_2_src
12:49:45 O_APC_Wheeled_02_rcws_F: slat_right_2_firegeo_hide - unknown animation source hitslat_right_2_src
12:49:45 O_APC_Wheeled_02_rcws_F: slat_right_3_normal_hide - unknown animation source hitslat_right_3_src
12:49:45 O_APC_Wheeled_02_rcws_F: slat_right_3_damage_unhide - unknown animation source hitslat_right_3_src
12:49:45 O_APC_Wheeled_02_rcws_F: slat_right_3_damage_hide - unknown animation source hitslat_right_3_src
12:49:45 O_APC_Wheeled_02_rcws_F: slat_right_3_destroyed_unhide - unknown animation source hitslat_right_3_src
12:49:45 O_APC_Wheeled_02_rcws_F: slat_right_3_firegeo_hide - unknown animation source hitslat_right_3_src
12:49:46 [KPLIB] [SECTORSPAWN] Sector Strigla Outpost (military_8) - Waiting done - Time needed: 10.6881 seconds
12:49:46 O_APC_Tracked_02_cannon_F: cannon_ready_light - unknown animation source muzzle_hide_cannon
12:49:47 Ref to nonnetwork object 1bf8bd2c840# 1785830: o_soldier_01.p3d O_Soldier_SL_F
12:49:47 Server: Object 2:1115 not found (message Type_116)
12:49:47 Server: Object 2:1114 not found (message Type_112)
12:49:47 Ref to nonnetwork object 1bf8bec4c80# 1785833: o_soldier_01.p3d O_medic_F
12:49:47 Server: Object 2:1121 not found (message Type_116)
12:49:47 Server: Object 2:1120 not found (message Type_112)
12:49:47 soldier[O_Soldier_LAT_F]:Some of magazines weren't stored in soldier Vest or Uniform?
12:49:47 soldier[O_Soldier_LAT_F]:Some of magazines weren't stored in soldier Vest or Uniform?
12:49:47 Ref to nonnetwork object 1bf8bcb8ec0# 1785837: o_soldier_01.p3d O_Soldier_LAT_F
12:49:47 Server: Object 2:1128 not found (message Type_116)
12:49:47 Server: Object 2:1127 not found (message Type_112)
12:49:47 Ref to nonnetwork object 1bf8b021080# 1785841: o_soldier_01.p3d O_medic_F
12:49:47 Server: Object 2:1135 not found (message Type_116)
12:49:47 Server: Object 2:1134 not found (message Type_112)
12:49:47 soldier[O_HeavyGunner_F]:Some of magazines weren't stored in soldier Vest or Uniform?
12:49:47 Ref to nonnetwork object 1bf8b0712c0# 1785845: o_soldier_01.p3d O_HeavyGunner_F
12:49:47 Server: Object 2:1142 not found (message Type_116)
12:49:47 Server: Object 2:1141 not found (message Type_112)
12:49:47 Ref to nonnetwork object 1bf8b1c1580# 1785848: o_soldier_01.p3d O_soldier_M_F
12:49:47 Server: Object 2:1148 not found (message Type_116)
12:49:47 Server: Object 2:1147 not found (message Type_112)
12:49:47 Ref to nonnetwork object 1bf8b10d840# 1785869: o_soldier_01.p3d O_Soldier_SL_F
12:49:47 Server: Object 2:1154 not found (message Type_116)
12:49:47 Server: Object 2:1153 not found (message Type_112)
12:49:47 Ref to nonnetwork object 1bf8b1e9a00# 1785872: o_soldier_01.p3d O_soldier_M_F
12:49:47 Server: Object 2:1160 not found (message Type_116)
12:49:47 Server: Object 2:1159 not found (message Type_112)
12:49:47 soldier[O_HeavyGunner_F]:Some of magazines weren't stored in soldier Vest or Uniform?
12:49:47 Ref to nonnetwork object 1bf8b168200# 1785875: o_soldier_01.p3d O_HeavyGunner_F
12:49:47 Server: Object 2:1166 not found (message Type_116)
12:49:47 Server: Object 2:1165 not found (message Type_112)
12:49:47 soldier[O_Soldier_LAT_F]:Some of magazines weren't stored in soldier Vest or Uniform?
12:49:47 soldier[O_Soldier_LAT_F]:Some of magazines weren't stored in soldier Vest or Uniform?
12:49:47 Ref to nonnetwork object 1bedb98a400# 1785878: o_soldier_01.p3d O_Soldier_LAT_F
12:49:47 Server: Object 2:1172 not found (message Type_116)
12:49:47 Server: Object 2:1171 not found (message Type_112)
12:49:47 Ref to nonnetwork object 1bedb9a4600# 1785882: o_soldier_01.p3d O_Soldier_SL_F
12:49:47 Server: Object 2:1181 not found (message Type_116)
12:49:47 Server: Object 2:1180 not found (message Type_112)
12:49:47 soldier[O_Soldier_AR_F]:Some of magazines weren't stored in soldier Vest or Uniform?
12:49:47 Ref to nonnetwork object 1bedb9be880# 1785885: o_soldier_01.p3d O_Soldier_AR_F
12:49:47 Server: Object 2:1187 not found (message Type_116)
12:49:47 Server: Object 2:1186 not found (message Type_112)
12:49:47 soldier[O_HeavyGunner_F]:Some of magazines weren't stored in soldier Vest or Uniform?
12:49:47 Ref to nonnetwork object 1bedba0ca40# 1785888: o_soldier_01.p3d O_HeavyGunner_F
12:49:48 Server: Object 2:1193 not found (message Type_116)
12:49:48 Server: Object 2:1192 not found (message Type_112)
12:49:48 Ref to nonnetwork object 1bedba22c00# 1785891: o_soldier_01.p3d O_Soldier_SL_F
12:49:48 Server: Object 2:1199 not found (message Type_116)
12:49:48 Server: Object 2:1198 not found (message Type_112)
12:49:48 Ref to nonnetwork object 1bedba3ce00# 1785894: o_soldier_01.p3d O_Soldier_SL_F
12:49:48 Server: Object 2:1207 not found (message Type_116)
12:49:48 Server: Object 2:1206 not found (message Type_112)
12:49:48 Ref to nonnetwork object 1bedba52fc0# 1785897: o_soldier_01.p3d O_medic_F
12:49:48 Server: Object 2:1213 not found (message Type_116)
12:49:48 Server: Object 2:1212 not found (message Type_112)
12:49:48 soldier[O_Soldier_AR_F]:Some of magazines weren't stored in soldier Vest or Uniform?
12:49:48 Ref to nonnetwork object 1bedba57140# 1785901: o_soldier_01.p3d O_Soldier_AR_F
12:49:48 Server: Object 2:1220 not found (message Type_116)
12:49:48 Server: Object 2:1219 not found (message Type_112)
12:49:48 soldier[O_HeavyGunner_F]:Some of magazines weren't stored in soldier Vest or Uniform?
12:49:48 Ref to nonnetwork object 1bedb54d2c0# 1785904: o_soldier_01.p3d O_HeavyGunner_F
12:49:48 Server: Object 2:1226 not found (message Type_116)
12:49:48 Server: Object 2:1225 not found (message Type_112)
12:49:48 Ref to nonnetwork object 1bedb577580# 1785907: o_soldier_01.p3d O_medic_F
12:49:48 Server: Object 2:1232 not found (message Type_116)
12:49:48 Server: Object 2:1231 not found (message Type_112)
12:49:48 Ref to nonnetwork object 1bedb589700# 1785911: o_soldier_01.p3d O_soldier_M_F
12:49:48 Server: Object 2:1239 not found (message Type_116)
12:49:48 Server: Object 2:1238 not found (message Type_112)
12:49:48 Ref to nonnetwork object 1bedb5a3900# 1785914: o_soldier_01.p3d O_Soldier_SL_F
12:49:48 Server: Object 2:1247 not found (message Type_116)
12:49:48 Server: Object 2:1246 not found (message Type_112)
12:49:48 Ref to nonnetwork object 1bedb5b8100# 1785917: o_soldier_01.p3d O_medic_F
12:49:48 Server: Object 2:1253 not found (message Type_116)
12:49:48 Server: Object 2:1252 not found (message Type_112)
12:49:48 soldier[O_Soldier_AR_F]:Some of magazines weren't stored in soldier Vest or Uniform?
12:49:48 Ref to nonnetwork object 1bedb5ca280# 1785921: o_soldier_01.p3d O_Soldier_AR_F
12:49:48 Server: Object 2:1260 not found (message Type_116)
12:49:48 Server: Object 2:1259 not found (message Type_112)
12:49:48 soldier[O_HeavyGunner_F]:Some of magazines weren't stored in soldier Vest or Uniform?
12:49:48 Ref to nonnetwork object 1bedb5ee440# 1785924: o_soldier_01.p3d O_HeavyGunner_F
12:49:48 Server: Object 2:1266 not found (message Type_116)
12:49:48 Server: Object 2:1265 not found (message Type_112)
12:49:48 Ref to nonnetwork object 1bedb604700# 1785927: o_soldier_01.p3d O_medic_F
12:49:48 Server: Object 2:1272 not found (message Type_116)
12:49:48 Server: Object 2:1271 not found (message Type_112)
12:49:48 Ref to nonnetwork object 1bedb616980# 1785931: o_soldier_01.p3d O_soldier_M_F
12:49:48 Server: Object 2:1279 not found (message Type_116)
12:49:48 Server: Object 2:1278 not found (message Type_112)
12:49:48 Ref to nonnetwork object 1bedb630b80# 1785934: o_soldier_01.p3d O_Soldier_SL_F
12:49:48 Server: Object 2:1287 not found (message Type_116)
12:49:48 Server: Object 2:1286 not found (message Type_112)
12:49:48 Ref to nonnetwork object 1bedb646d40# 1785938: o_soldier_01.p3d O_medic_F
12:49:48 Server: Object 2:1293 not found (message Type_116)
12:49:48 Server: Object 2:1292 not found (message Type_112)
12:49:48 soldier[O_Soldier_AR_F]:Some of magazines weren't stored in soldier Vest or Uniform?
12:49:48 Ref to nonnetwork object 1bedb658fc0# 1785942: o_soldier_01.p3d O_Soldier_AR_F
12:49:48 Server: Object 2:1300 not found (message Type_116)
12:49:48 Server: Object 2:1299 not found (message Type_112)
12:49:48 soldier[O_HeavyGunner_F]:Some of magazines weren't stored in soldier Vest or Uniform?
12:49:48 Ref to nonnetwork object 1bedb65d240# 1785945: o_soldier_01.p3d O_HeavyGunner_F
12:49:48 Server: Object 2:1306 not found (message Type_116)
12:49:48 Server: Object 2:1305 not found (message Type_112)
12:49:48 Ref to nonnetwork object 1bedc151400# 1785948: o_soldier_01.p3d O_medic_F
12:49:48 Server: Object 2:1312 not found (message Type_116)
12:49:48 Server: Object 2:1311 not found (message Type_112)
12:49:48 Ref to nonnetwork object 1bedc163580# 1785952: o_soldier_01.p3d O_soldier_M_F
12:49:48 Server: Object 2:1319 not found (message Type_116)
12:49:48 Server: Object 2:1318 not found (message Type_112)
12:49:50 Warning Message: You cannot play/edit this mission; it is dependent on downloadable content that has been deleted.\ntweed_uaf_21_cfg
12:49:51 Ref to nonnetwork object 1bedc19ecc0# 1785956: c_man_casual_shorts_f.p3d C_Man_casual_4_F
12:49:51 Server: Object 2:1327 not found (message Type_116)
12:49:51 Server: Object 2:1326 not found (message Type_112)
12:49:51 Setting invalid pitch 0.0000 for O Alpha 2-3:1 REMOTE
12:49:51 Setting invalid pitch 0.0000 for O Alpha 2-3:1 REMOTE
12:49:51 Setting invalid pitch 0.0000 for O Alpha 2-4:1 REMOTE
12:49:52 Setting invalid pitch 0.0000 for O Alpha 2-4:1 REMOTE
12:49:52 Setting invalid pitch 0.0000 for O Alpha 2-5:1 REMOTE
12:49:52 Setting invalid pitch 0.0000 for O Alpha 2-6:1 REMOTE
12:49:52 Ref to nonnetwork object 1bedcd76140# 1785965: o_soldier_01.p3d O_Soldier_SL_F
12:49:52 Server: Object 2:1335 not found (message Type_116)
12:49:52 Server: Object 2:1334 not found (message Type_112)
12:49:52 Ref to nonnetwork object 1bedcd7e300# 1785968: o_soldier_01.p3d O_medic_F
12:49:52 [KPLIB] [SECTORSPAWN] Sector Radio Tower 276249 (tower_10) - Waiting done - Time needed: 10.775 seconds
12:49:52 Server: Object 2:1341 not found (message Type_116)
12:49:52 Server: Object 2:1340 not found (message Type_112)
12:49:52 soldier[O_Soldier_AR_F]:Some of magazines weren't stored in soldier Vest or Uniform?
12:49:52 Ref to nonnetwork object 1bf8ce18580# 1785972: o_soldier_01.p3d O_Soldier_AR_F
12:49:52 Server: Object 2:1348 not found (message Type_116)
12:49:52 Server: Object 2:1347 not found (message Type_112)
12:49:52 soldier[O_HeavyGunner_F]:Some of magazines weren't stored in soldier Vest or Uniform?
12:49:52 Ref to nonnetwork object 1bedc214740# 1785975: o_soldier_01.p3d O_HeavyGunner_F
12:49:52 Server: Object 2:1354 not found (message Type_116)
12:49:52 Server: Object 2:1353 not found (message Type_112)
12:49:52 Ref to nonnetwork object 1bedc260900# 1785978: o_soldier_01.p3d O_medic_F
12:49:52 Server: Object 2:1363 not found (message Type_116)
12:49:52 Server: Object 2:1362 not found (message Type_112)
12:49:52 Ref to nonnetwork object 1bedcd94ac0# 1785982: o_soldier_01.p3d O_soldier_M_F
12:49:52 Server: Object 2:1370 not found (message Type_116)
12:49:52 Server: Object 2:1369 not found (message Type_112)
12:49:52 Ref to nonnetwork object 1bedcdab540# 1785984: c_poloshirtpants.p3d C_Man_casual_3_F
12:49:52 Server: Object 2:1378 not found (message Type_116)
12:49:52 Server: Object 2:1377 not found (message Type_112)
12:49:52 Ref to nonnetwork object 1bedcdaf6c0# 1785986: c_poloshirtpants.p3d C_Man_casual_3_F
12:49:52 Server: Object 2:1383 not found (message Type_116)
12:49:52 Server: Object 2:1382 not found (message Type_112)
12:49:53 Setting invalid pitch 0.0000 for O Alpha 2-3:1 REMOTE
12:49:53 Setting invalid pitch 0.0000 for O Alpha 2-4:1 REMOTE
12:49:53 Setting invalid pitch 0.0000 for O Alpha 2-6:1 REMOTE
12:49:56 Setting invalid pitch 0.0000 for O Alpha 2-3:1 REMOTE
12:49:56 Setting invalid pitch 0.0000 for O Alpha 2-4:1 REMOTE
12:49:57 Setting invalid pitch 0.0000 for O Alpha 2-6:1 REMOTE
12:49:57 Setting invalid pitch 0.0000 for O Alpha 3-1:1 REMOTE
12:49:57 Setting invalid pitch 0.0000 for O Alpha 3-2:1 REMOTE
12:50:01 Warning Message: You cannot play/edit this mission; it is dependent on downloadable content that has been deleted.\nthird_uniforms_backpacks
12:50:02 Setting invalid pitch 0.0000 for O Alpha 2-3:1 REMOTE
12:50:02 Setting invalid pitch 0.0000 for O Alpha 2-4:1 REMOTE
12:50:02 Setting invalid pitch 0.0000 for O Alpha 2-6:1 REMOTE
12:50:04 Setting invalid pitch 0.0000 for O Alpha 2-3:1 REMOTE
12:50:06 Setting invalid pitch 0.0000 for O Alpha 2-4:1 REMOTE
12:50:06 Setting invalid pitch 0.0000 for O Alpha 2-6:1 REMOTE
12:50:06 Setting invalid pitch 0.0000 for O Alpha 3-1:1 REMOTE
12:50:07 Warning Message: You cannot play/edit this mission; it is dependent on downloadable content that has been deleted.\nthird_uniforms_backpacks
12:50:07 Setting invalid pitch 0.0000 for O Alpha 3-2:1 REMOTE
12:50:07 Setting invalid pitch 0.0000 for O Alpha 2-4:1 REMOTE
12:50:08 Setting invalid pitch 0.0000 for O Alpha 2-6:1 REMOTE
12:50:08 Setting invalid pitch 0.0000 for O Alpha 2-6:1 REMOTE
12:50:09 Setting invalid pitch 0.0000 for O Alpha 2-4:1 REMOTE
12:50:09 Setting invalid pitch 0.0000 for O Alpha 2-6:1 REMOTE
12:50:10 Setting invalid pitch 0.0000 for O Alpha 2-6:1 REMOTE
12:50:10 Setting invalid pitch 0.0000 for O Alpha 3-1:1 REMOTE
12:50:10 Setting invalid pitch 0.0000 for O Alpha 3-2:1 REMOTE
12:50:11 Warning Message: You cannot play/edit this mission; it is dependent on downloadable content that has been deleted.\nthird_weapons
12:50:12 Setting invalid pitch 0.0000 for O Alpha 2-3:1 REMOTE
12:50:12 Setting invalid pitch 0.0000 for O Alpha 3-1:1 REMOTE
12:50:12 Setting invalid pitch 0.0000 for O Alpha 3-3:1 REMOTE
12:50:12 Warning Message: You cannot play/edit this mission; it is dependent on downloadable content that has been deleted.\nthird_uniforms_backpacks
12:50:12 Server: Object 11:119 not found (message Type_100)
12:50:12 Server: Object 11:120 not found (message Type_121)
12:50:12 Setting invalid pitch 0.0000 for O Alpha 2-3:1 REMOTE
12:50:13 Setting invalid pitch 0.0000 for O Alpha 2-6:1 REMOTE
12:50:13 Warning Message: You cannot play/edit this mission; it is dependent on downloadable content that has been deleted.\nthird_uniforms_backpacks
12:50:13 Setting invalid pitch 0.0000 for O Alpha 3-1:1 REMOTE
12:50:13 Setting invalid pitch 0.0000 for O Alpha 3-2:1 REMOTE
12:50:15 O Alpha 1-6: Cycle as first waypoint has no sense (Cycle WP '' at [28401.093750, 25807.968750, -0.437450])
12:50:15 Setting invalid pitch 0.0000 for O Alpha 2-4:1 REMOTE
12:50:15 O Alpha 2-1: Cycle as first waypoint has no sense (Cycle WP '' at [28219.041016, 25888.267578, -12.951428])
12:50:15 Setting invalid pitch 0.0000 for O Alpha 2-3:1 REMOTE
12:50:16 Setting invalid pitch 0.0000 for O Alpha 2-6:1 REMOTE
12:50:16 Setting invalid pitch 0.0000 for O Alpha 3-1:1 REMOTE
12:50:18 Ref to nonnetwork object 1bedddbcbc0# 1786289: coveralls.p3d C_man_w_worker_F
12:50:18 Server: Object 2:1458 not found (message Type_116)
12:50:18 Server: Object 2:1457 not found (message Type_112)
12:50:18 Setting invalid pitch 0.0000 for O Alpha 3-2:1 REMOTE
12:50:18 Setting invalid pitch 0.0000 for O Alpha 3-3:1 REMOTE
12:50:18 Ref to nonnetwork object 1bedc9de2c0# 1786293: c_poloshirt.p3d C_man_shorts_2_F
12:50:18 Server: Object 2:1464 not found (message Type_116)
12:50:18 Server: Object 2:1463 not found (message Type_112)
12:50:19 Setting invalid pitch 0.0000 for O Alpha 3-4:1 REMOTE
12:50:20 "TFAR_RadioRequestEvent [[""ItemRadio""],B Alpha 2-3:3 (PFC S.Guss) REMOTE] 1904.14"
12:50:20 "Send TFAR_RadioRequestResponseEvent [1] 1904.14"
12:50:24 Setting invalid pitch 0.0000 for O Alpha 2-4:1 REMOTE
12:50:24 Setting invalid pitch 0.0000 for O Alpha 2-3:1 REMOTE
12:50:24 Ref to nonnetwork object 1bedda80d40# 1786647: c_man_casual_shorts_f.p3d C_Man_casual_4_F
12:50:24 Server: Object 2:1481 not found (message Type_116)
12:50:24 Server: Object 2:1480 not found (message Type_112)
12:50:25 Setting invalid pitch 0.0000 for O Alpha 2-6:1 REMOTE
12:50:27 Setting invalid pitch 0.0000 for O Alpha 2-3:1 REMOTE
12:50:27 Setting invalid pitch 0.0000 for O Alpha 2-6:1 REMOTE
12:50:29 Setting invalid pitch 0.0000 for O Alpha 2-3:1 REMOTE
12:50:30 Setting invalid pitch 0.0000 for O Alpha 2-3:1 REMOTE
12:50:30 Setting invalid pitch 0.0000 for O Alpha 2-4:1 REMOTE
12:50:30 Setting invalid pitch 0.0000 for O Alpha 2-3:1 REMOTE
12:50:30 Setting invalid pitch 0.0000 for O Alpha 3-1:1 REMOTE
12:50:31 Setting invalid pitch 0.0000 for O Alpha 3-2:1 REMOTE
12:50:32 Setting invalid pitch 0.0000 for O Alpha 2-4:1 REMOTE
12:50:32 Setting invalid pitch 0.0000 for O Alpha 2-4:1 REMOTE
12:50:33 Ref to nonnetwork object 1bedc9c0800# 1786836: c_man_casual_shorts_f.p3d C_Man_casual_6_F
12:50:33 Server: Object 2:1497 not found (message Type_116)
12:50:33 Server: Object 2:1496 not found (message Type_112)
12:50:34 Setting invalid pitch 0.0000 for O Alpha 2-6:1 REMOTE
12:50:35 Setting invalid pitch 0.0000 for O Alpha 3-3:1 REMOTE
12:50:35 Setting invalid pitch 0.0000 for O Alpha 3-4:1 REMOTE
12:50:35 Setting invalid pitch 0.0000 for O Alpha 2-3:1 REMOTE
12:50:35 Warning Message: You cannot play/edit this mission; it is dependent on downloadable content that has been deleted.\nthird_uniforms_backpacks
12:50:35 Warning Message: You cannot play/edit this mission; it is dependent on downloadable content that has been deleted.\nthird_weapons
12:50:35 Setting invalid pitch 0.0000 for O Alpha 3-5:1 REMOTE
12:50:35 Setting invalid pitch 0.0000 for O Alpha 3-6:1 REMOTE
12:50:36 [KPLIB] [STATS] Server - FPS: 45.45 - Local groups: 16 - Local units: 55 - Active Sectors: 2 - Active Scripts: [spawn: 40, execVM: 30, exec: 0, execFSM: 3]
12:50:40 Setting invalid pitch 0.0000 for O Alpha 2-4:1 REMOTE
12:50:40 Setting invalid pitch 0.0000 for O Alpha 2-6:1 REMOTE
12:50:40 Setting invalid pitch 0.0000 for O Alpha 3-1:1 REMOTE
12:50:44 Setting invalid pitch 0.0000 for O Alpha 2-3:1 REMOTE
12:50:45 Setting invalid pitch 0.0000 for O Alpha 2-4:1 REMOTE
12:50:45 Setting invalid pitch 0.0000 for O Alpha 2-6:1 REMOTE
12:50:45 Setting invalid pitch 0.0000 for O Alpha 3-1:1 REMOTE
12:50:45 Setting invalid pitch 0.0000 for O Alpha 3-2:1 REMOTE
12:50:46 Setting invalid pitch 0.0000 for O Alpha 3-3:1 REMOTE
12:50:46 Setting invalid pitch 0.0000 for O Alpha 3-4:1 REMOTE
12:50:47 Ref to nonnetwork object 1bedda956c0# 1787304: c_poloshirtpants.p3d C_Man_casual_2_F
12:50:47 Server: Object 2:1519 not found (message Type_116)
12:50:47 Server: Object 2:1518 not found (message Type_112)
12:50:47 Setting invalid pitch 0.0000 for O Alpha 2-6:1 REMOTE
12:50:48 Warning Message: You cannot play/edit this mission; it is dependent on downloadable content that has been deleted.\nthird_uniforms_backpacks
12:50:48 Setting invalid pitch 0.0000 for O Alpha 3-1:1 REMOTE
12:50:48 Setting invalid pitch 0.0000 for O Alpha 2-4:1 REMOTE
12:50:48 Ref to nonnetwork object 1bedebea280# 1787354: c_poloshirt.p3d C_man_shorts_2_F
12:50:48 Server: Object 2:1534 not found (message Type_116)
12:50:48 Server: Object 2:1533 not found (message Type_112)
12:50:48 [KPLIB] [STATS] SPC D.Scott - FPS: 94.12 - Local groups: 2 - Local units: 3 - Active Scripts: [spawn: 34, execVM: 22, exec: 0, execFSM: 2]
12:50:50 Ref to nonnetwork object 1bed912d300# 1787416: c_poloshirt.p3d C_Man_Fisherman_01_F
12:50:50 No speaker given for 'Lafteris Lara'
12:50:50 Server: Object 2:1543 not found (message Type_116)
12:50:50 Server: Object 2:1542 not found (message Type_112)
12:50:50 Setting invalid pitch 0.0000 for O Alpha 2-3:1 REMOTE
12:50:50 Setting invalid pitch 0.0000 for O Alpha 2-4:1 REMOTE
12:50:50 Setting invalid pitch 0.0000 for O Alpha 2-6:1 REMOTE
12:50:52 Setting invalid pitch 0.0000 for O Alpha 2-3:1 REMOTE
12:50:53 Setting invalid pitch 0.0000 for O Alpha 2-4:1 REMOTE
12:50:53 Setting invalid pitch 0.0000 for O Alpha 2-6:1 REMOTE
12:50:54 Setting invalid pitch 0.0000 for O Alpha 3-1:1 REMOTE
12:50:54 Setting invalid pitch 0.0000 for O Alpha 3-2:1 REMOTE
12:50:54 Setting invalid pitch 0.0000 for O Alpha 3-3:1 REMOTE
12:50:54 Setting invalid pitch 0.0000 for O Alpha 3-4:1 REMOTE
12:50:55 Setting invalid pitch 0.0000 for O Alpha 2-4:1 REMOTE
12:50:56 Setting invalid pitch 0.0000 for O Alpha 2-3:1 REMOTE
12:50:57 Setting invalid pitch 0.0000 for O Alpha 2-6:1 REMOTE
12:50:57 Setting invalid pitch 0.0000 for O Alpha 3-4:1 REMOTE
12:50:57 Setting invalid pitch 0.0000 for O Alpha 3-5:1 REMOTE
12:50:58 Setting invalid pitch 0.0000 for O Alpha 2-4:1 REMOTE
12:50:58 Setting invalid pitch 0.0000 for O Alpha 3-1:1 REMOTE
12:50:58 Setting invalid pitch 0.0000 for O Alpha 3-2:1 REMOTE
12:50:59 Setting invalid pitch 0.0000 for O Alpha 2-6:1 REMOTE
12:50:59 Setting invalid pitch 0.0000 for O Alpha 3-3:1 REMOTE
12:51:02 Setting invalid pitch 0.0000 for O Alpha 2-3:1 REMOTE
12:51:03 Setting invalid pitch 0.0000 for O Alpha 3-3:1 REMOTE
12:51:03 Setting invalid pitch 0.0000 for O Alpha 3-3:1 REMOTE
12:51:04 Setting invalid pitch 0.0000 for O Alpha 2-4:1 REMOTE
12:51:05 Setting invalid pitch 0.0000 for O Alpha 2-3:1 REMOTE
12:51:05 Setting invalid pitch 0.0000 for O Alpha 2-6:1 REMOTE
12:51:06 Setting invalid pitch 0.0000 for O Alpha 3-1:1 REMOTE
12:51:09 Setting invalid pitch 0.0000 for O Alpha 2-3:1 REMOTE
12:51:09 Setting invalid pitch 0.0000 for O Alpha 2-4:1 REMOTE
12:51:10 Setting invalid pitch 0.0000 for O Alpha 2-6:1 REMOTE
12:51:12 Setting invalid pitch 0.0000 for O Alpha 2-3:1 REMOTE
12:51:12 Setting invalid pitch 0.0000 for O Alpha 2-4:1 REMOTE
12:51:13 Setting invalid pitch 0.0000 for O Alpha 2-6:1 REMOTE
12:51:13 Setting invalid pitch 0.0000 for O Alpha 3-1:1 REMOTE
12:51:15 Setting invalid pitch 0.0000 for O Alpha 2-3:1 REMOTE
12:51:15 O Alpha 2-2: Cycle as first waypoint has no sense (Cycle WP '' at [28423.458984, 25686.406250, -0.110390])
12:51:16 Setting invalid pitch 0.0000 for O Alpha 2-4:1 REMOTE
12:51:16 Setting invalid pitch 0.0000 for O Alpha 3-2:1 REMOTE
12:51:18 Setting invalid pitch 0.0000 for O Alpha 2-6:1 REMOTE
12:51:18 Setting invalid pitch 0.0000 for O Alpha 2-3:1 REMOTE
12:51:19 Setting invalid pitch 0.0000 for O Alpha 2-4:1 REMOTE
12:51:19 Setting invalid pitch 0.0000 for O Alpha 3-1:1 REMOTE
12:51:20 Setting invalid pitch 0.0000 for O Alpha 3-2:1 REMOTE
12:51:22 Setting invalid pitch 0.0000 for O Alpha 2-4:1 REMOTE
12:51:22 Setting invalid pitch 0.0000 for O Alpha 3-1:1 REMOTE
12:51:22 Setting invalid pitch 0.0000 for O Alpha 3-2:1 REMOTE
12:51:24 Setting invalid pitch 0.0000 for O Alpha 2-3:1 REMOTE
12:51:25 Setting invalid pitch 0.0000 for O Alpha 2-4:1 REMOTE
12:51:25 Setting invalid pitch 0.0000 for O Alpha 2-4:1 REMOTE
12:51:29 Setting invalid pitch 0.0000 for O Alpha 2-3:1 REMOTE
12:51:29 Setting invalid pitch 0.0000 for O Alpha 2-6:1 REMOTE
12:51:29 Setting invalid pitch 0.0000 for O Alpha 3-1:1 REMOTE
12:51:29 Setting invalid pitch 0.0000 for O Alpha 3-2:1 REMOTE
12:51:29 Setting invalid pitch 0.0000 for O Alpha 3-3:1 REMOTE
12:51:32 Setting invalid pitch 0.0000 for O Alpha 2-3:1 REMOTE
12:51:32 Setting invalid pitch 0.0000 for O Alpha 2-4:1 REMOTE
12:51:33 Setting invalid pitch 0.0000 for O Alpha 2-6:1 REMOTE
12:51:34 Setting invalid pitch 0.0000 for O Alpha 2-3:1 REMOTE
12:51:34 Setting invalid pitch 0.0000 for O Alpha 2-3:1 REMOTE
12:51:34 Setting invalid pitch 0.0000 for O Alpha 2-4:1 REMOTE
12:51:34 Setting invalid pitch 0.0000 for O Alpha 2-4:1 REMOTE
12:51:36 Setting invalid pitch 0.0000 for O Alpha 2-6:1 REMOTE
12:51:37 Setting invalid pitch 0.0000 for O Alpha 3-1:1 REMOTE
12:51:39 Setting invalid pitch 0.0000 for O Alpha 2-6:1 REMOTE
12:51:39 Setting invalid pitch 0.0000 for O Alpha 3-2:1 REMOTE
12:51:39 Setting invalid pitch 0.0000 for O Alpha 3-3:1 REMOTE
12:51:39 Setting invalid pitch 0.0000 for O Alpha 2-3:1 REMOTE
12:51:41 Setting invalid pitch 0.0000 for O Alpha 2-3:1 REMOTE
12:51:42 "TFAR_RadioRequestEvent [[""TFAR_anprc152""],B Alpha 2-3:3 (PFC S.Guss) REMOTE] 1986.26"
12:51:42 "Send TFAR_RadioRequestResponseEvent [22] 1986.26"
12:51:42 Setting invalid pitch 0.0000 for O Alpha 2-4:1 REMOTE
12:51:45 Setting invalid pitch 0.0000 for O Alpha 2-6:1 REMOTE
12:51:46 Setting invalid pitch 0.0000 for O Alpha 2-3:1 REMOTE
12:51:46 Setting invalid pitch 0.0000 for O Alpha 2-3:1 REMOTE
12:51:46 Setting invalid pitch 0.0000 for O Alpha 2-4:1 REMOTE
12:51:49 Setting invalid pitch 0.0000 for O Alpha 2-3:1 REMOTE
12:51:49 Warning Message: You cannot play/edit this mission; it is dependent on downloadable content that has been deleted.\nthird_weapons
12:51:49 Warning Message: You cannot play/edit this mission; it is dependent on downloadable content that has been deleted.\nthird_weapons
12:51:50 Setting invalid pitch 0.0000 for O Alpha 2-4:1 REMOTE
12:51:50 Setting invalid pitch 0.0000 for O Alpha 2-6:1 REMOTE
12:51:51 Setting invalid pitch 0.0000 for O Alpha 3-1:1 REMOTE
12:51:51 Setting invalid pitch 0.0000 for O Alpha 3-2:1 REMOTE
12:51:51 Setting invalid pitch 0.0000 for O Alpha 3-3:1 REMOTE
12:51:51 Setting invalid pitch 0.0000 for O Alpha 3-4:1 REMOTE
12:51:51 Setting invalid pitch 0.0000 for O Alpha 3-4:1 REMOTE
12:51:54 Ref to nonnetwork object 1bee10d8100# 1789983: <no shape> SuppressTarget
12:51:57 Setting invalid pitch 0.0000 for O Alpha 2-3:1 REMOTE
12:51:58 Setting invalid pitch 0.0000 for O Alpha 2-4:1 REMOTE
12:51:58 Setting invalid pitch 0.0000 for O Alpha 2-3:1 REMOTE
12:51:59 Setting invalid pitch 0.0000 for O Alpha 2-6:1 REMOTE
12:52:00 "TFAR_RadioRequestEvent [[""ItemRadio""],commandant] 2003.9"
12:52:00 "Send TFAR_RadioRequestResponseEvent [23] 2003.9"
12:52:02 Setting invalid pitch 0.0000 for O Alpha 2-3:1 REMOTE
12:52:02 Setting invalid pitch 0.0000 for O Alpha 2-4:1 REMOTE
12:52:02 Setting invalid pitch 0.0000 for O Alpha 3-1:1 REMOTE
12:52:03 Setting invalid pitch 0.0000 for O Alpha 3-2:1 REMOTE
12:52:03 Ref to nonnetwork object 1bee10d8100# 1789983: <no shape> SuppressTarget
12:52:05 Setting invalid pitch 0.0000 for O Alpha 2-4:1 REMOTE
12:52:06 Warning Message: You cannot play/edit this mission; it is dependent on downloadable content that has been deleted.\nthird_weapons
12:52:06 Warning Message: You cannot play/edit this mission; it is dependent on downloadable content that has been deleted.\nace_vector
12:52:06 Setting invalid pitch 0.0000 for O Alpha 2-3:1 REMOTE
12:52:06 Setting invalid pitch 0.0000 for O Alpha 2-3:1 REMOTE
12:52:06 Setting invalid pitch 0.0000 for O Alpha 2-6:1 REMOTE
12:52:09 Setting invalid pitch 0.0000 for O Alpha 2-6:1 REMOTE
12:52:09 Setting invalid pitch 0.0000 for O Alpha 3-1:1 REMOTE
12:52:10 Server: Object 13:199 not found (message Type_100)
12:52:10 Server: Object 13:200 not found (message Type_128)
12:52:10 Warning Message: You cannot play/edit this mission; it is dependent on downloadable content that has been deleted.\nthird_weapons
12:52:12 Setting invalid pitch 0.0000 for O Alpha 2-3:1 REMOTE
12:52:15 Setting invalid pitch 0.0000 for O Alpha 2-3:1 REMOTE
12:52:15 Setting invalid pitch 0.0000 for O Alpha 2-4:1 REMOTE
12:52:16 "TFAR_RadioRequestEvent [[""ItemRadio""],B Alpha 2-3:2 (SPC D.Scott) REMOTE] 2020.09"
12:52:16 "Send TFAR_RadioRequestResponseEvent [24] 2020.09"
12:52:18 Setting invalid pitch 0.0000 for O Alpha 2-6:1 REMOTE
12:52:18 Setting invalid pitch 0.0000 for O Alpha 3-1:1 REMOTE
12:52:20 Setting invalid pitch 0.0000 for O Alpha 3-2:1 REMOTE
12:52:20 "TFAR_RadioRequestEvent [[""ItemRadio""],B Alpha 2-3:5 (PFC J.White) REMOTE] 2024.32"
12:52:20 "Send TFAR_RadioRequestResponseEvent [2] 2024.32"
12:52:22 Setting invalid pitch 0.0000 for O Alpha 2-3:1 REMOTE
12:52:25 Warning Message: You cannot play/edit this mission; it is dependent on downloadable content that has been deleted.\nthird_weapons
12:52:25 Warning Message: You cannot play/edit this mission; it is dependent on downloadable content that has been deleted.\nthird_weapons
12:52:25 Setting invalid pitch 0.0000 for O Alpha 2-4:1 REMOTE
12:52:25 Setting invalid pitch 0.0000 for O Alpha 2-6:1 REMOTE
12:52:26 Setting invalid pitch 0.0000 for O Alpha 3-1:1 REMOTE
12:52:26 Setting invalid pitch 0.0000 for O Alpha 3-2:1 REMOTE
12:52:26 Setting invalid pitch 0.0000 for O Alpha 3-3:1 REMOTE
12:52:26 [KPLIB] [STATS] PFC S.Guss - FPS: 113.48 - Local groups: 1 - Local units: 2 - Active Scripts: [spawn: 9, execVM: 22, exec: 0, execFSM: 2]
12:52:28 Setting invalid pitch 0.0000 for O Alpha 2-3:1 REMOTE
12:52:30 Server: Object 11:195 not found (message Type_128)
12:52:30 Setting invalid pitch 0.0000 for O Alpha 2-4:1 REMOTE
12:52:30 Setting invalid pitch 0.0000 for O Alpha 2-4:1 REMOTE
12:52:31 Setting invalid pitch 0.0000 for O Alpha 2-4:1 REMOTE
12:52:31 Setting invalid pitch 0.0000 for O Alpha 3-1:1 REMOTE
12:52:31 Setting invalid pitch 0.0000 for O Alpha 3-2:1 REMOTE
12:52:31 Setting invalid pitch 0.0000 for O Alpha 3-3:1 REMOTE
12:52:33 Warning Message: You cannot play/edit this mission; it is dependent on downloadable content that has been deleted.\ntweed_uaf_21_cfg
12:52:33 Warning Message: You cannot play/edit this mission; it is dependent on downloadable content that has been deleted.\nthird_weapons
12:52:33 Warning Message: You cannot play/edit this mission; it is dependent on downloadable content that has been deleted.\nthird_weapons
12:52:34 Setting invalid pitch 0.0000 for O Alpha 2-3:1 REMOTE
12:52:35 "TFAR_RadioRequestEvent [[""ItemRadio""],B Alpha 2-3:4 (CPL H.Jäger) REMOTE] 2038.97"
12:52:35 "Send TFAR_RadioRequestResponseEvent [3] 2038.97"
12:52:36 [KPLIB] [STATS] Server - FPS: 45.58 - Local groups: 19 - Local units: 56 - Active Sectors: 2 - Active Scripts: [spawn: 37, execVM: 30, exec: 0, execFSM: 3]
12:52:37 "TFAR_RadioRequestEvent [[""TFAR_anprc152""],commandant] 2041.3"
12:52:37 "Send TFAR_RadioRequestResponseEvent [25] 2041.3"
12:52:40 Warning Message: You cannot play/edit this mission; it is dependent on downloadable content that has been deleted.\nthird_uniforms_backpacks
12:52:40 Warning Message: You cannot play/edit this mission; it is dependent on downloadable content that has been deleted.\nthird_weapons
12:52:40 Warning Message: You cannot play/edit this mission; it is dependent on downloadable content that has been deleted.\nthird_weapons
12:52:41 "TFAR_RadioRequestEvent [[""TFAR_anprc152""],B Alpha 2-3:5 (PFC J.White) REMOTE] 2045.64"
12:52:41 "Send TFAR_RadioRequestResponseEvent [26] 2045.64"
12:52:43 [KPLIB] [STATS] CPL H.Jäger - FPS: 94.12 - Local groups: 0 - Local units: 1 - Active Scripts: [spawn: 20, execVM: 25, exec: 0, execFSM: 2]
12:52:51 Warning Message: You cannot play/edit this mission; it is dependent on downloadable content that has been deleted.\nthird_weapons
12:52:51 Warning Message: You cannot play/edit this mission; it is dependent on downloadable content that has been deleted.\nthird_weapons
12:53:00 "TFAR_RadioRequestEvent [[""ItemRadio""],commandant] 2064.69"
12:53:00 "Send TFAR_RadioRequestResponseEvent [27] 2064.69"
12:53:05 Warning Message: You cannot play/edit this mission; it is dependent on downloadable content that has been deleted.\nthird_uniforms_backpacks
12:53:05 Warning Message: You cannot play/edit this mission; it is dependent on downloadable content that has been deleted.\nthird_weapons
12:53:05 Warning Message: You cannot play/edit this mission; it is dependent on downloadable content that has been deleted.\nace_vector
12:53:07 "TFAR_RadioRequestEvent [[""TFAR_anprc152""],B Alpha 2-3:2 (SPC D.Scott) REMOTE] 2071.44"
12:53:07 "Send TFAR_RadioRequestResponseEvent [28] 2071.44"
12:53:33 Setting invalid pitch 0.0000 for B Alpha 1-1:1 REMOTE
12:53:33 Setting invalid pitch 0.0000 for B Alpha 1-2:1 REMOTE
12:53:34 Setting invalid pitch 0.0000 for B Alpha 1-3:1 REMOTE
12:53:34 Setting invalid pitch 0.0000 for B Alpha 1-3:1 REMOTE
12:53:34 Setting invalid pitch 0.0000 for B Alpha 1-3:1 REMOTE
12:53:37 Setting invalid pitch 0.0000 for B Alpha 1-5:1 REMOTE
12:53:40 Client: Remote object 8:0 not found
12:53:40 "_641fb88761ae466a9e5954b4eff0ed26/BIS_fnc_log: HandleDisconnect : B Alpha 2-3:2"
12:53:40 File dialogs.hpp, line 56: '/3rd_dialog_Place/controls/3rd_close.action': Missing ';' prior '}'
12:53:40 File dialogs.hpp, line 198: '/3rd_dialog_Remove/controls/3rd_close.action': Missing ';' prior '}'
12:53:40 Unsupported language English in stringtable
12:53:40  ➥ Context: kp_liberation.Altis.pbo
12:53:40 mpmissions\kp_liberation.Altis: string @STR_MISSION_TITLE cannot be localized client-side - move to global stringtable
12:53:40 mpmissions\kp_liberation.Altis: string @STR_MISSION_DESCRIPTION cannot be localized client-side - move to global stringtable
12:53:41 File dialogs.hpp, line 56: '/3rd_dialog_Place/controls/3rd_close.action': Missing ';' prior '}'
12:53:41 File dialogs.hpp, line 198: '/3rd_dialog_Remove/controls/3rd_close.action': Missing ';' prior '}'
12:53:42 Server: Object 12:2536 not found (message Type_100)
12:53:42 Server: Object 12:2537 not found (message Type_128)
12:53:42 Server: Object 12:2539 not found (message Type_100)
12:53:42 Server: SetServerState to MISSION ABORTED
12:53:42 Warning: Cleanup player - person 8:183 not found
12:53:42 Client: Object 6:334 (type Type_135) not found.
12:53:42 Client: Object 9:144 (type Type_135) not found.
12:53:42 [KPLIB] [STATS] Pegging Officer - FPS: 144.14 - Local groups: 1 - Local units: 1 - Active Scripts: [spawn: 8, execVM: 22, exec: 0, execFSM: 2]
12:53:42 Creation of 12:2537 ignored, state GAME FINISHED
12:53:42 Creation of 12:2538 ignored, state GAME FINISHED
12:53:42 Creation of 12:2539 ignored, state GAME FINISHED
12:53:42 Error: Object(12 : 2539) not found
12:53:48 Server: SetServerState to SELECTING MISSION
12:53:51 Server: SetServerState to SELECTING MISSION
12:53:51 EPE manager release (403|768|0)
12:53:51 Number of actors in scene after release: 403
12:53:51 EPE manager release (0|403|0)
12:53:51 Unsupported language English in stringtable
12:53:51 mpmissions\kp_liberation.Altis: string @STR_MISSION_TITLE cannot be localized client-side - move to global stringtable
12:53:52 Unsupported language English in stringtable
12:53:52  ➥ Context: mpmissions\__cur_mp.Altis\stringtable.xml
12:53:52 @STR_MISSION_TITLE: string @STR_MISSION_TITLE cannot be localized client-side - move to global stringtable
12:53:52 CTI 34 KP Liberation Altis v0.96.7a: string @STR_MISSION_DESCRIPTION cannot be localized client-side - move to global stringtable
12:53:52 Mission kp_liberation.Altis: Number of roles (37) is different from 'description.ext::Header::maxPlayer' (34)
12:53:52 Server: SetServerState to ASSIGNING ROLES
12:57:19 Server: SetServerState to SENDING MISSION
12:57:19 Server: SetServerState to LOADING GAME
12:57:19 Starting mission:
12:57:19  Mission file: kp_liberation (__cur_mp)
12:57:19  Mission world: Altis
12:57:19  Mission directory: mpmissions\__cur_mp.Altis\
12:57:19 "_641fb88761ae466a9e5954b4eff0ed26/BIS_fnc_log: [BIS_fnc_preload] ----- Initializing scripts in kp_liberation -----"
12:57:19 "_641fb88761ae466a9e5954b4eff0ed26/BIS_fnc_log: [recompile] recompile BIS_fnc_missionTasksLocal"
12:57:19 "_641fb88761ae466a9e5954b4eff0ed26/BIS_fnc_log: [recompile] recompile BIS_fnc_missionConversationsLocal"
12:57:19 "_641fb88761ae466a9e5954b4eff0ed26/BIS_fnc_log: [recompile] recompile BIS_fnc_missionFlow"
12:57:19 "_641fb88761ae466a9e5954b4eff0ed26/BIS_fnc_log: [preInit] BIS_fnc_feedbackMain (0.976563 ms)"
12:57:19 "_641fb88761ae466a9e5954b4eff0ed26/BIS_fnc_log: [preInit] BIS_fnc_missionHandlers (0 ms)"
12:57:19 "_641fb88761ae466a9e5954b4eff0ed26/BIS_fnc_log: [preInit] BIS_fnc_storeParamsValues (0 ms)"
12:57:19 "_641fb88761ae466a9e5954b4eff0ed26/BIS_fnc_log: [preInit] ""DeltaTime computation started"""
12:57:19 "_641fb88761ae466a9e5954b4eff0ed26/BIS_fnc_log: [preInit] BIS_fnc_keyframeAnimation_deltaTime (0 ms)"
12:57:19 "_641fb88761ae466a9e5954b4eff0ed26/BIS_fnc_log: [preInit] BIS_fnc_getServerVariable (0 ms)"
12:57:19 "_641fb88761ae466a9e5954b4eff0ed26/BIS_fnc_log: [preInit] BIS_fnc_OM_HandleMapControls (0 ms)"
12:57:19 "_641fb88761ae466a9e5954b4eff0ed26/BIS_fnc_log: [BIS_fnc_OM_moduleSmartMarkers] Error: SmartMarker system has not been yet initialized."
12:57:19 "_641fb88761ae466a9e5954b4eff0ed26/BIS_fnc_log: [preInit] BIS_fnc_OM_moduleSmartMarkers (0 ms)"
12:57:19 [CBA] (xeh) INFO: [121770,2323.61,0] PreInit started. v3.18.4.250711
12:57:19 [CBA] (xeh) WARNING: One or more children of class CAManBase do not support Extended Event Handlers. Fall back to loop.
12:57:19 [CBA] (settings) INFO: Reading settings from settings file.
12:57:19 [CBA] (settings) INFO: Finished reading settings from settings file.
12:57:20 [ACE] (common) INFO: Parsed Settings Configs [1.0 ms]
12:57:20 Attempt to override final function - ace_medical_engine_fnc_updatedamageeffects
12:57:20 Attempt to override final function - ace_medical_status_fnc_addmedicationadjustment
12:57:20 Attempt to override final function - ace_medical_status_fnc_getbloodpressure
12:57:20 Attempt to override final function - ace_medical_status_fnc_hasstablevitals
12:57:20 Attempt to override final function - ace_medical_vitals_fnc_handleunitvitals
12:57:20 Attempt to override final function - ace_medical_vitals_fnc_updateheartrate
12:57:20 Attempt to override final function - ace_dogtags_fnc_cancheckdogtag
12:57:20 Attempt to override final function - ace_dogtags_fnc_getdogtagdata
12:57:20 Attempt to override final function - ace_dragging_fnc_carryobject
12:57:20 Attempt to override final function - ace_dragging_fnc_handleunconscious
12:57:20 Attempt to override final function - ace_medical_fnc_setunconscious
12:57:20 Attempt to override final function - ace_medical_statemachine_fnc_conditionexecutiondeath
12:57:20 Attempt to override final function - ace_medical_statemachine_fnc_conditionsecondchance
12:57:20 Attempt to override final function - ace_medical_treatment_fnc_cprsuccess
12:57:20 Attempt to override final function - ace_medical_treatment_fnc_cprlocal
12:57:20 Attempt to override final function - ace_medical_treatment_fnc_medicationlocal
12:57:20 Attempt to override final function - ace_medical_treatment_fnc_tourniquetremove
12:57:20 Attempt to override final function - ace_medical_treatment_fnc_treatment
12:57:20 Attempt to override final function - ace_medical_treatment_fnc_treatmentsuccess
12:57:20 Attempt to override final function - ace_medical_treatment_fnc_useitem
12:57:20 Attempt to override final function - ace_medical_gui_fnc_menupfh
12:57:20 Attempt to override final function - ace_medical_gui_fnc_onmenuclose
12:57:20 Attempt to override final function - ace_medical_gui_fnc_onmenuopen
12:57:20 Attempt to override final function - ace_medical_gui_fnc_updatebodyimage
12:57:20 Attempt to override final function - ace_medical_gui_fnc_updatecategories
12:57:20 Attempt to override final function - ace_medical_gui_fnc_updateinjurylist
12:57:20 [CBA] (xeh) INFO: [121770,2324.12,0] PreInit finished.
12:57:20 "_641fb88761ae466a9e5954b4eff0ed26/BIS_fnc_log: [preInit] CBA_fnc_preInit (504.15 ms)"
12:57:20 "_641fb88761ae466a9e5954b4eff0ed26/BIS_fnc_log: [preInit] KPPLM_fnc_preInit (0 ms)"
12:57:22 [KPLIB] [MOD] ACE detected. Deactivating resupply script from Liberation.
12:57:22 [KPLIB] [PARAM] ----- Server starts parameter initialization
12:57:22 [KPLIB] [PARAM] Save/Load is set to SAVE
12:57:22 [KPLIB] [PARAM] --- Mission Options ---
12:57:22 [KPLIB] [PARAM] Unitcap: 2
12:57:22 [KPLIB] [PARAM] Difficulty: 1
12:57:22 [KPLIB] [PARAM] Aggressivity: 2
12:57:22 [KPLIB] [PARAM] AdaptToPlayercount: true
12:57:22 [KPLIB] [PARAM] Civilians: 2
12:57:22 [KPLIB] [PARAM] FirstFob: false
12:57:22 [KPLIB] [PARAM] FirstFobVehicle: false
12:57:23 d:\Bis\Source\Profile\Futura\lib\Network\networkServer.cpp NetworkServer::OnClientStateChanged:NOT IMPLEMENTED - briefing!
12:57:23 Server: SetServerState to BRIEFING
12:57:23 [KPLIB] [PARAM] MaximumFobs: 10
12:57:23 [KPLIB] [PARAM] MaxSquadSize: 12
12:57:23 [KPLIB] [PARAM] BluforDefenders: true
12:57:23 [KPLIB] [PARAM] Autodanger: true
12:57:23 [KPLIB] [PARAM] DayDuration: 4
12:57:23 [KPLIB] [PARAM] ShorterNights: false
12:57:23 Attempt to override final function - bis_fnc_storeparamsvalues_data
12:57:23 [KPLIB] [PARAM] Weather: 3
12:57:23 [KPLIB] [PARAM] VanillaFog: true
12:57:23 [KPLIB] [PARAM] ResourcesMultiplier: 3
12:57:23 [KPLIB] [PARAM] ArsenalType: true
12:57:23 [KPLIB] [PARAM] DirectArsenal: true
12:57:23 [KPLIB] [PARAM] PlayerMenu: true
12:57:23 [KPLIB] [PARAM] VictoryCondition: 1
12:57:23 [KPLIB] [PARAM] ACE Medical detected. Deactivating BI Revive System.
12:57:23 [KPLIB] [PARAM] --- Gameplay Options ---
12:57:23 [KPLIB] [PARAM] Fatigue: false
12:57:23 [KPLIB] [PARAM] WeaponSway: false
12:57:23 [KPLIB] [PARAM] ArsenalUsePreset: false
12:57:23 [KPLIB] [PARAM] MapMarkers: true
12:57:23 [KPLIB] [PARAM] MobileRespawn: true
12:57:23 [KPLIB] [PARAM] RespawnCooldown: 600
12:57:23 [KPLIB] [PARAM] MobileArsenal: true
12:57:23 [KPLIB] [PARAM] AttackedSectorRespawn: false
12:57:23 [KPLIB] [PARAM] AiLogistics: true
12:57:23 [KPLIB] [PARAM] CR_Building: false
12:57:23 [KPLIB] [PARAM] HaloJump: 1
12:57:23 [KPLIB] [PARAM] ClearCargo: true
12:57:23 [KPLIB] [PARAM] AllowEnemiesInImmobile: 50
12:57:23 [KPLIB] [PARAM] DelayDespawnMax: 5
12:57:23 [KPLIB] [PARAM] LimitedZeus: false
12:57:23 [KPLIB] [PARAM] CommanderZeus: true
12:57:23 [KPLIB] [PARAM] ZeusAddEnemies: false
12:57:23 [KPLIB] [PARAM] HighCommand: true
12:57:23 [KPLIB] [PARAM] SuppMod: 1
12:57:23 [KPLIB] [PARAM] Tutorial: true
12:57:23 [KPLIB] [PARAM] --- Technical Options ---
12:57:23 [KPLIB] [PARAM] Permissions: true
12:57:23 [KPLIB] [PARAM] CleanupVehicles: 2
12:57:23 [KPLIB] [PARAM] Introduction: true
12:57:23 [KPLIB] [PARAM] DeploymentCinematic: true
12:57:23 [KPLIB] [PARAM] Whitelist: false
12:57:23 [KPLIB] [PARAM] ServerRestart: 0
12:57:23 [KPLIB] [PARAM] ----- Server finished parameter initialization - Time needed: 0.451904 seconds
12:57:23 [KPLIB] [PRESETS] ----- Server starts preset initialization -----
12:57:23 [KPLIB] [PRESETS] Not found vehicles listed below are not an issue in general. It just sorts out vehicles from not loaded mods.
12:57:23 [KPLIB] [PRESETS] Only if you e.g. use a CUP preset and you get messages about missing CUP classes, then check your loaded mods.
12:57:23 [KPLIB] [PRESETS] BWA3_Eagle_Fleck not found in CfgVehicles
12:57:23 [KPLIB] [PRESETS] BWA3_Eagle_FLW100_Fleck not found in CfgVehicles
12:57:23 [KPLIB] [PRESETS] BWA3_Puma_Fleck not found in CfgVehicles
12:57:23 [KPLIB] [PRESETS] CUP_B_Challenger2_NATO not found in CfgVehicles
12:57:23 [KPLIB] [PRESETS] BWA3_Leopard2_Fleck not found in CfgVehicles
12:57:23 [KPLIB] [PRESETS] BWA3_Tiger_RMK_Universal not found in CfgVehicles
12:57:23 [KPLIB] [PRESETS] USAF_C130J not found in CfgVehicles
12:57:23 [KPLIB] [PRESETS] USAF_C130J_Cargo not found in CfgVehicles
12:57:23 [KPLIB] [PRESETS] USAF_C17 not found in CfgVehicles
12:57:23 [KPLIB] [PRESETS] usaf_kc135 not found in CfgVehicles
12:57:23 [KPLIB] [PRESETS] USAF_RQ4A not found in CfgVehicles
12:57:23 [KPLIB] [PRESETS] USAF_MQ9 not found in CfgVehicles
12:57:23 [KPLIB] [PRESETS] USAF_A10 not found in CfgVehicles
12:57:23 [KPLIB] [PRESETS] FIR_F15C not found in CfgVehicles
12:57:23 [KPLIB] [PRESETS] FIR_F15D not found in CfgVehicles
12:57:23 [KPLIB] [PRESETS] FIR_F15E not found in CfgVehicles
12:57:23 [KPLIB] [PRESETS] JS_JC_FA18E not found in CfgVehicles
12:57:23 [KPLIB] [PRESETS] JS_JC_FA18F not found in CfgVehicles
12:57:23 [KPLIB] [PRESETS] USAF_F22 not found in CfgVehicles
12:57:23 [KPLIB] [PRESETS] USAF_F22_EWP_AA not found in CfgVehicles
12:57:23 [KPLIB] [PRESETS] USAF_F22_EWP_AG not found in CfgVehicles
12:57:23 [KPLIB] [PRESETS] USAF_F22_Heavy not found in CfgVehicles
12:57:23 [KPLIB] [PRESETS] USAF_F35A_STEALTH not found in CfgVehicles
12:57:23 [KPLIB] [PRESETS] USAF_F35A not found in CfgVehicles
12:57:23 [KPLIB] [PRESETS] BWA3_Flag_Ger_F not found in CfgVehicles
12:57:23 [KPLIB] [PRESETS] USAF_missileCart_W_AGM114 not found in CfgVehicles
12:57:23 [KPLIB] [PRESETS] USAF_missileCart_AGMMix not found in CfgVehicles
12:57:23 [KPLIB] [PRESETS] USAF_missileCart_AGM1 not found in CfgVehicles
12:57:23 [KPLIB] [PRESETS] USAF_missileCart_AGM2 not found in CfgVehicles
12:57:23 [KPLIB] [PRESETS] USAF_missileCart_AGM3 not found in CfgVehicles
12:57:23 [KPLIB] [PRESETS] USAF_missileCart_AA1 not found in CfgVehicles
12:57:23 [KPLIB] [PRESETS] USAF_missileCart_AA2 not found in CfgVehicles
12:57:23 [KPLIB] [PRESETS] USAF_missileCart_GBU12_green not found in CfgVehicles
12:57:23 [KPLIB] [PRESETS] USAF_missileCart_GBU12_maritime not found in CfgVehicles
12:57:23 [KPLIB] [PRESETS] USAF_missileCart_GBU12 not found in CfgVehicles
12:57:23 [KPLIB] [PRESETS] USAF_missileCart_Gbu31 not found in CfgVehicles
12:57:23 [KPLIB] [PRESETS] USAF_missileCart_GBU39 not found in CfgVehicles
12:57:23 [KPLIB] [PRESETS] USAF_missileCart_Mk82 not found in CfgVehicles
12:57:23 [KPLIB] [PRESETS] CUP_B_TowingTractor_NATO not found in CfgVehicles
12:57:23 [KPLIB] [PRESETS] BWA3_Leopard2_Fleck not found in CfgVehicles
12:57:23 [KPLIB] [PRESETS] BWA3_Tiger_RMK_Universal not found in CfgVehicles
12:57:23 [KPLIB] [PRESETS] USAF_MQ9 not found in CfgVehicles
12:57:23 [KPLIB] [PRESETS] USAF_A10 not found in CfgVehicles
12:57:23 [KPLIB] [PRESETS] USAF_F22 not found in CfgVehicles
12:57:23 [KPLIB] [PRESETS] USAF_F22_EWP_AA not found in CfgVehicles
12:57:23 [KPLIB] [PRESETS] USAF_F22_EWP_AG not found in CfgVehicles
12:57:23 [KPLIB] [PRESETS] USAF_F22_Heavy not found in CfgVehicles
12:57:23 [KPLIB] [PRESETS] USAF_F35A_STEALTH not found in CfgVehicles
12:57:23 [KPLIB] [PRESETS] USAF_F35A not found in CfgVehicles
12:57:23 [KPLIB] [PRESETS] FIR_F15C not found in CfgVehicles
12:57:23 [KPLIB] [PRESETS] FIR_F15D not found in CfgVehicles
12:57:23 [KPLIB] [PRESETS] FIR_F15E not found in CfgVehicles
12:57:23 [KPLIB] [PRESETS] JS_JC_FA18E not found in CfgVehicles
12:57:23 [KPLIB] [PRESETS] JS_JC_FA18F not found in CfgVehicles
12:57:23 [KPLIB] [PRESETS] BW_AW101_Trans_Heer_F not found in CfgVehicles
12:57:23 [KPLIB] [PRESETS] BW_LKW7T_Trans_F not found in CfgVehicles
12:57:23 [KPLIB] [PRESETS] CUP_B_C130J_Cargo_USMC not found in CfgVehicles
12:57:23 [KPLIB] [PRESETS] CUP_B_CH47F_GB not found in CfgVehicles
12:57:23 [KPLIB] [PRESETS] CUP_B_CH47F_USA not found in CfgVehicles
12:57:23 [KPLIB] [PRESETS] CUP_B_CH53E_USMC not found in CfgVehicles
12:57:23 [KPLIB] [PRESETS] CUP_B_Kamaz_CDF not found in CfgVehicles
12:57:23 [KPLIB] [PRESETS] CUP_B_Kamaz_Open_CDF not found in CfgVehicles
12:57:23 [KPLIB] [PRESETS] CUP_B_Mi17_CDF not found in CfgVehicles
12:57:23 [KPLIB] [PRESETS] CUP_B_Mi171Sh_ACR not found in CfgVehicles
12:57:23 [KPLIB] [PRESETS] CUP_B_Mi171Sh_Unarmed_ACR not found in CfgVehicles
12:57:23 [KPLIB] [PRESETS] CUP_B_MI6A_CDF not found in CfgVehicles
12:57:23 [KPLIB] [PRESETS] CUP_B_MTVR_USA not found in CfgVehicles
12:57:23 [KPLIB] [PRESETS] CUP_B_MTVR_USMC not found in CfgVehicles
12:57:23 [KPLIB] [PRESETS] CUP_B_MV22_USMC_RAMPGUN not found in CfgVehicles
12:57:23 [KPLIB] [PRESETS] CUP_B_MV22_USMC not found in CfgVehicles
12:57:23 [KPLIB] [PRESETS] CUP_B_MV22_VIV_USMC not found in CfgVehicles
12:57:23 [KPLIB] [PRESETS] CUP_B_T810_Armed_CZ_DES not found in CfgVehicles
12:57:23 [KPLIB] [PRESETS] CUP_B_T810_Armed_CZ_WDL not found in CfgVehicles
12:57:23 [KPLIB] [PRESETS] CUP_B_T810_Unarmed_CZ_DES not found in CfgVehicles
12:57:23 [KPLIB] [PRESETS] CUP_B_T810_Unarmed_CZ_WDL not found in CfgVehicles
12:57:23 [KPLIB] [PRESETS] CUP_B_Ural_CDF not found in CfgVehicles
12:57:23 [KPLIB] [PRESETS] CUP_B_Ural_Open_CDF not found in CfgVehicles
12:57:23 [KPLIB] [PRESETS] CUP_B_Wolfhound_GMG_GB_D not found in CfgVehicles
12:57:23 [KPLIB] [PRESETS] CUP_B_Wolfhound_GMG_GB_W not found in CfgVehicles
12:57:23 [KPLIB] [PRESETS] CUP_B_Wolfhound_HMG_GB_D not found in CfgVehicles
12:57:23 [KPLIB] [PRESETS] CUP_B_Wolfhound_HMG_GB_W not found in CfgVehicles
12:57:23 [KPLIB] [PRESETS] CUP_B_Wolfhound_LMG_GB_D not found in CfgVehicles
12:57:23 [KPLIB] [PRESETS] CUP_B_Wolfhound_LMG_GB_W not found in CfgVehicles
12:57:23 [KPLIB] [PRESETS] CUP_C_Ural_Civ_01 not found in CfgVehicles
12:57:23 [KPLIB] [PRESETS] CUP_C_Ural_Civ_03 not found in CfgVehicles
12:57:23 [KPLIB] [PRESETS] CUP_C_Ural_Open_Civ_03 not found in CfgVehicles
12:57:23 [KPLIB] [PRESETS] CUP_O_Kamaz_Open_RU not found in CfgVehicles
12:57:23 [KPLIB] [PRESETS] CUP_O_Kamaz_RU not found in CfgVehicles
12:57:23 [KPLIB] [PRESETS] CUP_O_Ural_CHDKZ not found in CfgVehicles
12:57:23 [KPLIB] [PRESETS] CUP_O_Ural_Open_CHDKZ not found in CfgVehicles
12:57:23 [KPLIB] [PRESETS] CUP_O_Ural_Open_SLA not found in CfgVehicles
12:57:23 [KPLIB] [PRESETS] CUP_O_Ural_Open_TKA not found in CfgVehicles
12:57:23 [KPLIB] [PRESETS] CUP_O_Ural_SLA not found in CfgVehicles
12:57:23 [KPLIB] [PRESETS] CUP_O_Ural_TKA not found in CfgVehicles
12:57:23 [KPLIB] [PRESETS] CUP_O_Mi8_SLA_1 not found in CfgVehicles
12:57:23 [KPLIB] [PRESETS] CUP_O_MI6A_CHDKZ not found in CfgVehicles
12:57:23 [KPLIB] [PRESETS] CUP_O_MI6A_TKA not found in CfgVehicles
12:57:23 [KPLIB] [PRESETS] CUP_O_C130J_Cargo_TKA not found in CfgVehicles
12:57:23 [KPLIB] [PRESETS] gm_gc_army_ural4320_cargo_win not found in CfgVehicles
12:57:23 [KPLIB] [PRESETS] gm_gc_army_ural4320_cargo not found in CfgVehicles
12:57:23 [KPLIB] [PRESETS] gm_gc_bgs_ural4320_cargo not found in CfgVehicles
12:57:23 [KPLIB] [PRESETS] gm_ge_army_kat1_451_container_win not found in CfgVehicles
12:57:23 [KPLIB] [PRESETS] gm_ge_army_kat1_451_container not found in CfgVehicles
12:57:23 [KPLIB] [PRESETS] gm_ge_army_kat1_454_cargo_win not found in CfgVehicles
12:57:23 [KPLIB] [PRESETS] gm_ge_army_kat1_454_cargo not found in CfgVehicles
12:57:23 [KPLIB] [PRESETS] gm_ge_army_u1300l_container_win not found in CfgVehicles
12:57:23 [KPLIB] [PRESETS] gm_ge_army_u1300l_container not found in CfgVehicles
12:57:23 [KPLIB] [PRESETS] greuh_eh101_gr not found in CfgVehicles
12:57:23 [KPLIB] [PRESETS] sfp_tgb30 not found in CfgVehicles
12:57:23 [KPLIB] [PRESETS] sfp_tgb40 not found in CfgVehicles
12:57:23 [KPLIB] [PRESETS] UK3CB_BAF_Merlin_HC3_18_DPMT not found in CfgVehicles
12:57:23 [KPLIB] [PRESETS] UK3CB_BAF_Merlin_HC3_32_MTP not found in CfgVehicles
12:57:23 [KPLIB] [PRESETS] UK3CB_BAF_Merlin_HC3_CSAR_MTP not found in CfgVehicles
12:57:23 [KPLIB] [PRESETS] UK3CB_BAF_Merlin_HC4_18_Arctic not found in CfgVehicles
12:57:23 [KPLIB] [PRESETS] UK3CB_BAF_Merlin_HC4_18_GPMG_Arctic not found in CfgVehicles
12:57:23 [KPLIB] [PRESETS] UK3CB_BAF_Merlin_HC4_32_Arctic not found in CfgVehicles
12:57:23 [KPLIB] [PRESETS] UK3CB_BAF_Merlin_HC4_CSAR_Arctic not found in CfgVehicles
12:57:23 [KPLIB] [PRESETS] USAF_C17 not found in CfgVehicles
12:57:23 [KPLIB] [PRESETS] USAF_C130J not found in CfgVehicles
12:57:23 [KPLIB] [PRESETS] USAF_C130J_Cargo not found in CfgVehicles
12:57:23 [KPLIB] [PRESETS] uns_M35A2_Open not found in CfgVehicles
12:57:23 [KPLIB] [PRESETS] uns_M35A2 not found in CfgVehicles
12:57:23 [KPLIB] [PRESETS] uns_m37b1 not found in CfgVehicles
12:57:23 [KPLIB] [PRESETS] uns_nvatruck_mg not found in CfgVehicles
12:57:23 [KPLIB] [PRESETS] uns_nvatruck_open not found in CfgVehicles
12:57:23 [KPLIB] [PRESETS] uns_nvatruck not found in CfgVehicles
12:57:23 [KPLIB] [PRESETS] BW_LKW15T_Ammo_F not found in CfgVehicles
12:57:23 [KPLIB] [PRESETS] CUP_B_Kamaz_Reammo_CDF not found in CfgVehicles
12:57:23 [KPLIB] [PRESETS] CUP_B_MTVR_Ammo_USA not found in CfgVehicles
12:57:23 [KPLIB] [PRESETS] CUP_B_MTVR_Ammo_USMC not found in CfgVehicles
12:57:23 [KPLIB] [PRESETS] CUP_B_T810_Reammo_CZ_DES not found in CfgVehicles
12:57:23 [KPLIB] [PRESETS] CUP_B_T810_Reammo_CZ_WDL not found in CfgVehicles
12:57:23 [KPLIB] [PRESETS] CUP_O_Kamaz_Reammo_RU not found in CfgVehicles
12:57:23 [KPLIB] [PRESETS] CUP_O_Ural_Reammo_CHDKZ not found in CfgVehicles
12:57:23 [KPLIB] [PRESETS] CUP_O_Ural_Reammo_SLA not found in CfgVehicles
12:57:23 [KPLIB] [PRESETS] CUP_O_Ural_Reammo_TKA not found in CfgVehicles
12:57:23 [KPLIB] [PRESETS] CUP_O_V3S_Rearm_TKA not found in CfgVehicles
12:57:23 [KPLIB] [PRESETS] gm_gc_army_ural4320_reammo_win not found in CfgVehicles
12:57:23 [KPLIB] [PRESETS] gm_gc_army_ural4320_reammo not found in CfgVehicles
12:57:23 [KPLIB] [PRESETS] gm_ge_army_kat1_451_reammo_win not found in CfgVehicles
12:57:23 [KPLIB] [PRESETS] gm_ge_army_kat1_451_reammo not found in CfgVehicles
12:57:23 [KPLIB] [PRESETS] sfp_tgb40_ammo not found in CfgVehicles
12:57:23 [KPLIB] [PRESETS] uns_M113_ENG not found in CfgVehicles
12:57:23 [KPLIB] [PRESETS] uns_M35A2_ammo not found in CfgVehicles
12:57:23 [KPLIB] [PRESETS] uns_motorpool1_repair not found in CfgVehicles
12:57:23 [KPLIB] [PRESETS] ----- Preset initialization finished. Time needed: 0.00805664 seconds -----
12:57:23 [KPLIB] [SUPPORTMODULES] Creating modules
12:57:23 [KPLIB] [MISSIONSTART] ------------------------------------
12:57:23 [KPLIB] [MISSIONSTART] Name: CTI 34 KP Liberation Altis v0.96.7a
12:57:23 [KPLIB] [MISSIONSTART] World: Altis
12:57:23 [KPLIB] [MISSIONSTART] Version: v0.96.7a
12:57:23 [KPLIB] [MISSIONSTART] Author: by [GREUH] Zbug & McKeewa, KP Liberation Dev Team
12:57:23 [KPLIB] [MISSIONSTART] Blufor: 0
12:57:23 [KPLIB] [MISSIONSTART] Opfor: 0
12:57:23 [KPLIB] [MISSIONSTART] Resistance: 0
12:57:23 [KPLIB] [MISSIONSTART] Civilians: 0
12:57:23 [KPLIB] [MISSIONSTART] Arsenal: 0
12:57:23 [KPLIB] [MISSIONSTART] CBA: true
12:57:23 [KPLIB] [MISSIONSTART] ACE: true
12:57:23 [KPLIB] [MISSIONSTART] KP Ranks: false
12:57:23 [KPLIB] [MISSIONSTART] ------------------------------------
12:57:23 [KPLIB] [SAVE] ----- Loading save data
12:57:23 [KPLIB] [SAVE] No save wipe
12:57:23 [KPLIB] [SAVE] Save data from version: 0.96.7a
12:57:23 [KPLIB] [SAVE] Saved buildings and vehicles placed
12:57:23 [KPLIB] [SAVE] Saved mines placed
12:57:23 [KPLIB] [SAVE] Saved FOB storages placed and filled
12:57:23 [KPLIB] [SAVE] Saved sector storages placed and filled
12:57:23 [KPLIB] [SAVE] Saved AI units placed
12:57:23 [KPLIB] [SAVE] Saved crates placed
12:57:23 [KPLIB] [SAVE] ----- Saved data loaded - Time needed: 0.0109863 seconds
12:57:23 [KPLIB] [PRODUCTION] Production management started
12:57:23 Weather was forced to change
12:57:23 [KPLIB] [WEATHER] Set initial weather to: 0.95 - Param Value: 3 - Time: 2327.38
12:57:23 [KPLIB] [WEATHER] Set next weather transition to: 0.75 - Time: 2327.38
12:57:23 [KPLIB] [SECTORMONITOR] Sector Monitor started
12:57:23 [KPLIB] [SUPPORTMODULES] Init provider on server
12:57:23 [KPLIB] [LOGISTIC] Logistic management started
12:57:23 "_641fb88761ae466a9e5954b4eff0ed26/BIS_fnc_log: [module] zen_modules_fnc_bi_moduleCurator (163.086 ms)"
12:57:23 [KPLIB] [CIVREP] init_buildings.sqf initialising...
12:57:23 [KPLIB] [CIVREP] init_buildings.sqf finished. Time needed: 0.0270996 seconds
12:57:23 "_641fb88761ae466a9e5954b4eff0ed26/BIS_fnc_log: [SUPPORTS] Warning: No units synced with provider module L Charlie 2-5:2"
12:57:23 "_641fb88761ae466a9e5954b4eff0ed26/BIS_fnc_log: [module] BIS_fnc_moduleCuratorSetAttributes (21.9727 ms)"
12:57:23 "_641fb88761ae466a9e5954b4eff0ed26/BIS_fnc_log: [module] BIS_fnc_moduleCuratorSetAttributes (22.9492 ms)"
12:57:23 "_641fb88761ae466a9e5954b4eff0ed26/BIS_fnc_log: [module] BIS_fnc_moduleCuratorSetAttributes (22.9492 ms)"
12:57:23 "_641fb88761ae466a9e5954b4eff0ed26/BIS_fnc_log: [postInit] BIS_fnc_missionFlow (0 ms)"
12:57:23 "_641fb88761ae466a9e5954b4eff0ed26/BIS_fnc_log: [postInit] BIS_fnc_initParams (1.95313 ms)"
12:57:23 "_641fb88761ae466a9e5954b4eff0ed26/BIS_fnc_log: [postInit] BIS_fnc_initRespawn (0 ms)"
12:57:23 "_641fb88761ae466a9e5954b4eff0ed26/BIS_fnc_log: [postInit] BIS_fnc_keyframeAnimation_init (9.0332 ms)"
12:57:23 "Advanced Sling Loading Loading..."
12:57:23 "Advanced Sling Loading Loaded"
12:57:23 "_641fb88761ae466a9e5954b4eff0ed26/BIS_fnc_log: [postInit] SA_fnc_advancedSlingLoadingInit (0 ms)"
12:57:23 "_641fb88761ae466a9e5954b4eff0ed26/BIS_fnc_log: [postInit] CUP_fnc_emissiveLights (0 ms)"
12:57:23 [CBA] (xeh) INFO: [121786,2327.59,0] PostInit started. MISSIONINIT: missionName=kp_liberation, missionVersion=54, worldName=Altis, isMultiplayer=true, isServer=true, isDedicated=true, CBA_isHeadlessClient=false, hasInterface=false, didJIP=false
12:57:23 [CBA] (versioning) INFO: [121786,2327.72,0] VERSIONING:cba=3.18.4.250711, zen=1.15.1.36, ace=3.20.0.104, tfar=1.-1.0.334, ctab=2.3.0.0, kat=3.1.2, zeus_additions=1.6.10.0
12:57:24 [ACE] (common) INFO: ACE is version 3.20.0.104 - CBA is version 3.18.4.250711 (min required 3.18.2)
12:57:24 [ZEUS_ADDITIONS] (main) INFO: PostInit: didJIP: false - Functions sent: false
12:57:24 [ACE] (markinglaser) INFO: Class B_Heli_Light_01_F does not have a pilot camera nor a turret that could be equipped with an IR marking laser.
12:57:24 [ACE] (markinglaser) INFO: Class B_Heli_Transport_03_unarmed_F does not have a pilot camera nor a turret that could be equipped with an IR marking laser.
12:57:24 [CBA] (xeh) INFO: [121786,2328.01,0] PostInit finished.
12:57:24 [ZEUS_ADDITIONS] (main) INFO: Init: Net mode: DedicatedServer - ZEUS_ADDITIONS loaded: true - clientOwner 2
12:57:24 [ACE] (common) INFO: Settings initialized.
12:57:24 [ACE] (common) INFO: 3 delayed functions running.
12:57:24 "_641fb88761ae466a9e5954b4eff0ed26/BIS_fnc_log: [postInit] CBA_fnc_postInit (596.191 ms)"
12:57:24 "_641fb88761ae466a9e5954b4eff0ed26/BIS_fnc_log: [postInit] KPLIB_fnc_initCuratorHandlers (0 ms)"
12:57:24 "_641fb88761ae466a9e5954b4eff0ed26/BIS_fnc_log: [BIS_fnc_preload] ----- Scripts initialized at 4839.11 ms -----"
12:57:30 Server: SetServerState to PLAYING
12:57:30  Mission id: 13dd8b4bb9fd24f30f74ff871b53b7047b6ad031
12:57:31 [ACE] (markinglaser) INFO: Class B_Heli_Light_01_F does not have a pilot camera nor a turret that could be equipped with an IR marking laser.
12:57:31 [KPLIB] [STATS] Server - FPS: 45.45 - Local groups: 10 - Local units: 3 - Active Sectors: 0 - Active Scripts: [spawn: 17, execVM: 31, exec: 0, execFSM: 2]
12:57:31 [ACE] (markinglaser) INFO: Class B_Heli_Light_01_F does not have a pilot camera nor a turret that could be equipped with an IR marking laser.
12:57:32 [KPLIB] [STATS] OCS D.Lotus - FPS: 77.67 - Local groups: 1 - Local units: 1 - Active Scripts: [spawn: 24, execVM: 25, exec: 0, execFSM: 2]
12:57:35 [KPLIB] [HIGHCOMMAND] High Command started
12:57:36 "TFAR_RadioRequestEvent [[""ItemRadio""],commandant] 2340.29"
12:57:36 "Send TFAR_RadioRequestResponseEvent [1] 2340.29"
12:57:36 "TFAR_RadioRequestEvent [[""ItemRadio""],commandant] 2340.29"
12:57:36 "Send TFAR_RadioRequestResponseEvent [2] 2340.29"
12:57:36 "_641fb88761ae466a9e5954b4eff0ed26/BIS_fnc_log: [module] zen_modules_fnc_bi_moduleCurator (147.949 ms)"
12:57:48 [KPLIB] [STATS] SPC D.Scott - FPS: 163.27 - Local groups: 1 - Local units: 1 - Active Scripts: [spawn: 14, execVM: 25, exec: 0, execFSM: 2]
12:57:52 "TFAR_RadioRequestEvent [[""ItemRadio""],B Alpha 2-4:1 (SPC D.Scott) REMOTE] 2356.79"
12:57:52 "Send TFAR_RadioRequestResponseEvent [3] 2356.79"
12:57:52 "TFAR_RadioRequestEvent [[""ItemRadio""],B Alpha 2-4:1 (SPC D.Scott) REMOTE] 2356.79"
12:57:52 "Send TFAR_RadioRequestResponseEvent [4] 2356.79"
12:58:04 Setting invalid pitch 0.0000 for B Alpha 2-6:1 REMOTE
12:58:04 Setting invalid pitch 0.0000 for B Alpha 3-1:1 REMOTE
12:58:04 [KPLIB] [TUTORIAL] FSM started on: OCS D.Lotus
12:58:06 [KPLIB] [STATS] PFC S.Guss - FPS: 4.04 - Local groups: 1 - Local units: 1 - Active Scripts: [spawn: 12, execVM: 24, exec: 0, execFSM: 2]
12:58:07 [KPLIB] [TUTORIAL] FSM on OCS D.Lotus aborted due to declining the tutorial
12:58:08 "TFAR_RadioRequestEvent [[""ItemRadio""],B Alpha 2-5:1 (PFC S.Guss) REMOTE] 2372.26"
12:58:08 "Send TFAR_RadioRequestResponseEvent [5] 2372.26"
12:58:08 "TFAR_RadioRequestEvent [[""ItemRadio""],B Alpha 2-5:1 (PFC S.Guss) REMOTE] 2372.26"
12:58:08 "Send TFAR_RadioRequestResponseEvent [6] 2372.26"
12:58:11 Warning Message: You cannot play/edit this mission; it is dependent on downloadable content that has been deleted.\ntweed_uaf_21_cfg
12:58:11 Warning Message: You cannot play/edit this mission; it is dependent on downloadable content that has been deleted.\nthird_weapons
12:58:11 Warning Message: You cannot play/edit this mission; it is dependent on downloadable content that has been deleted.\nthird_weapons
12:58:14 "TFAR_RadioRequestEvent [[""TFAR_anprc152""],commandant] 2378.21"
12:58:14 "Send TFAR_RadioRequestResponseEvent [7] 2378.21"
12:58:21 Warning Message: You cannot play/edit this mission; it is dependent on downloadable content that has been deleted.\nthird_uniforms_backpacks
12:58:21 Warning Message: You cannot play/edit this mission; it is dependent on downloadable content that has been deleted.\nthird_weapons
12:58:21 Warning Message: You cannot play/edit this mission; it is dependent on downloadable content that has been deleted.\nace_vector
12:58:25 "TFAR_RadioRequestEvent [[""TFAR_anprc152""],B Alpha 2-4:1 (SPC D.Scott) REMOTE] 2388.81"
12:58:25 "Send TFAR_RadioRequestResponseEvent [8] 2388.81"
12:58:27 Setting invalid pitch 0.0000 for B Alpha 3-1:1 REMOTE
12:58:27 Setting invalid pitch 0.0000 for B Alpha 3-1:1 REMOTE
12:58:31 [KPLIB] [STATS] CPL H.Jäger - FPS: 63.24 - Local groups: 1 - Local units: 1 - Active Scripts: [spawn: 24, execVM: 26, exec: 0, execFSM: 2]
12:58:35 "TFAR_RadioRequestEvent [[""ItemRadio""],B Alpha 2-6:1 (CPL H.Jäger) REMOTE] 2399.55"
12:58:35 "Send TFAR_RadioRequestResponseEvent [9] 2399.55"
12:58:35 "TFAR_RadioRequestEvent [[""ItemRadio""],B Alpha 2-6:1 (CPL H.Jäger) REMOTE] 2399.55"
12:58:35 "Send TFAR_RadioRequestResponseEvent [10] 2399.55"
12:58:36 [KPLIB] [STATS] Pegging Officer - FPS: 5.13 - Local groups: 1 - Local units: 1 - Active Scripts: [spawn: 14, execVM: 24, exec: 0, execFSM: 2]
12:58:38 "TFAR_RadioRequestEvent [[""ItemRadio""],B Alpha 3-1:1 (Pegging Officer) REMOTE] 2402.26"
12:58:38 "Send TFAR_RadioRequestResponseEvent [11] 2402.26"
12:58:38 "TFAR_RadioRequestEvent [[""ItemRadio""],B Alpha 3-1:1 (Pegging Officer) REMOTE] 2402.3"
12:58:38 "Send TFAR_RadioRequestResponseEvent [12] 2402.3"
12:58:46 [KPLIB] [STATS] PFC J.White - FPS: 11.14 - Local groups: 1 - Local units: 1 - Active Scripts: [spawn: 22, execVM: 24, exec: 0, execFSM: 2]
12:58:49 "TFAR_RadioRequestEvent [[""ItemRadio""],B Alpha 3-2:1 (PFC J.White) REMOTE] 2413.71"
12:58:49 "Send TFAR_RadioRequestResponseEvent [13] 2413.71"
12:58:49 "TFAR_RadioRequestEvent [[""ItemRadio""],B Alpha 3-2:1 (PFC J.White) REMOTE] 2413.71"
12:58:49 "Send TFAR_RadioRequestResponseEvent [14] 2413.71"
12:58:57 Warning Message: You cannot play/edit this mission; it is dependent on downloadable content that has been deleted.\nthird_uniforms_backpacks
12:58:57 Warning Message: You cannot play/edit this mission; it is dependent on downloadable content that has been deleted.\nthird_weapons
12:59:00 "TFAR_RadioRequestEvent [[""TFAR_anprc152""],B Alpha 2-5:1 (PFC S.Guss) REMOTE] 2424.28"
12:59:00 "Send TFAR_RadioRequestResponseEvent [15] 2424.28"
12:59:16 Warning Message: You cannot play/edit this mission; it is dependent on downloadable content that has been deleted.\nthird_uniforms_backpacks
12:59:16 Warning Message: You cannot play/edit this mission; it is dependent on downloadable content that has been deleted.\nthird_weapons
12:59:16 Warning Message: You cannot play/edit this mission; it is dependent on downloadable content that has been deleted.\nthird_weapons
12:59:18 Warning Message: You cannot play/edit this mission; it is dependent on downloadable content that has been deleted.\nthird_uniforms_backpacks
12:59:18 Warning Message: You cannot play/edit this mission; it is dependent on downloadable content that has been deleted.\nace_disposable
12:59:19 "TFAR_RadioRequestEvent [[""TFAR_anprc152""],B Alpha 2-6:1 (CPL H.Jäger) REMOTE] 2443.55"
12:59:19 "Send TFAR_RadioRequestResponseEvent [16] 2443.55"
12:59:22 "TFAR_RadioRequestEvent [[""TFAR_anprc152""],B Alpha 3-1:1 (Pegging Officer) REMOTE] 2446.19"
12:59:22 "Send TFAR_RadioRequestResponseEvent [17] 2446.19"
12:59:31 [KPLIB] [STATS] Server - FPS: 45.45 - Local groups: 10 - Local units: 3 - Active Sectors: 0 - Active Scripts: [spawn: 18, execVM: 30, exec: 0, execFSM: 3]
12:59:46 [KPLIB] [STATS] CPL M.Marsh - FPS: 166.67 - Local groups: 1 - Local units: 1 - Active Scripts: [spawn: 14, execVM: 24, exec: 0, execFSM: 2]
12:59:47 Warning Message: You cannot play/edit this mission; it is dependent on downloadable content that has been deleted.\nthird_uniforms_backpacks
12:59:47 Warning Message: You cannot play/edit this mission; it is dependent on downloadable content that has been deleted.\nthird_weapons
12:59:50 "TFAR_RadioRequestEvent [[""ItemRadio""],B Alpha 3-3:1 (CPL M.Marsh) REMOTE] 2474.44"
12:59:50 "Send TFAR_RadioRequestResponseEvent [18] 2474.44"
12:59:50 "TFAR_RadioRequestEvent [[""ItemRadio""],B Alpha 3-3:1 (CPL M.Marsh) REMOTE] 2474.44"
12:59:50 "Send TFAR_RadioRequestResponseEvent [19] 2474.44"
12:59:50 Warning Message: You cannot play/edit this mission; it is dependent on downloadable content that has been deleted.\nthird_weapons
12:59:51 "TFAR_RadioRequestEvent [[""TFAR_anprc152""],B Alpha 3-2:1 (PFC J.White) REMOTE] 2475.72"
12:59:51 "Send TFAR_RadioRequestResponseEvent [20] 2475.72"
12:59:53 Warning Message: You cannot play/edit this mission; it is dependent on downloadable content that has been deleted.\nace_disposable
12:59:54 Warning Message: You cannot play/edit this mission; it is dependent on downloadable content that has been deleted.\nace_disposable
12:59:55 Warning Message: You cannot play/edit this mission; it is dependent on downloadable content that has been deleted.\nace_disposable
12:59:55 Warning Message: You cannot play/edit this mission; it is dependent on downloadable content that has been deleted.\nace_disposable
12:59:59 Warning Message: You cannot play/edit this mission; it is dependent on downloadable content that has been deleted.\nace_disposable
13:00:02 Warning Message: You cannot play/edit this mission; it is dependent on downloadable content that has been deleted.\nace_disposable
13:00:38 Setting invalid pitch 0.0000 for B Alpha 3-4:1 REMOTE
13:00:38 Setting invalid pitch 0.0000 for B Alpha 3-4:1 REMOTE
13:00:38 Setting invalid pitch 0.0000 for B Alpha 3-4:1 REMOTE
13:00:38 Setting invalid pitch 0.0000 for B Alpha 3-5:1 REMOTE
13:00:38 Setting invalid pitch 0.0000 for B Alpha 3-6:1 REMOTE
13:00:38 Setting invalid pitch 0.0000 for B Alpha 3-6:1 REMOTE
13:01:08 Warning Message: You cannot play/edit this mission; it is dependent on downloadable content that has been deleted.\nthird_weapons
13:01:10 "TFAR_RadioRequestEvent [[""TFAR_anprc152""],B Alpha 3-3:1 (CPL M.Marsh) REMOTE] 2554.46"
13:01:10 "Send TFAR_RadioRequestResponseEvent [21] 2554.46"
13:01:11 Warning Message: You cannot play/edit this mission; it is dependent on downloadable content that has been deleted.\nthird_weapons
13:01:31 [KPLIB] [STATS] Server - FPS: 45.45 - Local groups: 10 - Local units: 3 - Active Sectors: 0 - Active Scripts: [spawn: 18, execVM: 30, exec: 0, execFSM: 3]
13:01:45 Setting invalid pitch 0.0000 for B Alpha 2-6:1 REMOTE
13:01:46 Setting invalid pitch 0.0000 for B Alpha 3-4:1 REMOTE
13:01:48 Setting invalid pitch 0.0000 for B Alpha 3-5:1 REMOTE
13:01:48 Setting invalid pitch 0.0000 for B Alpha 3-5:1 REMOTE
13:01:48 Setting invalid pitch 0.0000 for B Alpha 3-5:1 REMOTE
13:01:48 Setting invalid pitch 0.0000 for B Alpha 3-6:1 REMOTE
13:01:48 Setting invalid pitch 0.0000 for B Alpha 3-6:1 REMOTE
13:01:49 Setting invalid pitch 0.0000 for B Alpha 4-1:1 REMOTE
13:02:29 [KPLIB] [SECTORMONITOR] Active sectors: None
13:02:32 [KPLIB] [STATS] OCS D.Lotus - FPS: 98.77 - Local groups: 1 - Local units: 1 - Active Scripts: [spawn: 17, execVM: 22, exec: 0, execFSM: 4]
13:02:49 [KPLIB] [STATS] SPC D.Scott - FPS: 120.3 - Local groups: 1 - Local units: 1 - Active Scripts: [spawn: 7, execVM: 22, exec: 0, execFSM: 2]
13:02:50 Setting invalid pitch 0.0000 for B Alpha 2-3:1 REMOTE
13:02:50 Setting invalid pitch 0.0000 for B Alpha 2-3:1 REMOTE
13:02:50 Setting invalid pitch 0.0000 for B Alpha 2-3:1 REMOTE
13:02:50 Setting invalid pitch 0.0000 for B Alpha 2-6:1 REMOTE
13:02:50 Setting invalid pitch 0.0000 for B Alpha 2-6:1 REMOTE
13:02:53 Warning Message: You cannot play/edit this mission; it is dependent on downloadable content that has been deleted.\nthird_weapons
13:03:08 [ACE] (medical_status) WARNING: setDead executed on unit with damage blocked - [BIS_SUPP_HQ_EAST,"#scripted"]
13:03:08 [KPLIB] [STATS] PFC S.Guss - FPS: 107.38 - Local groups: 1 - Local units: 1 - Active Scripts: [spawn: 6, execVM: 22, exec: 0, execFSM: 2]
13:03:31 [KPLIB] [STATS] CPL H.Jäger - FPS: 75.47 - Local groups: 0 - Local units: 1 - Active Scripts: [spawn: 19, execVM: 24, exec: 0, execFSM: 2]
13:03:31 [KPLIB] [STATS] Server - FPS: 45.33 - Local groups: 10 - Local units: 2 - Active Sectors: 0 - Active Scripts: [spawn: 18, execVM: 30, exec: 0, execFSM: 3]
13:03:35 [KPLIB] [STATS] Pegging Officer - FPS: 145.45 - Local groups: 1 - Local units: 1 - Active Scripts: [spawn: 6, execVM: 22, exec: 0, execFSM: 2]
13:03:40 Setting invalid pitch 0.0000 for B Alpha 2-3:1 REMOTE
13:03:40 Setting invalid pitch 0.0000 for B Alpha 2-6:1 REMOTE
13:03:40 Setting invalid pitch 0.0000 for B Alpha 3-4:1 REMOTE
13:03:40 Setting invalid pitch 0.0000 for B Alpha 3-4:1 REMOTE
13:03:40 Setting invalid pitch 0.0000 for B Alpha 3-2:1 REMOTE
13:03:40 Setting invalid pitch 0.0000 for B Alpha 3-5:1 REMOTE
13:03:40 Setting invalid pitch 0.0000 for B Alpha 3-2:1 REMOTE
13:03:45 [KPLIB] [STATS] PFC J.White - FPS: 128 - Local groups: 0 - Local units: 1 - Active Scripts: [spawn: 20, execVM: 25, exec: 0, execFSM: 2]
13:03:56 [ACE] (medical_status) WARNING: setDead executed on unit with damage blocked - [BIS_SUPP_HQ_GUER,"#scripted"]
13:03:56 [ACE] (medical_status) WARNING: setDead executed on unit with damage blocked - [BIS_SUPP_HQ_WEST,"#scripted"]
13:03:56 Setting invalid pitch 0.0000 for B Alpha 2-3:1 REMOTE
13:03:56 Setting invalid pitch 0.0000 for B Alpha 2-3:1 REMOTE
13:03:56 Setting invalid pitch 0.0000 for B Alpha 2-3:1 REMOTE
13:03:57 Setting invalid pitch 0.0000 for B Alpha 2-6:1 REMOTE
13:03:57 Setting invalid pitch 0.0000 for B Alpha 3-1:1 REMOTE
13:03:57 Setting invalid pitch 0.0000 for B Alpha 3-1:1 REMOTE
13:03:57 Setting invalid pitch 0.0000 for B Alpha 3-1:1 REMOTE
13:04:32 Warning Message: You cannot play/edit this mission; it is dependent on downloadable content that has been deleted.\nthird_weapons
13:04:32 Warning Message: You cannot play/edit this mission; it is dependent on downloadable content that has been deleted.\nthird_weapons
13:04:33 Warning Message: You cannot play/edit this mission; it is dependent on downloadable content that has been deleted.\nthird_weapons
13:04:42 Setting invalid pitch 0.0000 for B Alpha 2-3:1 REMOTE
13:04:42 Setting invalid pitch 0.0000 for B Alpha 2-3:1 REMOTE
13:04:42 Setting invalid pitch 0.0000 for B Alpha 2-3:1 REMOTE
13:04:42 Setting invalid pitch 0.0000 for B Alpha 2-3:1 REMOTE
13:04:42 Setting invalid pitch 0.0000 for B Alpha 2-5:1 REMOTE
13:04:42 Setting invalid pitch 0.0000 for B Alpha 2-5:1 REMOTE
13:04:42 Setting invalid pitch 0.0000 for B Alpha 2-5:1 REMOTE
13:04:46 [KPLIB] [STATS] CPL M.Marsh - FPS: 173.91 - Local groups: 2 - Local units: 1 - Active Scripts: [spawn: 11, execVM: 22, exec: 0, execFSM: 2]
13:05:31 [KPLIB] [STATS] Server - FPS: 45.45 - Local groups: 10 - Local units: 0 - Active Sectors: 0 - Active Scripts: [spawn: 18, execVM: 30, exec: 0, execFSM: 3]
13:06:30 Ref to nonnetwork object 1becd0ea840# 1780444: c_poloshirt.p3d C_man_polo_6_F
13:06:30 Server: Object 2:2298 not found (message Type_116)
13:06:30 Server: Object 2:2297 not found (message Type_112)
13:06:30 C_Truck_02_transport_F: rear_hide - unknown animation source rear_hide
13:06:41 Ref to nonnetwork object 1becd93c840# 1780811: c_poor.p3d C_man_p_beggar_F
13:06:41 Server: Object 2:2309 not found (message Type_116)
13:06:41 Server: Object 2:2308 not found (message Type_112)
13:06:50 Warning Message: You cannot play/edit this mission; it is dependent on downloadable content that has been deleted.\nace_parachute
13:06:51 Warning Message: You cannot play/edit this mission; it is dependent on downloadable content that has been deleted.\nace_parachute
13:06:52 Warning Message: You cannot play/edit this mission; it is dependent on downloadable content that has been deleted.\nace_parachute
13:06:53 Ref to nonnetwork object 1becfef8f00# 1781115: c_poloshirt.p3d C_man_1
13:06:53 Server: Object 2:2326 not found (message Type_116)
13:06:53 Server: Object 2:2325 not found (message Type_112)
13:06:53 [KPLIB] [SECTORSPAWN] Sector Strigla Outpost (military_8) activated - Managed on: Server
13:06:53 [KPLIB] [SECTORSPAWN] Sector Strigla Outpost (military_8) - Waiting to spawn sector...
13:06:54 Warning Message: You cannot play/edit this mission; it is dependent on downloadable content that has been deleted.\nace_parachute
13:06:54 Warning Message: You cannot play/edit this mission; it is dependent on downloadable content that has been deleted.\nace_parachute
13:06:55 Warning Message: You cannot play/edit this mission; it is dependent on downloadable content that has been deleted.\nace_parachute
13:06:57 Warning Message: You cannot play/edit this mission; it is dependent on downloadable content that has been deleted.\nace_parachute
13:06:59 [KPLIB] [SECTORSPAWN] Sector Strigla Outpost (military_8) - Waiting done - Time needed: 5.67188 seconds
13:06:59 [KPLIB] [SECTORSPAWN] Sector Radio Tower 276249 (tower_10) activated - Managed on: Server
13:06:59 [KPLIB] [SECTORSPAWN] Sector Radio Tower 276249 (tower_10) - Waiting to spawn sector...
13:07:00 soldier[O_Soldier_LAT_F]:Some of magazines weren't stored in soldier Vest or Uniform?
13:07:00 soldier[O_Soldier_LAT_F]:Some of magazines weren't stored in soldier Vest or Uniform?
13:07:00 Ref to nonnetwork object 1bed83d0980# 1781463: o_soldier_01.p3d O_Soldier_LAT_F
13:07:00 Server: Object 2:2381 not found (message Type_116)
13:07:00 Server: Object 2:2380 not found (message Type_112)
13:07:00 soldier[O_Soldier_LAT_F]:Some of magazines weren't stored in soldier Vest or Uniform?
13:07:00 soldier[O_Soldier_LAT_F]:Some of magazines weren't stored in soldier Vest or Uniform?
13:07:00 Ref to nonnetwork object 1becffc8b40# 1781467: o_soldier_01.p3d O_Soldier_LAT_F
13:07:00 Server: Object 2:2388 not found (message Type_116)
13:07:00 Server: Object 2:2387 not found (message Type_112)
13:07:00 Ref to nonnetwork object 1bedd114d00# 1781471: o_soldier_01.p3d O_medic_F
13:07:00 Server: Object 2:2395 not found (message Type_116)
13:07:00 Server: Object 2:2394 not found (message Type_112)
13:07:00 Ref to nonnetwork object 1bff13bce80# 1781475: o_soldier_01.p3d O_Soldier_SL_F
13:07:00 Server: Object 2:2402 not found (message Type_116)
13:07:00 Server: Object 2:2401 not found (message Type_112)
13:07:00 Ref to nonnetwork object 1bec7fe9040# 1781478: o_soldier_01.p3d O_medic_F
13:07:00 Server: Object 2:2408 not found (message Type_116)
13:07:00 Server: Object 2:2407 not found (message Type_112)
13:07:01 soldier[O_Soldier_GL_F]:Some of magazines weren't stored in soldier Vest or Uniform?
13:07:01 Ref to nonnetwork object 1bec7f6d2c0# 1781482: o_soldier_01.p3d O_Soldier_GL_F
13:07:01 Server: Object 2:2415 not found (message Type_116)
13:07:01 Server: Object 2:2414 not found (message Type_112)
13:07:01 Ref to nonnetwork object 1becb92d640# 1781485: o_soldier_01.p3d O_Soldier_SL_F
13:07:01 Server: Object 2:2421 not found (message Type_116)
13:07:01 Server: Object 2:2420 not found (message Type_112)
13:07:01 Ref to nonnetwork object 1becb9c1800# 1781488: o_soldier_01.p3d O_Soldier_SL_F
13:07:01 Server: Object 2:2427 not found (message Type_116)
13:07:01 Server: Object 2:2426 not found (message Type_112)
13:07:01 Ref to nonnetwork object 1becd38d9c0# 1781491: o_soldier_01.p3d O_Soldier_SL_F
13:07:01 Server: Object 2:2433 not found (message Type_116)
13:07:01 Server: Object 2:2432 not found (message Type_112)
13:07:01 soldier[O_Soldier_GL_F]:Some of magazines weren't stored in soldier Vest or Uniform?
13:07:01 Ref to nonnetwork object 1becd39c1c0# 1781494: o_soldier_01.p3d O_Soldier_GL_F
13:07:01 Server: Object 2:2439 not found (message Type_116)
13:07:01 Server: Object 2:2438 not found (message Type_112)
13:07:01 Ref to nonnetwork object 1beda4403c0# 1781497: o_soldier_01.p3d O_soldier_M_F
13:07:01 Server: Object 2:2447 not found (message Type_116)
13:07:01 Server: Object 2:2446 not found (message Type_112)
13:07:01 Ref to nonnetwork object 1becb99c580# 1781500: o_soldier_01.p3d O_medic_F
13:07:01 Server: Object 2:2453 not found (message Type_116)
13:07:01 Server: Object 2:2452 not found (message Type_112)
13:07:01 Ref to nonnetwork object 1becd92a780# 1781504: o_soldier_01.p3d O_medic_F
13:07:01 Server: Object 2:2460 not found (message Type_116)
13:07:01 Server: Object 2:2459 not found (message Type_112)
13:07:01 Ref to nonnetwork object 1bec80a4900# 1781508: o_soldier_01.p3d O_medic_F
13:07:01 Server: Object 2:2467 not found (message Type_116)
13:07:01 Server: Object 2:2466 not found (message Type_112)
13:07:01 soldier[O_HeavyGunner_F]:Some of magazines weren't stored in soldier Vest or Uniform?
13:07:01 Ref to nonnetwork object 1bedba84a80# 1781512: o_soldier_01.p3d O_HeavyGunner_F
13:07:01 Server: Object 2:2474 not found (message Type_116)
13:07:01 Server: Object 2:2473 not found (message Type_112)
13:07:01 Ref to nonnetwork object 1bece020d80# 1781515: o_soldier_01.p3d O_Soldier_SL_F
13:07:01 Server: Object 2:2482 not found (message Type_116)
13:07:01 Server: Object 2:2481 not found (message Type_112)
13:07:01 Ref to nonnetwork object 1beddb80f40# 1781518: o_soldier_01.p3d O_medic_F
13:07:01 Server: Object 2:2488 not found (message Type_116)
13:07:01 Server: Object 2:2487 not found (message Type_112)
13:07:01 soldier[O_Soldier_AR_F]:Some of magazines weren't stored in soldier Vest or Uniform?
13:07:01 Ref to nonnetwork object 1bec82a9200# 1781522: o_soldier_01.p3d O_Soldier_AR_F
13:07:01 Server: Object 2:2495 not found (message Type_116)
13:07:01 Server: Object 2:2494 not found (message Type_112)
13:07:01 soldier[O_HeavyGunner_F]:Some of magazines weren't stored in soldier Vest or Uniform?
13:07:01 Ref to nonnetwork object 1becb945380# 1781525: o_soldier_01.p3d O_HeavyGunner_F
13:07:01 Server: Object 2:2501 not found (message Type_116)
13:07:01 Server: Object 2:2500 not found (message Type_112)
13:07:01 Ref to nonnetwork object 1bee0ff5540# 1781528: o_soldier_01.p3d O_medic_F
13:07:01 Server: Object 2:2507 not found (message Type_116)
13:07:01 Server: Object 2:2506 not found (message Type_112)
13:07:01 Ref to nonnetwork object 1bedeccd7c0# 1781532: o_soldier_01.p3d O_soldier_M_F
13:07:01 Server: Object 2:2514 not found (message Type_116)
13:07:01 Server: Object 2:2513 not found (message Type_112)
13:07:01 soldier[O_Soldier_GL_F]:Some of magazines weren't stored in soldier Vest or Uniform?
13:07:01 Ref to nonnetwork object 1bedbb39980# 1781535: o_soldier_01.p3d O_Soldier_GL_F
13:07:01 Server: Object 2:2520 not found (message Type_116)
13:07:01 Server: Object 2:2519 not found (message Type_112)
13:07:01 Ref to nonnetwork object 1bedc35c1c0# 1781538: o_soldier_01.p3d O_Soldier_SL_F
13:07:01 Server: Object 2:2528 not found (message Type_116)
13:07:01 Server: Object 2:2527 not found (message Type_112)
13:07:01 Ref to nonnetwork object 1bedb75c380# 1781541: o_soldier_01.p3d O_medic_F
13:07:01 Server: Object 2:2534 not found (message Type_116)
13:07:01 Server: Object 2:2533 not found (message Type_112)
13:07:01 soldier[O_Soldier_AR_F]:Some of magazines weren't stored in soldier Vest or Uniform?
13:07:01 Ref to nonnetwork object 1bee2c54500# 1781545: o_soldier_01.p3d O_Soldier_AR_F
13:07:01 Server: Object 2:2541 not found (message Type_116)
13:07:01 Server: Object 2:2540 not found (message Type_112)
13:07:01 soldier[O_HeavyGunner_F]:Some of magazines weren't stored in soldier Vest or Uniform?
13:07:01 Ref to nonnetwork object 1bedb888880# 1781548: o_soldier_01.p3d O_HeavyGunner_F
13:07:01 Server: Object 2:2547 not found (message Type_116)
13:07:01 Server: Object 2:2546 not found (message Type_112)
13:07:01 Ref to nonnetwork object 1bec7b80a40# 1781551: o_soldier_01.p3d O_medic_F
13:07:01 Server: Object 2:2553 not found (message Type_116)
13:07:01 Server: Object 2:2552 not found (message Type_112)
13:07:01 Ref to nonnetwork object 1bedba60cc0# 1781555: o_soldier_01.p3d O_soldier_M_F
13:07:01 Server: Object 2:2560 not found (message Type_116)
13:07:01 Server: Object 2:2559 not found (message Type_112)
13:07:01 soldier[O_Soldier_GL_F]:Some of magazines weren't stored in soldier Vest or Uniform?
13:07:01 Ref to nonnetwork object 1bec7ad4e80# 1781558: o_soldier_01.p3d O_Soldier_GL_F
13:07:01 Server: Object 2:2566 not found (message Type_116)
13:07:01 Server: Object 2:2565 not found (message Type_112)
13:07:01 Ref to nonnetwork object 1bedcfc5080# 1781561: o_soldier_01.p3d O_Soldier_SL_F
13:07:01 Server: Object 2:2574 not found (message Type_116)
13:07:01 Server: Object 2:2573 not found (message Type_112)
13:07:01 Ref to nonnetwork object 1bedc461240# 1781564: o_soldier_01.p3d O_medic_F
13:07:01 Server: Object 2:2580 not found (message Type_116)
13:07:01 Server: Object 2:2579 not found (message Type_112)
13:07:01 soldier[O_Soldier_AR_F]:Some of magazines weren't stored in soldier Vest or Uniform?
13:07:01 Ref to nonnetwork object 1bedc3c55c0# 1781568: o_soldier_01.p3d O_Soldier_AR_F
13:07:01 Server: Object 2:2587 not found (message Type_116)
13:07:01 Server: Object 2:2586 not found (message Type_112)
13:07:01 soldier[O_HeavyGunner_F]:Some of magazines weren't stored in soldier Vest or Uniform?
13:07:01 Ref to nonnetwork object 1bedc48d840# 1781571: o_soldier_01.p3d O_HeavyGunner_F
13:07:01 Server: Object 2:2593 not found (message Type_116)
13:07:01 Server: Object 2:2592 not found (message Type_112)
13:07:01 Ref to nonnetwork object 1bedb6bc140# 1781574: o_soldier_01.p3d O_medic_F
13:07:01 Server: Object 2:2599 not found (message Type_116)
13:07:01 Server: Object 2:2598 not found (message Type_112)
13:07:01 Ref to nonnetwork object 1bedb7803c0# 1781578: o_soldier_01.p3d O_soldier_M_F
13:07:01 Server: Object 2:2606 not found (message Type_116)
13:07:01 Server: Object 2:2605 not found (message Type_112)
13:07:01 soldier[O_Soldier_GL_F]:Some of magazines weren't stored in soldier Vest or Uniform?
13:07:01 Ref to nonnetwork object 1bedfcd4680# 1781581: o_soldier_01.p3d O_Soldier_GL_F
13:07:01 Server: Object 2:2612 not found (message Type_116)
13:07:01 Server: Object 2:2611 not found (message Type_112)
13:07:09 Warning Message: You cannot play/edit this mission; it is dependent on downloadable content that has been deleted.\nthird_uniforms_backpacks
13:07:10 [KPLIB] [SECTORSPAWN] Sector Radio Tower 276249 (tower_10) - Waiting done - Time needed: 10.7651 seconds
13:07:10 Ref to nonnetwork object 1bec7fc0900# 1781906: o_soldier_01.p3d O_Soldier_SL_F
13:07:10 Server: Object 2:2678 not found (message Type_116)
13:07:10 Server: Object 2:2677 not found (message Type_112)
13:07:10 Ref to nonnetwork object 1bed76b8b40# 1781909: o_soldier_01.p3d O_medic_F
13:07:10 Server: Object 2:2684 not found (message Type_116)
13:07:10 Server: Object 2:2683 not found (message Type_112)
13:07:11 soldier[O_Soldier_AR_F]:Some of magazines weren't stored in soldier Vest or Uniform?
13:07:11 Ref to nonnetwork object 1bff9720e80# 1781913: o_soldier_01.p3d O_Soldier_AR_F
13:07:11 Server: Object 2:2691 not found (message Type_116)
13:07:11 Server: Object 2:2690 not found (message Type_112)
13:07:11 soldier[O_HeavyGunner_F]:Some of magazines weren't stored in soldier Vest or Uniform?
13:07:11 Ref to nonnetwork object 1bff9d65280# 1781916: o_soldier_01.p3d O_HeavyGunner_F
13:07:11 Server: Object 2:2697 not found (message Type_116)
13:07:11 Server: Object 2:2696 not found (message Type_112)
13:07:11 Ref to nonnetwork object 1bed9235480# 1781919: o_soldier_01.p3d O_medic_F
13:07:11 Server: Object 2:2703 not found (message Type_116)
13:07:11 Server: Object 2:2702 not found (message Type_112)
13:07:11 Ref to nonnetwork object 1bff94e9700# 1781923: o_soldier_01.p3d O_soldier_M_F
13:07:11 Server: Object 2:2710 not found (message Type_116)
13:07:11 Server: Object 2:2709 not found (message Type_112)
13:07:11 soldier[O_Soldier_GL_F]:Some of magazines weren't stored in soldier Vest or Uniform?
13:07:11 Ref to nonnetwork object 1bedbc91980# 1781926: o_soldier_01.p3d O_Soldier_GL_F
13:07:11 Server: Object 2:2716 not found (message Type_116)
13:07:11 Server: Object 2:2715 not found (message Type_112)
13:07:11 Ref to nonnetwork object 1bfa62f0ec0# 1781930: c_journalist.p3d C_Journalist_01_War_F
13:07:11 No speaker given for 'Vangelis Melidoni'
13:07:11 Server: Object 2:2722 not found (message Type_116)
13:07:11 Server: Object 2:2721 not found (message Type_112)
13:07:13 Warning Message: You cannot play/edit this mission; it is dependent on downloadable content that has been deleted.\nthird_uniforms_backpacks
13:07:18 O Alpha 2-1: Cycle as first waypoint has no sense (Cycle WP '' at [28323.281250, 25664.531250, 17.174864])
13:07:18 Warning Message: You cannot play/edit this mission; it is dependent on downloadable content that has been deleted.\nthird_uniforms_backpacks
13:07:18 O Alpha 2-3: Cycle as first waypoint has no sense (Cycle WP '' at [28338.281250, 25777.968750, 14.520005])
13:07:19 Setting invalid pitch 0.0000 for O Alpha 2-6:1 REMOTE
13:07:19 Setting invalid pitch 0.0000 for O Alpha 2-6:1 REMOTE
13:07:19 Setting invalid pitch 0.0000 for O Alpha 2-6:1 REMOTE
13:07:19 Setting invalid pitch 0.0000 for O Alpha 3-1:1 REMOTE
13:07:19 Setting invalid pitch 0.0000 for O Alpha 3-1:1 REMOTE
13:07:19 Setting invalid pitch 0.0000 for O Alpha 3-3:1 REMOTE
13:07:20 Setting invalid pitch 0.0000 for O Alpha 3-4:1 REMOTE
13:07:20 Warning Message: You cannot play/edit this mission; it is dependent on downloadable content that has been deleted.\ntweed_uaf_21_cfg
13:07:22 Warning Message: You cannot play/edit this mission; it is dependent on downloadable content that has been deleted.\nthird_uniforms_backpacks
13:07:28 O Alpha 2-2: Cycle as first waypoint has no sense (Cycle WP '' at [28335.208984, 25642.693359, 11.187841])
13:07:31 Ref to nonnetwork object 1bed397f940# 1783241: c_hunter_f.p3d C_man_hunter_1_F
13:07:31 Server: Object 2:2793 not found (message Type_116)
13:07:31 Server: Object 2:2792 not found (message Type_112)
13:07:31 Ref to nonnetwork object 1bff7c84100# 1783243: c_citizen1.p3d C_man_1_1_F
13:07:31 Server: Object 2:2798 not found (message Type_116)
13:07:31 Server: Object 2:2797 not found (message Type_112)
13:07:31 [KPLIB] [STATS] Server - FPS: 47.62 - Local groups: 25 - Local units: 57 - Active Sectors: 2 - Active Scripts: [spawn: 38, execVM: 30, exec: 0, execFSM: 3]
13:07:33 [KPLIB] [STATS] OCS D.Lotus - FPS: 57.97 - Local groups: 0 - Local units: 1 - Active Scripts: [spawn: 36, execVM: 22, exec: 0, execFSM: 4]
13:07:34 [KPLIB] [SECTORMONITOR] Active sectors: Strigla Outpost, Radio Tower 276249
13:07:38 "TFAR_RadioRequestEvent [[""ItemRadio""],B Alpha 2-4:4 (Pegging Officer) REMOTE] 2942.34"
13:07:38 "Send TFAR_RadioRequestResponseEvent [1] 2942.34"
13:07:39 Ref to nonnetwork object 1bf8cc60500# 1783465: c_man_casual_shorts_f.p3d C_Man_casual_6_F
13:07:39 Server: Object 2:2814 not found (message Type_116)
13:07:39 Server: Object 2:2813 not found (message Type_112)
13:07:48 Server: Object 6:409 not found (message Type_468)
13:07:48 Server: Object 6:410 not found (message Type_468)
13:07:48 Server: Object 6:411 not found (message Type_468)
13:07:48 Server: Object 6:412 not found (message Type_468)
13:07:48 Server: Object 6:413 not found (message Type_468)
13:07:48 Server: Object 6:414 not found (message Type_468)
13:07:48 Server: Object 6:415 not found (message Type_468)
13:07:48 Server: Object 6:416 not found (message Type_468)
13:07:48 Server: Object 6:417 not found (message Type_468)
13:07:48 Server: Object 6:418 not found (message Type_468)
13:07:48 Server: Object 6:419 not found (message Type_468)
13:07:48 Server: Object 6:420 not found (message Type_468)
13:07:48 Server: Object 6:421 not found (message Type_468)
13:07:48 Server: Object 6:422 not found (message Type_468)
13:07:48 Warning Message: You cannot play/edit this mission; it is dependent on downloadable content that has been deleted.\nace_fire
13:07:48 Action::Process - No target [action: Eject]
13:07:49 [KPLIB] [STATS] SPC D.Scott - FPS: 57.55 - Local groups: 1 - Local units: 1 - Active Scripts: [spawn: 14, execVM: 22, exec: 0, execFSM: 2]
13:07:50 Action::Process - No target [action: Eject]
13:07:50 Setting invalid pitch 0.0000 for O Alpha 2-6:1 REMOTE
13:07:50 Setting invalid pitch 0.0000 for O Alpha 2-6:1 REMOTE
13:07:50 Setting invalid pitch 0.0000 for O Alpha 2-6:1 REMOTE
13:07:50 Setting invalid pitch 0.0000 for O Alpha 2-6:1 REMOTE
13:07:51 Setting invalid pitch 0.0000 for O Alpha 3-1:1 REMOTE
13:07:51 Setting invalid pitch 0.0000 for O Alpha 3-1:1 REMOTE
13:07:52 Setting invalid pitch 0.0000 for O Alpha 3-2:1 REMOTE
13:07:52 Action::Process - No target [action: Eject]
13:07:54 Action::Process - No target [action: Eject]
13:07:56 unable to find sentence radioprotocolper/SentUnitUnconscious
13:07:56 Warning Message: You cannot play/edit this mission; it is dependent on downloadable content that has been deleted.\nthird_weapons
13:07:57 Action::Process - No target [action: Eject]
13:07:58 O Alpha 2-5: Cycle as first waypoint has no sense (Cycle WP '' at [27677.943359, 24934.810547, 32.733185])
13:07:59 Warning Message: You cannot play/edit this mission; it is dependent on downloadable content that has been deleted.\nthird_uniforms_backpacks
13:07:59 Warning Message: You cannot play/edit this mission; it is dependent on downloadable content that has been deleted.\nace_disposable
13:08:00 Action::Process - No target [action: Eject]
13:08:02 Ref to nonnetwork object 1becdea15c0# 1784302: c_poor.p3d C_Man_Messenger_01_F
13:08:02 No speaker given for 'Vasilis Kanelloupou'
13:08:02 Server: Object 2:3102 not found (message Type_116)
13:08:02 Server: Object 2:3101 not found (message Type_112)
13:08:02 Ref to nonnetwork object 1bedcf101c0# 1784305: c_hunter_f.p3d C_man_hunter_1_F
13:08:02 Server: Object 2:3109 not found (message Type_116)
13:08:02 Server: Object 2:3108 not found (message Type_112)
13:08:03 Action::Process - No target [action: Eject]
13:08:04 "TFAR_RadioRequestEvent [[""TFAR_anprc152""],B Alpha 2-4:4 (Pegging Officer) REMOTE] 2968.19"
13:08:04 "Send TFAR_RadioRequestResponseEvent [22] 2968.19"
13:08:04 Ref to nonnetwork object 1bedc214300# 1784431: c_journalist.p3d C_Journalist_01_War_F
13:08:04 No speaker given for 'Thamos Strambopoulos'
13:08:04 Server: Object 2:3161 not found (message Type_116)
13:08:04 Server: Object 2:3160 not found (message Type_112)
13:08:04 Ref to nonnetwork object 1bf8be8c900# 1784433: c_man_casual_shorts_f.p3d C_Man_casual_4_F
13:08:04 Server: Object 2:3167 not found (message Type_116)
13:08:04 Server: Object 2:3166 not found (message Type_112)
13:08:05 Warning Message: You cannot play/edit this mission; it is dependent on downloadable content that has been deleted.\nthird_weapons
13:08:05 Warning Message: You cannot play/edit this mission; it is dependent on downloadable content that has been deleted.\nthird_weapons
13:08:06 Action::Process - No target [action: Eject]
13:08:08 Action::Process - No target [action: Eject]
13:08:10 [KPLIB] [STATS] PFC S.Guss - FPS: 73.73 - Local groups: 0 - Local units: 1 - Active Scripts: [spawn: 85, execVM: 23, exec: 0, execFSM: 2]
13:08:10 Action::Process - No target [action: Eject]
13:08:11 Warning Message: You cannot play/edit this mission; it is dependent on downloadable content that has been deleted.\nthird_weapons
13:08:11 Warning Message: You cannot play/edit this mission; it is dependent on downloadable content that has been deleted.\nace_vector
13:08:12 Warning Message: You cannot play/edit this mission; it is dependent on downloadable content that has been deleted.\nthird_weapons
13:08:12 Warning Message: You cannot play/edit this mission; it is dependent on downloadable content that has been deleted.\nace_vector
13:08:12 Action::Process - No target [action: Eject]
13:08:15 Setting invalid pitch 0.0000 for O Alpha 2-6:1 REMOTE
13:08:17 Ref to nonnetwork object 1bed9249040# 1785120: c_journalist.p3d C_journalist_F
13:08:17 Server: Object 2:3406 not found (message Type_116)
13:08:17 Server: Object 2:3405 not found (message Type_112)
13:08:28 Setting invalid pitch 0.0000 for O Alpha 2-6:1 REMOTE
13:08:28 Setting invalid pitch 0.0000 for O Alpha 3-1:1 REMOTE
13:08:28 Setting invalid pitch 0.0000 for O Alpha 3-1:1 REMOTE
13:08:29 Setting invalid pitch 0.0000 for O Alpha 3-1:1 REMOTE
13:08:29 Setting invalid pitch 0.0000 for O Alpha 3-2:1 REMOTE
13:08:29 Setting invalid pitch 0.0000 for O Alpha 3-2:1 REMOTE
13:08:29 Setting invalid pitch 0.0000 for O Alpha 3-3:1 REMOTE
13:08:31 [KPLIB] [STATS] CPL H.Jäger - FPS: 53.16 - Local groups: 1 - Local units: 2 - Active Scripts: [spawn: 30, execVM: 24, exec: 0, execFSM: 2]
13:08:33 Ref to nonnetwork object 1becd364100# 1785701: c_poor.p3d C_man_p_beggar_F
13:08:33 Server: Object 2:3634 not found (message Type_116)
13:08:33 Server: Object 2:3633 not found (message Type_112)
13:08:35 [KPLIB] [STATS] Pegging Officer - FPS: 108.11 - Local groups: 0 - Local units: 1 - Active Scripts: [spawn: 7, execVM: 23, exec: 0, execFSM: 2]
13:08:45 [KPLIB] [STATS] PFC J.White - FPS: 93.02 - Local groups: 0 - Local units: 1 - Active Scripts: [spawn: 29, execVM: 24, exec: 0, execFSM: 2]
13:09:01 Warning Message: You cannot play/edit this mission; it is dependent on downloadable content that has been deleted.\nthird_weapons
13:09:01 Warning Message: You cannot play/edit this mission; it is dependent on downloadable content that has been deleted.\nace_vector
13:09:01 Warning Message: You cannot play/edit this mission; it is dependent on downloadable content that has been deleted.\nace_parachute
13:09:20 Warning Message: You cannot play/edit this mission; it is dependent on downloadable content that has been deleted.\nthird_uniforms_backpacks
13:09:31 [KPLIB] [STATS] Server - FPS: 45.71 - Local groups: 20 - Local units: 57 - Active Sectors: 2 - Active Scripts: [spawn: 42, execVM: 30, exec: 0, execFSM: 3]
13:09:46 [KPLIB] [STATS] CPL M.Marsh - FPS: 98.16 - Local groups: 0 - Local units: 0 - Active Scripts: [spawn: 17, execVM: 22, exec: 0, execFSM: 2]
13:10:04 Setting invalid pitch 0.0000 for O Alpha 1-1:1 REMOTE
13:10:04 Setting invalid pitch 0.0000 for O Alpha 1-1:1 REMOTE
13:10:04 Setting invalid pitch 0.0000 for O Alpha 1-1:1 REMOTE
13:10:04 Setting invalid pitch 0.0000 for O Alpha 2-6:1 REMOTE
13:10:05 Setting invalid pitch 0.0000 for O Alpha 3-1:1 REMOTE
13:10:05 Setting invalid pitch 0.0000 for O Alpha 3-1:1 REMOTE
13:10:05 Setting invalid pitch 0.0000 for O Alpha 3-2:1 REMOTE
13:10:16 Warning Message: You cannot play/edit this mission; it is dependent on downloadable content that has been deleted.\nace_disposable
13:10:18 Warning Message: You cannot play/edit this mission; it is dependent on downloadable content that has been deleted.\nthird_weapons
13:10:20 Warning Message: You cannot play/edit this mission; it is dependent on downloadable content that has been deleted.\nthird_uniforms_backpacks
13:10:21 Warning Message: You cannot play/edit this mission; it is dependent on downloadable content that has been deleted.\nthird_weapons
13:10:21 Warning Message: You cannot play/edit this mission; it is dependent on downloadable content that has been deleted.\nthird_weapons
13:10:26 Server: Object 18:70 not found (message Type_100)
13:10:28 "TFAR_RadioRequestEvent [[""ItemRadio""],B Alpha 2-4:5 (PFC S.Guss) REMOTE] 3111.97"
13:10:28 "Send TFAR_RadioRequestResponseEvent [2] 3111.97"
13:10:31 "TFAR_RadioRequestEvent [[""ItemRadio""],B Alpha 2-4:2 (CPL H.Jäger) REMOTE] 3115.58"
13:10:31 "Send TFAR_RadioRequestResponseEvent [3] 3115.58"
13:10:34 "TFAR_RadioRequestEvent [[""ItemRadio""],B Alpha 2-4:4 (Pegging Officer) REMOTE] 3118.33"
13:10:34 "Send TFAR_RadioRequestResponseEvent [4] 3118.33"
13:10:45 Warning Message: You cannot play/edit this mission; it is dependent on downloadable content that has been deleted.\nthird_uniforms_backpacks
13:10:45 Warning Message: You cannot play/edit this mission; it is dependent on downloadable content that has been deleted.\nthird_weapons
13:10:48 "TFAR_RadioRequestEvent [[""TFAR_anprc152""],B Alpha 2-4:5 (PFC S.Guss) REMOTE] 3132.28"
13:10:48 "Send TFAR_RadioRequestResponseEvent [23] 3132.28"
13:10:55 Warning Message: You cannot play/edit this mission; it is dependent on downloadable content that has been deleted.\nthird_uniforms_backpacks
13:10:55 Warning Message: You cannot play/edit this mission; it is dependent on downloadable content that has been deleted.\nthird_weapons
13:10:55 Warning Message: You cannot play/edit this mission; it is dependent on downloadable content that has been deleted.\nthird_weapons
13:10:57 "TFAR_RadioRequestEvent [[""TFAR_anprc152""],B Alpha 2-4:2 (CPL H.Jäger) REMOTE] 3141.55"
13:10:57 "Send TFAR_RadioRequestResponseEvent [24] 3141.55"
13:11:09 Warning Message: You cannot play/edit this mission; it is dependent on downloadable content that has been deleted.\nthird_uniforms_backpacks
13:11:09 Warning Message: You cannot play/edit this mission; it is dependent on downloadable content that has been deleted.\nace_disposable
13:11:13 Warning Message: You cannot play/edit this mission; it is dependent on downloadable content that has been deleted.\nace_disposable
13:11:16 "TFAR_RadioRequestEvent [[""TFAR_anprc152""],B Alpha 2-4:4 (Pegging Officer) REMOTE] 3160.19"
13:11:16 "Send TFAR_RadioRequestResponseEvent [25] 3160.19"
13:11:31 [KPLIB] [STATS] Server - FPS: 45.58 - Local groups: 19 - Local units: 54 - Active Sectors: 2 - Active Scripts: [spawn: 44, execVM: 30, exec: 0, execFSM: 3]
13:11:51 Warning Message: You cannot play/edit this mission; it is dependent on downloadable content that has been deleted.\nthird_weapons
13:12:05 Server: Object 19:91 not found (message Type_100)
13:12:05 Server: Object 19:90 not found (message Type_100)
13:12:05 Warning Message: You cannot play/edit this mission; it is dependent on downloadable content that has been deleted.\nthird_weapons
13:12:05 Setting invalid pitch 0.0000 for B Alpha 1-1:1 REMOTE
13:12:05 Setting invalid pitch 0.0000 for B Alpha 1-1:1 REMOTE
13:12:06 Setting invalid pitch 0.0000 for B Alpha 1-2:1 REMOTE
13:12:06 Setting invalid pitch 0.0000 for B Alpha 1-2:1 REMOTE
13:12:07 Setting invalid pitch 0.0000 for B Alpha 1-3:1 REMOTE
13:12:15 "TFAR_RadioRequestEvent [[""ItemRadio""],B Alpha 3-2:1 (PFC J.White) REMOTE] 3219.24"
13:12:15 "Send TFAR_RadioRequestResponseEvent [26] 3219.24"
13:12:25 Warning Message: You cannot play/edit this mission; it is dependent on downloadable content that has been deleted.\nthird_uniforms_backpacks
13:12:25 Warning Message: You cannot play/edit this mission; it is dependent on downloadable content that has been deleted.\nthird_weapons
13:12:27 Warning Message: You cannot play/edit this mission; it is dependent on downloadable content that has been deleted.\nthird_weapons
13:12:27 "TFAR_RadioRequestEvent [[""TFAR_anprc152""],B Alpha 3-2:1 (PFC J.White) REMOTE] 3231.73"
13:12:27 "Send TFAR_RadioRequestResponseEvent [27] 3231.73"
13:12:33 [KPLIB] [STATS] OCS D.Lotus - FPS: 61.07 - Local groups: 0 - Local units: 1 - Active Scripts: [spawn: 27, execVM: 23, exec: 0, execFSM: 4]
13:12:33 Setting invalid pitch 0.0000 for O Alpha 1-3:1 REMOTE
13:12:34 [KPLIB] [SECTORMONITOR] Active sectors: Strigla Outpost, Radio Tower 276249
13:12:34 Setting invalid pitch 0.0000 for O Alpha 2-6:1 REMOTE
13:12:34 Setting invalid pitch 0.0000 for O Alpha 2-6:1 REMOTE
13:12:34 Setting invalid pitch 0.0000 for O Alpha 3-1:1 REMOTE
13:12:34 Setting invalid pitch 0.0000 for O Alpha 3-2:1 REMOTE
13:12:35 Setting invalid pitch 0.0000 for O Alpha 3-3:1 REMOTE
13:12:35 Warning Message: You cannot play/edit this mission; it is dependent on downloadable content that has been deleted.\nthird_weapons
13:12:35 Warning Message: You cannot play/edit this mission; it is dependent on downloadable content that has been deleted.\nace_vector
13:12:42 Warning Message: You cannot play/edit this mission; it is dependent on downloadable content that has been deleted.\nthird_weapons
13:12:49 [KPLIB] [STATS] SPC D.Scott - FPS: 74.42 - Local groups: 1 - Local units: 1 - Active Scripts: [spawn: 14, execVM: 22, exec: 0, execFSM: 2]
13:12:57 Warning Message: You cannot play/edit this mission; it is dependent on downloadable content that has been deleted.\nace_parachute
13:12:59 Warning Message: You cannot play/edit this mission; it is dependent on downloadable content that has been deleted.\nace_disposable
13:13:11 [KPLIB] [STATS] PFC S.Guss - FPS: 65.57 - Local groups: 0 - Local units: 1 - Active Scripts: [spawn: 22, execVM: 23, exec: 0, execFSM: 2]
13:13:13 Warning Message: You cannot play/edit this mission; it is dependent on downloadable content that has been deleted.\nthird_weapons
13:13:13 Warning Message: You cannot play/edit this mission; it is dependent on downloadable content that has been deleted.\nace_vector
13:13:23 "TFAR_RadioRequestEvent [[""ItemRadio""],B Alpha 2-4:1 (SPC D.Scott) REMOTE] 3287.21"
13:13:23 "Send TFAR_RadioRequestResponseEvent [28] 3287.21"
13:13:31 [KPLIB] [STATS] CPL H.Jäger - FPS: 100 - Local groups: 0 - Local units: 1 - Active Scripts: [spawn: 19, execVM: 25, exec: 0, execFSM: 2]
13:13:31 [KPLIB] [STATS] Server - FPS: 45.45 - Local groups: 19 - Local units: 52 - Active Sectors: 2 - Active Scripts: [spawn: 46, execVM: 30, exec: 0, execFSM: 3]
13:13:34 Setting invalid pitch 0.0000 for O Alpha 1-1:1 REMOTE
13:13:34 Setting invalid pitch 0.0000 for O Alpha 1-3:1 REMOTE
13:13:34 Setting invalid pitch 0.0000 for O Alpha 1-3:1 REMOTE
13:13:34 Setting invalid pitch 0.0000 for O Alpha 1-3:1 REMOTE
13:13:34 Setting invalid pitch 0.0000 for O Alpha 2-6:1 REMOTE
13:13:34 Setting invalid pitch 0.0000 for O Alpha 2-6:1 REMOTE
13:13:35 Warning Message: You cannot play/edit this mission; it is dependent on downloadable content that has been deleted.\nthird_uniforms_backpacks
13:13:35 Warning Message: You cannot play/edit this mission; it is dependent on downloadable content that has been deleted.\nthird_weapons
13:13:35 Warning Message: You cannot play/edit this mission; it is dependent on downloadable content that has been deleted.\nace_vector
13:13:35 Setting invalid pitch 0.0000 for O Alpha 3-2:1 REMOTE
13:13:35 [KPLIB] [STATS] Pegging Officer - FPS: 117.65 - Local groups: 1 - Local units: 2 - Active Scripts: [spawn: 8, execVM: 22, exec: 0, execFSM: 2]
13:13:36 Warning Message: You cannot play/edit this mission; it is dependent on downloadable content that has been deleted.\nace_parachute
13:13:36 "TFAR_RadioRequestEvent [[""TFAR_anprc152""],B Alpha 2-4:1 (SPC D.Scott) REMOTE] 3300.78"
13:13:36 "Send TFAR_RadioRequestResponseEvent [29] 3300.78"
13:13:41 Setting invalid pitch 0.0000 for O Alpha 1-1:1 REMOTE
13:13:46 [KPLIB] [STATS] PFC J.White - FPS: 98.16 - Local groups: 0 - Local units: 1 - Active Scripts: [spawn: 25, execVM: 26, exec: 0, execFSM: 2]
13:13:47 Setting invalid pitch 0.0000 for O Alpha 1-1:1 REMOTE
13:13:51 Setting invalid pitch 0.0000 for O Alpha 1-3:1 REMOTE
13:13:52 Setting invalid pitch 0.0000 for O Alpha 2-6:1 REMOTE
13:13:52 Setting invalid pitch 0.0000 for O Alpha 2-6:1 REMOTE
13:13:53 Warning Message: You cannot play/edit this mission; it is dependent on downloadable content that has been deleted.\nthird_uniforms_backpacks
13:13:57 Setting invalid pitch 0.0000 for O Alpha 1-1:1 REMOTE
13:14:00 Setting invalid pitch 0.0000 for O Alpha 1-3:1 REMOTE
13:14:02 Setting invalid pitch 0.0000 for O Alpha 1-3:1 REMOTE
13:14:11 Setting invalid pitch 0.0000 for O Alpha 1-1:1 REMOTE
13:14:12 Setting invalid pitch 0.0000 for O Alpha 1-3:1 REMOTE
13:14:13 Setting invalid pitch 0.0000 for O Alpha 2-6:1 REMOTE
13:14:18 [ACE] (medical_statemachine) WARNING: enteredStateDeath: State transition on dead or null unit - O Alpha 2-3:5
13:14:19 Setting invalid pitch 0.0000 for O Alpha 1-1:1 REMOTE
13:14:19 Setting invalid pitch 0.0000 for O Alpha 1-1:1 REMOTE
13:14:19 Setting invalid pitch 0.0000 for O Alpha 1-1:1 REMOTE
13:14:19 Setting invalid pitch 0.0000 for O Alpha 1-3:1 REMOTE
13:14:19 Setting invalid pitch 0.0000 for O Alpha 1-3:1 REMOTE
13:14:19 Setting invalid pitch 0.0000 for O Alpha 2-6:1 REMOTE
13:14:20 Warning Message: You cannot play/edit this mission; it is dependent on downloadable content that has been deleted.\nthird_weapons
13:14:20 Warning Message: You cannot play/edit this mission; it is dependent on downloadable content that has been deleted.\nthird_weapons
13:14:20 Setting invalid pitch 0.0000 for O Alpha 3-1:1 REMOTE
13:14:24 Setting invalid pitch 0.0000 for O Alpha 3-3:1 REMOTE
13:14:24 A null object passed as a target to RemoteExec(Call) 'reveal'
13:14:27 Setting invalid pitch 0.0000 for O Alpha 1-1:1 REMOTE
13:14:28 Setting invalid pitch 0.0000 for O Alpha 1-3:1 REMOTE
13:14:29 Setting invalid pitch 0.0000 for O Alpha 1-1:1 REMOTE
13:14:30 Setting invalid pitch 0.0000 for O Alpha 1-3:1 REMOTE
13:14:33 Setting invalid pitch 0.0000 for O Alpha 1-1:1 REMOTE
13:14:34 Setting invalid pitch 0.0000 for O Alpha 2-6:1 REMOTE
13:14:37 Setting invalid pitch 0.0000 for O Alpha 1-1:1 REMOTE
13:14:38 Setting invalid pitch 0.0000 for O Alpha 1-3:1 REMOTE
13:14:39 Setting invalid pitch 0.0000 for O Alpha 2-6:1 REMOTE
13:14:41 Setting invalid pitch 0.0000 for O Alpha 1-1:1 REMOTE
13:14:42 Voted admin logged in, player: CPL H.Jäger, playerUID: 76561199010996421, IP: 192.168.179.24:2304.
13:14:43 "TFAR_RadioRequestEvent [[""ItemRadio""],commandant] 3366.82"
13:14:43 "Send TFAR_RadioRequestResponseEvent [30] 3366.82"
13:14:43 Server: Object 20:109 not found (message Type_468)
13:14:43 Warning Message: You cannot play/edit this mission; it is dependent on downloadable content that has been deleted.\nthird_weapons
13:14:44 Setting invalid pitch 0.0000 for O Alpha 1-1:1 REMOTE
13:14:45 [KPLIB] [STATS] CPL M.Marsh - FPS: 177.78 - Local groups: 0 - Local units: 0 - Active Scripts: [spawn: 17, execVM: 22, exec: 0, execFSM: 2]
13:14:46 Setting invalid pitch 0.0000 for O Alpha 1-3:1 REMOTE
13:14:48 Setting invalid pitch 0.0000 for O Alpha 1-3:1 REMOTE
13:14:48 Server: Object 20:113 not found (message Type_128)
13:14:53 "TFAR_RadioRequestEvent [[""ItemRadio""],B Alpha 2-4:6 (CPL M.Marsh) REMOTE] 3377.14"
13:14:53 "Send TFAR_RadioRequestResponseEvent [5] 3377.14"
13:14:54 Setting invalid pitch 0.0000 for O Alpha 1-1:1 REMOTE
13:14:55 Setting invalid pitch 0.0000 for O Alpha 1-3:1 REMOTE
13:15:06 Setting invalid pitch 0.0000 for O Alpha 1-1:1 REMOTE
13:15:09 Setting invalid pitch 0.0000 for O Alpha 1-3:1 REMOTE
13:15:11 Setting invalid pitch 0.0000 for O Alpha 1-1:1 REMOTE
13:15:14 Setting invalid pitch 0.0000 for O Alpha 1-1:1 REMOTE
13:15:22 Setting invalid pitch 0.0000 for O Alpha 1-1:1 REMOTE
13:15:25 Setting invalid pitch 0.0000 for O Alpha 1-3:1 REMOTE
13:15:30 Setting invalid pitch 0.0000 for O Alpha 1-1:1 REMOTE
13:15:31 [KPLIB] [STATS] Server - FPS: 45.45 - Local groups: 19 - Local units: 50 - Active Sectors: 2 - Active Scripts: [spawn: 48, execVM: 30, exec: 0, execFSM: 3]
13:15:32 Setting invalid pitch 0.0000 for O Alpha 1-3:1 REMOTE
13:15:38 Setting invalid pitch 0.0000 for O Alpha 1-1:1 REMOTE
13:15:50 Setting invalid pitch 0.0000 for O Alpha 1-1:1 REMOTE
13:15:51 Setting invalid pitch 0.0000 for O Alpha 1-3:1 REMOTE
13:15:51 Setting invalid pitch 0.0000 for O Alpha 2-6:1 REMOTE
13:16:01 Setting invalid pitch 0.0000 for O Alpha 1-1:1 REMOTE
13:16:07 Warning Message: You cannot play/edit this mission; it is dependent on downloadable content that has been deleted.\nthird_uniforms_backpacks
13:16:11 Setting invalid pitch 0.0000 for O Alpha 1-1:1 REMOTE
13:16:11 Setting invalid pitch 0.0000 for O Alpha 1-3:1 REMOTE
13:16:21 Setting invalid pitch 0.0000 for O Alpha 1-1:1 REMOTE
13:16:30 Setting invalid pitch 0.0000 for O Alpha 1-1:1 REMOTE
13:16:34 Warning Message: You cannot play/edit this mission; it is dependent on downloadable content that has been deleted.\nthird_weapons
13:16:36 "TFAR_RadioRequestEvent [[""TFAR_anprc152""],B Alpha 2-4:6 (CPL M.Marsh) REMOTE] 3480.46"
13:16:36 "Send TFAR_RadioRequestResponseEvent [31] 3480.46"
13:16:37 Warning Message: You cannot play/edit this mission; it is dependent on downloadable content that has been deleted.\nthird_weapons
13:16:40 Setting invalid pitch 0.0000 for O Alpha 1-1:1 REMOTE
13:16:41 [ACE] (common) INFO: Headbug Used: Name: CPL H.Jäger, Animation: amovpercmstpslowwrfldnon
13:16:50 Warning Message: You cannot play/edit this mission; it is dependent on downloadable content that has been deleted.\nthird_weapons
13:16:51 Setting invalid pitch 0.0000 for B Alpha 1-2:1 REMOTE
13:16:51 Setting invalid pitch 0.0000 for B Alpha 1-2:1 REMOTE
13:16:51 Setting invalid pitch 0.0000 for B Alpha 1-3:1 REMOTE
13:16:51 Setting invalid pitch 0.0000 for B Alpha 1-4:1 REMOTE
13:16:54 Setting invalid pitch 0.0000 for B Alpha 1-5:1 REMOTE
13:17:00 "TFAR_RadioRequestEvent [[""ItemRadio""],B Alpha 3-2:1 (PFC J.White) REMOTE] 3504.2"
13:17:00 "Send TFAR_RadioRequestResponseEvent [32] 3504.2"
13:17:13 Warning Message: You cannot play/edit this mission; it is dependent on downloadable content that has been deleted.\nthird_uniforms_backpacks
13:17:13 Warning Message: You cannot play/edit this mission; it is dependent on downloadable content that has been deleted.\nthird_weapons
13:17:17 "TFAR_RadioRequestEvent [[""TFAR_anprc152""],B Alpha 3-2:1 (PFC J.White) REMOTE] 3521.73"
13:17:17 "Send TFAR_RadioRequestResponseEvent [33] 3521.73"
13:17:31 [KPLIB] [STATS] Server - FPS: 45.33 - Local groups: 19 - Local units: 50 - Active Sectors: 2 - Active Scripts: [spawn: 48, execVM: 30, exec: 0, execFSM: 3]
13:17:33 [KPLIB] [STATS] OCS D.Lotus - FPS: 87.91 - Local groups: 0 - Local units: 1 - Active Scripts: [spawn: 16, execVM: 23, exec: 0, execFSM: 4]
13:17:34 [KPLIB] [SECTORMONITOR] Active sectors: Strigla Outpost, Radio Tower 276249
13:17:49 [KPLIB] [STATS] SPC D.Scott - FPS: 18.85 - Local groups: 1 - Local units: 1 - Active Scripts: [spawn: 6, execVM: 22, exec: 0, execFSM: 2]
13:18:11 [KPLIB] [STATS] PFC S.Guss - FPS: 85.11 - Local groups: 0 - Local units: 1 - Active Scripts: [spawn: 14, execVM: 22, exec: 0, execFSM: 2]
13:18:20 Warning Message: You cannot play/edit this mission; it is dependent on downloadable content that has been deleted.\nthird_weapons
13:18:30 "TFAR_RadioRequestEvent [[""ItemRadio""],B Alpha 2-4:5 (PFC S.Guss) REMOTE] 3594.47"
13:18:30 "Send TFAR_RadioRequestResponseEvent [6] 3594.47"
13:18:31 [KPLIB] [STATS] CPL H.Jäger - FPS: 18.33 - Local groups: 0 - Local units: 1 - Active Scripts: [spawn: 19, execVM: 25, exec: 0, execFSM: 2]
13:18:35 [KPLIB] [STATS] Pegging Officer - FPS: 103.23 - Local groups: 0 - Local units: 1 - Active Scripts: [spawn: 6, execVM: 22, exec: 0, execFSM: 2]
13:18:46 [KPLIB] [STATS] PFC J.White - FPS: 19.07 - Local groups: 0 - Local units: 1 - Active Scripts: [spawn: 21, execVM: 26, exec: 0, execFSM: 2]
13:18:53 Warning Message: You cannot play/edit this mission; it is dependent on downloadable content that has been deleted.\nthird_uniforms_backpacks
13:18:53 Warning Message: You cannot play/edit this mission; it is dependent on downloadable content that has been deleted.\nthird_weapons
13:18:54 "TFAR_RadioRequestEvent [[""TFAR_anprc152""],B Alpha 2-4:5 (PFC S.Guss) REMOTE] 3618.25"
13:18:54 "Send TFAR_RadioRequestResponseEvent [34] 3618.25"
13:19:31 [KPLIB] [STATS] Server - FPS: 45.33 - Local groups: 15 - Local units: 37 - Active Sectors: 2 - Active Scripts: [spawn: 48, execVM: 30, exec: 0, execFSM: 3]
13:19:43 "_641fb88761ae466a9e5954b4eff0ed26/BIS_fnc_log: HandleDisconnect : commandant"
13:19:45 [KPLIB] [STATS] CPL M.Marsh - FPS: 135.59 - Local groups: 0 - Local units: 1 - Active Scripts: [spawn: 9, execVM: 22, exec: 0, execFSM: 2]
13:19:49 Client: Remote object 19:0 not found
13:19:49 "_641fb88761ae466a9e5954b4eff0ed26/BIS_fnc_log: HandleDisconnect : B Alpha 3-2:1"
13:19:49 Setting invalid pitch 0.0000 for B Alpha 1-1:1 REMOTE
13:19:50 Setting invalid pitch 0.0000 for B Alpha 1-2:1 REMOTE
13:19:50 Setting invalid pitch 0.0000 for B Alpha 1-2:1 REMOTE
13:19:51 Setting invalid pitch 0.0000 for B Alpha 1-3:1 REMOTE
13:20:30 Client: Remote object 18:0 not found
13:20:30 "_641fb88761ae466a9e5954b4eff0ed26/BIS_fnc_log: HandleDisconnect : B Alpha 2-4:2"
13:20:34 Warning: Cleanup player - person 18:69 not found
13:20:34 Warning Message: You cannot play/edit this mission; it is dependent on downloadable content that has been deleted.\nthird_weapons
13:20:38 Warning Message: You cannot play/edit this mission; it is dependent on downloadable content that has been deleted.\nthird_weapons
13:20:42 Warning Message: You cannot play/edit this mission; it is dependent on downloadable content that has been deleted.\nthird_weapons
13:20:46 Warning Message: You cannot play/edit this mission; it is dependent on downloadable content that has been deleted.\nthird_weapons
13:20:50 Warning Message: You cannot play/edit this mission; it is dependent on downloadable content that has been deleted.\nthird_weapons
13:20:55 Warning Message: You cannot play/edit this mission; it is dependent on downloadable content that has been deleted.\nthird_weapons
13:21:11 [KPLIB] [STATS] CPL H.Jäger - FPS: 3.82 - Local groups: 1 - Local units: 1 - Active Scripts: [spawn: 26, execVM: 26, exec: 0, execFSM: 2]
13:21:16 "TFAR_RadioRequestEvent [[""ItemRadio""],B Alpha 1-2:1 (CPL H.Jäger) REMOTE] 3760.15"
13:21:16 "Send TFAR_RadioRequestResponseEvent [35] 3760.15"
13:21:16 "TFAR_RadioRequestEvent [[""ItemRadio""],B Alpha 1-2:1 (CPL H.Jäger) REMOTE] 3760.22"
13:21:16 "Send TFAR_RadioRequestResponseEvent [36] 3760.22"
13:21:31 [KPLIB] [STATS] Server - FPS: 45.58 - Local groups: 10 - Local units: 37 - Active Sectors: 2 - Active Scripts: [spawn: 50, execVM: 30, exec: 0, execFSM: 3]
13:21:41 Warning Message: You cannot play/edit this mission; it is dependent on downloadable content that has been deleted.\nthird_weapons
13:21:46 Warning Message: You cannot play/edit this mission; it is dependent on downloadable content that has been deleted.\nthird_weapons
13:21:51 Warning Message: You cannot play/edit this mission; it is dependent on downloadable content that has been deleted.\nthird_uniforms_backpacks
13:21:52 Warning Message: You cannot play/edit this mission; it is dependent on downloadable content that has been deleted.\nthird_weapons
13:21:52 Warning Message: You cannot play/edit this mission; it is dependent on downloadable content that has been deleted.\nthird_weapons
13:21:54 "TFAR_RadioRequestEvent [[""TFAR_anprc152""],B Alpha 1-2:1 (CPL H.Jäger) REMOTE] 3798.13"
13:21:54 "Send TFAR_RadioRequestResponseEvent [37] 3798.13"
13:22:22 Client: Remote object 14:0 not found
13:22:22 "_641fb88761ae466a9e5954b4eff0ed26/BIS_fnc_log: HandleDisconnect : B Alpha 2-4:1"
13:22:34 [KPLIB] [SECTORMONITOR] Active sectors: Strigla Outpost, Radio Tower 276249
13:22:37 Client: Remote object 17:0 not found
13:22:37 "_641fb88761ae466a9e5954b4eff0ed26/BIS_fnc_log: HandleDisconnect : B Alpha 2-4:4"
13:22:43 [KPLIB] [STATS] SPC D.Scott - FPS: 125 - Local groups: 1 - Local units: 1 - Active Scripts: [spawn: 12, execVM: 24, exec: 0, execFSM: 4]
13:22:47 "TFAR_RadioRequestEvent [[""ItemRadio""],commandant] 3851.35"
13:22:47 "Send TFAR_RadioRequestResponseEvent [38] 3851.35"
13:22:47 "TFAR_RadioRequestEvent [[""ItemRadio""],commandant] 3851.35"
13:22:47 "Send TFAR_RadioRequestResponseEvent [39] 3851.35"
13:22:47 "_641fb88761ae466a9e5954b4eff0ed26/BIS_fnc_log: [module] zen_modules_fnc_bi_moduleCurator (250.977 ms)"
13:23:11 [KPLIB] [STATS] PFC S.Guss - FPS: 111.11 - Local groups: 0 - Local units: 1 - Active Scripts: [spawn: 6, execVM: 22, exec: 0, execFSM: 2]
13:23:12 [KPLIB] [TUTORIAL] FSM started on: SPC D.Scott
13:23:13 [KPLIB] [TUTORIAL] FSM on SPC D.Scott aborted due to declining the tutorial
13:23:32 [KPLIB] [STATS] Server - FPS: 45.45 - Local groups: 11 - Local units: 37 - Active Sectors: 2 - Active Scripts: [spawn: 53, execVM: 30, exec: 0, execFSM: 3]
13:23:42 Client: Remote object 14:189 not found
13:23:42 "_641fb88761ae466a9e5954b4eff0ed26/BIS_fnc_log: HandleDisconnect : commandant"
13:23:52 [KPLIB] [STATS] SPC D.Scott - FPS: 139.13 - Local groups: 1 - Local units: 1 - Active Scripts: [spawn: 14, execVM: 24, exec: 0, execFSM: 4]
13:23:57 "_641fb88761ae466a9e5954b4eff0ed26/BIS_fnc_log: [module] zen_modules_fnc_bi_moduleCurator (148.926 ms)"
13:23:57 "TFAR_RadioRequestEvent [[""ItemRadio""],commandant] 3921.07"
13:23:57 "Send TFAR_RadioRequestResponseEvent [40] 3921.07"
13:23:57 "TFAR_RadioRequestEvent [[""ItemRadio""],commandant] 3921.07"
13:23:57 "Send TFAR_RadioRequestResponseEvent [41] 3921.07"
13:24:19 Setting invalid pitch 0.0000 for O Alpha 1-1:1 REMOTE
13:24:20 Setting invalid pitch 0.0000 for O Alpha 1-1:1 REMOTE
13:24:20 Setting invalid pitch 0.0000 for O Alpha 1-3:1 REMOTE
13:24:20 Setting invalid pitch 0.0000 for O Alpha 2-6:1 REMOTE
13:24:20 Setting invalid pitch 0.0000 for O Alpha 3-1:1 REMOTE
13:24:20 Setting invalid pitch 0.0000 for O Alpha 3-2:1 REMOTE
13:24:20 Setting invalid pitch 0.0000 for O Alpha 3-5:1 REMOTE
13:24:20 Setting invalid pitch 0.0000 for O Alpha 3-6:1 REMOTE
13:24:20 Setting invalid pitch 0.0000 for O Alpha 4-1:1 REMOTE
13:24:20 Setting invalid pitch 0.0000 for O Alpha 4-2:1 REMOTE
13:24:20 Setting invalid pitch 0.0000 for O Alpha 4-3:1 REMOTE
13:24:24 [KPLIB] [SECTORSPAWN] Sector Radio Tower 276249 (tower_10) deactivated - Was managed on: Server
13:24:24 [KPLIB] [TUTORIAL] FSM started on: SPC D.Scott
13:24:24 [KPLIB] [SECTORSPAWN] Sector Strigla Outpost (military_8) deactivated - Was managed on: Server
13:24:25 [KPLIB] [TUTORIAL] FSM on SPC D.Scott aborted due to declining the tutorial
13:24:27 Warning Message: You cannot play/edit this mission; it is dependent on downloadable content that has been deleted.\nthird_uniforms_backpacks
13:24:27 Warning Message: You cannot play/edit this mission; it is dependent on downloadable content that has been deleted.\nthird_weapons
13:24:27 Warning Message: You cannot play/edit this mission; it is dependent on downloadable content that has been deleted.\nace_vector
13:24:45 [KPLIB] [STATS] CPL M.Marsh - FPS: 148.15 - Local groups: 1 - Local units: 1 - Active Scripts: [spawn: 9, execVM: 22, exec: 0, execFSM: 2]
13:25:10 Client: Remote object 14:196 not found
13:25:10 "_641fb88761ae466a9e5954b4eff0ed26/BIS_fnc_log: HandleDisconnect : commandant"
13:25:32 [KPLIB] [STATS] Server - FPS: 45.45 - Local groups: 2 - Local units: 0 - Active Sectors: 0 - Active Scripts: [spawn: 40, execVM: 30, exec: 0, execFSM: 3]
13:25:43 Client: Remote object 20:0 not found
13:25:43 "_641fb88761ae466a9e5954b4eff0ed26/BIS_fnc_log: HandleDisconnect : B Alpha 2-4:6"
13:26:08 Client: Remote object 18:110 not found
13:26:08 "_641fb88761ae466a9e5954b4eff0ed26/BIS_fnc_log: HandleDisconnect : B Alpha 1-2:1"
13:26:17 Warning: Cleanup player - person 2:4366 not found
13:26:21 Voted admin logged out, player: CPL H.Jäger, playerUID: 76561199010996421, IP: 192.168.179.24:2304.
13:26:21 Warning: Cleanup player - person 2:4366 not found
13:27:18 Client: Remote object 15:0 not found
13:27:18 "_641fb88761ae466a9e5954b4eff0ed26/BIS_fnc_log: HandleDisconnect : B Alpha 2-4:5"
13:27:31 Server: SetServerState to MISSION ABORTED
13:27:31 Warning: Cleanup player - person 15:108 not found
13:27:31 Server: SetServerState to SELECTING MISSION
13:27:31 EPE manager release (0|12|0)
13:27:32 Mission Zeus_Kunduz_River.kunduz_valley: Missing 'description.ext::Header'
13:27:32 Server: SetServerState to ASSIGNING ROLES
13:29:02 Server: SetServerState to SENDING MISSION
13:29:02 Server: SetServerState to LOADING GAME
13:29:02 Starting mission:
13:29:02  Mission file: Zeus_Kunduz_River (__cur_mp)
13:29:02  Mission world: kunduz_valley
13:29:02  Mission directory: mpmissions\__cur_mp.kunduz_valley\
13:29:07 No more slot to add connection at 048060 (4855.1,6051.4)
13:29:07 No more slot to add connection at 089034 (8999.2,3411.0)
13:29:07 No more slot to add connection at 096060 (9639.0,6021.3)
13:29:07 Warning: Unaccessible ladder point for AI (already used for actionbegin8) in ca\structures_e\housea\a_villa\a_villa_ep1.p3d
13:29:07 Warning: Unaccessible ladder point for AI (already used for actionbegin8) in ca\structures_e\housea\a_villa\a_villa_ep1.p3d
13:29:07 Warning: Unaccessible ladder point for AI (already used for actionend8) in ca\structures_e\housea\a_villa\a_villa_ep1.p3d
13:29:07 Warning: Unaccessible ladder point for AI (already used for actionend8) in ca\structures_e\housea\a_villa\a_villa_ep1.p3d
13:29:07 Strange convex component61 in a3\structures_f_enoch\military\barracks\barracks_06_f.p3d:geometryView
13:29:07 ca\misc_e\powgen_big_ep1.p3d: house, config class missing
13:29:07 Warning: Unaccessible ladder point for AI (already used for actionbegin3) in ca\structures_e\housec\house_c_3_ep1.p3d
13:29:07 Warning: Unaccessible ladder point for AI (already used for actionbegin3) in ca\structures_e\housec\house_c_3_ep1.p3d
13:29:07 Warning: Unaccessible ladder point for AI (already used for actionend3) in ca\structures_e\housec\house_c_3_ep1.p3d
13:29:07 ca\misc_e\powgen_big_ep1.p3d: house, config class missing
13:29:07 ca\misc_e\powgen_big_ep1.p3d: house, config class missing
13:29:07 Land_PipeFence_04_m_gate_r_F: door_1_handle_rot_1 - unknown animation source door_1_nosound_source
13:29:07 Land_PipeFence_04_m_gate_r_F: door_1_handle_rot_2 - unknown animation source door_1_nosound_source
13:29:07 ca\misc_e\powgen_big_ep1.p3d: house, config class missing
13:29:07 ca\misc_e\powgen_big_ep1.p3d: house, config class missing
13:29:07 ca\misc_e\powgen_big_ep1.p3d: house, config class missing
13:29:07 ca\misc_e\powgen_big_ep1.p3d: house, config class missing
13:29:07 Warning: Unaccessible ladder point for AI (already used for actionbegin2) in ca\structures_e\housec\house_c_2_ep1.p3d
13:29:07 Warning: Unaccessible ladder point for AI (already used for actionbegin2) in ca\structures_e\housec\house_c_2_ep1.p3d
13:29:07 Warning: Unaccessible ladder point for AI (already used for actionend2) in ca\structures_e\housec\house_c_2_ep1.p3d
13:29:07 Warning: Unaccessible ladder point for AI (already used for actionend2) in ca\structures_e\housec\house_c_2_ep1.p3d
13:29:07 ca\misc_e\powgen_big_ep1.p3d: house, config class missing
13:29:07 ca\misc_e\camonet_east_var1_ep1.p3d: house, config class missing
13:29:07 ca\misc_e\powgen_big_ep1.p3d: house, config class missing
13:29:07 Land_PipeFence_03_m_gate_r_F: door_1_handle_rot_1 - unknown animation source door_1_nosound_source
13:29:07 Land_PipeFence_03_m_gate_r_F: door_1_handle_rot_2 - unknown animation source door_1_nosound_source
13:29:08 ca\misc_e\powgen_big_ep1.p3d: house, config class missing
13:29:08 ca\misc_e\camonet_east_var1_ep1.p3d: house, config class missing
13:29:08 ca\misc_e\powgen_big_ep1.p3d: house, config class missing
13:29:08 ca\misc_e\powgen_big_ep1.p3d: house, config class missing
13:29:08 ca\misc_e\powgen_big_ep1.p3d: house, config class missing
13:29:08 [CBA] (xeh) INFO: [214001,4232.2,0] PreInit started. v3.18.4.250711
13:29:08 [CBA] (xeh) WARNING: One or more children of class CAManBase do not support Extended Event Handlers. Fall back to loop.
13:29:08 [CBA] (settings) INFO: Reading settings from settings file.
13:29:08 [CBA] (settings) INFO: Finished reading settings from settings file.
13:29:08 [ACE] (common) INFO: Parsed Settings Configs [1.0 ms]
13:29:08 Attempt to override final function - ace_medical_engine_fnc_updatedamageeffects
13:29:08 Attempt to override final function - ace_medical_status_fnc_addmedicationadjustment
13:29:08 Attempt to override final function - ace_medical_status_fnc_getbloodpressure
13:29:08 Attempt to override final function - ace_medical_status_fnc_hasstablevitals
13:29:08 Attempt to override final function - ace_medical_vitals_fnc_handleunitvitals
13:29:08 Attempt to override final function - ace_medical_vitals_fnc_updateheartrate
13:29:08 Attempt to override final function - ace_dogtags_fnc_cancheckdogtag
13:29:08 Attempt to override final function - ace_dogtags_fnc_getdogtagdata
13:29:08 Attempt to override final function - ace_dragging_fnc_carryobject
13:29:08 Attempt to override final function - ace_dragging_fnc_handleunconscious
13:29:08 Attempt to override final function - ace_medical_fnc_setunconscious
13:29:08 Attempt to override final function - ace_medical_statemachine_fnc_conditionexecutiondeath
13:29:08 Attempt to override final function - ace_medical_statemachine_fnc_conditionsecondchance
13:29:08 Attempt to override final function - ace_medical_treatment_fnc_cprsuccess
13:29:08 Attempt to override final function - ace_medical_treatment_fnc_cprlocal
13:29:08 Attempt to override final function - ace_medical_treatment_fnc_medicationlocal
13:29:08 Attempt to override final function - ace_medical_treatment_fnc_tourniquetremove
13:29:08 Attempt to override final function - ace_medical_treatment_fnc_treatment
13:29:08 Attempt to override final function - ace_medical_treatment_fnc_treatmentsuccess
13:29:08 Attempt to override final function - ace_medical_treatment_fnc_useitem
13:29:08 Attempt to override final function - ace_medical_gui_fnc_menupfh
13:29:08 Attempt to override final function - ace_medical_gui_fnc_onmenuclose
13:29:08 Attempt to override final function - ace_medical_gui_fnc_onmenuopen
13:29:08 Attempt to override final function - ace_medical_gui_fnc_updatebodyimage
13:29:08 Attempt to override final function - ace_medical_gui_fnc_updatecategories
13:29:08 Attempt to override final function - ace_medical_gui_fnc_updateinjurylist
13:29:08 [CBA] (xeh) INFO: [214001,4232.76,0] PreInit finished.
13:29:10 Attempt to override final function - bis_fnc_storeparamsvalues_data
13:29:10 Server: Object 2:4418 not found (message Type_128)
13:29:10 Error: Object(2 : 4418) not found
13:29:10 Server: Object 2:4418 not found (message Type_100)
13:29:10 Server: Object 2:4418 not found (message Type_168)
13:29:10 Server: Object 2:4418 not found (message Type_468)
13:29:10 Server: Object 2:4419 not found (message Type_128)
13:29:10 Error: Object(2 : 4419) not found
13:29:10 Server: Object 2:4419 not found (message Type_100)
13:29:10 Server: Object 2:4419 not found (message Type_168)
13:29:10 Server: Object 2:4419 not found (message Type_468)
13:29:10 Server: Object 2:4423 not found (message Type_128)
13:29:10 Error: Object(2 : 4423) not found
13:29:10 Server: Object 2:4423 not found (message Type_100)
13:29:10 Server: Object 2:4423 not found (message Type_168)
13:29:10 Server: Object 2:4423 not found (message Type_468)
13:29:10 Server: Object 2:4424 not found (message Type_128)
13:29:10 Error: Object(2 : 4424) not found
13:29:10 Server: Object 2:4424 not found (message Type_100)
13:29:10 Server: Object 2:4424 not found (message Type_168)
13:29:10 Server: Object 2:4424 not found (message Type_468)
13:29:10 Server: Object 2:4428 not found (message Type_128)
13:29:10 Error: Object(2 : 4428) not found
13:29:10 Server: Object 2:4428 not found (message Type_100)
13:29:10 Server: Object 2:4428 not found (message Type_168)
13:29:10 Server: Object 2:4428 not found (message Type_468)
13:29:10 Server: Object 2:4429 not found (message Type_128)
13:29:10 Error: Object(2 : 4429) not found
13:29:10 Server: Object 2:4429 not found (message Type_100)
13:29:10 Server: Object 2:4429 not found (message Type_168)
13:29:10 Server: Object 2:4429 not found (message Type_468)
13:29:10 Server: Object 2:4433 not found (message Type_128)
13:29:10 Error: Object(2 : 4433) not found
13:29:10 Server: Object 2:4433 not found (message Type_100)
13:29:10 Server: Object 2:4433 not found (message Type_168)
13:29:10 Server: Object 2:4433 not found (message Type_468)
13:29:10 Server: Object 2:4434 not found (message Type_128)
13:29:10 Error: Object(2 : 4434) not found
13:29:10 Server: Object 2:4434 not found (message Type_100)
13:29:10 Server: Object 2:4434 not found (message Type_168)
13:29:10 Server: Object 2:4434 not found (message Type_468)
13:29:10 Server: Object 2:4438 not found (message Type_128)
13:29:10 Error: Object(2 : 4438) not found
13:29:10 Server: Object 2:4438 not found (message Type_100)
13:29:10 Server: Object 2:4438 not found (message Type_168)
13:29:10 Server: Object 2:4438 not found (message Type_468)
13:29:10 Server: Object 2:4439 not found (message Type_128)
13:29:10 Error: Object(2 : 4439) not found
13:29:10 Server: Object 2:4439 not found (message Type_100)
13:29:10 Server: Object 2:4439 not found (message Type_168)
13:29:10 Server: Object 2:4439 not found (message Type_468)
13:29:10 Server: Object 2:4443 not found (message Type_128)
13:29:10 Error: Object(2 : 4443) not found
13:29:10 Server: Object 2:4443 not found (message Type_100)
13:29:10 Server: Object 2:4443 not found (message Type_168)
13:29:10 Server: Object 2:4443 not found (message Type_468)
13:29:10 Server: Object 2:4444 not found (message Type_128)
13:29:10 Error: Object(2 : 4444) not found
13:29:10 Server: Object 2:4444 not found (message Type_100)
13:29:10 Server: Object 2:4444 not found (message Type_168)
13:29:10 Server: Object 2:4444 not found (message Type_468)
13:29:10 Server: Object 2:4448 not found (message Type_128)
13:29:10 Error: Object(2 : 4448) not found
13:29:10 Server: Object 2:4448 not found (message Type_100)
13:29:10 Server: Object 2:4448 not found (message Type_168)
13:29:10 Server: Object 2:4448 not found (message Type_468)
13:29:10 Server: Object 2:4449 not found (message Type_128)
13:29:10 Error: Object(2 : 4449) not found
13:29:10 Server: Object 2:4449 not found (message Type_100)
13:29:10 Server: Object 2:4449 not found (message Type_168)
13:29:10 Server: Object 2:4449 not found (message Type_468)
13:29:10 Server: Object 2:4453 not found (message Type_128)
13:29:10 Error: Object(2 : 4453) not found
13:29:10 Server: Object 2:4453 not found (message Type_100)
13:29:10 Server: Object 2:4453 not found (message Type_168)
13:29:10 Server: Object 2:4453 not found (message Type_468)
13:29:10 Server: Object 2:4454 not found (message Type_128)
13:29:10 Error: Object(2 : 4454) not found
13:29:10 Server: Object 2:4454 not found (message Type_100)
13:29:10 Server: Object 2:4454 not found (message Type_168)
13:29:10 Server: Object 2:4454 not found (message Type_468)
13:29:10 Server: Object 2:4458 not found (message Type_128)
13:29:10 Error: Object(2 : 4458) not found
13:29:10 Server: Object 2:4458 not found (message Type_100)
13:29:10 Server: Object 2:4458 not found (message Type_168)
13:29:10 Server: Object 2:4458 not found (message Type_468)
13:29:10 Server: Object 2:4459 not found (message Type_128)
13:29:10 Error: Object(2 : 4459) not found
13:29:10 Server: Object 2:4459 not found (message Type_100)
13:29:10 Server: Object 2:4459 not found (message Type_168)
13:29:10 Server: Object 2:4459 not found (message Type_468)
13:29:10 Server: Object 2:4463 not found (message Type_128)
13:29:10 Error: Object(2 : 4463) not found
13:29:10 Server: Object 2:4463 not found (message Type_100)
13:29:10 Server: Object 2:4463 not found (message Type_168)
13:29:10 Server: Object 2:4463 not found (message Type_468)
13:29:10 Server: Object 2:4464 not found (message Type_128)
13:29:10 Error: Object(2 : 4464) not found
13:29:10 Server: Object 2:4464 not found (message Type_100)
13:29:10 Server: Object 2:4464 not found (message Type_168)
13:29:10 Server: Object 2:4464 not found (message Type_468)
13:29:10 Server: Object 2:4468 not found (message Type_128)
13:29:10 Error: Object(2 : 4468) not found
13:29:10 Server: Object 2:4468 not found (message Type_100)
13:29:10 Server: Object 2:4468 not found (message Type_168)
13:29:10 Server: Object 2:4468 not found (message Type_468)
13:29:10 Server: Object 2:4469 not found (message Type_128)
13:29:10 Error: Object(2 : 4469) not found
13:29:10 Server: Object 2:4469 not found (message Type_100)
13:29:10 Server: Object 2:4469 not found (message Type_168)
13:29:10 Server: Object 2:4469 not found (message Type_468)
13:29:10 Server: Object 2:4473 not found (message Type_128)
13:29:10 Error: Object(2 : 4473) not found
13:29:10 Server: Object 2:4473 not found (message Type_100)
13:29:10 Server: Object 2:4473 not found (message Type_168)
13:29:10 Server: Object 2:4473 not found (message Type_468)
13:29:10 Server: Object 2:4474 not found (message Type_128)
13:29:10 Error: Object(2 : 4474) not found
13:29:10 Server: Object 2:4474 not found (message Type_100)
13:29:10 Server: Object 2:4474 not found (message Type_168)
13:29:10 Server: Object 2:4474 not found (message Type_468)
13:29:10 d:\Bis\Source\Profile\Futura\lib\Network\networkServer.cpp NetworkServer::OnClientStateChanged:NOT IMPLEMENTED - briefing!
13:29:10 Server: SetServerState to BRIEFING
13:29:29 "Advanced Sling Loading Loading..."
13:29:29 "Advanced Sling Loading Loaded"
13:29:29 [CBA] (xeh) INFO: [214236,4253.76,0] PostInit started. MISSIONINIT: missionName=Zeus_Kunduz_River, missionVersion=54, worldName=kunduz_valley, isMultiplayer=true, isServer=true, isDedicated=true, CBA_isHeadlessClient=false, hasInterface=false, didJIP=false
13:29:30 [CBA] (versioning) INFO: [214236,4253.91,0] VERSIONING:cba=3.18.4.250711, zen=1.15.1.36, ace=3.20.0.104, tfar=1.-1.0.334, ctab=2.3.0.0, kat=3.1.2, zeus_additions=1.6.10.0
13:29:30 [ACE] (common) INFO: ACE is version 3.20.0.104 - CBA is version 3.18.4.250711 (min required 3.18.2)
13:29:30 [ZEUS_ADDITIONS] (main) INFO: PostInit: didJIP: false - Functions sent: false
13:29:30 [CBA] (xeh) INFO: [214236,4254.28,0] PostInit finished.
13:29:30 [ZEUS_ADDITIONS] (main) INFO: Init: Net mode: DedicatedServer - ZEUS_ADDITIONS loaded: true - clientOwner 2
13:29:30 [ACE] (common) INFO: Settings initialized.
13:29:30 [ACE] (common) INFO: 0 delayed functions running.
13:29:30 [ACE] (refuel) WARNING: World kunduz_valley: ace_refuel_positions is not configured; can load slower
13:29:30 ca\misc_e\camonet_east_var1_ep1.p3d: house, config class missing
13:29:31 ca\misc_e\camonet_east_var1_ep1.p3d: house, config class missing
13:29:31 ca\misc_e\camonet_east_var1_ep1.p3d: house, config class missing
13:29:31 ca\misc_e\camonet_east_var1_ep1.p3d: house, config class missing
13:29:31 ca\misc_e\camonet_east_var1_ep1.p3d: house, config class missing
13:29:31 ca\misc_e\camonet_east_var1_ep1.p3d: house, config class missing
13:29:31 ca\misc_e\camonet_east_var1_ep1.p3d: house, config class missing
13:29:31 Strange convex component04 in a3\structures_f\households\slum\slum_house02_ruins_f.p3d:geometryFire
13:29:31 Strange convex component03 in a3\structures_f\households\slum\slum_house02_ruins_f.p3d:geometryView
13:29:31 ca\misc_e\camonet_east_var1_ep1.p3d: house, config class missing
13:29:31 ca\misc_e\camonet_east_var1_ep1.p3d: house, config class missing
13:29:31 SW keep height animation used for ca\misc\jeept.p3d
13:29:31 ca\misc_e\camonet_east_var1_ep1.p3d: house, config class missing
13:29:31 ca\misc_e\camonet_east_var1_ep1.p3d: house, config class missing
13:29:31 ca\misc_e\camonet_east_var1_ep1.p3d: house, config class missing
13:29:31 ca\misc_e\camonet_east_var1_ep1.p3d: house, config class missing
13:29:31 ca\misc_e\camonet_east_var1_ep1.p3d: house, config class missing
13:29:31 ca\misc_e\camonet_east_var1_ep1.p3d: house, config class missing
13:29:31 ca\misc_e\camonet_east_var1_ep1.p3d: house, config class missing
13:29:32 ca\misc_e\camonet_nato_var1_ep1.p3d: house, config class missing
13:32:42 Server: SetServerState to SELECTING MISSION
13:32:42 A null object passed as a target to RemoteExec(Call) 'bis_fnc_objectvar'
