=====================================================================
== C:\3rdID_Server2\Server2\arma3serverprofiling_x64.exe
== "arma3serverprofiling_x64.exe"   -steamAppId=107410  -port=2312  -config="C:\3rdID_Server2\Server2\Servers\_641fb88761ae466a9e5954b4eff0ed26\server_config.cfg"  "-cfg=C:\3rdID_Server2\Server2\Servers\_641fb88761ae466a9e5954b4eff0ed26\server_basic.cfg"  "-profiles=C:\3rdID_Server2\Server2\Servers\_641fb88761ae466a9e5954b4eff0ed26"  -name=_641fb88761ae466a9e5954b4eff0ed26  "-mod=@CBA_A3;@3den_Enhanced;@RHSUSAF;@RHSAFRF;@RHSGREF;@RHSSAF;@Project_OPFOR;@3rd_Infantry_Division_Mod;@ace;@Aduke_OH_58_Kiowa;@Zeus_Enhanced;@Hatchet_Interaction_Framework__Stable_Version;@BackpackOnChest__Redux;@Jbad;@AH_64D_Official_Project;@Ctab_Devastator_Edition;@CUP_Terrains__Core;@CUP_Terrains__Maps;@DUI__Squad_Radar;@Gruppe_Adler_Trenches;@Hatchet_H_60_pack__Stable_Version;@KAT__Advanced_Medical;@Military_Gear_Pack;@Project_RACS_2023;@Task_Force_Arrowhead_Radio_BETA__;@Tembelan_Island;@Tier_1_Artillery_Mod;@Virolahti__Valtatie_7;@VS_ACE_Static_Line_Jump;@W28;@Zeus_Additions;@M1128_Stryker_MGS;@Kunduz_River;@Anizay;@AdvancedSlingLoadingRopePatch;@LAMBS_Danger_fsm;@LAMBS_RPG;"  -enableHT  -netlog  -noBattlEye  -filePatching

Original output filename: Arma3RetailProfile_Server_x64
Exe timestamp: 2025/06/18 17:17:10
Current time:  2025/08/15 14:06:59

Type: Public
Build: Profile
Version: 2.20.152960

Allocator: C:\3rdID_Server2\Server2\Dll\tbb4malloc_bi_x64.dll [2017.0.0.0] [2017.0.0.0]
PhysMem: 64 GiB, VirtMem : 131072 GiB, AvailPhys : 55 GiB, AvailVirt : 131068 GiB, AvailPage : 57 GiB, PageSize : 4.0 KiB/2.0 MiB/HasLockMemory, CPUCount : 16
=====================================================================

14:06:59 Steam beta branch: none
14:06:59 Detected number of DLCs: 23
14:06:59 ---------------------------------------------------------- Game ----------------------------------------------------------
14:06:59                                                                name      appId   owned  installed  available   isDlc
14:06:59                                                              Arma 3     107410     yes        yes        yes      no
14:06:59                                                             Unknown         -1      no         no         no     yes
14:06:59 ---------------------------------------------------------- Dlcs ----------------------------------------------------------
14:06:59  index                                                         name      appId   owned  installed  available   isDlc
14:06:59      0                                                  Arma 3 Maps     249861     yes        yes         no     yes
14:06:59      1                                        Arma 3 Tactical Guide     249862     yes        yes         no     yes
14:06:59      2                                                  Arma 3 Zeus     275700     yes        yes        yes     yes
14:06:59      3                                                 Arma 3 Karts     288520     yes        yes        yes     yes
14:06:59      4                                           Arma 3 Helicopters     304380     yes        yes        yes     yes
14:06:59      5                                          Arma 3 DLC Bundle 1     304400     yes        yes         no     yes
14:06:59      6                                              Arma 3 Marksmen     332350     yes        yes        yes     yes
14:06:59      7                                                  Arma 3 Apex     395180     yes        yes        yes     yes
14:06:59      8                                           Arma 3 Laws of War     571710     yes        yes        yes     yes
14:06:59      9                                                  Arma 3 Jets     601670     yes        yes        yes     yes
14:06:59     10                                          Arma 3 DLC Bundle 2     612480      no         no         no     yes
14:06:59     11                                                Arma 3 Malden     639600     yes        yes        yes     yes
14:06:59     12                                  Arma 3 Tac-Ops Mission Pack     744950     yes        yes        yes     yes
14:06:59     13                                                 Arma 3 Tanks     798390     yes        yes        yes     yes
14:06:59     14                                               Arma 3 Contact    1021790     yes        yes        yes     yes
14:06:59     15   Arma 3 Creator DLC: Global Mobilization - Cold War Germany    1042220      no         no        yes     yes
14:06:59     16                           Arma 3 Creator DLC: Spearhead 1944    1175380      no         no        yes     yes
14:06:59     17                      Arma 3 Creator DLC: S.O.G. Prairie Fire    1227700     yes        yes        yes     yes
14:06:59     18                        Arma 3 Creator DLC: CSLA Iron Curtain    1294440      no         no        yes     yes
14:06:59     19                                            Arma 3 Art of War    1325500     yes        yes        yes     yes
14:06:59     20                           Arma 3 Creator DLC: Western Sahara    1681170     yes        yes        yes     yes
14:06:59     21                          Arma 3 Creator DLC: Reaction Forces    2647760     yes        yes        yes     yes
14:06:59     22                     Arma 3 Creator DLC: Expeditionary Forces    2647830      no         no        yes     yes
14:06:59 --------------------------------------------------------------------------------------------------------------------------
14:06:59 Entering off-line mode. Callbacks and content list updates will not work.
14:06:59 Initializing stats manager.
14:06:59 Stats config disabled.
14:06:59 sessionID: b45eab7ddcd62d2d3ca448fa180a02560a4e2f01
14:07:01 Item STR_mgs_green listed twice
14:07:01  ➥ Context: mgs\stringtable.xml
14:07:01 Unsupported language English in stringtable
14:07:01  ➥ Context: mgs\stringtable.xml
14:07:01 Unexpected stringtable format inside <Text ID="STR_TFAR_EXTERNAL_INTERCOM_SOMEONE_USING_PHONE"><Original>
14:07:01 Unexpected stringtable format inside <Text ID="STR_TFAR_EXTERNAL_INTERCOM_SOMEONE_USING_PHONE"><English>
14:07:01 Unexpected stringtable format inside <Text ID="STR_TFAR_EXTERNAL_INTERCOM_SOMEONE_USING_PHONE"><Czech>
14:07:01 Unexpected stringtable format inside <Text ID="STR_TFAR_EXTERNAL_INTERCOM_SOMEONE_USING_PHONE"><Russian>
14:07:01 Unexpected stringtable format inside <Text ID="STR_TFAR_EXTERNAL_INTERCOM_SOMEONE_USING_PHONE"><Italian>
14:07:01 Unexpected stringtable format inside <Text ID="STR_TFAR_EXTERNAL_INTERCOM_HEADGEAR_NOT_WIRELESS_CAPABLE"><Original>
14:07:01 Unexpected stringtable format inside <Text ID="STR_TFAR_EXTERNAL_INTERCOM_HEADGEAR_NOT_WIRELESS_CAPABLE"><English>
14:07:01 Unexpected stringtable format inside <Text ID="STR_TFAR_EXTERNAL_INTERCOM_HEADGEAR_NOT_WIRELESS_CAPABLE"><Czech>
14:07:01 Unexpected stringtable format inside <Text ID="STR_TFAR_EXTERNAL_INTERCOM_HEADGEAR_NOT_WIRELESS_CAPABLE"><Russian>
14:07:01 Unexpected stringtable format inside <Text ID="STR_TFAR_EXTERNAL_INTERCOM_HEADGEAR_NOT_WIRELESS_CAPABLE"><Italian>
14:07:01 Unsupported language English in stringtable
14:07:01  ➥ Context: z\tfar\addons\external_intercom\stringtable.xml
14:07:01 Unsupported language English in stringtable
14:07:01  ➥ Context: ca\language\stringtable.xml
14:07:02 Unsupported language English in stringtable
14:07:02  ➥ Context: CUP\Terrains\cup_terrains_compositions\stringtable.xml
14:07:02 Unsupported language English in stringtable
14:07:02  ➥ Context: CUP\Terrains\cup_terrains_music\stringtable.xml
14:07:02 Unsupported language English in stringtable
14:07:02  ➥ Context: rhsafrf\addons\rhs_main\stringtable.xml
14:07:02 Conflicting addon tweed_uaf_21_cfg in 'tweed_uaf_21_cfg\', previous definition in 'tweed_uaf_21\'
14:07:06 Config 'CUP\Terrains\cup_terrains_dummy\config.bin' contains a duplicate CfgPatches entry 'CA_Animals2', which was previously defined in 'ca\animals2\config.bin', the duplicate is SKIPPED.
14:07:06 Config 'tweed_uaf_21_cfg\config.bin' contains a duplicate CfgPatches entry 'tweed_uaf_21_cfg', which was previously defined in 'tweed_uaf_21\config.bin', the duplicate is SKIPPED.
14:07:06 Skipped loading of addon 'cba_jam_ws' as required addon 'data_f_lxWS_Loadorder' is not present
14:07:06 Skipped loading of addon 'lambs_rpgSOG' as required addon 'loadorder_f_vietnam' is not present
14:07:06 Skipped loading of addon 'ace_compat_gm_hearing' as required addon 'gm_core' is not present
14:07:06 Skipped loading of addon 'cba_jam_spe' as required addon 'WW2_SPE_Core_c_ZZZ_LastLoaded_c' is not present
14:07:06 Skipped loading of addon 'cba_jam_csla' as required addon 'CSLA' is not present
14:07:06 Skipped loading of addon 'ace_compat_spe_csw' as required addon 'ww2_spe_assets_c_weapons_infantryweapons_c' is not present
14:07:06 Skipped loading of addon 'HCT_vn' as required addon 'loadorder_f_vietnam' is not present
14:07:06 Skipped loading of addon 'ace_compat_cfp' as required addon 'cfp_main' is not present
14:07:06 Skipped loading of addon 'ace_compat_gm_repair' as required addon 'gm_core' is not present
14:07:06 Skipped loading of addon 'ace_compat_sma3_iansky' as required addon 'iansky_opt' is not present
14:07:06 Skipped loading of addon 'ace_compat_aegis_hearing' as required addon 'A3_Aegis_Characters_F_Aegis_Headgear' is not present
14:07:06 Skipped loading of addon 'ace_compat_ef' as required addon 'EF_Weapons' is not present
14:07:06 Skipped loading of addon 'ace_compat_sog_trenches' as required addon 'loadorder_f_vietnam' is not present
14:07:06 Skipped loading of addon 'ace_compat_gm_csw' as required addon 'gm_weapons_ammo' is not present
14:07:06 Skipped loading of addon 'ace_compat_rh_m4' as required addon 'RH_m4_cfg' is not present
14:07:06 Skipped loading of addon 'ace_compat_cup_vehicles' as required addon 'CUP_Vehicles_LoadOrder' is not present
14:07:06 Skipped loading of addon 'ace_compat_rh_de' as required addon 'RH_de_cfg' is not present
14:07:06 Skipped loading of addon 'ace_compat_cup_weapons_javelin' as required addon 'CUP_Weapons_LoadOrder' is not present
14:07:06 Skipped loading of addon 'ace_compat_cup_weapons_missileguidance' as required addon 'CUP_Weapons_LoadOrder' is not present
14:07:06 Skipped loading of addon 'ace_compat_sog_repair' as required addon 'loadorder_f_vietnam' is not present
14:07:06 Skipped loading of addon 'ace_compat_cup_units' as required addon 'CUP_Creatures_People_LoadOrder' is not present
14:07:06 Skipped loading of addon 'vtx_uh60_acre' as required addon 'acre_main' is not present
14:07:06 Skipped loading of addon 'ace_compat_cup_vehicles_trenches' as required addon 'CUP_Vehicles_LoadOrder' is not present
14:07:06 Skipped loading of addon 'fza_compat_cup' as required addon 'CUP_TrackedVehicles_NewM113' is not present
14:07:06 Skipped loading of addon 'ace_compat_cup_vehicles_fastroping' as required addon 'CUP_Vehicles_LoadOrder' is not present
14:07:06 Skipped loading of addon 'ace_compat_gm_explosives' as required addon 'gm_core' is not present
14:07:06 Skipped loading of addon 'ace_compat_aegis_javelin' as required addon 'A3_Aegis_Weapons_F_Aegis' is not present
14:07:06 Skipped loading of addon 'ace_compat_spe_hearing' as required addon 'ww2_spe_assets_c_weapons_infantryweapons_c' is not present
14:07:06 Skipped loading of addon 'ace_compat_cup_vehicles_repair' as required addon 'CUP_Vehicles_LoadOrder' is not present
14:07:06 Skipped loading of addon 'ace_compat_sog_hearing' as required addon 'loadorder_f_vietnam' is not present
14:07:06 Skipped loading of addon 'ace_compat_spe_explosives' as required addon 'ww2_spe_assets_c_weapons_infantryweapons_c' is not present
14:07:06 Skipped loading of addon 'ace_compat_gm' as required addon 'gm_core' is not present
14:07:06 Skipped loading of addon 'ace_compat_gm_trenches' as required addon 'gm_core' is not present
14:07:06 Skipped loading of addon 'ace_compat_cup_weapons_nightvision' as required addon 'CUP_Weapons_LoadOrder' is not present
14:07:06 Skipped loading of addon 'ace_compat_spe_refuel' as required addon 'ww2_spe_assets_c_weapons_infantryweapons_c' is not present
14:07:06 Skipped loading of addon 'ace_compat_spe_trenches' as required addon 'ww2_spe_assets_c_weapons_infantryweapons_c' is not present
14:07:06 Skipped loading of addon 'cba_jr_gm' as required addon 'gm_weapons_attachments_optics_feroz24' is not present
14:07:06 Skipped loading of addon 'ace_compat_ws' as required addon 'data_f_lxWS_Loadorder' is not present
14:07:06 Skipped loading of addon 'ace_compat_rh_acc' as required addon 'RH_acc' is not present
14:07:06 Skipped loading of addon 'lambs_rpgCUP' as required addon 'CUP_Weapons_WeaponsData' is not present
14:07:06 Skipped loading of addon 'ace_compat_r3f' as required addon 'r3f_armes_c' is not present
14:07:06 Skipped loading of addon 'ace_compat_sog_trenches_grad' as required addon 'loadorder_f_vietnam' is not present
14:07:06 Skipped loading of addon 'ace_compat_aegis_vehicles' as required addon 'A3_Aegis_Armor_F_Aegis_MBT_01' is not present
14:07:06 Skipped loading of addon 'ace_compat_sog' as required addon 'loadorder_f_vietnam' is not present
14:07:06 Skipped loading of addon 'ace_compat_ef_realisticnames' as required addon 'EF_hunter' is not present
14:07:06 Skipped loading of addon 'ace_compat_csla_explosives' as required addon 'CSLA' is not present
14:07:06 Skipped loading of addon 'ace_compat_rf_realisticnames' as required addon 'RF_Data_Loadorder' is not present
14:07:06 Skipped loading of addon 'ace_compat_ws_repair' as required addon 'data_f_lxWS_Loadorder' is not present
14:07:06 Skipped loading of addon 'ace_compat_rf_nouniformrestrictions' as required addon 'RF_Data_Loadorder' is not present
14:07:06 Skipped loading of addon 'ace_compat_spe' as required addon 'ww2_spe_assets_c_weapons_infantryweapons_c' is not present
14:07:06 Skipped loading of addon 'ace_compat_cup_weapons' as required addon 'CUP_Weapons_LoadOrder' is not present
14:07:06 Skipped loading of addon 'ace_compat_gm_refuel' as required addon 'gm_core' is not present
14:07:06 Skipped loading of addon 'ace_compat_cup_units_nouniformrestrictions' as required addon 'CUP_Creatures_People_LoadOrder' is not present
14:07:06 Skipped loading of addon 'ace_compat_rksl_pm_ii' as required addon 'RKSL_PMII' is not present
14:07:06 Skipped loading of addon 'ace_compat_ws_nouniformrestrictions' as required addon 'data_f_lxWS_Loadorder' is not present
14:07:06 Skipped loading of addon 'fza_compat_pook' as required addon 'pook_SAM_Base' is not present
14:07:06 Skipped loading of addon 'ace_compat_rh_pdw' as required addon 'RH_PDW' is not present
14:07:06 Skipped loading of addon 'ace_compat_gm_missileguidance' as required addon 'gm_weapons_ammo' is not present
14:07:06 Skipped loading of addon 'ace_compat_rf' as required addon 'RF_Data_Loadorder' is not present
14:07:06 Skipped loading of addon 'ace_compat_ef_hearing' as required addon 'EF_Weapons' is not present
14:07:06 Skipped loading of addon 'ace_compat_ws_vehicles' as required addon 'data_f_lxWS_Loadorder' is not present
14:07:06 Skipped loading of addon 'ace_compat_aegis_realisticnames' as required addon 'A3_Aegis_Armor_F_Aegis_APC_Wheeled_01' is not present
14:07:06 Skipped loading of addon 'ace_compat_ws_realisticnames' as required addon 'data_f_lxWS_Loadorder' is not present
14:07:06 Skipped loading of addon 'ace_compat_sog_refuel' as required addon 'loadorder_f_vietnam' is not present
14:07:06 Skipped loading of addon 'ace_compat_cup_weapons_csw' as required addon 'CUP_Weapons_LoadOrder' is not present
14:07:06 Skipped loading of addon 'cba_xeh_sog' as required addon 'loadorder_f_vietnam' is not present
14:07:06 Skipped loading of addon 'cba_xeh_ws' as required addon 'data_f_lxWS' is not present
14:07:06 Skipped loading of addon 'cba_jam_vn' as required addon 'loadorder_f_vietnam' is not present
14:07:06 Skipped loading of addon 'cba_xeh_contact' as required addon 'A3_Data_F_Contact' is not present
14:07:06 Skipped loading of addon 'ace_compat_spe_repair' as required addon 'ww2_spe_assets_c_weapons_infantryweapons_c' is not present
14:07:06 Skipped loading of addon 'ace_compat_ws_realisticweights' as required addon 'data_f_lxWS_Loadorder' is not present
14:07:06 Skipped loading of addon 'ace_compat_cup_vehicles_refuel' as required addon 'CUP_Vehicles_LoadOrder' is not present
14:07:06 Skipped loading of addon 'cba_jam_gm' as required addon 'gm_weapons_launchers_carlgustaf' is not present
14:07:06 Skipped loading of addon 'ace_compat_cup_weapons_explosives' as required addon 'CUP_Weapons_LoadOrder' is not present
14:07:06 Skipped loading of addon 'cba_xeh_csla' as required addon 'CSLA' is not present
14:07:06 Skipped loading of addon 'ace_compat_csla' as required addon 'CSLA' is not present
14:07:06 Warning, config 'tweed_uaf_21_cfg\config.bin' contained invalid CfgPatches entry with extra required Addon 'A3_Characters_F'. Invalid CfgPatches entries are invalid. A temporary workaround is being applied, this mod will soon stop working
14:07:06 Updating base class ->SensorTemplateAntiRadiation, by a3\data_f\config.bin/SensorTemplateActiveRadar/ (original a3\data_f\config.bin)
14:07:06 Updating base class ->SensorTemplateAntiRadiation, by a3\data_f\config.bin/SensorTemplateLaser/ (original a3\data_f\config.bin)
14:07:06 Updating base class ->Strategic, by a3\data_f\config.bin/CfgVehicles/ReammoBox/ (original a3\data_f\config.bin)
14:07:06 Updating base class ->NonStrategic, by a3\data_f\config.bin/CfgVehicles/HouseBase/ (original a3\data_f\config.bin)
14:07:06 Updating base class ->DestructionEffects, by a3\data_f\config.bin/CfgVehicles/House/DestructionEffects/ (original a3\data_f\config.bin)
14:07:06 Updating base class RscShortcutButton->RscButton, by a3\editor_f\config.bin/RscDisplayEditObject/Controls/B_OK/ (original bin\config.bin)
14:07:06 Updating base class RscSliderH->RscXSliderH, by a3\editor_f\config.bin/RscDisplayEditObject/Slider/ (original bin\config.bin)
14:07:06 Updating base class RscText->RscPicture, by a3\editor_f\config.bin/RscDisplayEditObject/Preview/ (original bin\config.bin)
14:07:06 Updating base class RscShortcutButton->RscButton, by a3\editor_f\config.bin/RscDisplayMissionLoad/Controls/B_OK/ (original bin\config.bin)
14:07:06 Updating base class RscShortcutButton->RscButton, by a3\editor_f\config.bin/RscDisplayMissionSave/Controls/B_OK/ (original bin\config.bin)
14:07:06 Updating base class ->EtelkaMonospacePro, by a3\uifonts_f\config.bin/CfgFontFamilies/EtelkaMonospaceProBold/ (original ca\uifonts\config.bin)
14:07:06 Updating base class ->RscControlsGroup, by a3\ui_f\config.bin/RscControlsGroupNoScrollbars/ (original a3\ui_f\config.bin)
14:07:06 Updating base class ->RscControlsGroup, by a3\ui_f\config.bin/RscControlsGroupNoHScrollbars/ (original a3\ui_f\config.bin)
14:07:06 Updating base class ->RscControlsGroup, by a3\ui_f\config.bin/RscControlsGroupNoVScrollbars/ (original a3\ui_f\config.bin)
14:07:06 Updating base class ->RscText, by a3\ui_f\config.bin/RscLine/ (original a3\ui_f\config.bin)
14:07:06 Updating base class ->RscActiveText, by a3\ui_f\config.bin/RscActivePicture/ (original a3\ui_f\config.bin)
14:07:06 Updating base class ->RscButton, by a3\ui_f\config.bin/RscButtonTextOnly/ (original a3\ui_f\config.bin)
14:07:06 Updating base class ->RscShortcutButton, by a3\ui_f\config.bin/RscShortcutButtonMain/ (original a3\ui_f\config.bin)
14:07:06 Updating base class ->RscShortcutButton, by a3\ui_f\config.bin/RscButtonEditor/ (original a3\ui_f\config.bin)
14:07:06 Updating base class ->RscShortcutButton, by a3\ui_f\config.bin/RscIGUIShortcutButton/ (original a3\ui_f\config.bin)
14:07:06 Updating base class ->RscShortcutButton, by a3\ui_f\config.bin/RscGearShortcutButton/ (original a3\ui_f\config.bin)
14:07:06 Updating base class ->RscShortcutButton, by a3\ui_f\config.bin/RscButtonMenu/ (original a3\ui_f\config.bin)
14:07:06 Updating base class ->RscButtonMenu, by a3\ui_f\config.bin/RscButtonMenuOK/ (original a3\ui_f\config.bin)
14:07:06 Updating base class ->RscButtonMenu, by a3\ui_f\config.bin/RscButtonMenuCancel/ (original a3\ui_f\config.bin)
14:07:06 Updating base class ->RscButtonMenu, by a3\ui_f\config.bin/RscButtonMenuSteam/ (original a3\ui_f\config.bin)
14:07:06 Updating base class ->RscText, by a3\ui_f\config.bin/RscLoadingText/ (original a3\ui_f\config.bin)
14:07:06 Updating base class ->RscListBox, by a3\ui_f\config.bin/RscIGUIListBox/ (original a3\ui_f\config.bin)
14:07:06 Updating base class ->RscListNBox, by a3\ui_f\config.bin/RscIGUIListNBox/ (original a3\ui_f\config.bin)
14:07:06 Updating base class ->RscText, by a3\ui_f\config.bin/RscBackground/ (original a3\ui_f\config.bin)
14:07:06 Updating base class ->RscText, by a3\ui_f\config.bin/RscBackgroundGUI/ (original a3\ui_f\config.bin)
14:07:06 Updating base class ->RscPicture, by a3\ui_f\config.bin/RscBackgroundGUILeft/ (original a3\ui_f\config.bin)
14:07:06 Updating base class ->RscPicture, by a3\ui_f\config.bin/RscBackgroundGUIRight/ (original a3\ui_f\config.bin)
14:07:06 Updating base class ->RscPicture, by a3\ui_f\config.bin/RscBackgroundGUIBottom/ (original a3\ui_f\config.bin)
14:07:06 Updating base class ->RscText, by a3\ui_f\config.bin/RscBackgroundGUITop/ (original a3\ui_f\config.bin)
14:07:06 Updating base class ->RscText, by a3\ui_f\config.bin/RscBackgroundGUIDark/ (original a3\ui_f\config.bin)
14:07:06 Updating base class ->RscPictureKeepAspect, by a3\ui_f\config.bin/RscBackgroundLogo/ (original a3\ui_f\config.bin)
14:07:06 Updating base class ->RscMapControl, by a3\ui_f\config.bin/RscMapControlEmpty/ (original a3\ui_f\config.bin)
14:07:06 Updating base class ->RscPicture, by a3\ui_f\config.bin/CA_Mainback/ (original a3\ui_f\config.bin)
14:07:06 Updating base class ->CA_Mainback, by a3\ui_f\config.bin/CA_Back/ (original a3\ui_f\config.bin)
14:07:06 Updating base class ->CA_Mainback, by a3\ui_f\config.bin/CA_Title_Back/ (original a3\ui_f\config.bin)
14:07:06 Updating base class ->CA_Mainback, by a3\ui_f\config.bin/CA_Black_Back/ (original a3\ui_f\config.bin)
14:07:06 Updating base class ->RscTitle, by a3\ui_f\config.bin/CA_Title/ (original a3\ui_f\config.bin)
14:07:06 Updating base class ->RscPictureKeepAspect, by a3\ui_f\config.bin/CA_Logo/ (original a3\ui_f\config.bin)
14:07:06 Updating base class ->CA_Logo, by a3\ui_f\config.bin/CA_Logo_Small/ (original a3\ui_f\config.bin)
14:07:06 Updating base class ->RscButton, by a3\ui_f\config.bin/CA_RscButton/ (original a3\ui_f\config.bin)
14:07:06 Updating base class ->CA_RscButton, by a3\ui_f\config.bin/CA_RscButton_dialog/ (original a3\ui_f\config.bin)
14:07:06 Updating base class ->RscActiveText, by a3\ui_f\config.bin/CA_Ok/ (original a3\ui_f\config.bin)
14:07:06 Updating base class ->RscText, by a3\ui_f\config.bin/CA_Ok_image/ (original a3\ui_f\config.bin)
14:07:06 Updating base class ->RscText, by a3\ui_f\config.bin/CA_Ok_image2/ (original a3\ui_f\config.bin)
14:07:06 Updating base class ->RscText, by a3\ui_f\config.bin/CA_Ok_text/ (original a3\ui_f\config.bin)
14:07:06 Updating base class ->RscPicture, by a3\ui_f\config.bin/RscVignette/ (original a3\ui_f\config.bin)
14:07:06 Updating base class ->RscControlsGroupNoScrollbars, by a3\ui_f\config.bin/RscMapControlTooltip/ (original a3\ui_f\config.bin)
14:07:06 Updating base class RscUnitInfo->RscUnitInfoAirNoWeapon, by a3\ui_f\config.bin/RscInGameUI/RscUnitInfoAir/ (original a3\ui_f\config.bin)
14:07:06 Updating base class RscControlsGroup->RscControlsGroupNoScrollbars, by a3\ui_f\config.bin/RscInGameUI/RscTaskOverview/controls/TaskOverviewAssigned/ (original bin\config.bin)
14:07:06 Updating base class RscShortcutButton->RscButtonMenu, by a3\ui_f\config.bin/RscDisplayDebug/Controls/B_OK/ (original bin\config.bin)
14:07:06 Updating base class RscShortcutButton->RscButtonMenu, by a3\ui_f\config.bin/RscDisplayDebug/Controls/B_Cancel/ (original bin\config.bin)
14:07:06 Updating base class RscShortcutButton->RscButtonMenu, by a3\ui_f\config.bin/RscDisplayDebug/Controls/B_Clear/ (original bin\config.bin)
14:07:06 Updating base class ->RscText, by a3\ui_f\config.bin/RscDisplayCapture/controls/TimeLines/ (original bin\config.bin)
14:07:06 Updating base class RscShortcutButton->RscButtonMenu, by a3\ui_f\config.bin/RscDisplayCapture/controls/ButtonAverages/ (original bin\config.bin)
14:07:06 Updating base class RscShortcutButton->RscButtonMenu, by a3\ui_f\config.bin/RscDisplayCapture/controls/ButtonSavePreviousData/ (original bin\config.bin)
14:07:06 Updating base class RscShortcutButton->RscButtonMenu, by a3\ui_f\config.bin/RscDisplayCapture/controls/ButtonPreviousData/ (original bin\config.bin)
14:07:06 Updating base class RscPicture->RscPictureKeepAspect, by a3\ui_f\config.bin/RscDisplayMain/IconPicture/ (original bin\config.bin)
14:07:06 Updating base class IconPicture->RscPictureKeepAspect, by a3\ui_f\config.bin/RscDisplayMain/DlcOwnedIconPicture/ (original a3\ui_f\config.bin)
14:07:06 Updating base class IconPicture->RscPictureKeepAspect, by a3\ui_f\config.bin/RscDisplayMain/DlcIconPicture/ (original a3\ui_f\config.bin)
14:07:06 Updating base class RscControlsGroup->RscControlsGroupNoScrollbars, by a3\ui_f\config.bin/RscDisplayCampaignLoad/controls/OverviewGroup/ (original bin\config.bin)
14:07:06 Updating base class RscButton->RscButtonSearch, by a3\ui_f\config.bin/RscDisplayCampaignLoad/controls/SearchButton/ (original bin\config.bin)
14:07:06 Updating base class RscShortcutButton->RscButtonMenuCancel, by a3\ui_f\config.bin/RscDisplayCampaignLoad/controls/ButtonCancel/ (original bin\config.bin)
14:07:06 Updating base class RscShortcutButton->RscButtonMenu, by a3\ui_f\config.bin/RscDisplayCampaignLoad/controls/ButtonGameOptions/ (original bin\config.bin)
14:07:06 Updating base class RscShortcutButton->RscButtonMenuSteam, by a3\ui_f\config.bin/RscDisplayCampaignLoad/controls/ButtonBuyDLC/ (original bin\config.bin)
14:07:06 Updating base class RscShortcutButton->RscButtonMenu, by a3\ui_f\config.bin/RscDisplayCampaignLoad/controls/ButtonRevert/ (original bin\config.bin)
14:07:06 Updating base class RscShortcutButton->RscButtonMenuOK, by a3\ui_f\config.bin/RscDisplayCampaignLoad/controls/ButtonOK/ (original bin\config.bin)
14:07:06 Updating base class RscListBox->RscCombo, by a3\ui_f\config.bin/RscDisplayCustomizeController/Steepness/ (original bin\config.bin)
14:07:06 Updating base class ->RscStandardDisplay, by a3\ui_f\config.bin/RscDisplayControlSchemes/ (original bin\config.bin)
14:07:06 Updating base class ButtonOK->RscButtonMenuCancel, by a3\ui_f\config.bin/RscDisplayControlSchemes/controls/ButtonCancel/ (original bin\config.bin)
14:07:06 Updating base class RscButton->RscButtonMenuOK, by a3\ui_f\config.bin/RscDisplayControlSchemes/controls/ButtonOK/ (original bin\config.bin)
14:07:06 Updating base class RscPicture->RscPictureKeepAspect, by a3\ui_f\config.bin/RscDisplayFileSelectImage/controls/OverviewPicture/ (original bin\config.bin)
14:07:06 Updating base class RscShortcutButton->RscButtonMenuCancel, by a3\ui_f\config.bin/RscDisplayFieldManual/Controls/ButtonCancel/ (original bin\config.bin)
14:07:06 Cannot delete class B_KickOff, it is referenced somewhere (used as a base class probably).
14:07:06 Updating base class RscButton->RscButtonMenuCancel, by a3\ui_f\config.bin/RscDisplayPublishMission/controls/ButtonCancel/ (original bin\config.bin)
14:07:06 Updating base class RscShortcutButton->RscButtonMenuOK, by a3\ui_f\config.bin/RscDisplayPublishMissionSelectTags/controls/ButtonOK/ (original bin\config.bin)
14:07:06 Updating base class ButtonOK->RscButtonMenuCancel, by a3\ui_f\config.bin/RscDisplayPublishMissionSelectTags/controls/ButtonCancel/ (original bin\config.bin)
14:07:06 Updating base class ->RscSubmenu, by a3\ui_f\config.bin/RscMainMenu/ (original bin\config.bin)
14:07:06 Updating base class ->DistanceClose, by a3\ui_f\config.bin/CfgSimpleTasks/Icon3D/DistanceMid/ (original bin\config.bin)
14:07:06 Updating base class ->DistanceClose, by a3\ui_f\config.bin/CfgSimpleTasks/Icon3D/DistanceLong/ (original bin\config.bin)
14:07:06 Updating base class ->ShellBase, by a3\weapons_f\config.bin/CfgAmmo/ammo_Penetrator_Base/ (original a3\weapons_f\config.bin)
14:07:06 Updating base class ->MissileCore, by a3\weapons_f\config.bin/CfgAmmo/MissileBase/ (original a3\weapons_f\config.bin)
14:07:06 Updating base class ->GrenadeCore, by a3\weapons_f\config.bin/CfgAmmo/GrenadeBase/ (original a3\weapons_f\config.bin)
14:07:06 Updating base class ->BulletBase, by a3\weapons_f\config.bin/CfgAmmo/B_9x21_Ball/ (original a3\weapons_f\config.bin)
14:07:06 Updating base class ->B_19mm_HE, by a3\weapons_f\config.bin/CfgAmmo/B_30mm_HE/ (original a3\weapons_f\config.bin)
14:07:06 Updating base class ->MissileBase, by a3\weapons_f\config.bin/CfgAmmo/M_Scalpel_AT/ (original a3\weapons_f\config.bin)
14:07:06 Updating base class ->CA_Magazine, by a3\weapons_f\config.bin/CfgMagazines/VehicleMagazine/ (original a3\weapons_f\config.bin)
14:07:06 Updating base class ->VehicleMagazine, by a3\weapons_f\config.bin/CfgMagazines/6Rnd_Missile_AGM_02_F/ (original a3\weapons_f\config.bin)
14:07:06 Updating base class ->LauncherCore, by a3\weapons_f\config.bin/CfgWeapons/RocketPods/ (original a3\weapons_f\config.bin)
14:07:06 Updating base class ->LauncherCore, by a3\weapons_f\config.bin/CfgWeapons/MissileLauncher/ (original a3\weapons_f\config.bin)
14:07:06 Updating base class ->Default, by a3\weapons_f\config.bin/CfgWeapons/ItemCore/ (original a3\weapons_f\config.bin)
14:07:06 Updating base class ->InventoryItem_Base_F, by a3\weapons_f\items\config.bin/CfgWeapons/UniformItem/ (original a3\weapons_f\items\config.bin)
14:07:06 Updating base class ->InventoryItem_Base_F, by a3\weapons_f\items\config.bin/CfgWeapons/VestItem/ (original a3\weapons_f\items\config.bin)
14:07:06 Updating base class ->B_Soldier_base_F, by a3\characters_f\config.bin/CfgVehicles/B_Soldier_F/ (original a3\characters_f\config.bin)
14:07:06 Updating base class ->B_Soldier_04_f, by a3\characters_f\config.bin/CfgVehicles/B_Helipilot_F/ (original a3\characters_f\config.bin)
14:07:06 Updating base class ->ItemCore, by a3\characters_f\config.bin/CfgWeapons/Uniform_Base/ (original a3\characters_f\config.bin)
14:07:06 Updating base class ->InventoryItem_Base_F, by a3\characters_f\config.bin/CfgWeapons/HeadgearItem/ (original a3\characters_f\config.bin)
14:07:06 Updating base class ->All, by a3\sounds_f\config.bin/CfgVehicles/Sound/ (original a3\sounds_f\config.bin)
14:07:06 Updating base class ZavoraAnim->House, by ca\buildings_c\misc\config.bin/CfgVehicles/Land_zavora/ (original ca\buildings_c\config.bin)
14:07:06 Updating base class ZavoraAnim->Land_zavora_2, by ca\buildings_c\misc\config.bin/CfgVehicles/Land_zavora_2_a1/ (original ca\buildings_c\config.bin)
14:07:06 Updating base class OpenGate->, by ca\misc3_c\config.bin/CfgVehicles/ZavoraAnim/UserActions/CloseGate/ (original ca\buildings_c\config.bin)
14:07:06 Updating base class ->Turrets, by PRACS_Car\config.cpp/CfgVehicles/APC_Wheeled_02_base_F/Turrets/MainTurret/Turrets/ (original (no unload))
14:07:06 Updating base class ->ctrlDefaultText, by a3\3den\config.bin/ctrlStatic/ (original a3\3den\config.bin)
14:07:06 Updating base class ->ctrlActiveText, by a3\3den\config.bin/ctrlActivePicture/ (original a3\3den\config.bin)
14:07:06 Updating base class ->ctrlDefaultText, by a3\3den\config.bin/ctrlStructuredText/ (original a3\3den\config.bin)
14:07:06 Updating base class ->ctrlControlsGroup, by a3\3den\config.bin/ctrlControlsGroupNoScrollbars/ (original a3\3den\config.bin)
14:07:06 Updating base class ->ctrlDefault, by a3\3den\config.bin/ctrlCheckbox/ (original a3\3den\config.bin)
14:07:06 Updating base class ->ctrlCheckbox, by a3\3den\config.bin/ctrlCheckboxBaseline/ (original a3\3den\config.bin)
14:07:06 Updating base class RscText->ctrlStaticBackgroundDisable, by a3\3den\config.bin/RscDisplayOptionsAudio/ControlsBackground/BackgroundDisable/ (original a3\3den\config.bin)
14:07:06 Updating base class RscText->ctrlStaticBackgroundDisableTiles, by a3\3den\config.bin/RscDisplayOptionsAudio/ControlsBackground/BackgroundDisableTiles/ (original a3\3den\config.bin)
14:07:06 Updating base class RscText->ctrlStaticBackgroundDisable, by a3\3den\config.bin/RscDisplayConfigure/ControlsBackground/BackgroundDisable/ (original a3\3den\config.bin)
14:07:06 Updating base class RscText->ctrlStaticBackgroundDisableTiles, by a3\3den\config.bin/RscDisplayConfigure/ControlsBackground/BackgroundDisableTiles/ (original a3\3den\config.bin)
14:07:06 Updating base class RscText->ctrlStaticBackgroundDisable, by a3\3den\config.bin/RscDisplayConfigureAction/ControlsBackground/BackgroundDisable/ (original a3\3den\config.bin)
14:07:06 Updating base class RscText->ctrlStaticBackgroundDisableTiles, by a3\3den\config.bin/RscDisplayConfigureAction/ControlsBackground/BackgroundDisableTiles/ (original a3\3den\config.bin)
14:07:06 Updating base class RscText->ctrlStaticBackgroundDisable, by a3\3den\config.bin/RscDisplayConfigureControllers/ControlsBackground/BackgroundDisable/ (original a3\3den\config.bin)
14:07:06 Updating base class RscText->ctrlStaticBackgroundDisableTiles, by a3\3den\config.bin/RscDisplayConfigureControllers/ControlsBackground/BackgroundDisableTiles/ (original a3\3den\config.bin)
14:07:06 Updating base class RscText->ctrlStaticBackgroundDisable, by a3\3den\config.bin/RscDisplayGameOptions/ControlsBackground/BackgroundDisable/ (original a3\3den\config.bin)
14:07:06 Updating base class RscText->ctrlStaticBackgroundDisableTiles, by a3\3den\config.bin/RscDisplayGameOptions/ControlsBackground/BackgroundDisableTiles/ (original a3\3den\config.bin)
14:07:06 Updating base class controls->, by a3\3den\config.bin/RscDisplayArcadeMap_Layout_2/Controls/ (original a3\ui_f\config.bin)
14:07:06 Updating base class controls->, by a3\3den\config.bin/RscDisplayArcadeMap_Layout_6/Controls/ (original a3\ui_f\config.bin)
14:07:06 Updating base class ->ctrlControlsGroupNoScrollbars, by a3\3den\config.bin/Cfg3DEN/Attributes/Default/ (original a3\3den\config.bin)
14:07:06 Updating base class ->ctrlStatic, by a3\3den\config.bin/Cfg3DEN/Attributes/Title/Controls/Title/ (original a3\3den\config.bin)
14:07:06 Updating base class ->ctrlToolbox, by a3\3den\config.bin/Cfg3DEN/Attributes/Toolbox/Controls/Value/ (original a3\3den\config.bin)
14:07:07 Updating base class ->arifle_SPAR_01_base_F, by a3\weapons_f_exp\rifles\spar_01\config.bin/CfgWeapons/arifle_SPAR_01_blk_F/ (original a3\weapons_f_exp\rifles\spar_01\config.bin)
14:07:07 Updating base class Mod_Base->, by a3\data_f_destroyer\config.bin/CfgMods/Jets/ (original a3\data_f_jets\config.bin)
14:07:07 Updating base class ->FoldedFlag_01_base_F, by a3\props_f_aow\items\decorative\config.bin/CfgVehicles/FoldedFlag_01_US_F/ (original a3\props_f_aow\items\decorative\config.bin)
14:07:07 Updating base class ->asdg_OpticRail, by rhsafrf\addons\rhs_c_weapons\config.bin/asdg_OpticRail1913/ (original rhsafrf\addons\rhs_c_weapons\config.bin)
14:07:07 Updating base class ->rhs_assault_umbts, by rhsafrf\addons\rhs_c_troops\config.bin/CfgVehicles/rhs_rk_sht_30_olive/ (original rhsafrf\addons\rhs_c_troops\config.bin)
14:07:07 Updating base class ->rhs_rk_sht_30_olive_engineer, by rhsafrf\addons\rhs_c_troops\config.bin/CfgVehicles/rhs_rk_sht_30_olive_engineer_empty/ (original rhsafrf\addons\rhs_c_troops\config.bin)
14:07:07 Updating base class ->B_AssaultPack_Base, by rhsafrf\addons\rhs_c_troops\config.bin/CfgVehicles/rhs_medic_bag/ (original rhsafrf\addons\rhs_c_troops\config.bin)
14:07:07 Updating base class ->rhs_rd54, by rhsafrf\addons\rhs_c_troops\config.bin/CfgVehicles/rhs_rd54_vest/ (original rhsafrf\addons\rhs_c_troops\config.bin)
14:07:07 Updating base class ->rhs_rd54_emr1, by rhsafrf\addons\rhs_c_troops\config.bin/CfgVehicles/rhs_rd54_vest_emr1/ (original rhsafrf\addons\rhs_c_troops\config.bin)
14:07:07 Updating base class ->rhs_rpg_2, by rhsafrf\addons\rhs_c_troops\config.bin/CfgVehicles/rhs_rpg_6b3/ (original rhsafrf\addons\rhs_c_troops\config.bin)
14:07:07 Updating base class ->B_AssaultPack_Base, by rhsafrf\addons\rhs_c_troops\config.bin/CfgVehicles/rhs_r148/ (original rhsafrf\addons\rhs_c_troops\config.bin)
14:07:07 Updating base class ->rhs_pilot_base, by rhsafrf\addons\rhs_c_troops\config.bin/CfgVehicles/rhs_pilot_combat_heli/ (original rhsafrf\addons\rhs_c_troops\config.bin)
14:07:07 Updating base class ->rhs_infantry_vdv_base, by rhsafrf\addons\rhs_c_troops\config.bin/CfgVehicles/rhs_mvd_izlom_rifleman/ (original rhsafrf\addons\rhs_c_troops\config.bin)
14:07:07 Updating base class ->rhsusf_army_acu_uniform, by rhsusf\addons\rhsusf_c_troops\config.bin/CfgVehicles/rhsusf_army_acu_oefcp_uniform/ (original rhsusf\addons\rhsusf_c_troops\config.bin)
14:07:07 Updating base class ->rhs_uniform_acu_ucp, by rhsusf\addons\rhsusf_c_troops\config.bin/CfgWeapons/rhs_uniform_acu_oefcp/ (original rhsusf\addons\rhsusf_c_troops\config.bin)
14:07:07 Updating base class ->rhsusf_patrolcap_ocp, by rhsusf\addons\rhsusf_c_troops\config.bin/CfgWeapons/rhsusf_patrolcap_ucp/ (original rhsusf\addons\rhsusf_c_troops\config.bin)
14:07:07 Updating base class Rifle_Base_F->, by PRACS_Weapons\config.cpp/cfgWeapons/Rifle_Short_Base_F/ (original (a3\weapons_f\config.bin - no unload))
14:07:07 Updating base class WeaponSlotsInfo->WeaponSlotsInfo, by PRACS_Weapons\config.cpp/cfgWeapons/Rifle_Long_Base_F/WeaponSlotsInfo/ (original a3\weapons_f\config.bin)
14:07:07 Updating base class rhs_weap_m240veh_mounted->rhs_weap_m240veh, by PRACS_Weapons\config.cpp/cfgWeapons/rhs_weap_m240H/ (original rhsusf\addons\rhsusf_c_heavyweapons\config.bin)
14:07:07 Updating base class ->Rifle_Base_F, by rhsafrf\addons\rhs_c_weaponsounds\config.bin/CfgWeapons/Rifle_Short_Base_F/ (original (a3\weapons_f\config.bin - no unload))
14:07:07 Updating base class AnimationSources->AnimationSources, by rhsusf\addons\rhsusf_c_hmmwv\config.bin/CfgVehicles/rhsusf_m998_w_2dr/AnimationSources/ (original (no unload))
14:07:07 Updating base class ->light_bo, by rhsusf\addons\rhsusf_c_hmmwv\config.bin/CfgVehicles/rhsusf_m998_w_2dr/AnimationSources/hide_CIP/ (original rhsusf\addons\rhsusf_c_hmmwv\config.bin)
14:07:07 Updating base class ->light_bo, by rhsusf\addons\rhsusf_c_hmmwv\config.bin/CfgVehicles/rhsusf_m998_w_2dr/AnimationSources/hide_A2_Parts/ (original rhsusf\addons\rhsusf_c_hmmwv\config.bin)
14:07:07 Updating base class ->light_bo, by rhsusf\addons\rhsusf_c_hmmwv\config.bin/CfgVehicles/rhsusf_m998_w_2dr/AnimationSources/Hide_A2Bumper/ (original rhsusf\addons\rhsusf_c_hmmwv\config.bin)
14:07:07 Updating base class WeaponSlotsInfo->WeaponSlotsInfo, by x\cba\addons\jr\config.bin/CfgWeapons/arifle_SPAR_01_base_F/WeaponSlotsInfo/ (original a3\weapons_f_exp\rifles\spar_01\config.bin)
14:07:07 Updating base class WeaponSlotsInfo->WeaponSlotsInfo, by x\cba\addons\jr\config.bin/CfgWeapons/arifle_SPAR_02_base_F/WeaponSlotsInfo/ (original a3\weapons_f_exp\rifles\spar_02\config.bin)
14:07:07 Updating base class WeaponSlotsInfo->WeaponSlotsInfo, by x\cba\addons\jr\config.bin/CfgWeapons/arifle_SPAR_03_base_F/WeaponSlotsInfo/ (original a3\weapons_f_exp\rifles\spar_03\config.bin)
14:07:07 Updating base class WeaponSlotsInfo->WeaponSlotsInfo, by x\cba\addons\jr\config.bin/CfgWeapons/arifle_CTAR_base_F/WeaponSlotsInfo/ (original a3\weapons_f_exp\rifles\ctar\config.bin)
14:07:07 Updating base class WeaponSlotsInfo->WeaponSlotsInfo, by x\cba\addons\jr\config.bin/CfgWeapons/arifle_CTARS_base_F/WeaponSlotsInfo/ (original a3\weapons_f_exp\rifles\ctars\config.bin)
14:07:07 Updating base class WeaponSlotsInfo->WeaponSlotsInfo, by x\cba\addons\jr\config.bin/CfgWeapons/arifle_ARX_base_F/WeaponSlotsInfo/ (original a3\weapons_f_exp\rifles\arx\config.bin)
14:07:07 Updating base class ->textureSources, by po_vehicles\config.bin/CfgVehicles/rhs_btr70_vmf/textureSources/ (original (rhsafrf\addons\rhs_c_btr\config.bin - no unload))
14:07:07 Updating base class ->textureSources, by po_vehicles\config.bin/CfgVehicles/rhs_bmp1tank_base/textureSources/ (original rhsafrf\addons\rhs_c_bmp\config.bin)
14:07:07 Updating base class ->textureSources, by po_vehicles\config.bin/CfgVehicles/rhs_zsutank_base/textureSources/ (original rhsafrf\addons\rhs_c_a2port_armor\config.bin)
14:07:07 Updating base class Turrets->, by T1AM\config.cpp/cfgVehicles/MBT_01_base_F/Turrets/ (original (a3\armor_f_gamma\mbt_01\config.bin - no unload))
14:07:07 Updating base class Turrets->, by T1AM\config.cpp/cfgVehicles/StaticMortar/Turrets/ (original (a3\static_f\at_01\config.bin - no unload))
14:07:07 Updating base class ACE_SelfActions->, by z\ace\addons\interaction\config.bin/CfgVehicles/Tank/ACE_SelfActions/ (original z\tfar\addons\core\config.bin)
14:07:07 Updating base class ACE_SelfActions->, by z\ace\addons\interaction\config.bin/CfgVehicles/Helicopter/ACE_SelfActions/ (original z\tfar\addons\core\intercomconfig\config.bin)
14:07:07 Updating base class ACE_SelfActions->, by z\ace\addons\interaction\config.bin/CfgVehicles/Plane/ACE_SelfActions/ (original z\tfar\addons\core\intercomconfig\config.bin)
14:07:07 Updating base class ->ACE_Actions, by z\ace\addons\logistics_uavbattery\config.bin/CfgVehicles/Helicopter_Base_F/ACE_Actions/ (original z\ace\addons\logistics_uavbattery\config.bin)
14:07:07 Updating base class WeaponSlotsInfo->WeaponSlotsInfo, by z\ace\addons\realisticweights\config.bin/CfgWeapons/arifle_AK12_base_F/WeaponSlotsInfo/ (original a3\weapons_f_exp\rifles\ak12\config.bin)
14:07:07 Updating base class WeaponSlotsInfo->WeaponSlotsInfo, by z\ace\addons\realisticweights\config.bin/CfgWeapons/arifle_AKM_base_F/WeaponSlotsInfo/ (original a3\weapons_f_exp\rifles\akm\config.bin)
14:07:07 Updating base class WeaponSlotsInfo->WeaponSlotsInfo, by z\ace\addons\realisticweights\config.bin/CfgWeapons/arifle_AKS_base_F/WeaponSlotsInfo/ (original a3\weapons_f_exp\rifles\aks\config.bin)
14:07:07 Updating base class WeaponSlotsInfo->WeaponSlotsInfo, by z\ace\addons\realisticweights\config.bin/CfgWeapons/arifle_MSBS65_base_F/WeaponSlotsInfo/ (original a3\weapons_f_enoch\rifles\msbs\config.bin)
14:07:07 Updating base class ->Turrets, by z\ace\addons\vehicles\config.bin/CfgVehicles/MBT_01_base_F/Turrets/ (original (a3\armor_f_gamma\mbt_01\config.bin - no unload))
14:07:07 Updating base class ->TFAR_Bag_Base, by z\tfar\addons\backpacks\config.bin/CfgVehicles/TFAR_rt1523g/ (original z\tfar\addons\backpacks\config.bin)
14:07:07 Updating base class Turrets->, by z\vtx\addons\uh60\config.cpp/CfgVehicles/Heli_Transport_01_base_F/Turrets/ (original a3\air_f_beta\heli_transport_01\config.bin)
14:07:07 Updating base class ->hct_driver, by z\vtx\addons\uh60_anvishud\config.cpp/CfgVehicles/vtx_H60_base/hct_driver/ (original (no unload))
14:07:07 Updating base class ->modules, by z\vtx\addons\uh60_anvishud\config.cpp/CfgVehicles/vtx_H60_base/hct_driver/modules/ (original (no unload))
14:07:07 Updating base class ->hct_copilot, by z\vtx\addons\uh60_anvishud\config.cpp/CfgVehicles/vtx_H60_base/hct_copilot/ (original (no unload))
14:07:07 Updating base class ->modules, by z\vtx\addons\uh60_anvishud\config.cpp/CfgVehicles/vtx_H60_base/hct_copilot/modules/ (original (no unload))
14:07:07 Updating base class ->interaction, by z\vtx\addons\uh60_cas\config.cpp/CfgVehicles/vtx_H60_base/hct_driver/interaction/ (original (no unload))
14:07:07 Updating base class ->interaction, by z\vtx\addons\uh60_cas\config.cpp/CfgVehicles/vtx_H60_base/hct_copilot/interaction/ (original (no unload))
14:07:07 Updating base class ->hct_cargo, by z\vtx\addons\uh60_misc\config.cpp/cfgVehicles/vtx_H60_base/hct_cargo/ (original (no unload))
14:07:07 Updating base class ->interaction, by z\vtx\addons\uh60_misc\config.cpp/cfgVehicles/vtx_H60_base/hct_cargo/interaction/ (original (no unload))
14:07:07 Updating base class I_G_Offroad_01_AT_F->Offroad_01_AT_base_F, by po_main\config.bin/CfgVehicles/B_G_Offroad_01_AT_F/ (original a3\soft_f\offroad_01\config.bin)
14:07:07 Updating base class Air->, by staticLine\config.cpp/cfgVehicles/Plane/ (original (bin\config.bin - no unload))
14:07:07 Updating base class Air->, by staticLine\config.cpp/cfgVehicles/Helicopter/ (original (bin\config.bin - no unload))
14:07:07 Updating base class ->Air, by z\ace\addons\aircraft\config.bin/CfgVehicles/Helicopter/ (original (bin\config.bin - no unload))
14:07:07 Updating base class ->Air, by z\ace\addons\aircraft\config.bin/CfgVehicles/Plane/ (original (bin\config.bin - no unload))
14:07:07 Updating base class ->Turrets, by z\ace\addons\aircraft\config.bin/CfgVehicles/Heli_Transport_01_base_F/Turrets/ (original (a3\air_f_beta\heli_transport_01\config.bin - no unload))
14:07:07 Updating base class ->ace_missileguidance_type_Hellfire, by z\ace\addons\hellfire\config.bin/CfgAmmo/ACE_Hellfire_AGM114K/ace_missileguidance/ (original z\ace\addons\hellfire\config.bin)
14:07:07 Updating base class ->6Rnd_ACE_Hellfire_AGM114K, by z\ace\addons\hellfire\config.bin/CfgMagazines/PylonRack_4Rnd_ACE_Hellfire_AGM114K/ (original z\ace\addons\hellfire\config.bin)
14:07:07 Updating base class ->RocketPods, by z\ace\addons\hellfire\config.bin/CfgWeapons/ace_hellfire_launcher/ (original z\ace\addons\hellfire\config.bin)
14:07:07 Updating base class ->Turrets, by z\ace\addons\mk6mortar\config.bin/CfgVehicles/StaticMortar/Turrets/ (original (a3\static_f\at_01\config.bin - no unload))
14:07:07 Updating base class Heli_Transport_01_base_F->, by z\vtx\addons\uh60_config\config.cpp/Extended_Init_EventHandlers/vtx_H60_base/ (original (no unload))
14:07:07 Updating base class ->AnimationSources, by z\vtx\addons\uh60_config\config.cpp/CfgVehicles/vtx_H60_base/AnimationSources/ (original (no unload))
14:07:07 Updating base class ->LandingLight_Show, by z\vtx\addons\uh60_config\config.cpp/CfgVehicles/vtx_H60_base/AnimationSources/Stabilator_rotate_user/ (original (no unload))
14:07:07 Updating base class ->LandingLight_Show, by z\vtx\addons\uh60_config\config.cpp/CfgVehicles/vtx_H60_base/AnimationSources/cabindoor_L/ (original (no unload))
14:07:07 Updating base class ->LandingLight_Show, by z\vtx\addons\uh60_config\config.cpp/CfgVehicles/vtx_H60_base/AnimationSources/cabindoor_R/ (original (no unload))
14:07:07 Updating base class ACE_Hellfire_AGM114K->M_Scalpel_AT, by z\vtx\addons\uh60_weapons\config.cpp/CfgAmmo/ACE_Hellfire_AGM114N/ (original z\ace\addons\hellfire\config.bin)
14:07:07 Updating base class ->V_PlateCarrierIA1_dgtl, by po_factions_me\config.bin/cfgWeapons/LOP_V_CarrierLite_OLV/ (original po_factions_me\config.bin)
14:07:07 Updating base class ->SoldierGB, by rhsgref\addons\rhsgref_c_troops\config.bin/CfgVehicles/rhsgref_nat_base/ (original rhsgref\addons\rhsgref_c_troops\config.bin)
14:07:07 Updating base class ->Uniform_Base, by rhsgref\addons\rhsgref_c_troops\config.bin/cfgWeapons/rhsgref_uniform_reed/ (original rhsgref\addons\rhsgref_c_troops\config.bin)
14:07:07 Updating base class ->Uniform_Base, by rhsgref\addons\rhsgref_c_troops\config.bin/cfgWeapons/rhsgref_uniform_ERDL/ (original rhsgref\addons\rhsgref_c_troops\config.bin)
14:07:07 Updating base class ->Uniform_Base, by rhsgref\addons\rhsgref_c_troops\config.bin/cfgWeapons/rhsgref_uniform_altis_lizard/ (original rhsgref\addons\rhsgref_c_troops\config.bin)
14:07:07 Updating base class ->Uniform_Base, by rhsgref\addons\rhsgref_c_troops\config.bin/cfgWeapons/rhsgref_uniform_dpm/ (original rhsgref\addons\rhsgref_c_troops\config.bin)
14:07:07 Updating base class ->Uniform_Base, by rhsgref\addons\rhsgref_c_troops\config.bin/cfgWeapons/rhsgref_uniform_3color_desert/ (original rhsgref\addons\rhsgref_c_troops\config.bin)
14:07:07 Updating base class ->ItemCore, by rhsgref\addons\rhsgref_c_troops\config.bin/cfgWeapons/rhsgref_un_beret/ (original rhsgref\addons\rhsgref_c_troops\config.bin)
14:07:07 Updating base class ->H_HelmetB, by rhsgref\addons\rhsgref_c_troops\config.bin/cfgWeapons/rhsgref_ssh68/ (original rhsgref\addons\rhsgref_c_troops\config.bin)
14:07:07 Updating base class ->rhsgref_ssh68, by rhsgref\addons\rhsgref_c_troops\config.bin/cfgWeapons/rhsgref_ssh68_un/ (original rhsgref\addons\rhsgref_c_troops\config.bin)
14:07:07 Updating base class ->H_HelmetB, by rhsgref\addons\rhsgref_c_troops\config.bin/cfgWeapons/rhsgref_helmet_M1_bare/ (original rhsgref\addons\rhsgref_c_troops\config.bin)
14:07:07 Updating base class ->H_HelmetB, by rhsgref\addons\rhsgref_c_troops\config.bin/cfgWeapons/rhsgref_hat_M1951/ (original rhsgref\addons\rhsgref_c_troops\config.bin)
14:07:07 Updating base class ->H_HelmetB, by rhsgref\addons\rhsgref_c_troops\config.bin/cfgWeapons/rhsgref_helmet_pasgt_erdl/ (original rhsgref\addons\rhsgref_c_troops\config.bin)
14:07:07 Updating base class ->rhsgref_helmet_pasgt_erdl, by rhsgref\addons\rhsgref_c_troops\config.bin/cfgWeapons/rhsgref_helmet_pasgt_3color_desert/ (original rhsgref\addons\rhsgref_c_troops\config.bin)
14:07:07 Updating base class textureSources->, by rhsgref\addons\rhsgref_c_vehicles_ret\config.bin/CfgVehicles/rhs_btr70_vmf/textureSources/ (original (rhsafrf\addons\rhs_c_btr\config.bin - no unload))
14:07:07 Updating base class textureSources->, by rhsgref\addons\rhsgref_c_vehicles_ret\config.bin/CfgVehicles/rhs_bmp1tank_base/textureSources/ (original (rhsafrf\addons\rhs_c_bmp\config.bin - no unload))
14:07:07 Updating base class textureSources->, by rhsgref\addons\rhsgref_c_vehicles_ret\config.bin/CfgVehicles/rhs_zsutank_base/textureSources/ (original (rhsafrf\addons\rhs_c_a2port_armor\config.bin - no unload))
14:07:07 Updating base class BagFence_base_F->ACE_envelope_small, by x\grad_trenches\addons\functions\config.bin/CfgVehicles/ACE_envelope_big/ (original (z\ace\addons\trenches\config.bin - no unload))
14:07:07 Updating base class BagFence_base_F->ACE_envelope_big, by x\grad_trenches\addons\functions\config.bin/CfgVehicles/GRAD_envelope_giant/ (original x\grad_trenches\addons\assets\config.bin)
14:07:07 Updating base class BagFence_base_F->ACE_envelope_big, by x\grad_trenches\addons\functions\config.bin/CfgVehicles/GRAD_envelope_vehicle/ (original x\grad_trenches\addons\assets\config.bin)
14:07:07 Updating base class BagFence_base_F->ACE_envelope_big, by x\grad_trenches\addons\functions\config.bin/CfgVehicles/GRAD_envelope_short/ (original x\grad_trenches\addons\assets\config.bin)
14:07:07 Updating base class BagFence_base_F->ACE_envelope_big, by x\grad_trenches\addons\functions\config.bin/CfgVehicles/GRAD_envelope_long/ (original x\grad_trenches\addons\assets\config.bin)
14:07:07 Updating base class InventoryItem_Base_F->ItemCore, by PRACS_Troops\config.cpp/CfgWeapons/UniformItem/ (original a3\characters_f_tank\uniforms\config.bin)
14:07:07 Updating base class InventoryItem_Base_F->ItemCore, by PRACS_Troops\config.cpp/CfgWeapons/VestItem/ (original a3\characters_f\config.bin)
14:07:07 Updating base class rhsusf_lwh_helmet_marpatd->H_HelmetB, by PRACS_Troops\config.cpp/CfgWeapons/rhsusf_lwh_helmet_marpatd_ess/ (original rhsusf\addons\rhsusf_c_troops\config.bin)
14:07:07 Updating base class rhsusf_lwh_helmet_marpatd_headset->H_HelmetB, by PRACS_Troops\config.cpp/CfgWeapons/rhsusf_lwh_helmet_marpatwd_headset_blk2/ (original rhsusf\addons\rhsusf_c_troops\config.bin)
14:07:07 Updating base class Turrets->, by z\vtx\addons\H60_SFX\config.cpp/CfgVehicles/Helicopter_Base_H/Turrets/ (original (a3\air_f\config.bin - no unload))
14:07:07 Updating base class Sounds->, by z\vtx\addons\H60_SFX\config.cpp/CfgVehicles/vtx_H60_base/sounds/ (original (no unload))
14:07:07 Updating base class CargoTurret->CargoTurret, by z\vtx\addons\H60_SFX\config.cpp/CfgVehicles/vtx_HH60/Turrets/CargoTurret_01/ (original (no unload))
14:07:07 Updating base class CargoTurret->CargoTurret, by z\vtx\addons\H60_SFX\config.cpp/CfgVehicles/vtx_UH60M_SLICK/Turrets/CargoTurret_01/ (original (no unload))
14:07:07 Updating base class CargoTurret->CargoTurret, by z\vtx\addons\H60_SFX\config.cpp/CfgVehicles/vtx_UH60M_MEDEVAC/Turrets/CargoTurret_01/ (original (no unload))
14:07:07 Updating base class CargoTurret->CargoTurret, by z\vtx\addons\H60_SFX\config.cpp/CfgVehicles/vtx_MH60M/Turrets/CargoTurret_01/ (original (no unload))
14:07:07 Updating base class CargoTurret->CargoTurret, by z\vtx\addons\H60_SFX\config.cpp/CfgVehicles/vtx_MH60M_DAP/Turrets/CargoTurret_01/ (original (no unload))
14:07:07 Updating base class CargoTurret->CargoTurret, by z\vtx\addons\H60_SFX\config.cpp/CfgVehicles/vtx_MH60M_DAP_MLASS/Turrets/CargoTurret_01/ (original (no unload))
14:07:07 Updating base class CargoTurret->CargoTurret, by z\vtx\addons\H60_SFX\config.cpp/CfgVehicles/vtx_MH60S_Pylons_GAU21L/Turrets/CargoTurret_01/ (original (no unload))
14:07:07 Updating base class CargoTurret->CargoTurret, by z\vtx\addons\H60_SFX\config.cpp/CfgVehicles/vtx_MH60S_GAU21L/Turrets/CargoTurret_01/ (original (no unload))
14:07:07 Updating base class ->Turrets, by PRACS_Car_2\config.cpp/CfgVehicles/rhsusf_M1117_base/Turrets/MainTurret/Turrets/ (original rhsusf\addons\rhsusf_c_m1117\config.bin)
14:07:08 Cannot open C:\3rdID_Server2\Server2\Servers\_641fb88761ae466a9e5954b4eff0ed26\OfficialServersCache\list.json
14:07:08 Canceling the list loading process, the load of the file failed: C:\3rdID_Server2\Server2\Servers\_641fb88761ae466a9e5954b4eff0ed26\OfficialServersCache\list.json
14:07:08 Initializing Steam Manager
14:07:08 Steam Manager initialized.
14:07:08 
14:07:08 ==== Loaded addons ====
14:07:08 
14:07:08 dta\bin.pbo - 152984
14:07:08 dta\core.pbo - 129618
14:07:08 dta\languagecore_f.pbo - 151164
14:07:08 C:\3rdID_Server2\Server2\@LAMBS_RPG\addons\lambs_rpg.pbo - unknown
14:07:08 C:\3rdID_Server2\Server2\@LAMBS_RPG\addons\lambs_rpgCUP.pbo - unknown
14:07:08 C:\3rdID_Server2\Server2\@LAMBS_RPG\addons\lambs_rpgRHS.pbo - unknown
14:07:08 C:\3rdID_Server2\Server2\@LAMBS_RPG\addons\lambs_rpgSOG.pbo - unknown
14:07:08 C:\3rdID_Server2\Server2\@LAMBS_Danger_fsm\addons\lambs_danger.pbo - 2.6.1.502
14:07:08 C:\3rdID_Server2\Server2\@LAMBS_Danger_fsm\addons\lambs_eventhandlers.pbo - 2.6.1.502
14:07:08 C:\3rdID_Server2\Server2\@LAMBS_Danger_fsm\addons\lambs_formations.pbo - 2.6.1.502
14:07:08 C:\3rdID_Server2\Server2\@LAMBS_Danger_fsm\addons\lambs_main.pbo - 2.6.1.502
14:07:08 C:\3rdID_Server2\Server2\@LAMBS_Danger_fsm\addons\lambs_range.pbo - 2.6.1.502
14:07:08 C:\3rdID_Server2\Server2\@LAMBS_Danger_fsm\addons\lambs_wp.pbo - 2.6.1.502
14:07:08 C:\3rdID_Server2\Server2\@AdvancedSlingLoadingRopePatch\addons\SA_AdvancedSlingLoading.pbo - unknown
14:07:08 C:\3rdID_Server2\Server2\@Anizay\addons\tem_anizay.pbo - 00000000
14:07:08 C:\3rdID_Server2\Server2\@Kunduz_River\addons\kunduz_river.pbo - 23113010
14:07:08 C:\3rdID_Server2\Server2\@M1128_Stryker_MGS\addons\mgs.pbo - unknown
14:07:08 C:\3rdID_Server2\Server2\@Zeus_Additions\addons\zeus_additions_main.pbo - 1.6.10.0-1395f937
14:07:08 C:\3rdID_Server2\Server2\@W28\addons\tweed_augen.pbo - unknown
14:07:08 C:\3rdID_Server2\Server2\@W28\addons\tweed_augen_cfg.pbo - unknown
14:07:08 C:\3rdID_Server2\Server2\@W28\addons\tweed_eden_21.pbo - unknown
14:07:08 C:\3rdID_Server2\Server2\@W28\addons\tweed_uaf_21.pbo - unknown
14:07:08 C:\3rdID_Server2\Server2\@W28\addons\tweed_uaf_21_cfg.pbo - unknown
14:07:08 C:\3rdID_Server2\Server2\@W28\addons\tweed_uaf_22.pbo - unknown
14:07:08 C:\3rdID_Server2\Server2\@W28\addons\tweed_uaf_23.pbo - unknown
14:07:08 C:\3rdID_Server2\Server2\@VS_ACE_Static_Line_Jump\addons\staticLine.pbo - unknown
14:07:08 C:\3rdID_Server2\Server2\@Virolahti__Valtatie_7\addons\vt7.pbo - Sun Dec 08 13:16:29 2019
14:07:08 C:\3rdID_Server2\Server2\@Tier_1_Artillery_Mod\addons\T1AM.pbo - unknown
14:07:08 C:\3rdID_Server2\Server2\@Tembelan_Island\addons\Tembelan.pbo - 18032519
14:07:08 C:\3rdID_Server2\Server2\@Task_Force_Arrowhead_Radio_BETA__\addons\tfar_ai_hearing.pbo - 02b1b0cd
14:07:08 C:\3rdID_Server2\Server2\@Task_Force_Arrowhead_Radio_BETA__\addons\tfar_antennas.pbo - 02b1b0cd
14:07:08 C:\3rdID_Server2\Server2\@Task_Force_Arrowhead_Radio_BETA__\addons\tfar_backpacks.pbo - 02b1b0cd
14:07:08 C:\3rdID_Server2\Server2\@Task_Force_Arrowhead_Radio_BETA__\addons\tfar_core.pbo - 02b1b0cd
14:07:08 C:\3rdID_Server2\Server2\@Task_Force_Arrowhead_Radio_BETA__\addons\tfar_external_intercom.pbo - 02b1b0cd
14:07:08 C:\3rdID_Server2\Server2\@Task_Force_Arrowhead_Radio_BETA__\addons\tfar_handhelds.pbo - 02b1b0cd
14:07:08 C:\3rdID_Server2\Server2\@Task_Force_Arrowhead_Radio_BETA__\addons\tfar_static_radios.pbo - 02b1b0cd
14:07:08 C:\3rdID_Server2\Server2\@Project_RACS_2023\addons\PRACS_A4.pbo - 24052621
14:07:08 C:\3rdID_Server2\Server2\@Project_RACS_2023\addons\PRACS_AHeli.pbo - 24052621
14:07:08 C:\3rdID_Server2\Server2\@Project_RACS_2023\addons\PRACS_C130.pbo - 24052621
14:07:08 C:\3rdID_Server2\Server2\@Project_RACS_2023\addons\PRACS_Car.pbo - 24052621
14:07:08 C:\3rdID_Server2\Server2\@Project_RACS_2023\addons\PRACS_Car_2.pbo - 24052621
14:07:08 C:\3rdID_Server2\Server2\@Project_RACS_2023\addons\PRACS_Common.pbo - 23033108
14:07:08 C:\3rdID_Server2\Server2\@Project_RACS_2023\addons\PRACS_Core.pbo - 24020309
14:07:08 C:\3rdID_Server2\Server2\@Project_RACS_2023\addons\PRACS_F16.pbo - 24052621
14:07:08 C:\3rdID_Server2\Server2\@Project_RACS_2023\addons\PRACS_Hawkeye.pbo - 24052621
14:07:08 C:\3rdID_Server2\Server2\@Project_RACS_2023\addons\PRACS_Heli.pbo - 24052621
14:07:08 C:\3rdID_Server2\Server2\@Project_RACS_2023\addons\PRACS_Mirage.pbo - 24053118
14:07:08 C:\3rdID_Server2\Server2\@Project_RACS_2023\addons\PRACS_Mohawk.pbo - 24052621
14:07:08 C:\3rdID_Server2\Server2\@Project_RACS_2023\addons\PRACS_Objects.pbo - 24052708
14:07:08 C:\3rdID_Server2\Server2\@Project_RACS_2023\addons\PRACS_P3C.pbo - 24052621
14:07:08 C:\3rdID_Server2\Server2\@Project_RACS_2023\addons\PRACS_Sea.pbo - 24052621
14:07:08 C:\3rdID_Server2\Server2\@Project_RACS_2023\addons\PRACS_Static.pbo - 24052621
14:07:08 C:\3rdID_Server2\Server2\@Project_RACS_2023\addons\PRACS_Static_2.pbo - 24052621
14:07:08 C:\3rdID_Server2\Server2\@Project_RACS_2023\addons\PRACS_Tracked.pbo - 24052621
14:07:08 C:\3rdID_Server2\Server2\@Project_RACS_2023\addons\PRACS_Tracked_2.pbo - 24052621
14:07:08 C:\3rdID_Server2\Server2\@Project_RACS_2023\addons\PRACS_Troops.pbo - 24052621
14:07:08 C:\3rdID_Server2\Server2\@Project_RACS_2023\addons\PRACS_Truck.pbo - 23102408
14:07:08 C:\3rdID_Server2\Server2\@Project_RACS_2023\addons\PRACS_Weapons.pbo - 24052621
14:07:08 C:\3rdID_Server2\Server2\@Project_RACS_2023\addons\PRACS_Weapons_2.pbo - 23040716
14:07:08 C:\3rdID_Server2\Server2\@Military_Gear_Pack\addons\milgp_data.pbo - unknown
14:07:08 C:\3rdID_Server2\Server2\@Military_Gear_Pack\addons\milgp_headgear.pbo - unknown
14:07:08 C:\3rdID_Server2\Server2\@Military_Gear_Pack\addons\milgp_headgear_cfg.pbo - unknown
14:07:08 C:\3rdID_Server2\Server2\@Military_Gear_Pack\addons\milgp_uniforms.pbo - unknown
14:07:08 C:\3rdID_Server2\Server2\@Military_Gear_Pack\addons\milgp_uniforms_cfg.pbo - unknown
14:07:08 C:\3rdID_Server2\Server2\@Military_Gear_Pack\addons\milgp_vests.pbo - unknown
14:07:08 C:\3rdID_Server2\Server2\@Military_Gear_Pack\addons\milgp_vests_cfg.pbo - unknown
14:07:08 C:\3rdID_Server2\Server2\@KAT__Advanced_Medical\addons\kat_airway.pbo - 3.1.2.71
14:07:08 C:\3rdID_Server2\Server2\@KAT__Advanced_Medical\addons\kat_breathing.pbo - 3.1.2.71
14:07:08 C:\3rdID_Server2\Server2\@KAT__Advanced_Medical\addons\kat_chemical.pbo - 3.1.2.71
14:07:08 C:\3rdID_Server2\Server2\@KAT__Advanced_Medical\addons\kat_circulation.pbo - 3.1.2.71
14:07:08 C:\3rdID_Server2\Server2\@KAT__Advanced_Medical\addons\kat_compat_rhs_usf3.pbo - 3.1.2.71
14:07:08 C:\3rdID_Server2\Server2\@KAT__Advanced_Medical\addons\kat_feedback.pbo - 3.1.2.71
14:07:08 C:\3rdID_Server2\Server2\@KAT__Advanced_Medical\addons\kat_gui.pbo - 3.1.2.71
14:07:08 C:\3rdID_Server2\Server2\@KAT__Advanced_Medical\addons\kat_hypothermia.pbo - 3.1.2.71
14:07:08 C:\3rdID_Server2\Server2\@KAT__Advanced_Medical\addons\kat_main.pbo - 3.1.2.71
14:07:08 C:\3rdID_Server2\Server2\@KAT__Advanced_Medical\addons\kat_misc.pbo - 3.1.2.71
14:07:08 C:\3rdID_Server2\Server2\@KAT__Advanced_Medical\addons\kat_ophthalmology.pbo - 3.1.2.71
14:07:08 C:\3rdID_Server2\Server2\@KAT__Advanced_Medical\addons\kat_pharma.pbo - 3.1.2.71
14:07:08 C:\3rdID_Server2\Server2\@KAT__Advanced_Medical\addons\kat_stretcher.pbo - 3.1.2.71
14:07:08 C:\3rdID_Server2\Server2\@KAT__Advanced_Medical\addons\kat_surgery.pbo - 3.1.2.71
14:07:08 C:\3rdID_Server2\Server2\@KAT__Advanced_Medical\addons\kat_vitals.pbo - 3.1.2.71
14:07:08 C:\3rdID_Server2\Server2\@KAT__Advanced_Medical\addons\kat_watch.pbo - 3.1.2.71
14:07:08 C:\3rdID_Server2\Server2\@KAT__Advanced_Medical\addons\kat_zeus.pbo - 3.1.2.71
14:07:08 C:\3rdID_Server2\Server2\@Hatchet_H_60_pack__Stable_Version\addons\hct_h60_ace_viv.pbo - unknown
14:07:08 C:\3rdID_Server2\Server2\@Hatchet_H_60_pack__Stable_Version\addons\hct_h60_H60_SFX.pbo - unknown
14:07:08 C:\3rdID_Server2\Server2\@Hatchet_H_60_pack__Stable_Version\addons\hct_h60_main.pbo - unknown
14:07:08 C:\3rdID_Server2\Server2\@Hatchet_H_60_pack__Stable_Version\addons\hct_h60_MH60M.pbo - unknown
14:07:08 C:\3rdID_Server2\Server2\@Hatchet_H_60_pack__Stable_Version\addons\hct_h60_MH60S.pbo - unknown
14:07:08 C:\3rdID_Server2\Server2\@Hatchet_H_60_pack__Stable_Version\addons\hct_h60_stretcher.pbo - unknown
14:07:08 C:\3rdID_Server2\Server2\@Hatchet_H_60_pack__Stable_Version\addons\hct_h60_UH60.pbo - unknown
14:07:08 C:\3rdID_Server2\Server2\@Hatchet_H_60_pack__Stable_Version\addons\hct_h60_uh60_aar.pbo - unknown
14:07:08 C:\3rdID_Server2\Server2\@Hatchet_H_60_pack__Stable_Version\addons\hct_h60_uh60_acre.pbo - unknown
14:07:08 C:\3rdID_Server2\Server2\@Hatchet_H_60_pack__Stable_Version\addons\hct_h60_uh60_anvishud.pbo - unknown
14:07:08 C:\3rdID_Server2\Server2\@Hatchet_H_60_pack__Stable_Version\addons\hct_h60_uh60_cas.pbo - unknown
14:07:08 C:\3rdID_Server2\Server2\@Hatchet_H_60_pack__Stable_Version\addons\hct_h60_uh60_config.pbo - unknown
14:07:08 C:\3rdID_Server2\Server2\@Hatchet_H_60_pack__Stable_Version\addons\hct_h60_uh60_doorguns.pbo - unknown
14:07:08 C:\3rdID_Server2\Server2\@Hatchet_H_60_pack__Stable_Version\addons\hct_h60_uh60_engine.pbo - unknown
14:07:08 C:\3rdID_Server2\Server2\@Hatchet_H_60_pack__Stable_Version\addons\hct_h60_uh60_fd.pbo - unknown
14:07:08 C:\3rdID_Server2\Server2\@Hatchet_H_60_pack__Stable_Version\addons\hct_h60_uh60_flir.pbo - unknown
14:07:08 C:\3rdID_Server2\Server2\@Hatchet_H_60_pack__Stable_Version\addons\hct_h60_uh60_fms.pbo - unknown
14:07:08 C:\3rdID_Server2\Server2\@Hatchet_H_60_pack__Stable_Version\addons\hct_h60_uh60_hoist.pbo - unknown
14:07:08 C:\3rdID_Server2\Server2\@Hatchet_H_60_pack__Stable_Version\addons\hct_h60_uh60_jvmf.pbo - unknown
14:07:08 C:\3rdID_Server2\Server2\@Hatchet_H_60_pack__Stable_Version\addons\hct_h60_uh60_mfd.pbo - unknown
14:07:08 C:\3rdID_Server2\Server2\@Hatchet_H_60_pack__Stable_Version\addons\hct_h60_uh60_misc.pbo - unknown
14:07:08 C:\3rdID_Server2\Server2\@Hatchet_H_60_pack__Stable_Version\addons\hct_h60_uh60_sfmplus.pbo - unknown
14:07:08 C:\3rdID_Server2\Server2\@Hatchet_H_60_pack__Stable_Version\addons\hct_h60_uh60_ui.pbo - unknown
14:07:08 C:\3rdID_Server2\Server2\@Hatchet_H_60_pack__Stable_Version\addons\hct_h60_uh60_weapons.pbo - unknown
14:07:08 C:\3rdID_Server2\Server2\@Gruppe_Adler_Trenches\addons\grad_trenches_assets.pbo - 1.6.9.7-cb40083a
14:07:08 C:\3rdID_Server2\Server2\@Gruppe_Adler_Trenches\addons\grad_trenches_functions.pbo - 1.6.9.7-cb40083a
14:07:08 C:\3rdID_Server2\Server2\@Gruppe_Adler_Trenches\addons\grad_trenches_main.pbo - 1.6.9.7-cb40083a
14:07:08 C:\3rdID_Server2\Server2\@Gruppe_Adler_Trenches\addons\grad_trenches_sounds.pbo - 1.6.9.7-cb40083a
14:07:08 C:\3rdID_Server2\Server2\@DUI__Squad_Radar\addons\diwako_dui_buddy.pbo - 1.12.2.0
14:07:08 C:\3rdID_Server2\Server2\@DUI__Squad_Radar\addons\diwako_dui_indicators.pbo - 1.12.2.0
14:07:08 C:\3rdID_Server2\Server2\@DUI__Squad_Radar\addons\diwako_dui_linecompass.pbo - 1.12.2.0
14:07:08 C:\3rdID_Server2\Server2\@DUI__Squad_Radar\addons\diwako_dui_main.pbo - 1.12.2.0
14:07:08 C:\3rdID_Server2\Server2\@DUI__Squad_Radar\addons\diwako_dui_nametags.pbo - 1.12.2.0
14:07:08 C:\3rdID_Server2\Server2\@DUI__Squad_Radar\addons\diwako_dui_radar.pbo - 1.12.2.0
14:07:08 C:\3rdID_Server2\Server2\@CUP_Terrains__Maps\addons\cup_terrains_maps_afghan.pbo - 00000000
14:07:08 C:\3rdID_Server2\Server2\@CUP_Terrains__Maps\addons\cup_terrains_maps_afghan_c.pbo - 00000000
14:07:08 C:\3rdID_Server2\Server2\@CUP_Terrains__Maps\addons\cup_terrains_maps_bohemia.pbo - 00000000
14:07:08 C:\3rdID_Server2\Server2\@CUP_Terrains__Maps\addons\cup_terrains_maps_bohemia_c.pbo - 00000000
14:07:08 C:\3rdID_Server2\Server2\@CUP_Terrains__Maps\addons\cup_terrains_maps_bootcamp_acr.pbo - 00000000
14:07:08 C:\3rdID_Server2\Server2\@CUP_Terrains__Maps\addons\cup_terrains_maps_bootcamp_acr_c.pbo - 00000000
14:07:08 C:\3rdID_Server2\Server2\@CUP_Terrains__Maps\addons\cup_terrains_maps_chernarus.pbo - 00000000
14:07:08 C:\3rdID_Server2\Server2\@CUP_Terrains__Maps\addons\cup_terrains_maps_chernarus_c.pbo - 00000000
14:07:08 C:\3rdID_Server2\Server2\@CUP_Terrains__Maps\addons\cup_terrains_maps_chernarus_summer.pbo - 00000000
14:07:08 C:\3rdID_Server2\Server2\@CUP_Terrains__Maps\addons\cup_terrains_maps_chernarus_summer_c.pbo - 00000000
14:07:08 C:\3rdID_Server2\Server2\@CUP_Terrains__Maps\addons\cup_terrains_maps_chernarus_winter.pbo - 00000000
14:07:08 C:\3rdID_Server2\Server2\@CUP_Terrains__Maps\addons\cup_terrains_maps_chernarus_winter_c.pbo - 00000000
14:07:08 C:\3rdID_Server2\Server2\@CUP_Terrains__Maps\addons\cup_terrains_maps_desert.pbo - 00000000
14:07:08 C:\3rdID_Server2\Server2\@CUP_Terrains__Maps\addons\cup_terrains_maps_desert2.pbo - 00000000
14:07:08 C:\3rdID_Server2\Server2\@CUP_Terrains__Maps\addons\cup_terrains_maps_desert2_c.pbo - 00000000
14:07:08 C:\3rdID_Server2\Server2\@CUP_Terrains__Maps\addons\cup_terrains_maps_desert_c.pbo - 00000000
14:07:08 C:\3rdID_Server2\Server2\@CUP_Terrains__Maps\addons\cup_terrains_maps_desert_e.pbo - 00000000
14:07:08 C:\3rdID_Server2\Server2\@CUP_Terrains__Maps\addons\cup_terrains_maps_desert_e_c.pbo - 00000000
14:07:08 C:\3rdID_Server2\Server2\@CUP_Terrains__Maps\addons\cup_terrains_maps_provinggrounds_pmc.pbo - 00000000
14:07:08 C:\3rdID_Server2\Server2\@CUP_Terrains__Maps\addons\cup_terrains_maps_provinggrounds_pmc_c.pbo - 00000000
14:07:08 C:\3rdID_Server2\Server2\@CUP_Terrains__Maps\addons\cup_terrains_maps_sara.pbo - 00000000
14:07:08 C:\3rdID_Server2\Server2\@CUP_Terrains__Maps\addons\cup_terrains_maps_saralite.pbo - 00000000
14:07:08 C:\3rdID_Server2\Server2\@CUP_Terrains__Maps\addons\cup_terrains_maps_saralite_c.pbo - 00000000
14:07:08 C:\3rdID_Server2\Server2\@CUP_Terrains__Maps\addons\cup_terrains_maps_sara_c.pbo - 00000000
14:07:08 C:\3rdID_Server2\Server2\@CUP_Terrains__Maps\addons\cup_terrains_maps_sara_dbe1.pbo - 00000000
14:07:08 C:\3rdID_Server2\Server2\@CUP_Terrains__Maps\addons\cup_terrains_maps_sara_dbe1_c.pbo - 00000000
14:07:08 C:\3rdID_Server2\Server2\@CUP_Terrains__Maps\addons\cup_terrains_maps_shapur_baf.pbo - 00000000
14:07:08 C:\3rdID_Server2\Server2\@CUP_Terrains__Maps\addons\cup_terrains_maps_shapur_baf_c.pbo - 00000000
14:07:08 C:\3rdID_Server2\Server2\@CUP_Terrains__Maps\addons\cup_terrains_maps_takistan.pbo - 00000000
14:07:08 C:\3rdID_Server2\Server2\@CUP_Terrains__Maps\addons\cup_terrains_maps_takistan_c.pbo - 00000000
14:07:08 C:\3rdID_Server2\Server2\@CUP_Terrains__Maps\addons\cup_terrains_maps_utes.pbo - 00000000
14:07:08 C:\3rdID_Server2\Server2\@CUP_Terrains__Maps\addons\cup_terrains_maps_utes_c.pbo - 00000000
14:07:08 C:\3rdID_Server2\Server2\@CUP_Terrains__Maps\addons\cup_terrains_maps_zargabad.pbo - 00000000
14:07:08 C:\3rdID_Server2\Server2\@CUP_Terrains__Maps\addons\cup_terrains_maps_zargabad_c.pbo - 00000000
14:07:08 C:\3rdID_Server2\Server2\@CUP_Terrains__Core\addons\cup_terrains_a1always_dummy.pbo - 21122418
14:07:08 C:\3rdID_Server2\Server2\@CUP_Terrains__Core\addons\cup_terrains_a1_editorobjects.pbo - 21122418
14:07:08 C:\3rdID_Server2\Server2\@CUP_Terrains__Core\addons\cup_terrains_a2_editorobjects.pbo - 21122418
14:07:08 C:\3rdID_Server2\Server2\@CUP_Terrains__Core\addons\cup_terrains_aia_compat.pbo - 21122418
14:07:08 C:\3rdID_Server2\Server2\@CUP_Terrains__Core\addons\cup_terrains_baseconfig_f.pbo - 21122418
14:07:08 C:\3rdID_Server2\Server2\@CUP_Terrains__Core\addons\cup_terrains_buildings.pbo - 21122418
14:07:08 C:\3rdID_Server2\Server2\@CUP_Terrains__Core\addons\cup_terrains_ca_a10_dummy.pbo - 21122418
14:07:08 C:\3rdID_Server2\Server2\@CUP_Terrains__Core\addons\cup_terrains_ca_air2_dummy.pbo - 21122418
14:07:08 C:\3rdID_Server2\Server2\@CUP_Terrains__Core\addons\cup_terrains_ca_air3_dummy.pbo - 21122418
14:07:08 C:\3rdID_Server2\Server2\@CUP_Terrains__Core\addons\cup_terrains_ca_air_dummy.pbo - 21122418
14:07:08 C:\3rdID_Server2\Server2\@CUP_Terrains__Core\addons\cup_terrains_ca_air_d_baf_dummy.pbo - 21122418
14:07:08 C:\3rdID_Server2\Server2\@CUP_Terrains__Core\addons\cup_terrains_ca_air_e_dummy.pbo - 21122418
14:07:08 C:\3rdID_Server2\Server2\@CUP_Terrains__Core\addons\cup_terrains_ca_air_pmc_dummy.pbo - 21122418
14:07:08 C:\3rdID_Server2\Server2\@CUP_Terrains__Core\addons\cup_terrains_ca_animals2_dummy.pbo - 21122418
14:07:08 C:\3rdID_Server2\Server2\@CUP_Terrains__Core\addons\cup_terrains_ca_buildings.pbo - 21122419
14:07:08 C:\3rdID_Server2\Server2\@CUP_Terrains__Core\addons\cup_terrains_ca_buildings2.pbo - 21122419
14:07:08 C:\3rdID_Server2\Server2\@CUP_Terrains__Core\addons\cup_terrains_ca_buildings2_c.pbo - 21122418
14:07:08 C:\3rdID_Server2\Server2\@CUP_Terrains__Core\addons\cup_terrains_ca_buildings_c.pbo - 21122418
14:07:08 C:\3rdID_Server2\Server2\@CUP_Terrains__Core\addons\cup_terrains_ca_ca_acr.pbo - 21122418
14:07:08 C:\3rdID_Server2\Server2\@CUP_Terrains__Core\addons\cup_terrains_ca_ca_c.pbo - 21122418
14:07:08 C:\3rdID_Server2\Server2\@CUP_Terrains__Core\addons\cup_terrains_ca_ca_e.pbo - 21122418
14:07:08 C:\3rdID_Server2\Server2\@CUP_Terrains__Core\addons\cup_terrains_ca_ca_pmc.pbo - 21122418
14:07:08 C:\3rdID_Server2\Server2\@CUP_Terrains__Core\addons\cup_terrains_ca_characters2_dummy.pbo - 21122418
14:07:08 C:\3rdID_Server2\Server2\@CUP_Terrains__Core\addons\cup_terrains_ca_cti_buildings.pbo - 21122418
14:07:08 C:\3rdID_Server2\Server2\@CUP_Terrains__Core\addons\cup_terrains_ca_data.pbo - 21122418
14:07:08 C:\3rdID_Server2\Server2\@CUP_Terrains__Core\addons\cup_terrains_ca_data_baf.pbo - 21122418
14:07:08 C:\3rdID_Server2\Server2\@CUP_Terrains__Core\addons\cup_terrains_ca_data_baf_c.pbo - 21122418
14:07:08 C:\3rdID_Server2\Server2\@CUP_Terrains__Core\addons\cup_terrains_ca_hotfix.pbo - 21122418
14:07:08 C:\3rdID_Server2\Server2\@CUP_Terrains__Core\addons\cup_terrains_ca_hotfix_c.pbo - 21122418
14:07:08 C:\3rdID_Server2\Server2\@CUP_Terrains__Core\addons\cup_terrains_ca_l39_dummy.pbo - 21122418
14:07:08 C:\3rdID_Server2\Server2\@CUP_Terrains__Core\addons\cup_terrains_ca_language.pbo - 21122418
14:07:08 C:\3rdID_Server2\Server2\@CUP_Terrains__Core\addons\cup_terrains_ca_languagemissions.pbo - 21122418
14:07:08 C:\3rdID_Server2\Server2\@CUP_Terrains__Core\addons\cup_terrains_ca_languagemissions_baf.pbo - 21122418
14:07:08 C:\3rdID_Server2\Server2\@CUP_Terrains__Core\addons\cup_terrains_ca_languagemissions_e.pbo - 21122418
14:07:08 C:\3rdID_Server2\Server2\@CUP_Terrains__Core\addons\cup_terrains_ca_languagemissions_pmc.pbo - 21122418
14:07:08 C:\3rdID_Server2\Server2\@CUP_Terrains__Core\addons\cup_terrains_ca_language_acr.pbo - 21122418
14:07:08 C:\3rdID_Server2\Server2\@CUP_Terrains__Core\addons\cup_terrains_ca_language_baf.pbo - 21122418
14:07:08 C:\3rdID_Server2\Server2\@CUP_Terrains__Core\addons\cup_terrains_ca_language_e.pbo - 21122418
14:07:08 C:\3rdID_Server2\Server2\@CUP_Terrains__Core\addons\cup_terrains_ca_language_pmc.pbo - 21122418
14:07:08 C:\3rdID_Server2\Server2\@CUP_Terrains__Core\addons\cup_terrains_ca_misc.pbo - 21122419
14:07:08 C:\3rdID_Server2\Server2\@CUP_Terrains__Core\addons\cup_terrains_ca_misc2.pbo - 21122418
14:07:08 C:\3rdID_Server2\Server2\@CUP_Terrains__Core\addons\cup_terrains_ca_misc3.pbo - 21122418
14:07:08 C:\3rdID_Server2\Server2\@CUP_Terrains__Core\addons\cup_terrains_ca_misc3_c.pbo - 21122418
14:07:08 C:\3rdID_Server2\Server2\@CUP_Terrains__Core\addons\cup_terrains_ca_misc_acr.pbo - 21122418
14:07:08 C:\3rdID_Server2\Server2\@CUP_Terrains__Core\addons\cup_terrains_ca_misc_acr_c.pbo - 21122418
14:07:08 C:\3rdID_Server2\Server2\@CUP_Terrains__Core\addons\cup_terrains_ca_misc_baf.pbo - 21122418
14:07:08 C:\3rdID_Server2\Server2\@CUP_Terrains__Core\addons\cup_terrains_ca_misc_e.pbo - 21122418
14:07:08 C:\3rdID_Server2\Server2\@CUP_Terrains__Core\addons\cup_terrains_ca_misc_e_c.pbo - 21122418
14:07:08 C:\3rdID_Server2\Server2\@CUP_Terrains__Core\addons\cup_terrains_ca_misc_rtm2.pbo - 21122418
14:07:08 C:\3rdID_Server2\Server2\@CUP_Terrains__Core\addons\cup_terrains_ca_mp_armory_dummy.pbo - 21122418
14:07:08 C:\3rdID_Server2\Server2\@CUP_Terrains__Core\addons\cup_terrains_ca_plants.pbo - 21122418
14:07:08 C:\3rdID_Server2\Server2\@CUP_Terrains__Core\addons\cup_terrains_ca_plants2.pbo - 21122418
14:07:08 C:\3rdID_Server2\Server2\@CUP_Terrains__Core\addons\cup_terrains_ca_plants_e.pbo - 21122418
14:07:08 C:\3rdID_Server2\Server2\@CUP_Terrains__Core\addons\cup_terrains_ca_plants_e2.pbo - 21122418
14:07:08 C:\3rdID_Server2\Server2\@CUP_Terrains__Core\addons\cup_terrains_ca_plants_pmc.pbo - 21122418
14:07:08 C:\3rdID_Server2\Server2\@CUP_Terrains__Core\addons\cup_terrains_ca_roads.pbo - 21122418
14:07:08 C:\3rdID_Server2\Server2\@CUP_Terrains__Core\addons\cup_terrains_ca_roads2.pbo - 21122418
14:07:08 C:\3rdID_Server2\Server2\@CUP_Terrains__Core\addons\cup_terrains_ca_roads_e.pbo - 21122418
14:07:08 C:\3rdID_Server2\Server2\@CUP_Terrains__Core\addons\cup_terrains_ca_roads_pmc.pbo - 21122418
14:07:08 C:\3rdID_Server2\Server2\@CUP_Terrains__Core\addons\cup_terrains_ca_roads_rtm2.pbo - 21122418
14:07:08 C:\3rdID_Server2\Server2\@CUP_Terrains__Core\addons\cup_terrains_ca_rocks.pbo - 21122418
14:07:08 C:\3rdID_Server2\Server2\@CUP_Terrains__Core\addons\cup_terrains_ca_rocks2.pbo - 21122418
14:07:08 C:\3rdID_Server2\Server2\@CUP_Terrains__Core\addons\cup_terrains_ca_rocks_e.pbo - 21122418
14:07:08 C:\3rdID_Server2\Server2\@CUP_Terrains__Core\addons\cup_terrains_ca_signs.pbo - 21122418
14:07:08 C:\3rdID_Server2\Server2\@CUP_Terrains__Core\addons\cup_terrains_ca_signs2.pbo - 21122418
14:07:08 C:\3rdID_Server2\Server2\@CUP_Terrains__Core\addons\cup_terrains_ca_signs_e.pbo - 21122418
14:07:08 C:\3rdID_Server2\Server2\@CUP_Terrains__Core\addons\cup_terrains_ca_sounds_c_dummy.pbo - 21122418
14:07:08 C:\3rdID_Server2\Server2\@CUP_Terrains__Core\addons\cup_terrains_ca_sounds_dummy.pbo - 21122418
14:07:08 C:\3rdID_Server2\Server2\@CUP_Terrains__Core\addons\cup_terrains_ca_sounds_e_dummy.pbo - 21122418
14:07:08 C:\3rdID_Server2\Server2\@CUP_Terrains__Core\addons\cup_terrains_ca_structures.pbo - 21122419
14:07:08 C:\3rdID_Server2\Server2\@CUP_Terrains__Core\addons\cup_terrains_ca_structures_c.pbo - 21122418
14:07:08 C:\3rdID_Server2\Server2\@CUP_Terrains__Core\addons\cup_terrains_ca_structures_e.pbo - 21122419
14:07:08 C:\3rdID_Server2\Server2\@CUP_Terrains__Core\addons\cup_terrains_ca_structures_e_c.pbo - 21122418
14:07:08 C:\3rdID_Server2\Server2\@CUP_Terrains__Core\addons\cup_terrains_ca_structures_pmc.pbo - 21122418
14:07:08 C:\3rdID_Server2\Server2\@CUP_Terrains__Core\addons\cup_terrains_ca_structures_pmc_c.pbo - 21122418
14:07:08 C:\3rdID_Server2\Server2\@CUP_Terrains__Core\addons\cup_terrains_ca_tracked2_dummy.pbo - 21122418
14:07:08 C:\3rdID_Server2\Server2\@CUP_Terrains__Core\addons\cup_terrains_ca_tracked_dummy.pbo - 21122418
14:07:08 C:\3rdID_Server2\Server2\@CUP_Terrains__Core\addons\cup_terrains_ca_tracked_e_dummy.pbo - 21122418
14:07:08 C:\3rdID_Server2\Server2\@CUP_Terrains__Core\addons\cup_terrains_ca_uifonts.pbo - 21122418
14:07:08 C:\3rdID_Server2\Server2\@CUP_Terrains__Core\addons\cup_terrains_ca_ui_dummy.pbo - 21122418
14:07:08 C:\3rdID_Server2\Server2\@CUP_Terrains__Core\addons\cup_terrains_ca_water2_dummy.pbo - 21122418
14:07:08 C:\3rdID_Server2\Server2\@CUP_Terrains__Core\addons\cup_terrains_ca_water_dummy.pbo - 21122418
14:07:08 C:\3rdID_Server2\Server2\@CUP_Terrains__Core\addons\cup_terrains_ca_weapons2_dummy.pbo - 21122418
14:07:08 C:\3rdID_Server2\Server2\@CUP_Terrains__Core\addons\cup_terrains_ca_weapons_dummy.pbo - 21122418
14:07:08 C:\3rdID_Server2\Server2\@CUP_Terrains__Core\addons\cup_terrains_ca_weapons_e_dummy.pbo - 21122418
14:07:08 C:\3rdID_Server2\Server2\@CUP_Terrains__Core\addons\cup_terrains_ca_weapons_pmc_dummy.pbo - 21122418
14:07:08 C:\3rdID_Server2\Server2\@CUP_Terrains__Core\addons\cup_terrains_ca_wheeled2_dummy.pbo - 21122418
14:07:08 C:\3rdID_Server2\Server2\@CUP_Terrains__Core\addons\cup_terrains_ca_wheeled_dummy.pbo - 21122418
14:07:08 C:\3rdID_Server2\Server2\@CUP_Terrains__Core\addons\cup_terrains_ca_wheeled_e_dummy.pbo - 21122418
14:07:08 C:\3rdID_Server2\Server2\@CUP_Terrains__Core\addons\cup_terrains_compositions.pbo - 21122418
14:07:08 C:\3rdID_Server2\Server2\@CUP_Terrains__Core\addons\cup_terrains_core.pbo - 21122418
14:07:08 C:\3rdID_Server2\Server2\@CUP_Terrains__Core\addons\cup_terrains_dbe1_dummy.pbo - 21122418
14:07:08 C:\3rdID_Server2\Server2\@CUP_Terrains__Core\addons\cup_terrains_dbe1_models_dbe1.pbo - 21122418
14:07:08 C:\3rdID_Server2\Server2\@CUP_Terrains__Core\addons\cup_terrains_dbe1_models_dbe1_c.pbo - 21122418
14:07:08 C:\3rdID_Server2\Server2\@CUP_Terrains__Core\addons\cup_terrains_dummy.pbo - 21122418
14:07:08 C:\3rdID_Server2\Server2\@CUP_Terrains__Core\addons\cup_terrains_editor_c.pbo - 21122418
14:07:08 C:\3rdID_Server2\Server2\@CUP_Terrains__Core\addons\cup_terrains_hsim_data_h_dummy.pbo - 21122418
14:07:08 C:\3rdID_Server2\Server2\@CUP_Terrains__Core\addons\cup_terrains_hsim_languagemissions_h.pbo - 21122418
14:07:08 C:\3rdID_Server2\Server2\@CUP_Terrains__Core\addons\cup_terrains_hsim_language_h.pbo - 21122418
14:07:08 C:\3rdID_Server2\Server2\@CUP_Terrains__Core\addons\cup_terrains_ibr_plants.pbo - 21122418
14:07:08 C:\3rdID_Server2\Server2\@CUP_Terrains__Core\addons\cup_terrains_music.pbo - 21122418
14:07:08 C:\3rdID_Server2\Server2\@CUP_Terrains__Core\addons\cup_terrains_plants.pbo - 21122418
14:07:08 C:\3rdID_Server2\Server2\@CUP_Terrains__Core\addons\cup_terrains_roadfix.pbo - 21122418
14:07:08 C:\3rdID_Server2\Server2\@CUP_Terrains__Core\addons\cup_terrains_terrains_core.pbo - 21122418
14:07:08 C:\3rdID_Server2\Server2\@CUP_Terrains__Core\addons\cup_terrains_weather.pbo - 21122418
14:07:08 C:\3rdID_Server2\Server2\@CUP_Terrains__Core\addons\cup_terrains_winter_animals.pbo - 21122418
14:07:08 C:\3rdID_Server2\Server2\@CUP_Terrains__Core\addons\cup_terrains_winter_objects.pbo - 21122418
14:07:08 C:\3rdID_Server2\Server2\@CUP_Terrains__Core\addons\cup_terrains_winter_plants.pbo - 21122418
14:07:08 C:\3rdID_Server2\Server2\@CUP_Terrains__Core\addons\cup_terrains_winter_roads.pbo - 21122418
14:07:08 C:\3rdID_Server2\Server2\@CUP_Terrains__Core\addons\cup_terrains_worlds.pbo - 21122418
14:07:08 C:\3rdID_Server2\Server2\@Ctab_Devastator_Edition\addons\ctab.pbo - unknown
14:07:08 C:\3rdID_Server2\Server2\@AH_64D_Official_Project\addons\fza_ah64_aicrew.pbo - unknown
14:07:08 C:\3rdID_Server2\Server2\@AH_64D_Official_Project\addons\fza_ah64_ase.pbo - unknown
14:07:08 C:\3rdID_Server2\Server2\@AH_64D_Official_Project\addons\fza_ah64_audio.pbo - unknown
14:07:08 C:\3rdID_Server2\Server2\@AH_64D_Official_Project\addons\fza_ah64_auxtank.pbo - unknown
14:07:08 C:\3rdID_Server2\Server2\@AH_64D_Official_Project\addons\fza_ah64_cannon.pbo - unknown
14:07:08 C:\3rdID_Server2\Server2\@AH_64D_Official_Project\addons\fza_ah64_common.pbo - unknown
14:07:08 C:\3rdID_Server2\Server2\@AH_64D_Official_Project\addons\fza_ah64_controls.pbo - unknown
14:07:08 C:\3rdID_Server2\Server2\@AH_64D_Official_Project\addons\fza_ah64_crew.pbo - unknown
14:07:08 C:\3rdID_Server2\Server2\@AH_64D_Official_Project\addons\fza_ah64_customise.pbo - unknown
14:07:08 C:\3rdID_Server2\Server2\@AH_64D_Official_Project\addons\fza_ah64_dms.pbo - unknown
14:07:08 C:\3rdID_Server2\Server2\@AH_64D_Official_Project\addons\fza_ah64_fcr.pbo - unknown
14:07:08 C:\3rdID_Server2\Server2\@AH_64D_Official_Project\addons\fza_ah64_fire.pbo - unknown
14:07:08 C:\3rdID_Server2\Server2\@AH_64D_Official_Project\addons\fza_ah64_hellfire.pbo - unknown
14:07:08 C:\3rdID_Server2\Server2\@AH_64D_Official_Project\addons\fza_ah64_hydra.pbo - unknown
14:07:08 C:\3rdID_Server2\Server2\@AH_64D_Official_Project\addons\fza_ah64_ihadss.pbo - unknown
14:07:08 C:\3rdID_Server2\Server2\@AH_64D_Official_Project\addons\fza_ah64_ku.pbo - unknown
14:07:08 C:\3rdID_Server2\Server2\@AH_64D_Official_Project\addons\fza_ah64_light.pbo - unknown
14:07:08 C:\3rdID_Server2\Server2\@AH_64D_Official_Project\addons\fza_ah64_mpd.pbo - unknown
14:07:08 C:\3rdID_Server2\Server2\@AH_64D_Official_Project\addons\fza_ah64_sfmplus.pbo - unknown
14:07:08 C:\3rdID_Server2\Server2\@AH_64D_Official_Project\addons\fza_ah64_systems.pbo - unknown
14:07:08 C:\3rdID_Server2\Server2\@AH_64D_Official_Project\addons\fza_ah64_ufd.pbo - unknown
14:07:08 C:\3rdID_Server2\Server2\@AH_64D_Official_Project\addons\fza_ah64_us.pbo - unknown
14:07:08 C:\3rdID_Server2\Server2\@AH_64D_Official_Project\addons\fza_ah64_wca.pbo - unknown
14:07:08 C:\3rdID_Server2\Server2\@AH_64D_Official_Project\addons\fza_ah64_weapons.pbo - unknown
14:07:08 C:\3rdID_Server2\Server2\@AH_64D_Official_Project\addons\fza_compat_cup.pbo - unknown
14:07:08 C:\3rdID_Server2\Server2\@AH_64D_Official_Project\addons\fza_compat_pook.pbo - unknown
14:07:08 C:\3rdID_Server2\Server2\@AH_64D_Official_Project\addons\fza_compat_rhs.pbo - unknown
14:07:08 C:\3rdID_Server2\Server2\@Jbad\addons\afghan_houses.pbo - 22092400
14:07:08 C:\3rdID_Server2\Server2\@Jbad\addons\afghan_houses_c.pbo - 22092400
14:07:08 C:\3rdID_Server2\Server2\@Jbad\addons\afghan_houses_c2.pbo - 22092400
14:07:08 C:\3rdID_Server2\Server2\@Jbad\addons\afghan_houses_old.pbo - 22092400
14:07:08 C:\3rdID_Server2\Server2\@Jbad\addons\afghan_house_a.pbo - 22092400
14:07:08 C:\3rdID_Server2\Server2\@Jbad\addons\bridges.pbo - 22092400
14:07:08 C:\3rdID_Server2\Server2\@Jbad\addons\bunkers.pbo - 22092400
14:07:08 C:\3rdID_Server2\Server2\@Jbad\addons\Cargo_Cont.pbo - 22092400
14:07:08 C:\3rdID_Server2\Server2\@Jbad\addons\Gear.pbo - 22092400
14:07:08 C:\3rdID_Server2\Server2\@Jbad\addons\GeneralStore.pbo - 22092400
14:07:08 C:\3rdID_Server2\Server2\@Jbad\addons\Ind.pbo - 22092400
14:07:08 C:\3rdID_Server2\Server2\@Jbad\addons\Jbad_Bridge_Kammeny.pbo - 22092400
14:07:08 C:\3rdID_Server2\Server2\@Jbad\addons\Jbad_Bridge_Most.pbo - 22092400
14:07:08 C:\3rdID_Server2\Server2\@Jbad\addons\Jbad_Defines.pbo - 22092400
14:07:08 C:\3rdID_Server2\Server2\@Jbad\addons\jbad_misc.pbo - 22092400
14:07:08 C:\3rdID_Server2\Server2\@Jbad\addons\Jbad_Rocks.pbo - 22092400
14:07:08 C:\3rdID_Server2\Server2\@Jbad\addons\Jbad_Sounds.pbo - 22092400
14:07:08 C:\3rdID_Server2\Server2\@Jbad\addons\Jbad_Structures.pbo - 22092400
14:07:08 C:\3rdID_Server2\Server2\@Jbad\addons\Jbad_Veg.pbo - 22092400
14:07:08 C:\3rdID_Server2\Server2\@Jbad\addons\Jbad_Vehicles.pbo - 22092400
14:07:08 C:\3rdID_Server2\Server2\@Jbad\addons\Jbad_Water.pbo - 22092400
14:07:08 C:\3rdID_Server2\Server2\@Jbad\addons\mil.pbo - 22092400
14:07:08 C:\3rdID_Server2\Server2\@Jbad\addons\Mosque_big.pbo - 22092400
14:07:08 C:\3rdID_Server2\Server2\@Jbad\addons\OPXBuildings2.pbo - 22092400
14:07:08 C:\3rdID_Server2\Server2\@Jbad\addons\OPXmisc2.pbo - 22092400
14:07:08 C:\3rdID_Server2\Server2\@Jbad\addons\Shops.pbo - 22092400
14:07:08 C:\3rdID_Server2\Server2\@Jbad\addons\Sidewalks.pbo - 22092400
14:07:08 C:\3rdID_Server2\Server2\@Jbad\addons\Walls.pbo - 22092400
14:07:08 C:\3rdID_Server2\Server2\@BackpackOnChest__Redux\addons\bocr_main.pbo - 2.3.0.0-d5f47a98
14:07:08 C:\3rdID_Server2\Server2\@Hatchet_Interaction_Framework__Stable_Version\addons\HCT_a3.pbo - 0.3.1.0
14:07:08 C:\3rdID_Server2\Server2\@Hatchet_Interaction_Framework__Stable_Version\addons\HCT_core.pbo - 0.3.1.0
14:07:08 C:\3rdID_Server2\Server2\@Hatchet_Interaction_Framework__Stable_Version\addons\HCT_interaction.pbo - 0.3.1.0
14:07:08 C:\3rdID_Server2\Server2\@Hatchet_Interaction_Framework__Stable_Version\addons\HCT_main.pbo - 0.3.1.0
14:07:08 C:\3rdID_Server2\Server2\@Hatchet_Interaction_Framework__Stable_Version\addons\HCT_util.pbo - 0.3.1.0
14:07:08 C:\3rdID_Server2\Server2\@Hatchet_Interaction_Framework__Stable_Version\addons\HCT_vn.pbo - 0.3.1.0
14:07:08 C:\3rdID_Server2\Server2\@Zeus_Enhanced\addons\zen_ai.pbo - 1.15.1.36
14:07:08 C:\3rdID_Server2\Server2\@Zeus_Enhanced\addons\zen_area_markers.pbo - 1.15.1.36
14:07:08 C:\3rdID_Server2\Server2\@Zeus_Enhanced\addons\zen_attached_objects.pbo - 1.15.1.36
14:07:08 C:\3rdID_Server2\Server2\@Zeus_Enhanced\addons\zen_attributes.pbo - 1.15.1.36
14:07:08 C:\3rdID_Server2\Server2\@Zeus_Enhanced\addons\zen_building_markers.pbo - 1.15.1.36
14:07:08 C:\3rdID_Server2\Server2\@Zeus_Enhanced\addons\zen_camera.pbo - 1.15.1.36
14:07:08 C:\3rdID_Server2\Server2\@Zeus_Enhanced\addons\zen_common.pbo - 1.15.1.36
14:07:08 C:\3rdID_Server2\Server2\@Zeus_Enhanced\addons\zen_compat_ace.pbo - 1.15.1.36
14:07:08 C:\3rdID_Server2\Server2\@Zeus_Enhanced\addons\zen_compat_advanced_rappelling.pbo - 1.15.1.36
14:07:08 C:\3rdID_Server2\Server2\@Zeus_Enhanced\addons\zen_compositions.pbo - 1.15.1.36
14:07:08 C:\3rdID_Server2\Server2\@Zeus_Enhanced\addons\zen_context_actions.pbo - 1.15.1.36
14:07:08 C:\3rdID_Server2\Server2\@Zeus_Enhanced\addons\zen_context_menu.pbo - 1.15.1.36
14:07:08 C:\3rdID_Server2\Server2\@Zeus_Enhanced\addons\zen_cover_map.pbo - 1.15.1.36
14:07:08 C:\3rdID_Server2\Server2\@Zeus_Enhanced\addons\zen_custom_modules.pbo - 1.15.1.36
14:07:08 C:\3rdID_Server2\Server2\@Zeus_Enhanced\addons\zen_damage.pbo - 1.15.1.36
14:07:08 C:\3rdID_Server2\Server2\@Zeus_Enhanced\addons\zen_dialog.pbo - 1.15.1.36
14:07:08 C:\3rdID_Server2\Server2\@Zeus_Enhanced\addons\zen_doors.pbo - 1.15.1.36
14:07:08 C:\3rdID_Server2\Server2\@Zeus_Enhanced\addons\zen_editor.pbo - 1.15.1.36
14:07:08 C:\3rdID_Server2\Server2\@Zeus_Enhanced\addons\zen_editor_previews.pbo - 1.15.1.36
14:07:08 C:\3rdID_Server2\Server2\@Zeus_Enhanced\addons\zen_faction_filter.pbo - 1.15.1.36
14:07:08 C:\3rdID_Server2\Server2\@Zeus_Enhanced\addons\zen_flashlight.pbo - 1.15.1.36
14:07:08 C:\3rdID_Server2\Server2\@Zeus_Enhanced\addons\zen_garage.pbo - 1.15.1.36
14:07:08 C:\3rdID_Server2\Server2\@Zeus_Enhanced\addons\zen_inventory.pbo - 1.15.1.36
14:07:08 C:\3rdID_Server2\Server2\@Zeus_Enhanced\addons\zen_loadout.pbo - 1.15.1.36
14:07:08 C:\3rdID_Server2\Server2\@Zeus_Enhanced\addons\zen_main.pbo - 1.15.1.36
14:07:08 C:\3rdID_Server2\Server2\@Zeus_Enhanced\addons\zen_markers_tree.pbo - 1.15.1.36
14:07:08 C:\3rdID_Server2\Server2\@Zeus_Enhanced\addons\zen_modules.pbo - 1.15.1.36
14:07:08 C:\3rdID_Server2\Server2\@Zeus_Enhanced\addons\zen_music.pbo - 1.15.1.36
14:07:08 C:\3rdID_Server2\Server2\@Zeus_Enhanced\addons\zen_placement.pbo - 1.15.1.36
14:07:08 C:\3rdID_Server2\Server2\@Zeus_Enhanced\addons\zen_position_logics.pbo - 1.15.1.36
14:07:08 C:\3rdID_Server2\Server2\@Zeus_Enhanced\addons\zen_pylons.pbo - 1.15.1.36
14:07:08 C:\3rdID_Server2\Server2\@Zeus_Enhanced\addons\zen_remote_control.pbo - 1.15.1.36
14:07:08 C:\3rdID_Server2\Server2\@Zeus_Enhanced\addons\zen_tasks.pbo - 1.15.1.36
14:07:08 C:\3rdID_Server2\Server2\@Zeus_Enhanced\addons\zen_visibility.pbo - 1.15.1.36
14:07:08 C:\3rdID_Server2\Server2\@Zeus_Enhanced\addons\zen_vision.pbo - 1.15.1.36
14:07:08 C:\3rdID_Server2\Server2\@Aduke_OH_58_Kiowa\addons\ad_oh58.pbo - unknown
14:07:08 C:\3rdID_Server2\Server2\@ace\addons\ace_advanced_ballistics.pbo - 3.20.0.104
14:07:08 C:\3rdID_Server2\Server2\@ace\addons\ace_advanced_fatigue.pbo - 3.20.0.104
14:07:08 C:\3rdID_Server2\Server2\@ace\addons\ace_advanced_throwing.pbo - 3.20.0.104
14:07:08 C:\3rdID_Server2\Server2\@ace\addons\ace_ai.pbo - 3.20.0.104
14:07:08 C:\3rdID_Server2\Server2\@ace\addons\ace_aircraft.pbo - 3.20.0.104
14:07:08 C:\3rdID_Server2\Server2\@ace\addons\ace_apl.pbo - 3.20.0.104
14:07:08 C:\3rdID_Server2\Server2\@ace\addons\ace_arsenal.pbo - 3.20.0.104
14:07:08 C:\3rdID_Server2\Server2\@ace\addons\ace_artillerytables.pbo - 3.20.0.104
14:07:08 C:\3rdID_Server2\Server2\@ace\addons\ace_atragmx.pbo - 3.20.0.104
14:07:08 C:\3rdID_Server2\Server2\@ace\addons\ace_attach.pbo - 3.20.0.104
14:07:08 C:\3rdID_Server2\Server2\@ace\addons\ace_backpacks.pbo - 3.20.0.104
14:07:08 C:\3rdID_Server2\Server2\@ace\addons\ace_ballistics.pbo - 3.20.0.104
14:07:08 C:\3rdID_Server2\Server2\@ace\addons\ace_captives.pbo - 3.20.0.104
14:07:08 C:\3rdID_Server2\Server2\@ace\addons\ace_cargo.pbo - 3.20.0.104
14:07:08 C:\3rdID_Server2\Server2\@ace\addons\ace_casings.pbo - 3.20.0.104
14:07:08 C:\3rdID_Server2\Server2\@ace\addons\ace_chemlights.pbo - 3.20.0.104
14:07:08 C:\3rdID_Server2\Server2\@ace\addons\ace_common.pbo - 3.20.0.104
14:07:08 C:\3rdID_Server2\Server2\@ace\addons\ace_compat_aegis.pbo - 3.20.0.104
14:07:08 C:\3rdID_Server2\Server2\@ace\addons\ace_compat_cfp.pbo - 3.20.0.104
14:07:08 C:\3rdID_Server2\Server2\@ace\addons\ace_compat_csla.pbo - 3.20.0.104
14:07:08 C:\3rdID_Server2\Server2\@ace\addons\ace_compat_cup_terrains.pbo - 3.20.0.104
14:07:08 C:\3rdID_Server2\Server2\@ace\addons\ace_compat_cup_units.pbo - 3.20.0.104
14:07:08 C:\3rdID_Server2\Server2\@ace\addons\ace_compat_cup_vehicles.pbo - 3.20.0.104
14:07:08 C:\3rdID_Server2\Server2\@ace\addons\ace_compat_cup_weapons.pbo - 3.20.0.104
14:07:08 C:\3rdID_Server2\Server2\@ace\addons\ace_compat_ef.pbo - 3.20.0.104
14:07:08 C:\3rdID_Server2\Server2\@ace\addons\ace_compat_gm.pbo - 3.20.0.104
14:07:08 C:\3rdID_Server2\Server2\@ace\addons\ace_compat_r3f.pbo - 3.20.0.104
14:07:08 C:\3rdID_Server2\Server2\@ace\addons\ace_compat_rf.pbo - 3.20.0.104
14:07:08 C:\3rdID_Server2\Server2\@ace\addons\ace_compat_rhs_afrf3.pbo - 3.20.0.104
14:07:08 C:\3rdID_Server2\Server2\@ace\addons\ace_compat_rhs_gref3.pbo - 3.20.0.104
14:07:08 C:\3rdID_Server2\Server2\@ace\addons\ace_compat_rhs_saf3.pbo - 3.20.0.104
14:07:08 C:\3rdID_Server2\Server2\@ace\addons\ace_compat_rhs_usf3.pbo - 3.20.0.104
14:07:08 C:\3rdID_Server2\Server2\@ace\addons\ace_compat_rh_acc.pbo - 3.20.0.104
14:07:08 C:\3rdID_Server2\Server2\@ace\addons\ace_compat_rh_de.pbo - 3.20.0.104
14:07:08 C:\3rdID_Server2\Server2\@ace\addons\ace_compat_rh_m4.pbo - 3.20.0.104
14:07:08 C:\3rdID_Server2\Server2\@ace\addons\ace_compat_rh_pdw.pbo - 3.20.0.104
14:07:08 C:\3rdID_Server2\Server2\@ace\addons\ace_compat_rksl_pm_ii.pbo - 3.20.0.104
14:07:08 C:\3rdID_Server2\Server2\@ace\addons\ace_compat_sma3_iansky.pbo - 3.20.0.104
14:07:08 C:\3rdID_Server2\Server2\@ace\addons\ace_compat_sog.pbo - 3.20.0.104
14:07:08 C:\3rdID_Server2\Server2\@ace\addons\ace_compat_spe.pbo - 3.20.0.104
14:07:08 C:\3rdID_Server2\Server2\@ace\addons\ace_compat_ws.pbo - 3.20.0.104
14:07:08 C:\3rdID_Server2\Server2\@ace\addons\ace_concertina_wire.pbo - 3.20.0.104
14:07:08 C:\3rdID_Server2\Server2\@ace\addons\ace_cookoff.pbo - 3.20.0.104
14:07:08 C:\3rdID_Server2\Server2\@ace\addons\ace_csw.pbo - 3.20.0.104
14:07:08 C:\3rdID_Server2\Server2\@ace\addons\ace_dagr.pbo - 3.20.0.104
14:07:08 C:\3rdID_Server2\Server2\@ace\addons\ace_disarming.pbo - 3.20.0.104
14:07:08 C:\3rdID_Server2\Server2\@ace\addons\ace_disposable.pbo - 3.20.0.104
14:07:08 C:\3rdID_Server2\Server2\@ace\addons\ace_dogtags.pbo - 3.20.0.104
14:07:08 C:\3rdID_Server2\Server2\@ace\addons\ace_dragging.pbo - 3.20.0.104
14:07:08 C:\3rdID_Server2\Server2\@ace\addons\ace_dragon.pbo - 3.20.0.104
14:07:08 C:\3rdID_Server2\Server2\@ace\addons\ace_explosives.pbo - 3.20.0.104
14:07:08 C:\3rdID_Server2\Server2\@ace\addons\ace_fastroping.pbo - 3.20.0.104
14:07:08 C:\3rdID_Server2\Server2\@ace\addons\ace_fcs.pbo - 3.20.0.104
14:07:08 C:\3rdID_Server2\Server2\@ace\addons\ace_fieldmanual.pbo - 3.20.0.104
14:07:08 C:\3rdID_Server2\Server2\@ace\addons\ace_field_rations.pbo - 3.20.0.104
14:07:08 C:\3rdID_Server2\Server2\@ace\addons\ace_finger.pbo - 3.20.0.104
14:07:08 C:\3rdID_Server2\Server2\@ace\addons\ace_fire.pbo - 3.20.0.104
14:07:08 C:\3rdID_Server2\Server2\@ace\addons\ace_flags.pbo - 3.20.0.104
14:07:08 C:\3rdID_Server2\Server2\@ace\addons\ace_flashlights.pbo - 3.20.0.104
14:07:08 C:\3rdID_Server2\Server2\@ace\addons\ace_flashsuppressors.pbo - 3.20.0.104
14:07:08 C:\3rdID_Server2\Server2\@ace\addons\ace_fonts.pbo - 3.20.0.104
14:07:08 C:\3rdID_Server2\Server2\@ace\addons\ace_fortify.pbo - 3.20.0.104
14:07:08 C:\3rdID_Server2\Server2\@ace\addons\ace_frag.pbo - 3.20.0.104
14:07:08 C:\3rdID_Server2\Server2\@ace\addons\ace_gestures.pbo - 3.20.0.104
14:07:08 C:\3rdID_Server2\Server2\@ace\addons\ace_gforces.pbo - 3.20.0.104
14:07:08 C:\3rdID_Server2\Server2\@ace\addons\ace_goggles.pbo - 3.20.0.104
14:07:08 C:\3rdID_Server2\Server2\@ace\addons\ace_grenades.pbo - 3.20.0.104
14:07:08 C:\3rdID_Server2\Server2\@ace\addons\ace_gunbag.pbo - 3.20.0.104
14:07:08 C:\3rdID_Server2\Server2\@ace\addons\ace_headless.pbo - 3.20.0.104
14:07:08 C:\3rdID_Server2\Server2\@ace\addons\ace_hearing.pbo - 3.20.0.104
14:07:08 C:\3rdID_Server2\Server2\@ace\addons\ace_hellfire.pbo - 3.20.0.104
14:07:08 C:\3rdID_Server2\Server2\@ace\addons\ace_hitreactions.pbo - 3.20.0.104
14:07:08 C:\3rdID_Server2\Server2\@ace\addons\ace_hot.pbo - 3.20.0.104
14:07:08 C:\3rdID_Server2\Server2\@ace\addons\ace_hunterkiller.pbo - 3.20.0.104
14:07:08 C:\3rdID_Server2\Server2\@ace\addons\ace_huntir.pbo - 3.20.0.104
14:07:08 C:\3rdID_Server2\Server2\@ace\addons\ace_intelitems.pbo - 3.20.0.104
14:07:08 C:\3rdID_Server2\Server2\@ace\addons\ace_interaction.pbo - 3.20.0.104
14:07:08 C:\3rdID_Server2\Server2\@ace\addons\ace_interact_menu.pbo - 3.20.0.104
14:07:08 C:\3rdID_Server2\Server2\@ace\addons\ace_inventory.pbo - 3.20.0.104
14:07:08 C:\3rdID_Server2\Server2\@ace\addons\ace_irlight.pbo - 3.20.0.104
14:07:08 C:\3rdID_Server2\Server2\@ace\addons\ace_javelin.pbo - 3.20.0.104
14:07:08 C:\3rdID_Server2\Server2\@ace\addons\ace_kestrel4500.pbo - 3.20.0.104
14:07:08 C:\3rdID_Server2\Server2\@ace\addons\ace_killtracker.pbo - 3.20.0.104
14:07:08 C:\3rdID_Server2\Server2\@ace\addons\ace_laser.pbo - 3.20.0.104
14:07:08 C:\3rdID_Server2\Server2\@ace\addons\ace_laserpointer.pbo - 3.20.0.104
14:07:08 C:\3rdID_Server2\Server2\@ace\addons\ace_logistics_rope.pbo - 3.20.0.104
14:07:08 C:\3rdID_Server2\Server2\@ace\addons\ace_logistics_uavbattery.pbo - 3.20.0.104
14:07:08 C:\3rdID_Server2\Server2\@ace\addons\ace_logistics_wirecutter.pbo - 3.20.0.104
14:07:08 C:\3rdID_Server2\Server2\@ace\addons\ace_magazinerepack.pbo - 3.20.0.104
14:07:08 C:\3rdID_Server2\Server2\@ace\addons\ace_main.pbo - 3.20.0.104
14:07:08 C:\3rdID_Server2\Server2\@ace\addons\ace_map.pbo - 3.20.0.104
14:07:08 C:\3rdID_Server2\Server2\@ace\addons\ace_maptools.pbo - 3.20.0.104
14:07:08 C:\3rdID_Server2\Server2\@ace\addons\ace_map_gestures.pbo - 3.20.0.104
14:07:08 C:\3rdID_Server2\Server2\@ace\addons\ace_markers.pbo - 3.20.0.104
14:07:08 C:\3rdID_Server2\Server2\@ace\addons\ace_marker_flags.pbo - 3.20.0.104
14:07:08 C:\3rdID_Server2\Server2\@ace\addons\ace_markinglaser.pbo - 3.20.0.104
14:07:08 C:\3rdID_Server2\Server2\@ace\addons\ace_maverick.pbo - 3.20.0.104
14:07:08 C:\3rdID_Server2\Server2\@ace\addons\ace_medical.pbo - 3.20.0.104
14:07:08 C:\3rdID_Server2\Server2\@ace\addons\ace_medical_ai.pbo - 3.20.0.104
14:07:08 C:\3rdID_Server2\Server2\@ace\addons\ace_medical_blood.pbo - 3.20.0.104
14:07:08 C:\3rdID_Server2\Server2\@ace\addons\ace_medical_damage.pbo - 3.20.0.104
14:07:08 C:\3rdID_Server2\Server2\@ace\addons\ace_medical_engine.pbo - 3.20.0.104
14:07:08 C:\3rdID_Server2\Server2\@ace\addons\ace_medical_feedback.pbo - 3.20.0.104
14:07:08 C:\3rdID_Server2\Server2\@ace\addons\ace_medical_gui.pbo - 3.20.0.104
14:07:08 C:\3rdID_Server2\Server2\@ace\addons\ace_medical_statemachine.pbo - 3.20.0.104
14:07:08 C:\3rdID_Server2\Server2\@ace\addons\ace_medical_status.pbo - 3.20.0.104
14:07:08 C:\3rdID_Server2\Server2\@ace\addons\ace_medical_treatment.pbo - 3.20.0.104
14:07:08 C:\3rdID_Server2\Server2\@ace\addons\ace_medical_vitals.pbo - 3.20.0.104
14:07:08 C:\3rdID_Server2\Server2\@ace\addons\ace_metis.pbo - 3.20.0.104
14:07:08 C:\3rdID_Server2\Server2\@ace\addons\ace_microdagr.pbo - 3.20.0.104
14:07:08 C:\3rdID_Server2\Server2\@ace\addons\ace_minedetector.pbo - 3.20.0.104
14:07:08 C:\3rdID_Server2\Server2\@ace\addons\ace_missileguidance.pbo - 3.20.0.104
14:07:08 C:\3rdID_Server2\Server2\@ace\addons\ace_missile_aim120.pbo - 3.20.0.104
14:07:08 C:\3rdID_Server2\Server2\@ace\addons\ace_missile_aim9.pbo - 3.20.0.104
14:07:08 C:\3rdID_Server2\Server2\@ace\addons\ace_missile_clgp.pbo - 3.20.0.104
14:07:08 C:\3rdID_Server2\Server2\@ace\addons\ace_missile_gbu.pbo - 3.20.0.104
14:07:08 C:\3rdID_Server2\Server2\@ace\addons\ace_missile_hud.pbo - 3.20.0.104
14:07:08 C:\3rdID_Server2\Server2\@ace\addons\ace_missile_manpad.pbo - 3.20.0.104
14:07:08 C:\3rdID_Server2\Server2\@ace\addons\ace_missile_sam.pbo - 3.20.0.104
14:07:08 C:\3rdID_Server2\Server2\@ace\addons\ace_missile_sdb.pbo - 3.20.0.104
14:07:08 C:\3rdID_Server2\Server2\@ace\addons\ace_missile_vikhr.pbo - 3.20.0.104
14:07:08 C:\3rdID_Server2\Server2\@ace\addons\ace_missionmodules.pbo - 3.20.0.104
14:07:08 C:\3rdID_Server2\Server2\@ace\addons\ace_mk6mortar.pbo - 3.20.0.104
14:07:08 C:\3rdID_Server2\Server2\@ace\addons\ace_modules.pbo - 3.20.0.104
14:07:08 C:\3rdID_Server2\Server2\@ace\addons\ace_movement.pbo - 3.20.0.104
14:07:08 C:\3rdID_Server2\Server2\@ace\addons\ace_mx2a.pbo - 3.20.0.104
14:07:08 C:\3rdID_Server2\Server2\@ace\addons\ace_nametags.pbo - 3.20.0.104
14:07:08 C:\3rdID_Server2\Server2\@ace\addons\ace_nightvision.pbo - 3.20.0.104
14:07:08 C:\3rdID_Server2\Server2\@ace\addons\ace_nlaw.pbo - 3.20.0.104
14:07:08 C:\3rdID_Server2\Server2\@ace\addons\ace_noidle.pbo - 3.20.0.104
14:07:08 C:\3rdID_Server2\Server2\@ace\addons\ace_noradio.pbo - 3.20.0.104
14:07:08 C:\3rdID_Server2\Server2\@ace\addons\ace_norearm.pbo - 3.20.0.104
14:07:08 C:\3rdID_Server2\Server2\@ace\addons\ace_novehicleclanlogo.pbo - 3.20.0.104
14:07:08 C:\3rdID_Server2\Server2\@ace\addons\ace_optics.pbo - 3.20.0.104
14:07:08 C:\3rdID_Server2\Server2\@ace\addons\ace_optionsmenu.pbo - 3.20.0.104
14:07:08 C:\3rdID_Server2\Server2\@ace\addons\ace_overheating.pbo - 3.20.0.104
14:07:08 C:\3rdID_Server2\Server2\@ace\addons\ace_overpressure.pbo - 3.20.0.104
14:07:08 C:\3rdID_Server2\Server2\@ace\addons\ace_parachute.pbo - 3.20.0.104
14:07:08 C:\3rdID_Server2\Server2\@ace\addons\ace_pylons.pbo - 3.20.0.104
14:07:08 C:\3rdID_Server2\Server2\@ace\addons\ace_quickmount.pbo - 3.20.0.104
14:07:08 C:\3rdID_Server2\Server2\@ace\addons\ace_rangecard.pbo - 3.20.0.104
14:07:08 C:\3rdID_Server2\Server2\@ace\addons\ace_realisticnames.pbo - 3.20.0.104
14:07:08 C:\3rdID_Server2\Server2\@ace\addons\ace_realisticweights.pbo - 3.20.0.104
14:07:08 C:\3rdID_Server2\Server2\@ace\addons\ace_rearm.pbo - 3.20.0.104
14:07:08 C:\3rdID_Server2\Server2\@ace\addons\ace_recoil.pbo - 3.20.0.104
14:07:08 C:\3rdID_Server2\Server2\@ace\addons\ace_refuel.pbo - 3.20.0.104
14:07:08 C:\3rdID_Server2\Server2\@ace\addons\ace_reload.pbo - 3.20.0.104
14:07:08 C:\3rdID_Server2\Server2\@ace\addons\ace_reloadlaunchers.pbo - 3.20.0.104
14:07:08 C:\3rdID_Server2\Server2\@ace\addons\ace_repair.pbo - 3.20.0.104
14:07:08 C:\3rdID_Server2\Server2\@ace\addons\ace_respawn.pbo - 3.20.0.104
14:07:08 C:\3rdID_Server2\Server2\@ace\addons\ace_safemode.pbo - 3.20.0.104
14:07:08 C:\3rdID_Server2\Server2\@ace\addons\ace_sandbag.pbo - 3.20.0.104
14:07:08 C:\3rdID_Server2\Server2\@ace\addons\ace_scopes.pbo - 3.20.0.104
14:07:08 C:\3rdID_Server2\Server2\@ace\addons\ace_sitting.pbo - 3.20.0.104
14:07:08 C:\3rdID_Server2\Server2\@ace\addons\ace_slideshow.pbo - 3.20.0.104
14:07:08 C:\3rdID_Server2\Server2\@ace\addons\ace_smallarms.pbo - 3.20.0.104
14:07:08 C:\3rdID_Server2\Server2\@ace\addons\ace_spectator.pbo - 3.20.0.104
14:07:08 C:\3rdID_Server2\Server2\@ace\addons\ace_spike.pbo - 3.20.0.104
14:07:08 C:\3rdID_Server2\Server2\@ace\addons\ace_spottingscope.pbo - 3.20.0.104
14:07:08 C:\3rdID_Server2\Server2\@ace\addons\ace_switchunits.pbo - 3.20.0.104
14:07:08 C:\3rdID_Server2\Server2\@ace\addons\ace_tacticalladder.pbo - 3.20.0.104
14:07:08 C:\3rdID_Server2\Server2\@ace\addons\ace_tagging.pbo - 3.20.0.104
14:07:08 C:\3rdID_Server2\Server2\@ace\addons\ace_thermals.pbo - 3.20.0.104
14:07:08 C:\3rdID_Server2\Server2\@ace\addons\ace_towing.pbo - 3.20.0.104
14:07:08 C:\3rdID_Server2\Server2\@ace\addons\ace_trenches.pbo - 3.20.0.104
14:07:08 C:\3rdID_Server2\Server2\@ace\addons\ace_tripod.pbo - 3.20.0.104
14:07:08 C:\3rdID_Server2\Server2\@ace\addons\ace_ui.pbo - 3.20.0.104
14:07:08 C:\3rdID_Server2\Server2\@ace\addons\ace_vector.pbo - 3.20.0.104
14:07:08 C:\3rdID_Server2\Server2\@ace\addons\ace_vehiclelock.pbo - 3.20.0.104
14:07:08 C:\3rdID_Server2\Server2\@ace\addons\ace_vehicles.pbo - 3.20.0.104
14:07:08 C:\3rdID_Server2\Server2\@ace\addons\ace_vehicle_damage.pbo - 3.20.0.104
14:07:08 C:\3rdID_Server2\Server2\@ace\addons\ace_viewdistance.pbo - 3.20.0.104
14:07:08 C:\3rdID_Server2\Server2\@ace\addons\ace_viewports.pbo - 3.20.0.104
14:07:08 C:\3rdID_Server2\Server2\@ace\addons\ace_viewrestriction.pbo - 3.20.0.104
14:07:08 C:\3rdID_Server2\Server2\@ace\addons\ace_volume.pbo - 3.20.0.104
14:07:08 C:\3rdID_Server2\Server2\@ace\addons\ace_weaponselect.pbo - 3.20.0.104
14:07:08 C:\3rdID_Server2\Server2\@ace\addons\ace_weather.pbo - 3.20.0.104
14:07:08 C:\3rdID_Server2\Server2\@ace\addons\ace_winddeflection.pbo - 3.20.0.104
14:07:08 C:\3rdID_Server2\Server2\@ace\addons\ace_xm157.pbo - 3.20.0.104
14:07:08 C:\3rdID_Server2\Server2\@ace\addons\ace_yardage450.pbo - 3.20.0.104
14:07:08 C:\3rdID_Server2\Server2\@ace\addons\ace_zeus.pbo - 3.20.0.104
14:07:08 C:\3rdID_Server2\Server2\@3rd_Infantry_Division_Mod\addons\third_flags.pbo - 25072804
14:07:08 C:\3rdID_Server2\Server2\@3rd_Infantry_Division_Mod\addons\third_headgear.pbo - 25072804
14:07:08 C:\3rdID_Server2\Server2\@3rd_Infantry_Division_Mod\addons\third_items.pbo - 25072804
14:07:08 C:\3rdID_Server2\Server2\@3rd_Infantry_Division_Mod\addons\third_markers.pbo - 25072804
14:07:08 C:\3rdID_Server2\Server2\@3rd_Infantry_Division_Mod\addons\third_scope.pbo - 25072804
14:07:08 C:\3rdID_Server2\Server2\@3rd_Infantry_Division_Mod\addons\third_spraypaint.pbo - 25072804
14:07:08 C:\3rdID_Server2\Server2\@3rd_Infantry_Division_Mod\addons\third_structure.pbo - 25072804
14:07:08 C:\3rdID_Server2\Server2\@3rd_Infantry_Division_Mod\addons\third_ui.pbo - 25072804
14:07:08 C:\3rdID_Server2\Server2\@3rd_Infantry_Division_Mod\addons\third_uniforms.pbo - 25072804
14:07:08 C:\3rdID_Server2\Server2\@3rd_Infantry_Division_Mod\addons\third_units.pbo - 25072804
14:07:08 C:\3rdID_Server2\Server2\@3rd_Infantry_Division_Mod\addons\third_weapons.pbo - 25072804
14:07:08 C:\3rdID_Server2\Server2\@Project_OPFOR\addons\po_factions_afr.pbo - unknown
14:07:08 C:\3rdID_Server2\Server2\@Project_OPFOR\addons\po_factions_eu.pbo - unknown
14:07:08 C:\3rdID_Server2\Server2\@Project_OPFOR\addons\po_factions_fic.pbo - unknown
14:07:08 C:\3rdID_Server2\Server2\@Project_OPFOR\addons\po_factions_me.pbo - unknown
14:07:08 C:\3rdID_Server2\Server2\@Project_OPFOR\addons\po_main.pbo - unknown
14:07:08 C:\3rdID_Server2\Server2\@Project_OPFOR\addons\po_vehicles.pbo - unknown
14:07:08 C:\3rdID_Server2\Server2\@RHSSAF\addons\rhssaf_backpacks.pbo - RedHammerStudios.0.5.5.2127.r640
14:07:08 C:\3rdID_Server2\Server2\@RHSSAF\addons\rhssaf_binoculars.pbo - RedHammerStudios.0.5.5.2127.r640
14:07:08 C:\3rdID_Server2\Server2\@RHSSAF\addons\rhssaf_c_gear.pbo - RedHammerStudios.0.5.5.2127.r640
14:07:08 C:\3rdID_Server2\Server2\@RHSSAF\addons\rhssaf_c_troops.pbo - RedHammerStudios.0.5.5.2127.r640
14:07:08 C:\3rdID_Server2\Server2\@RHSSAF\addons\rhssaf_c_vehicles.pbo - RedHammerStudios.0.5.5.2131.r642
14:07:08 C:\3rdID_Server2\Server2\@RHSSAF\addons\rhssaf_c_weapons.pbo - RedHammerStudios.0.5.6.2298.r646
14:07:08 C:\3rdID_Server2\Server2\@RHSSAF\addons\rhssaf_editorpreviews.pbo - RedHammerStudios.0.5.5.2131.r642
14:07:08 C:\3rdID_Server2\Server2\@RHSSAF\addons\rhssaf_inventoryicons.pbo - RedHammerStudios.0.5.5.2252.r643
14:07:08 C:\3rdID_Server2\Server2\@RHSSAF\addons\rhssaf_main.pbo - RedHammerStudios.0.5.5.2127.r640
14:07:08 C:\3rdID_Server2\Server2\@RHSSAF\addons\rhssaf_muzzleflash.pbo - RedHammerStudios.0.5.5.2127.r640
14:07:08 C:\3rdID_Server2\Server2\@RHSSAF\addons\rhssaf_m_explosives.pbo - RedHammerStudios.0.5.5.2127.r640
14:07:08 C:\3rdID_Server2\Server2\@RHSSAF\addons\rhssaf_m_headgear_beret.pbo - RedHammerStudios.0.5.5.2127.r640
14:07:08 C:\3rdID_Server2\Server2\@RHSSAF\addons\rhssaf_m_headgear_m59.pbo - RedHammerStudios.0.5.5.2127.r640
14:07:08 C:\3rdID_Server2\Server2\@RHSSAF\addons\rhssaf_m_headgear_m97.pbo - RedHammerStudios.0.5.5.2127.r640
14:07:08 C:\3rdID_Server2\Server2\@RHSSAF\addons\rhssaf_m_headgear_veil.pbo - RedHammerStudios.0.5.5.2127.r640
14:07:08 C:\3rdID_Server2\Server2\@RHSSAF\addons\rhssaf_m_uniform_m10.pbo - RedHammerStudios.0.5.5.2127.r640
14:07:08 C:\3rdID_Server2\Server2\@RHSSAF\addons\rhssaf_m_uniform_m93.pbo - RedHammerStudios.0.5.5.2127.r640
14:07:08 C:\3rdID_Server2\Server2\@RHSSAF\addons\rhssaf_m_uniform_mdt.pbo - RedHammerStudios.0.5.5.2127.r640
14:07:08 C:\3rdID_Server2\Server2\@RHSSAF\addons\rhssaf_m_uniform_pilot.pbo - RedHammerStudios.0.5.5.2127.r640
14:07:08 C:\3rdID_Server2\Server2\@RHSSAF\addons\rhssaf_m_vest_m12.pbo - RedHammerStudios.0.5.5.2127.r640
14:07:08 C:\3rdID_Server2\Server2\@RHSSAF\addons\rhssaf_m_vest_m98.pbo - RedHammerStudios.0.5.5.2127.r640
14:07:08 C:\3rdID_Server2\Server2\@RHSSAF\addons\rhssaf_m_vest_m99.pbo - RedHammerStudios.0.5.5.2127.r640
14:07:08 C:\3rdID_Server2\Server2\@RHSSAF\addons\rhssaf_m_weapon_cz99.pbo - RedHammerStudios.0.5.5.2127.r640
14:07:08 C:\3rdID_Server2\Server2\@RHSSAF\addons\rhssaf_m_weapon_g36.pbo - RedHammerStudios.0.5.5.2127.r640
14:07:08 C:\3rdID_Server2\Server2\@RHSSAF\addons\rhssaf_m_weapon_m21.pbo - RedHammerStudios.0.5.5.2127.r640
14:07:08 C:\3rdID_Server2\Server2\@RHSSAF\addons\rhssaf_m_weapon_m70.pbo - RedHammerStudios.0.5.5.2127.r640
14:07:08 C:\3rdID_Server2\Server2\@RHSSAF\addons\rhssaf_m_weapon_m70c.pbo - RedHammerStudios.0.5.5.2127.r640
14:07:08 C:\3rdID_Server2\Server2\@RHSSAF\addons\rhssaf_m_weapon_m76.pbo - RedHammerStudios.0.5.5.2127.r640
14:07:08 C:\3rdID_Server2\Server2\@RHSSAF\addons\rhssaf_m_weapon_m80.pbo - RedHammerStudios.0.5.5.2127.r640
14:07:08 C:\3rdID_Server2\Server2\@RHSSAF\addons\rhssaf_m_weapon_m84.pbo - RedHammerStudios.0.5.5.2127.r640
14:07:08 C:\3rdID_Server2\Server2\@RHSSAF\addons\rhssaf_m_weapon_m92.pbo - RedHammerStudios.0.5.5.2127.r640
14:07:08 C:\3rdID_Server2\Server2\@RHSSAF\addons\rhssaf_m_weapon_scar.pbo - RedHammerStudios.0.5.5.2127.r640
14:07:08 C:\3rdID_Server2\Server2\@RHSSAF\addons\rhssaf_m_weapon_scorpion.pbo - RedHammerStudios.0.5.5.2127.r640
14:07:08 C:\3rdID_Server2\Server2\@RHSSAF\addons\rhssaf_sounds.pbo - RedHammerStudios.0.5.5.2127.r640
14:07:08 C:\3rdID_Server2\Server2\@RHSSAF\addons\rhssaf_t_explosives.pbo - RedHammerStudios.0.5.5.2127.r640
14:07:08 C:\3rdID_Server2\Server2\@RHSSAF\addons\rhssaf_t_gear_a3.pbo - RedHammerStudios.0.5.5.2127.r640
14:07:08 C:\3rdID_Server2\Server2\@RHSSAF\addons\rhssaf_t_headgear_beret.pbo - RedHammerStudios.0.5.5.2127.r640
14:07:08 C:\3rdID_Server2\Server2\@RHSSAF\addons\rhssaf_t_headgear_m59.pbo - RedHammerStudios.0.5.5.2127.r640
14:07:08 C:\3rdID_Server2\Server2\@RHSSAF\addons\rhssaf_t_headgear_m97.pbo - RedHammerStudios.0.5.5.2127.r640
14:07:08 C:\3rdID_Server2\Server2\@RHSSAF\addons\rhssaf_t_headgear_ret.pbo - RedHammerStudios.0.5.5.2127.r640
14:07:08 C:\3rdID_Server2\Server2\@RHSSAF\addons\rhssaf_t_headgear_veil.pbo - RedHammerStudios.0.5.5.2127.r640
14:07:08 C:\3rdID_Server2\Server2\@RHSSAF\addons\rhssaf_t_uniform_m10.pbo - RedHammerStudios.0.5.5.2127.r640
14:07:08 C:\3rdID_Server2\Server2\@RHSSAF\addons\rhssaf_t_uniform_m93.pbo - RedHammerStudios.0.5.5.2127.r640
14:07:08 C:\3rdID_Server2\Server2\@RHSSAF\addons\rhssaf_t_uniform_mdt.pbo - RedHammerStudios.0.5.5.2127.r640
14:07:08 C:\3rdID_Server2\Server2\@RHSSAF\addons\rhssaf_t_uniform_pilot.pbo - RedHammerStudios.0.5.5.2127.r640
14:07:08 C:\3rdID_Server2\Server2\@RHSSAF\addons\rhssaf_t_vehicle_ret.pbo - RedHammerStudios.0.5.5.2127.r640
14:07:08 C:\3rdID_Server2\Server2\@RHSSAF\addons\rhssaf_t_vest_m12.pbo - RedHammerStudios.0.5.5.2127.r640
14:07:08 C:\3rdID_Server2\Server2\@RHSSAF\addons\rhssaf_t_vest_m98.pbo - RedHammerStudios.0.5.5.2127.r640
14:07:08 C:\3rdID_Server2\Server2\@RHSSAF\addons\rhssaf_t_vest_m99.pbo - RedHammerStudios.0.5.5.2127.r640
14:07:08 C:\3rdID_Server2\Server2\@RHSSAF\addons\rhssaf_t_weapon_cz99.pbo - RedHammerStudios.0.5.5.2127.r640
14:07:08 C:\3rdID_Server2\Server2\@RHSSAF\addons\rhssaf_t_weapon_g36.pbo - RedHammerStudios.0.5.5.2127.r640
14:07:08 C:\3rdID_Server2\Server2\@RHSSAF\addons\rhssaf_t_weapon_m21.pbo - RedHammerStudios.0.5.5.2127.r640
14:07:08 C:\3rdID_Server2\Server2\@RHSSAF\addons\rhssaf_t_weapon_m70.pbo - RedHammerStudios.0.5.5.2127.r640
14:07:08 C:\3rdID_Server2\Server2\@RHSSAF\addons\rhssaf_t_weapon_m70c.pbo - RedHammerStudios.0.5.5.2127.r640
14:07:08 C:\3rdID_Server2\Server2\@RHSSAF\addons\rhssaf_t_weapon_m76.pbo - RedHammerStudios.0.5.5.2127.r640
14:07:08 C:\3rdID_Server2\Server2\@RHSSAF\addons\rhssaf_t_weapon_m80.pbo - RedHammerStudios.0.5.5.2127.r640
14:07:08 C:\3rdID_Server2\Server2\@RHSSAF\addons\rhssaf_t_weapon_m84.pbo - RedHammerStudios.0.5.5.2127.r640
14:07:08 C:\3rdID_Server2\Server2\@RHSSAF\addons\rhssaf_t_weapon_m92.pbo - RedHammerStudios.0.5.5.2127.r640
14:07:08 C:\3rdID_Server2\Server2\@RHSSAF\addons\rhssaf_t_weapon_scar.pbo - RedHammerStudios.0.5.5.2127.r640
14:07:08 C:\3rdID_Server2\Server2\@RHSSAF\addons\rhssaf_t_weapon_scorpion.pbo - RedHammerStudios.0.5.5.2127.r640
14:07:08 C:\3rdID_Server2\Server2\@RHSGREF\addons\rhsgref_a29.pbo - RedHammerStudios.0.5.3.2870.r1228
14:07:08 C:\3rdID_Server2\Server2\@RHSGREF\addons\rhsgref_a2port_armor.pbo - RedHammerStudios.0.5.5.3182.r1284
14:07:08 C:\3rdID_Server2\Server2\@RHSGREF\addons\rhsgref_air.pbo - RedHammerStudios.0.5.3.2873.r1230
14:07:08 C:\3rdID_Server2\Server2\@RHSGREF\addons\rhsgref_airweapons.pbo - RedHammerStudios.0.5.1.2642.r1195
14:07:08 C:\3rdID_Server2\Server2\@RHSGREF\addons\rhsgref_canoe.pbo - RedHammerStudios.0.5.1.2642.r1195
14:07:08 C:\3rdID_Server2\Server2\@RHSGREF\addons\rhsgref_c_a29.pbo - RedHammerStudios.0.5.6.3213.r1294
14:07:08 C:\3rdID_Server2\Server2\@RHSGREF\addons\rhsgref_c_a2port_armor.pbo - RedHammerStudios.0.5.6.3213.r1294
14:07:08 C:\3rdID_Server2\Server2\@RHSGREF\addons\rhsgref_c_air.pbo - RedHammerStudios.0.5.6.3213.r1294
14:07:08 C:\3rdID_Server2\Server2\@RHSGREF\addons\rhsgref_c_airweapons.pbo - RedHammerStudios.0.5.6.3207.r1291
14:07:08 C:\3rdID_Server2\Server2\@RHSGREF\addons\rhsgref_c_canoe.pbo - RedHammerStudios.0.5.1.2642.r1195
14:07:08 C:\3rdID_Server2\Server2\@RHSGREF\addons\rhsgref_c_radar.pbo - RedHammerStudios.0.5.1.2642.r1195
14:07:08 C:\3rdID_Server2\Server2\@RHSGREF\addons\rhsgref_c_radio.pbo - RedHammerStudios.0.5.2.2777.r1218
14:07:08 C:\3rdID_Server2\Server2\@RHSGREF\addons\rhsgref_c_tohport_air.pbo - RedHammerStudios.0.5.3.2892.r1232
14:07:08 C:\3rdID_Server2\Server2\@RHSGREF\addons\rhsgref_c_troops.pbo - RedHammerStudios.0.5.6.3199.r1289
14:07:08 C:\3rdID_Server2\Server2\@RHSGREF\addons\rhsgref_c_vehicles_ret.pbo - RedHammerStudios.0.5.6.3213.r1294
14:07:08 C:\3rdID_Server2\Server2\@RHSGREF\addons\rhsgref_c_weapons.pbo - RedHammerStudios.0.5.6.3207.r1291
14:07:08 C:\3rdID_Server2\Server2\@RHSGREF\addons\rhsgref_editorpreviews.pbo - RedHammerStudios.0.5.6.3212.r1293
14:07:08 C:\3rdID_Server2\Server2\@RHSGREF\addons\rhsgref_infantry.pbo - RedHammerStudios.0.5.5.3002.r1260
14:07:08 C:\3rdID_Server2\Server2\@RHSGREF\addons\rhsgref_inventoryicons.pbo - RedHammerStudios.0.5.5.3177.r1283
14:07:08 C:\3rdID_Server2\Server2\@RHSGREF\addons\rhsgref_main.pbo - RedHammerStudios.0.5.5.3149.r1275
14:07:08 C:\3rdID_Server2\Server2\@RHSGREF\addons\rhsgref_muzzleflash.pbo - RedHammerStudios.0.5.3.2909.r1238
14:07:08 C:\3rdID_Server2\Server2\@RHSGREF\addons\rhsgref_radar.pbo - RedHammerStudios.0.5.1.2642.r1195
14:07:08 C:\3rdID_Server2\Server2\@RHSGREF\addons\rhsgref_sounds.pbo - RedHammerStudios.0.5.1.2642.r1195
14:07:08 C:\3rdID_Server2\Server2\@RHSGREF\addons\rhsgref_s_radio.pbo - RedHammerStudios.0.5.1.2642.r1195
14:07:08 C:\3rdID_Server2\Server2\@RHSGREF\addons\rhsgref_tohport_air.pbo - RedHammerStudios.0.5.3.2873.r1230
14:07:08 C:\3rdID_Server2\Server2\@RHSGREF\addons\rhsgref_vehicles_ret.pbo - RedHammerStudios.0.5.6.3208.r1292
14:07:08 C:\3rdID_Server2\Server2\@RHSGREF\addons\rhsgref_weapons.pbo - RedHammerStudios.0.5.3.2888.r1231
14:07:08 C:\3rdID_Server2\Server2\@RHSGREF\addons\rhsgref_weapons2.pbo - RedHammerStudios.0.5.5.3139.r1273
14:07:08 C:\3rdID_Server2\Server2\@RHSGREF\addons\rhsgref_weapons3.pbo - RedHammerStudios.0.5.5.3152.r1277
14:07:08 C:\3rdID_Server2\Server2\@RHSGREF\addons\rhsgref_weapon_sounds.pbo - RedHammerStudios.0.5.2.2777.r1218
14:07:08 C:\3rdID_Server2\Server2\@RHSAFRF\addons\rhs_2s1.pbo - RedHammerStudios.0.5.6.6510.r4593
14:07:08 C:\3rdID_Server2\Server2\@RHSAFRF\addons\rhs_2s3.pbo - RedHammerStudios.0.5.6.6500.r4587
14:07:08 C:\3rdID_Server2\Server2\@RHSAFRF\addons\rhs_2s3_camo.pbo - RedHammerStudios.0.5.1.5533.r4092
14:07:08 C:\3rdID_Server2\Server2\@RHSAFRF\addons\rhs_a2port_air.pbo - RedHammerStudios.0.5.6.6533.r4609
14:07:08 C:\3rdID_Server2\Server2\@RHSAFRF\addons\rhs_a2port_armor.pbo - RedHammerStudios.0.5.5.6370.r4494
14:07:08 C:\3rdID_Server2\Server2\@RHSAFRF\addons\rhs_a2port_armor_camo.pbo - RedHammerStudios.0.5.1.5533.r4092
14:07:08 C:\3rdID_Server2\Server2\@RHSAFRF\addons\rhs_a2port_car.pbo - RedHammerStudios.0.5.6.6544.r4619
14:07:08 C:\3rdID_Server2\Server2\@RHSAFRF\addons\rhs_a2port_car_camo.pbo - RedHammerStudios.0.5.1.5533.r4092
14:07:08 C:\3rdID_Server2\Server2\@RHSAFRF\addons\rhs_a3retex.pbo - RedHammerStudios.0.5.1.5533.r4092
14:07:08 C:\3rdID_Server2\Server2\@RHSAFRF\addons\rhs_accessory.pbo - RedHammerStudios.0.5.3.5882.r4217
14:07:08 C:\3rdID_Server2\Server2\@RHSAFRF\addons\rhs_air.pbo - RedHammerStudios.0.5.2.5710.r4150
14:07:08 C:\3rdID_Server2\Server2\@RHSAFRF\addons\rhs_airweapons.pbo - RedHammerStudios.0.5.1.5533.r4092
14:07:08 C:\3rdID_Server2\Server2\@RHSAFRF\addons\rhs_aps.pbo - RedHammerStudios.0.5.2.5719.r4156
14:07:08 C:\3rdID_Server2\Server2\@RHSAFRF\addons\rhs_bmd.pbo - RedHammerStudios.0.5.5.6450.r4547
14:07:08 C:\3rdID_Server2\Server2\@RHSAFRF\addons\rhs_bmd_34.pbo - RedHammerStudios.0.5.2.5711.r4151
14:07:08 C:\3rdID_Server2\Server2\@RHSAFRF\addons\rhs_bmd_camo.pbo - RedHammerStudios.0.5.1.5533.r4092
14:07:08 C:\3rdID_Server2\Server2\@RHSAFRF\addons\rhs_bmk_t.pbo - RedHammerStudios.0.5.5.6062.r4320
14:07:08 C:\3rdID_Server2\Server2\@RHSAFRF\addons\rhs_bmp.pbo - RedHammerStudios.0.5.6.6487.r4577
14:07:08 C:\3rdID_Server2\Server2\@RHSAFRF\addons\rhs_bmp3.pbo - RedHammerStudios.0.5.2.5722.r4158
14:07:08 C:\3rdID_Server2\Server2\@RHSAFRF\addons\rhs_bmp3_camo.pbo - RedHammerStudios.0.5.1.5533.r4092
14:07:08 C:\3rdID_Server2\Server2\@RHSAFRF\addons\rhs_bmp_camo.pbo - RedHammerStudios.0.5.1.5533.r4092
14:07:08 C:\3rdID_Server2\Server2\@RHSAFRF\addons\rhs_btr70.pbo - RedHammerStudios.0.5.5.6370.r4494
14:07:08 C:\3rdID_Server2\Server2\@RHSAFRF\addons\rhs_btr70_camo.pbo - RedHammerStudios.0.5.1.5533.r4092
14:07:08 C:\3rdID_Server2\Server2\@RHSAFRF\addons\rhs_btr80.pbo - RedHammerStudios.0.5.6.6546.r4620
14:07:08 C:\3rdID_Server2\Server2\@RHSAFRF\addons\rhs_btr80_camo.pbo - RedHammerStudios.0.5.3.5944.r4236
14:07:08 C:\3rdID_Server2\Server2\@RHSAFRF\addons\rhs_c_2s1.pbo - RedHammerStudios.0.5.6.6542.r4618
14:07:08 C:\3rdID_Server2\Server2\@RHSAFRF\addons\rhs_c_2s3.pbo - RedHammerStudios.0.5.6.6542.r4618
14:07:08 C:\3rdID_Server2\Server2\@RHSAFRF\addons\rhs_c_a2port_air.pbo - RedHammerStudios.0.5.6.6542.r4618
14:07:08 C:\3rdID_Server2\Server2\@RHSAFRF\addons\rhs_c_a2port_armor.pbo - RedHammerStudios.0.5.6.6542.r4618
14:07:08 C:\3rdID_Server2\Server2\@RHSAFRF\addons\rhs_c_a2port_car.pbo - RedHammerStudios.0.5.6.6544.r4619
14:07:08 C:\3rdID_Server2\Server2\@RHSAFRF\addons\rhs_c_a3retex.pbo - RedHammerStudios.0.5.1.5533.r4092
14:07:08 C:\3rdID_Server2\Server2\@RHSAFRF\addons\rhs_c_air.pbo - RedHammerStudios.0.5.6.6542.r4618
14:07:08 C:\3rdID_Server2\Server2\@RHSAFRF\addons\rhs_c_airweapons.pbo - RedHammerStudios.0.5.6.6529.r4607
14:07:08 C:\3rdID_Server2\Server2\@RHSAFRF\addons\rhs_c_bmd.pbo - RedHammerStudios.0.5.6.6542.r4618
14:07:08 C:\3rdID_Server2\Server2\@RHSAFRF\addons\rhs_c_bmd_camo.pbo - RedHammerStudios.0.5.1.5533.r4092
14:07:08 C:\3rdID_Server2\Server2\@RHSAFRF\addons\rhs_c_bmk_t.pbo - RedHammerStudios.0.5.6.6540.r4615
14:07:08 C:\3rdID_Server2\Server2\@RHSAFRF\addons\rhs_c_bmp.pbo - RedHammerStudios.0.5.6.6542.r4618
14:07:08 C:\3rdID_Server2\Server2\@RHSAFRF\addons\rhs_c_bmp3.pbo - RedHammerStudios.0.5.6.6542.r4618
14:07:08 C:\3rdID_Server2\Server2\@RHSAFRF\addons\rhs_c_btr.pbo - RedHammerStudios.0.5.6.6542.r4618
14:07:08 C:\3rdID_Server2\Server2\@RHSAFRF\addons\rhs_c_btr70_camo.pbo - RedHammerStudios.0.5.1.5533.r4092
14:07:08 C:\3rdID_Server2\Server2\@RHSAFRF\addons\rhs_c_cars.pbo - RedHammerStudios.0.5.6.6542.r4618
14:07:08 C:\3rdID_Server2\Server2\@RHSAFRF\addons\rhs_c_cti_indep.pbo - RedHammerStudios.0.5.1.5707.r4148
14:07:08 C:\3rdID_Server2\Server2\@RHSAFRF\addons\rhs_c_heavyweapons.pbo - RedHammerStudios.0.5.6.6547.r4621
14:07:08 C:\3rdID_Server2\Server2\@RHSAFRF\addons\rhs_c_identity.pbo - RedHammerStudios.0.5.5.6002.r4269
14:07:08 C:\3rdID_Server2\Server2\@RHSAFRF\addons\rhs_c_kamaz.pbo - RedHammerStudios.0.5.6.6542.r4618
14:07:08 C:\3rdID_Server2\Server2\@RHSAFRF\addons\rhs_c_kraz255.pbo - RedHammerStudios.0.5.6.6544.r4619
14:07:08 C:\3rdID_Server2\Server2\@RHSAFRF\addons\rhs_c_mi28.pbo - RedHammerStudios.0.5.6.6542.r4618
14:07:08 C:\3rdID_Server2\Server2\@RHSAFRF\addons\rhs_c_mig29.pbo - RedHammerStudios.0.5.6.6542.r4618
14:07:08 C:\3rdID_Server2\Server2\@RHSAFRF\addons\rhs_c_pontoon.pbo - RedHammerStudios.0.5.6.6540.r4615
14:07:08 C:\3rdID_Server2\Server2\@RHSAFRF\addons\rhs_c_pts.pbo - RedHammerStudios.0.5.6.6542.r4618
14:07:08 C:\3rdID_Server2\Server2\@RHSAFRF\addons\rhs_c_radars.pbo - RedHammerStudios.0.5.3.5759.r4174
14:07:08 C:\3rdID_Server2\Server2\@RHSAFRF\addons\rhs_c_radio.pbo - RedHammerStudios.0.5.5.6451.r4548
14:07:08 C:\3rdID_Server2\Server2\@RHSAFRF\addons\rhs_c_rva.pbo - RedHammerStudios.0.5.6.6542.r4618
14:07:08 C:\3rdID_Server2\Server2\@RHSAFRF\addons\rhs_c_sprut.pbo - RedHammerStudios.0.5.6.6542.r4618
14:07:08 C:\3rdID_Server2\Server2\@RHSAFRF\addons\rhs_c_t14.pbo - RedHammerStudios.0.5.6.6542.r4618
14:07:08 C:\3rdID_Server2\Server2\@RHSAFRF\addons\rhs_c_t15.pbo - RedHammerStudios.0.5.6.6542.r4618
14:07:08 C:\3rdID_Server2\Server2\@RHSAFRF\addons\rhs_c_t72.pbo - RedHammerStudios.0.5.6.6542.r4618
14:07:08 C:\3rdID_Server2\Server2\@RHSAFRF\addons\rhs_c_tanks.pbo - RedHammerStudios.0.5.6.6542.r4618
14:07:08 C:\3rdID_Server2\Server2\@RHSAFRF\addons\rhs_c_troops.pbo - RedHammerStudios.0.5.6.6550.r4624
14:07:08 C:\3rdID_Server2\Server2\@RHSAFRF\addons\rhs_c_trucks.pbo - RedHammerStudios.0.5.6.6542.r4618
14:07:08 C:\3rdID_Server2\Server2\@RHSAFRF\addons\rhs_c_vehiclesounds.pbo - RedHammerStudios.0.5.5.6450.r4547
14:07:08 C:\3rdID_Server2\Server2\@RHSAFRF\addons\rhs_c_weapons.pbo - RedHammerStudios.0.5.6.6540.r4615
14:07:08 C:\3rdID_Server2\Server2\@RHSAFRF\addons\rhs_c_weaponsounds.pbo - RedHammerStudios.0.5.5.6344.r4474
14:07:08 C:\3rdID_Server2\Server2\@RHSAFRF\addons\rhs_c_zil131.pbo - RedHammerStudios.0.5.6.6542.r4618
14:07:08 C:\3rdID_Server2\Server2\@RHSAFRF\addons\rhs_decals.pbo - RedHammerStudios.0.5.1.5533.r4092
14:07:08 C:\3rdID_Server2\Server2\@RHSAFRF\addons\rhs_editorpreviews.pbo - RedHammerStudios.0.5.6.6540.r4615
14:07:08 C:\3rdID_Server2\Server2\@RHSAFRF\addons\rhs_gaz66.pbo - RedHammerStudios.0.5.6.6526.r4606
14:07:08 C:\3rdID_Server2\Server2\@RHSAFRF\addons\rhs_gaz66_camo.pbo - RedHammerStudios.0.5.1.5533.r4092
14:07:08 C:\3rdID_Server2\Server2\@RHSAFRF\addons\rhs_heavyweapons.pbo - RedHammerStudios.0.5.6.6526.r4606
14:07:08 C:\3rdID_Server2\Server2\@RHSAFRF\addons\rhs_identity.pbo - RedHammerStudios.0.5.1.5533.r4092
14:07:08 C:\3rdID_Server2\Server2\@RHSAFRF\addons\rhs_infantry.pbo - RedHammerStudios.0.5.6.6490.r4579
14:07:08 C:\3rdID_Server2\Server2\@RHSAFRF\addons\rhs_infantry2.pbo - RedHammerStudios.0.5.6.6514.r4597
14:07:08 C:\3rdID_Server2\Server2\@RHSAFRF\addons\rhs_infantry3.pbo - RedHammerStudios.0.5.6.6537.r4613
14:07:08 C:\3rdID_Server2\Server2\@RHSAFRF\addons\rhs_inventoryicons.pbo - RedHammerStudios.0.5.6.6548.r4622
14:07:08 C:\3rdID_Server2\Server2\@RHSAFRF\addons\rhs_kamaz.pbo - RedHammerStudios.0.5.6.6535.r4611
14:07:08 C:\3rdID_Server2\Server2\@RHSAFRF\addons\rhs_kraz255.pbo - RedHammerStudios.0.5.5.6117.r4365
14:07:08 C:\3rdID_Server2\Server2\@RHSAFRF\addons\rhs_main.pbo - RedHammerStudios.0.5.6.6541.r4616
14:07:08 C:\3rdID_Server2\Server2\@RHSAFRF\addons\rhs_mi28.pbo - RedHammerStudios.0.5.3.5853.r4205
14:07:08 C:\3rdID_Server2\Server2\@RHSAFRF\addons\rhs_mig29.pbo - RedHammerStudios.0.5.2.5710.r4150
14:07:08 C:\3rdID_Server2\Server2\@RHSAFRF\addons\rhs_missions.pbo - RedHammerStudios.0.5.5.6123.r4369
14:07:08 C:\3rdID_Server2\Server2\@RHSAFRF\addons\rhs_mtlb.pbo - RedHammerStudios.0.5.1.5533.r4092
14:07:08 C:\3rdID_Server2\Server2\@RHSAFRF\addons\rhs_muzzleflash.pbo - RedHammerStudios.0.5.3.5952.r4239
14:07:08 C:\3rdID_Server2\Server2\@RHSAFRF\addons\rhs_optics.pbo - RedHammerStudios.0.5.6.6500.r4587
14:07:08 C:\3rdID_Server2\Server2\@RHSAFRF\addons\rhs_pontoon.pbo - RedHammerStudios.0.5.5.6067.r4325
14:07:08 C:\3rdID_Server2\Server2\@RHSAFRF\addons\rhs_props.pbo - RedHammerStudios.0.5.1.5533.r4092
14:07:08 C:\3rdID_Server2\Server2\@RHSAFRF\addons\rhs_pts.pbo - RedHammerStudios.0.5.2.5723.r4159
14:07:08 C:\3rdID_Server2\Server2\@RHSAFRF\addons\rhs_radars.pbo - RedHammerStudios.0.5.1.5707.r4148
14:07:08 C:\3rdID_Server2\Server2\@RHSAFRF\addons\rhs_servicemenu.pbo - RedHammerStudios.0.5.1.5533.r4092
14:07:08 C:\3rdID_Server2\Server2\@RHSAFRF\addons\rhs_sounds.pbo - RedHammerStudios.0.5.6.6500.r4587
14:07:08 C:\3rdID_Server2\Server2\@RHSAFRF\addons\rhs_sprut.pbo - RedHammerStudios.0.5.1.5533.r4092
14:07:08 C:\3rdID_Server2\Server2\@RHSAFRF\addons\rhs_ss21.pbo - RedHammerStudios.0.5.1.5533.r4092
14:07:08 C:\3rdID_Server2\Server2\@RHSAFRF\addons\rhs_ss21_camo.pbo - RedHammerStudios.0.5.1.5533.r4092
14:07:08 C:\3rdID_Server2\Server2\@RHSAFRF\addons\rhs_s_radio.pbo - RedHammerStudios.0.5.1.5533.r4092
14:07:08 C:\3rdID_Server2\Server2\@RHSAFRF\addons\rhs_s_weaponsounds.pbo - RedHammerStudios.0.5.1.5533.r4092
14:07:08 C:\3rdID_Server2\Server2\@RHSAFRF\addons\rhs_t14.pbo - RedHammerStudios.0.5.1.5533.r4092
14:07:08 C:\3rdID_Server2\Server2\@RHSAFRF\addons\rhs_t15.pbo - RedHammerStudios.0.5.5.6470.r4565
14:07:08 C:\3rdID_Server2\Server2\@RHSAFRF\addons\rhs_t72.pbo - RedHammerStudios.0.5.5.6283.r4450
14:07:08 C:\3rdID_Server2\Server2\@RHSAFRF\addons\rhs_t72_camo.pbo - RedHammerStudios.0.5.1.5533.r4092
14:07:08 C:\3rdID_Server2\Server2\@RHSAFRF\addons\rhs_t80.pbo - RedHammerStudios.0.5.5.6226.r4433
14:07:08 C:\3rdID_Server2\Server2\@RHSAFRF\addons\rhs_t80u.pbo - RedHammerStudios.0.5.5.6226.r4433
14:07:08 C:\3rdID_Server2\Server2\@RHSAFRF\addons\rhs_t80u_camo.pbo - RedHammerStudios.0.5.1.5533.r4092
14:07:08 C:\3rdID_Server2\Server2\@RHSAFRF\addons\rhs_tigr.pbo - RedHammerStudios.0.5.6.6517.r4599
14:07:08 C:\3rdID_Server2\Server2\@RHSAFRF\addons\rhs_vehiclesounds.pbo - RedHammerStudios.0.5.5.6388.r4507
14:07:08 C:\3rdID_Server2\Server2\@RHSAFRF\addons\rhs_vehicle_sounds.pbo - RedHammerStudios.0.5.6.6534.r4610
14:07:08 C:\3rdID_Server2\Server2\@RHSAFRF\addons\rhs_weapons.pbo - RedHammerStudios.0.5.5.6364.r4489
14:07:08 C:\3rdID_Server2\Server2\@RHSAFRF\addons\rhs_weapons2.pbo - RedHammerStudios.0.5.5.6099.r4353
14:07:08 C:\3rdID_Server2\Server2\@RHSAFRF\addons\rhs_weapons3.pbo - RedHammerStudios.0.5.6.6513.r4596
14:07:08 C:\3rdID_Server2\Server2\@RHSAFRF\addons\rhs_weapon_sounds.pbo - RedHammerStudios.0.5.2.5719.r4156
14:07:08 C:\3rdID_Server2\Server2\@RHSAFRF\addons\rhs_zil131.pbo - RedHammerStudios.0.5.5.6463.r4559
14:07:08 C:\3rdID_Server2\Server2\@RHSUSAF\addons\rhsusf_a2port_air.pbo - RedHammerStudios.0.5.5.6505.r4344
14:07:08 C:\3rdID_Server2\Server2\@RHSUSAF\addons\rhsusf_a2port_air2.pbo - RedHammerStudios.0.5.5.6439.r4299
14:07:08 C:\3rdID_Server2\Server2\@RHSUSAF\addons\rhsusf_a2port_armor.pbo - RedHammerStudios.0.5.1.5822.r3882
14:07:08 C:\3rdID_Server2\Server2\@RHSUSAF\addons\rhsusf_a2port_car.pbo - RedHammerStudios.0.5.1.5659.r3805
14:07:08 C:\3rdID_Server2\Server2\@RHSUSAF\addons\rhsusf_ah64.pbo - RedHammerStudios.0.5.1.5659.r3805
14:07:08 C:\3rdID_Server2\Server2\@RHSUSAF\addons\rhsusf_airweapons.pbo - RedHammerStudios.0.5.5.6469.r4318
14:07:08 C:\3rdID_Server2\Server2\@RHSUSAF\addons\rhsusf_caiman.pbo - RedHammerStudios.0.5.6.6781.r4465
14:07:08 C:\3rdID_Server2\Server2\@RHSUSAF\addons\rhsusf_cars.pbo - RedHammerStudios.0.5.1.5659.r3805
14:07:08 C:\3rdID_Server2\Server2\@RHSUSAF\addons\rhsusf_ch53.pbo - RedHammerStudios.0.5.5.6439.r4299
14:07:08 C:\3rdID_Server2\Server2\@RHSUSAF\addons\rhsusf_commskit.pbo - RedHammerStudios.0.5.5.6531.r4358
14:07:08 C:\3rdID_Server2\Server2\@RHSUSAF\addons\rhsusf_cougar.pbo - RedHammerStudios.0.5.6.6781.r4465
14:07:08 C:\3rdID_Server2\Server2\@RHSUSAF\addons\rhsusf_c_a2port_air.pbo - RedHammerStudios.0.5.6.6813.r4486
14:07:08 C:\3rdID_Server2\Server2\@RHSUSAF\addons\rhsusf_c_a2port_armor.pbo - RedHammerStudios.0.5.6.6813.r4486
14:07:08 C:\3rdID_Server2\Server2\@RHSUSAF\addons\rhsusf_c_a2port_car.pbo - RedHammerStudios.0.5.1.5659.r3805
14:07:08 C:\3rdID_Server2\Server2\@RHSUSAF\addons\rhsusf_c_ah64.pbo - RedHammerStudios.0.5.1.5659.r3805
14:07:08 C:\3rdID_Server2\Server2\@RHSUSAF\addons\rhsusf_c_airweapons.pbo - RedHammerStudios.0.5.6.6805.r4481
14:07:08 C:\3rdID_Server2\Server2\@RHSUSAF\addons\rhsusf_c_caiman.pbo - RedHammerStudios.0.5.6.6813.r4486
14:07:08 C:\3rdID_Server2\Server2\@RHSUSAF\addons\rhsusf_c_ch53.pbo - RedHammerStudios.0.5.6.6813.r4486
14:07:08 C:\3rdID_Server2\Server2\@RHSUSAF\addons\rhsusf_c_commskit.pbo - RedHammerStudios.0.5.5.6531.r4358
14:07:08 C:\3rdID_Server2\Server2\@RHSUSAF\addons\rhsusf_c_cougar.pbo - RedHammerStudios.0.5.6.6813.r4486
14:07:08 C:\3rdID_Server2\Server2\@RHSUSAF\addons\rhsusf_c_f22.pbo - RedHammerStudios.0.5.1.5659.r3805
14:07:08 C:\3rdID_Server2\Server2\@RHSUSAF\addons\rhsusf_c_fmtv.pbo - RedHammerStudios.0.5.6.6813.r4486
14:07:08 C:\3rdID_Server2\Server2\@RHSUSAF\addons\rhsusf_c_heavyweapons.pbo - RedHammerStudios.0.5.6.6812.r4485
14:07:08 C:\3rdID_Server2\Server2\@RHSUSAF\addons\rhsusf_c_hemtt_a2.pbo - RedHammerStudios.0.5.1.5659.r3805
14:07:08 C:\3rdID_Server2\Server2\@RHSUSAF\addons\rhsusf_c_hemtt_a4.pbo - RedHammerStudios.0.5.6.6813.r4486
14:07:08 C:\3rdID_Server2\Server2\@RHSUSAF\addons\rhsusf_c_himars.pbo - RedHammerStudios.0.5.6.6813.r4486
14:07:08 C:\3rdID_Server2\Server2\@RHSUSAF\addons\rhsusf_c_hmmwv.pbo - RedHammerStudios.0.5.6.6813.r4486
14:07:08 C:\3rdID_Server2\Server2\@RHSUSAF\addons\rhsusf_c_identity.pbo - RedHammerStudios.0.5.1.5659.r3805
14:07:08 C:\3rdID_Server2\Server2\@RHSUSAF\addons\rhsusf_c_m109.pbo - RedHammerStudios.0.5.6.6813.r4486
14:07:08 C:\3rdID_Server2\Server2\@RHSUSAF\addons\rhsusf_c_m1117.pbo - RedHammerStudios.0.5.6.6813.r4486
14:07:08 C:\3rdID_Server2\Server2\@RHSUSAF\addons\rhsusf_c_m113.pbo - RedHammerStudios.0.5.6.6813.r4486
14:07:08 C:\3rdID_Server2\Server2\@RHSUSAF\addons\rhsusf_c_m11xx.pbo - RedHammerStudios.0.5.6.6813.r4486
14:07:08 C:\3rdID_Server2\Server2\@RHSUSAF\addons\rhsusf_c_m1a1.pbo - RedHammerStudios.0.5.6.6813.r4486
14:07:08 C:\3rdID_Server2\Server2\@RHSUSAF\addons\rhsusf_c_m1a2.pbo - RedHammerStudios.0.5.6.6801.r4479
14:07:08 C:\3rdID_Server2\Server2\@RHSUSAF\addons\rhsusf_c_m252.pbo - RedHammerStudios.0.5.2.5935.r3969
14:07:08 C:\3rdID_Server2\Server2\@RHSUSAF\addons\rhsusf_c_markvsoc.pbo - RedHammerStudios.0.5.5.6666.r4397
14:07:08 C:\3rdID_Server2\Server2\@RHSUSAF\addons\rhsusf_c_matv.pbo - RedHammerStudios.0.5.6.6813.r4486
14:07:08 C:\3rdID_Server2\Server2\@RHSUSAF\addons\rhsusf_c_melb.pbo - RedHammerStudios.0.5.6.6813.r4486
14:07:08 C:\3rdID_Server2\Server2\@RHSUSAF\addons\rhsusf_c_mrzr.pbo - RedHammerStudios.0.5.6.6813.r4486
14:07:08 C:\3rdID_Server2\Server2\@RHSUSAF\addons\rhsusf_c_mtvr.pbo - RedHammerStudios.0.5.2.5935.r3969
14:07:08 C:\3rdID_Server2\Server2\@RHSUSAF\addons\rhsusf_c_props.pbo - RedHammerStudios.0.5.3.6302.r4215
14:07:08 C:\3rdID_Server2\Server2\@RHSUSAF\addons\rhsusf_c_radio.pbo - RedHammerStudios.0.5.2.5924.r3960
14:07:08 C:\3rdID_Server2\Server2\@RHSUSAF\addons\rhsusf_c_rg33.pbo - RedHammerStudios.0.5.6.6813.r4486
14:07:08 C:\3rdID_Server2\Server2\@RHSUSAF\addons\rhsusf_c_rg33l.pbo - RedHammerStudios.0.5.6.6813.r4486
14:07:08 C:\3rdID_Server2\Server2\@RHSUSAF\addons\rhsusf_c_socomauv.pbo - RedHammerStudios.0.5.6.6813.r4486
14:07:08 C:\3rdID_Server2\Server2\@RHSUSAF\addons\rhsusf_c_statics.pbo - RedHammerStudios.0.5.5.6697.r4418
14:07:08 C:\3rdID_Server2\Server2\@RHSUSAF\addons\rhsusf_c_stryker.pbo - RedHammerStudios.0.5.6.6813.r4486
14:07:08 C:\3rdID_Server2\Server2\@RHSUSAF\addons\rhsusf_c_troops.pbo - RedHammerStudios.0.5.6.6785.r4467
14:07:08 C:\3rdID_Server2\Server2\@RHSUSAF\addons\rhsusf_c_uav.pbo - RedHammerStudios.0.5.2.5937.r3970
14:07:08 C:\3rdID_Server2\Server2\@RHSUSAF\addons\rhsusf_c_vehiclesounds.pbo - RedHammerStudios.0.5.1.5659.r3805
14:07:08 C:\3rdID_Server2\Server2\@RHSUSAF\addons\rhsusf_c_weapons.pbo - RedHammerStudios.0.5.6.6810.r4484
14:07:08 C:\3rdID_Server2\Server2\@RHSUSAF\addons\rhsusf_c_weaponsounds.pbo - RedHammerStudios.0.5.2.5935.r3969
14:07:08 C:\3rdID_Server2\Server2\@RHSUSAF\addons\rhsusf_decals.pbo - RedHammerStudios.0.5.3.6224.r4167
14:07:08 C:\3rdID_Server2\Server2\@RHSUSAF\addons\rhsusf_dve.pbo - RedHammerStudios.0.5.1.5787.r3863
14:07:08 C:\3rdID_Server2\Server2\@RHSUSAF\addons\rhsusf_editorpreviews.pbo - RedHammerStudios.0.5.6.6812.r4485
14:07:08 C:\3rdID_Server2\Server2\@RHSUSAF\addons\rhsusf_f22.pbo - RedHammerStudios.0.5.1.5659.r3805
14:07:08 C:\3rdID_Server2\Server2\@RHSUSAF\addons\rhsusf_fmtv.pbo - RedHammerStudios.0.5.5.6434.r4295
14:07:08 C:\3rdID_Server2\Server2\@RHSUSAF\addons\rhsusf_heavyweapons.pbo - RedHammerStudios.0.5.5.6697.r4418
14:07:08 C:\3rdID_Server2\Server2\@RHSUSAF\addons\rhsusf_hemtt_a2.pbo - RedHammerStudios.0.5.1.5659.r3805
14:07:08 C:\3rdID_Server2\Server2\@RHSUSAF\addons\rhsusf_hemtt_a4.pbo - RedHammerStudios.0.5.3.6354.r4241
14:07:08 C:\3rdID_Server2\Server2\@RHSUSAF\addons\rhsusf_himars.pbo - RedHammerStudios.0.5.1.5822.r3882
14:07:08 C:\3rdID_Server2\Server2\@RHSUSAF\addons\rhsusf_hmmwv.pbo - RedHammerStudios.0.5.5.6735.r4448
14:07:08 C:\3rdID_Server2\Server2\@RHSUSAF\addons\rhsusf_infantry.pbo - RedHammerStudios.0.5.5.6588.r4377
14:07:08 C:\3rdID_Server2\Server2\@RHSUSAF\addons\rhsusf_infantry2.pbo - RedHammerStudios.0.5.5.6678.r4404
14:07:08 C:\3rdID_Server2\Server2\@RHSUSAF\addons\rhsusf_infantry3.pbo - RedHammerStudios.0.5.1.5874.r3920
14:07:08 C:\3rdID_Server2\Server2\@RHSUSAF\addons\rhsusf_inventoryicons.pbo - RedHammerStudios.0.5.5.6741.r4451
14:07:08 C:\3rdID_Server2\Server2\@RHSUSAF\addons\rhsusf_m109.pbo - RedHammerStudios.0.5.1.5822.r3882
14:07:08 C:\3rdID_Server2\Server2\@RHSUSAF\addons\rhsusf_m1117.pbo - RedHammerStudios.0.5.1.5730.r3840
14:07:08 C:\3rdID_Server2\Server2\@RHSUSAF\addons\rhsusf_m113.pbo - RedHammerStudios.0.5.4.6412.r4280
14:07:08 C:\3rdID_Server2\Server2\@RHSUSAF\addons\rhsusf_m1165.pbo - RedHammerStudios.0.5.6.6784.r4466
14:07:08 C:\3rdID_Server2\Server2\@RHSUSAF\addons\rhsusf_m11xx.pbo - RedHammerStudios.0.5.5.6735.r4448
14:07:08 C:\3rdID_Server2\Server2\@RHSUSAF\addons\rhsusf_m1a1.pbo - RedHammerStudios.0.5.5.6698.r4419
14:07:08 C:\3rdID_Server2\Server2\@RHSUSAF\addons\rhsusf_m1a2.pbo - RedHammerStudios.0.5.6.6806.r4482
14:07:08 C:\3rdID_Server2\Server2\@RHSUSAF\addons\rhsusf_m252.pbo - RedHammerStudios.0.5.1.5659.r3805
14:07:08 C:\3rdID_Server2\Server2\@RHSUSAF\addons\rhsusf_main.pbo - RedHammerStudios.0.5.6.6813.r4486
14:07:08 C:\3rdID_Server2\Server2\@RHSUSAF\addons\rhsusf_markvsoc.pbo - RedHammerStudios.0.5.1.5659.r3805
14:07:08 C:\3rdID_Server2\Server2\@RHSUSAF\addons\rhsusf_matv.pbo - RedHammerStudios.0.5.5.6744.r4453
14:07:08 C:\3rdID_Server2\Server2\@RHSUSAF\addons\rhsusf_melb.pbo - RedHammerStudios.0.5.5.6444.r4303
14:07:08 C:\3rdID_Server2\Server2\@RHSUSAF\addons\rhsusf_mrzr.pbo - RedHammerStudios.0.5.5.6712.r4431
14:07:08 C:\3rdID_Server2\Server2\@RHSUSAF\addons\rhsusf_mtvr.pbo - RedHammerStudios.0.5.1.5659.r3805
14:07:08 C:\3rdID_Server2\Server2\@RHSUSAF\addons\rhsusf_mtvr_tx.pbo - RedHammerStudios.0.5.1.5659.r3805
14:07:08 C:\3rdID_Server2\Server2\@RHSUSAF\addons\rhsusf_muzzleflash.pbo - RedHammerStudios.0.5.5.6613.r4381
14:07:08 C:\3rdID_Server2\Server2\@RHSUSAF\addons\rhsusf_optics.pbo - RedHammerStudios.0.5.6.6781.r4465
14:07:08 C:\3rdID_Server2\Server2\@RHSUSAF\addons\rhsusf_props.pbo - RedHammerStudios.0.5.3.6377.r4259
14:07:08 C:\3rdID_Server2\Server2\@RHSUSAF\addons\rhsusf_radio.pbo - RedHammerStudios.0.5.1.5659.r3805
14:07:08 C:\3rdID_Server2\Server2\@RHSUSAF\addons\rhsusf_rg33.pbo - RedHammerStudios.0.5.6.6781.r4465
14:07:08 C:\3rdID_Server2\Server2\@RHSUSAF\addons\rhsusf_rg33l.pbo - RedHammerStudios.0.5.5.6504.r4343
14:07:08 C:\3rdID_Server2\Server2\@RHSUSAF\addons\rhsusf_scopes.pbo - RedHammerStudios.0.5.5.6662.r4396
14:07:08 C:\3rdID_Server2\Server2\@RHSUSAF\addons\rhsusf_socomauv.pbo - RedHammerStudios.0.5.5.6504.r4343
14:07:08 C:\3rdID_Server2\Server2\@RHSUSAF\addons\rhsusf_sounds.pbo - RedHammerStudios.0.5.5.6684.r4407
14:07:08 C:\3rdID_Server2\Server2\@RHSUSAF\addons\rhsusf_stryker.pbo - RedHammerStudios.0.5.6.6781.r4465
14:07:08 C:\3rdID_Server2\Server2\@RHSUSAF\addons\rhsusf_s_radio.pbo - RedHammerStudios.0.5.1.5659.r3805
14:07:08 C:\3rdID_Server2\Server2\@RHSUSAF\addons\rhsusf_s_vehiclesounds.pbo - RedHammerStudios.0.5.1.5659.r3805
14:07:08 C:\3rdID_Server2\Server2\@RHSUSAF\addons\rhsusf_s_weaponsounds.pbo - RedHammerStudios.0.5.1.5659.r3805
14:07:08 C:\3rdID_Server2\Server2\@RHSUSAF\addons\rhsusf_uav.pbo - RedHammerStudios.0.5.1.5659.r3805
14:07:08 C:\3rdID_Server2\Server2\@RHSUSAF\addons\rhsusf_weapons.pbo - RedHammerStudios.0.5.6.6781.r4465
14:07:08 C:\3rdID_Server2\Server2\@RHSUSAF\addons\rhsusf_weapons2.pbo - RedHammerStudios.0.5.5.6720.r4437
14:07:08 C:\3rdID_Server2\Server2\@RHSUSAF\addons\rhsusf_weapons3.pbo - RedHammerStudios.0.5.6.6798.r4477
14:07:08 C:\3rdID_Server2\Server2\@RHSUSAF\addons\rhsusf_weapon_sounds.pbo - RedHammerStudios.0.5.2.5935.r3969
14:07:08 C:\3rdID_Server2\Server2\@RHSUSAF\addons\rhsusf_xmas.pbo - RedHammerStudios.0.5.1.5659.r3805
14:07:08 C:\3rdID_Server2\Server2\@3den_Enhanced\addons\enh_ace_arsenal_shortcut.pbo - 8.7.1
14:07:08 C:\3rdID_Server2\Server2\@3den_Enhanced\addons\enh_captureframeui.pbo - 8.7.1
14:07:08 C:\3rdID_Server2\Server2\@3den_Enhanced\addons\enh_eventscripts.pbo - 8.7.1
14:07:08 C:\3rdID_Server2\Server2\@3den_Enhanced\addons\enh_main.pbo - 8.7.1
14:07:08 C:\3rdID_Server2\Server2\@CBA_A3\addons\cba_accessory.pbo - 3.18.4.250711
14:07:08 C:\3rdID_Server2\Server2\@CBA_A3\addons\cba_ai.pbo - 3.18.4.250711
14:07:08 C:\3rdID_Server2\Server2\@CBA_A3\addons\cba_arrays.pbo - 3.18.4.250711
14:07:08 C:\3rdID_Server2\Server2\@CBA_A3\addons\cba_bitwise.pbo - 3.18.4.250711
14:07:08 C:\3rdID_Server2\Server2\@CBA_A3\addons\cba_characters.pbo - 3.18.4.250711
14:07:08 C:\3rdID_Server2\Server2\@CBA_A3\addons\cba_common.pbo - 3.18.4.250711
14:07:08 C:\3rdID_Server2\Server2\@CBA_A3\addons\cba_diagnostic.pbo - 3.18.4.250711
14:07:08 C:\3rdID_Server2\Server2\@CBA_A3\addons\cba_disposable.pbo - 3.18.4.250711
14:07:08 C:\3rdID_Server2\Server2\@CBA_A3\addons\cba_events.pbo - 3.18.4.250711
14:07:08 C:\3rdID_Server2\Server2\@CBA_A3\addons\cba_hashes.pbo - 3.18.4.250711
14:07:08 C:\3rdID_Server2\Server2\@CBA_A3\addons\cba_help.pbo - 3.18.4.250711
14:07:08 C:\3rdID_Server2\Server2\@CBA_A3\addons\cba_jam.pbo - 3.18.4.250711
14:07:08 C:\3rdID_Server2\Server2\@CBA_A3\addons\cba_jr.pbo - 3.18.4.250711
14:07:08 C:\3rdID_Server2\Server2\@CBA_A3\addons\cba_keybinding.pbo - 3.18.4.250711
14:07:08 C:\3rdID_Server2\Server2\@CBA_A3\addons\cba_loadout.pbo - 3.18.4.250711
14:07:08 C:\3rdID_Server2\Server2\@CBA_A3\addons\cba_main.pbo - 3.18.4.250711
14:07:08 C:\3rdID_Server2\Server2\@CBA_A3\addons\cba_main_a3.pbo - 3.18.4.250711
14:07:08 C:\3rdID_Server2\Server2\@CBA_A3\addons\cba_modules.pbo - 3.18.4.250711
14:07:08 C:\3rdID_Server2\Server2\@CBA_A3\addons\cba_music.pbo - 3.18.4.250711
14:07:08 C:\3rdID_Server2\Server2\@CBA_A3\addons\cba_network.pbo - 3.18.4.250711
14:07:08 C:\3rdID_Server2\Server2\@CBA_A3\addons\cba_optics.pbo - 3.18.4.250711
14:07:08 C:\3rdID_Server2\Server2\@CBA_A3\addons\cba_quicktime.pbo - 3.18.4.250711
14:07:08 C:\3rdID_Server2\Server2\@CBA_A3\addons\cba_settings.pbo - 3.18.4.250711
14:07:08 C:\3rdID_Server2\Server2\@CBA_A3\addons\cba_statemachine.pbo - 3.18.4.250711
14:07:08 C:\3rdID_Server2\Server2\@CBA_A3\addons\cba_strings.pbo - 3.18.4.250711
14:07:08 C:\3rdID_Server2\Server2\@CBA_A3\addons\cba_ui.pbo - 3.18.4.250711
14:07:08 C:\3rdID_Server2\Server2\@CBA_A3\addons\cba_vectors.pbo - 3.18.4.250711
14:07:08 C:\3rdID_Server2\Server2\@CBA_A3\addons\cba_versioning.pbo - 3.18.4.250711
14:07:08 C:\3rdID_Server2\Server2\@CBA_A3\addons\cba_xeh.pbo - 3.18.4.250711
14:07:08 C:\3rdID_Server2\Server2\aow\addons\anims_f_aow.pbo - 149768
14:07:08 C:\3rdID_Server2\Server2\aow\addons\characters_f_aow.pbo - 150659
14:07:08 C:\3rdID_Server2\Server2\aow\addons\data_f_aow.pbo - 149928
14:07:08 C:\3rdID_Server2\Server2\aow\addons\dubbing_f_aow.pbo - 149901
14:07:08 C:\3rdID_Server2\Server2\aow\addons\editorpreviews_f_aow.pbo - 149909
14:07:08 C:\3rdID_Server2\Server2\aow\addons\functions_f_aow.pbo - 149593
14:07:08 C:\3rdID_Server2\Server2\aow\addons\languagemissions_f_aow.pbo - 151164
14:07:08 C:\3rdID_Server2\Server2\aow\addons\language_f_aow.pbo - 151164
14:07:08 C:\3rdID_Server2\Server2\aow\addons\missions_f_aow.pbo - 150974
14:07:08 C:\3rdID_Server2\Server2\aow\addons\missions_f_aow_data.pbo - 150984
14:07:08 C:\3rdID_Server2\Server2\aow\addons\missions_f_aow_video.pbo - 149837
14:07:08 C:\3rdID_Server2\Server2\aow\addons\props_f_aow.pbo - 150912
14:07:08 C:\3rdID_Server2\Server2\aow\addons\sounds_f_aow.pbo - 150867
14:07:08 C:\3rdID_Server2\Server2\aow\addons\structures_f_aow.pbo - 149883
14:07:08 C:\3rdID_Server2\Server2\aow\addons\supplies_f_aow.pbo - 150149
14:07:08 C:\3rdID_Server2\Server2\aow\addons\ui_f_aow.pbo - 149917
14:07:08 C:\3rdID_Server2\Server2\enoch\addons\air_f_enoch.pbo - 145904
14:07:08 C:\3rdID_Server2\Server2\enoch\addons\anims_f_enoch.pbo - 150341
14:07:08 C:\3rdID_Server2\Server2\enoch\addons\armor_f_enoch.pbo - 145904
14:07:08 C:\3rdID_Server2\Server2\enoch\addons\cargoposes_f_enoch.pbo - 142478
14:07:08 C:\3rdID_Server2\Server2\enoch\addons\characters_f_enoch.pbo - 150968
14:07:08 C:\3rdID_Server2\Server2\enoch\addons\data_f_enoch.pbo - 150070
14:07:08 C:\3rdID_Server2\Server2\enoch\addons\dubbing_radio_f_enoch.pbo - 150070
14:07:08 C:\3rdID_Server2\Server2\enoch\addons\dubbing_radio_f_enoch_data.pbo - 150020
14:07:08 C:\3rdID_Server2\Server2\enoch\addons\editorpreviews_f_enoch.pbo - 150962
14:07:08 C:\3rdID_Server2\Server2\enoch\addons\functions_f_enoch.pbo - 148356
14:07:08 C:\3rdID_Server2\Server2\enoch\addons\languagemissions_f_enoch.pbo - 151164
14:07:08 C:\3rdID_Server2\Server2\enoch\addons\language_f_enoch.pbo - 151164
14:07:08 C:\3rdID_Server2\Server2\enoch\addons\map_enoch.pbo - 150292
14:07:08 C:\3rdID_Server2\Server2\enoch\addons\map_enoch_data.pbo - 145274
14:07:08 C:\3rdID_Server2\Server2\enoch\addons\map_enoch_data_layers.pbo - 146184
14:07:08 C:\3rdID_Server2\Server2\enoch\addons\map_enoch_scenes_f.pbo - 143336
14:07:08 C:\3rdID_Server2\Server2\enoch\addons\missions_f_enoch.pbo - 149487
14:07:08 C:\3rdID_Server2\Server2\enoch\addons\music_f_enoch.pbo - 147472
14:07:08 C:\3rdID_Server2\Server2\enoch\addons\music_f_enoch_music.pbo - 150867
14:07:08 C:\3rdID_Server2\Server2\enoch\addons\props_f_enoch.pbo - 150309
14:07:08 C:\3rdID_Server2\Server2\enoch\addons\rocks_f_enoch.pbo - 148432
14:07:08 C:\3rdID_Server2\Server2\enoch\addons\soft_f_enoch.pbo - 150885
14:07:08 C:\3rdID_Server2\Server2\enoch\addons\sounds_f_enoch.pbo - 150842
14:07:08 C:\3rdID_Server2\Server2\enoch\addons\static_f_enoch.pbo - 145904
14:07:08 C:\3rdID_Server2\Server2\enoch\addons\structures_f_enoch.pbo - 148551
14:07:08 C:\3rdID_Server2\Server2\enoch\addons\structures_f_enoch_civilian.pbo - 150926
14:07:08 C:\3rdID_Server2\Server2\enoch\addons\structures_f_enoch_commercial.pbo - 148419
14:07:08 C:\3rdID_Server2\Server2\enoch\addons\structures_f_enoch_cultural.pbo - 150415
14:07:08 C:\3rdID_Server2\Server2\enoch\addons\structures_f_enoch_data.pbo - 148419
14:07:08 C:\3rdID_Server2\Server2\enoch\addons\structures_f_enoch_furniture.pbo - 148419
14:07:08 C:\3rdID_Server2\Server2\enoch\addons\structures_f_enoch_industrial.pbo - 150920
14:07:08 C:\3rdID_Server2\Server2\enoch\addons\structures_f_enoch_infrastructure.pbo - 148551
14:07:08 C:\3rdID_Server2\Server2\enoch\addons\structures_f_enoch_military.pbo - 150174
14:07:08 C:\3rdID_Server2\Server2\enoch\addons\supplies_f_enoch.pbo - 151084
14:07:08 C:\3rdID_Server2\Server2\enoch\addons\ui_f_enoch.pbo - 147095
14:07:08 C:\3rdID_Server2\Server2\enoch\addons\vegetation_f_enoch.pbo - 150192
14:07:08 C:\3rdID_Server2\Server2\enoch\addons\weapons_f_enoch.pbo - 150671
14:07:08 C:\3rdID_Server2\Server2\tank\addons\armor_f_tank.pbo - 150292
14:07:08 C:\3rdID_Server2\Server2\tank\addons\cargoposes_f_tank.pbo - 128283
14:07:08 C:\3rdID_Server2\Server2\tank\addons\characters_f_tank.pbo - 150968
14:07:08 C:\3rdID_Server2\Server2\tank\addons\data_f_tank.pbo - 128203
14:07:08 C:\3rdID_Server2\Server2\tank\addons\dubbing_f_tank.pbo - 127958
14:07:08 C:\3rdID_Server2\Server2\tank\addons\editorpreviews_f_tank.pbo - 137875
14:07:08 C:\3rdID_Server2\Server2\tank\addons\functions_f_tank.pbo - 125996
14:07:08 C:\3rdID_Server2\Server2\tank\addons\languagemissions_f_tank.pbo - 151164
14:07:08 C:\3rdID_Server2\Server2\tank\addons\language_f_tank.pbo - 151164
14:07:08 C:\3rdID_Server2\Server2\tank\addons\missions_f_tank.pbo - 150984
14:07:08 C:\3rdID_Server2\Server2\tank\addons\missions_f_tank_data.pbo - 128937
14:07:08 C:\3rdID_Server2\Server2\tank\addons\modules_f_tank.pbo - 147857
14:07:08 C:\3rdID_Server2\Server2\tank\addons\music_f_tank.pbo - 127912
14:07:08 C:\3rdID_Server2\Server2\tank\addons\props_f_tank.pbo - 131702
14:07:08 C:\3rdID_Server2\Server2\tank\addons\sounds_f_tank.pbo - 150867
14:07:08 C:\3rdID_Server2\Server2\tank\addons\structures_f_tank.pbo - 150249
14:07:08 C:\3rdID_Server2\Server2\tank\addons\ui_f_tank.pbo - 148551
14:07:08 C:\3rdID_Server2\Server2\tank\addons\weapons_f_tank.pbo - 151040
14:07:08 C:\3rdID_Server2\Server2\tacops\addons\characters_f_tacops.pbo - 129739
14:07:08 C:\3rdID_Server2\Server2\tacops\addons\data_f_tacops.pbo - 150102
14:07:08 C:\3rdID_Server2\Server2\tacops\addons\dubbing_f_tacops.pbo - 129340
14:07:08 C:\3rdID_Server2\Server2\tacops\addons\functions_f_tacops.pbo - 150415
14:07:08 C:\3rdID_Server2\Server2\tacops\addons\languagemissions_f_tacops.pbo - 151164
14:07:08 C:\3rdID_Server2\Server2\tacops\addons\language_f_tacops.pbo - 151164
14:07:08 C:\3rdID_Server2\Server2\tacops\addons\missions_f_tacops.pbo - 144976
14:07:08 C:\3rdID_Server2\Server2\tacops\addons\modules_f_tacops.pbo - 150149
14:07:08 C:\3rdID_Server2\Server2\tacops\addons\music_f_tacops.pbo - 124064
14:07:08 C:\3rdID_Server2\Server2\tacops\addons\sounds_f_tacops.pbo - 150867
14:07:08 C:\3rdID_Server2\Server2\tacops\addons\ui_f_tacops.pbo - 148551
14:07:08 C:\3rdID_Server2\Server2\orange\addons\air_f_orange.pbo - 150970
14:07:08 C:\3rdID_Server2\Server2\orange\addons\cargoposes_f_orange.pbo - 126225
14:07:08 C:\3rdID_Server2\Server2\orange\addons\characters_f_orange.pbo - 150968
14:07:08 C:\3rdID_Server2\Server2\orange\addons\data_f_orange.pbo - 144284
14:07:08 C:\3rdID_Server2\Server2\orange\addons\dubbing_f_orange.pbo - 121689
14:07:08 C:\3rdID_Server2\Server2\orange\addons\editorpreviews_f_orange.pbo - 123173
14:07:08 C:\3rdID_Server2\Server2\orange\addons\functions_f_orange.pbo - 150945
14:07:08 C:\3rdID_Server2\Server2\orange\addons\languagemissions_f_orange.pbo - 151164
14:07:08 C:\3rdID_Server2\Server2\orange\addons\language_f_orange.pbo - 151164
14:07:08 C:\3rdID_Server2\Server2\orange\addons\missions_f_orange.pbo - 150364
14:07:08 C:\3rdID_Server2\Server2\orange\addons\modules_f_orange.pbo - 143632
14:07:08 C:\3rdID_Server2\Server2\orange\addons\music_f_orange.pbo - 120725
14:07:08 C:\3rdID_Server2\Server2\orange\addons\props_f_orange.pbo - 148864
14:07:08 C:\3rdID_Server2\Server2\orange\addons\soft_f_orange.pbo - 150945
14:07:08 C:\3rdID_Server2\Server2\orange\addons\sounds_f_orange.pbo - 150867
14:07:08 C:\3rdID_Server2\Server2\orange\addons\structures_f_orange.pbo - 150867
14:07:08 C:\3rdID_Server2\Server2\orange\addons\supplies_f_orange.pbo - 129371
14:07:08 C:\3rdID_Server2\Server2\orange\addons\ui_f_orange.pbo - 151010
14:07:08 C:\3rdID_Server2\Server2\orange\addons\weapons_f_orange.pbo - 150671
14:07:08 C:\3rdID_Server2\Server2\argo\addons\armor_f_argo.pbo - 129739
14:07:08 C:\3rdID_Server2\Server2\argo\addons\characters_f_patrol.pbo - 149127
14:07:08 C:\3rdID_Server2\Server2\argo\addons\data_f_argo.pbo - 128209
14:07:08 C:\3rdID_Server2\Server2\argo\addons\data_f_patrol.pbo - 141307
14:07:08 C:\3rdID_Server2\Server2\argo\addons\editorpreviews_f_argo.pbo - 150968
14:07:08 C:\3rdID_Server2\Server2\argo\addons\functions_f_patrol.pbo - 141510
14:07:08 C:\3rdID_Server2\Server2\argo\addons\languagemissions_f_patrol.pbo - 151164
14:07:08 C:\3rdID_Server2\Server2\argo\addons\language_f_argo.pbo - 151164
14:07:08 C:\3rdID_Server2\Server2\argo\addons\language_f_patrol.pbo - 151164
14:07:08 C:\3rdID_Server2\Server2\argo\addons\map_malden.pbo - 150292
14:07:08 C:\3rdID_Server2\Server2\argo\addons\map_malden_data.pbo - 135888
14:07:08 C:\3rdID_Server2\Server2\argo\addons\map_malden_data_layers.pbo - 135888
14:07:08 C:\3rdID_Server2\Server2\argo\addons\map_malden_scenes_f.pbo - 120026
14:07:08 C:\3rdID_Server2\Server2\argo\addons\missions_f_patrol.pbo - 126663
14:07:08 C:\3rdID_Server2\Server2\argo\addons\modules_f_patrol.pbo - 119459
14:07:08 C:\3rdID_Server2\Server2\argo\addons\music_f_argo.pbo - 119459
14:07:08 C:\3rdID_Server2\Server2\argo\addons\props_f_argo.pbo - 129371
14:07:08 C:\3rdID_Server2\Server2\argo\addons\rocks_f_argo.pbo - 148432
14:07:08 C:\3rdID_Server2\Server2\argo\addons\sounds_f_patrol.pbo - 150867
14:07:08 C:\3rdID_Server2\Server2\argo\addons\structures_f_argo.pbo - 150961
14:07:08 C:\3rdID_Server2\Server2\argo\addons\ui_f_patrol.pbo - 141307
14:07:08 C:\3rdID_Server2\Server2\argo\addons\vegetation_f_argo.pbo - 148432
14:07:08 C:\3rdID_Server2\Server2\argo\addons\weapons_f_patrol.pbo - 141307
14:07:08 C:\3rdID_Server2\Server2\jets\addons\air_f_jets.pbo - 150968
14:07:08 C:\3rdID_Server2\Server2\jets\addons\anims_f_jets.pbo - 123210
14:07:08 C:\3rdID_Server2\Server2\jets\addons\boat_f_destroyer.pbo - 143297
14:07:08 C:\3rdID_Server2\Server2\jets\addons\boat_f_jets.pbo - 150071
14:07:08 C:\3rdID_Server2\Server2\jets\addons\cargoposes_f_jets.pbo - 126225
14:07:08 C:\3rdID_Server2\Server2\jets\addons\characters_f_jets.pbo - 129739
14:07:08 C:\3rdID_Server2\Server2\jets\addons\data_f_destroyer.pbo - 150370
14:07:08 C:\3rdID_Server2\Server2\jets\addons\data_f_jets.pbo - 150370
14:07:08 C:\3rdID_Server2\Server2\jets\addons\data_f_sams.pbo - 150370
14:07:08 C:\3rdID_Server2\Server2\jets\addons\dubbing_f_jets.pbo - 119457
14:07:08 C:\3rdID_Server2\Server2\jets\addons\editorpreviews_f_destroyer.pbo - 132141
14:07:08 C:\3rdID_Server2\Server2\jets\addons\editorpreviews_f_jets.pbo - 150968
14:07:08 C:\3rdID_Server2\Server2\jets\addons\editorpreviews_f_sams.pbo - 132141
14:07:08 C:\3rdID_Server2\Server2\jets\addons\functions_f_destroyer.pbo - 150071
14:07:08 C:\3rdID_Server2\Server2\jets\addons\functions_f_jets.pbo - 151077
14:07:08 C:\3rdID_Server2\Server2\jets\addons\languagemissions_f_jets.pbo - 151164
14:07:08 C:\3rdID_Server2\Server2\jets\addons\language_f_destroyer.pbo - 151164
14:07:08 C:\3rdID_Server2\Server2\jets\addons\language_f_jets.pbo - 151164
14:07:08 C:\3rdID_Server2\Server2\jets\addons\language_f_sams.pbo - 151164
14:07:08 C:\3rdID_Server2\Server2\jets\addons\missions_f_jets.pbo - 130755
14:07:08 C:\3rdID_Server2\Server2\jets\addons\modules_f_jets.pbo - 119459
14:07:08 C:\3rdID_Server2\Server2\jets\addons\music_f_jets.pbo - 119459
14:07:08 C:\3rdID_Server2\Server2\jets\addons\props_f_destroyer.pbo - 132141
14:07:08 C:\3rdID_Server2\Server2\jets\addons\props_f_jets.pbo - 129371
14:07:08 C:\3rdID_Server2\Server2\jets\addons\sounds_f_jets.pbo - 150867
14:07:08 C:\3rdID_Server2\Server2\jets\addons\static_f_destroyer.pbo - 140243
14:07:08 C:\3rdID_Server2\Server2\jets\addons\static_f_jets.pbo - 146744
14:07:08 C:\3rdID_Server2\Server2\jets\addons\static_f_sams.pbo - 146744
14:07:08 C:\3rdID_Server2\Server2\jets\addons\ui_f_jets.pbo - 126137
14:07:08 C:\3rdID_Server2\Server2\jets\addons\weapons_f_destroyer.pbo - 132268
14:07:08 C:\3rdID_Server2\Server2\jets\addons\weapons_f_jets.pbo - 148847
14:07:08 C:\3rdID_Server2\Server2\jets\addons\weapons_f_sams.pbo - 149414
14:07:08 C:\3rdID_Server2\Server2\expansion\addons\air_f_exp.pbo - 150885
14:07:08 C:\3rdID_Server2\Server2\expansion\addons\anims_f_exp.pbo - 126506
14:07:08 C:\3rdID_Server2\Server2\expansion\addons\armor_f_exp.pbo - 141671
14:07:08 C:\3rdID_Server2\Server2\expansion\addons\boat_f_exp.pbo - 150071
14:07:08 C:\3rdID_Server2\Server2\expansion\addons\cargoposes_f_exp.pbo - 126224
14:07:08 C:\3rdID_Server2\Server2\expansion\addons\characters_f_exp.pbo - 150968
14:07:08 C:\3rdID_Server2\Server2\expansion\addons\characters_f_oldman.pbo - 148698
14:07:08 C:\3rdID_Server2\Server2\expansion\addons\data_f_exp.pbo - 148936
14:07:08 C:\3rdID_Server2\Server2\expansion\addons\data_f_oldman.pbo - 148580
14:07:08 C:\3rdID_Server2\Server2\expansion\addons\dubbing_f_exp.pbo - 119457
14:07:08 C:\3rdID_Server2\Server2\expansion\addons\dubbing_f_oldman.pbo - 148756
14:07:08 C:\3rdID_Server2\Server2\expansion\addons\dubbing_radio_f_exp.pbo - 119458
14:07:08 C:\3rdID_Server2\Server2\expansion\addons\dubbing_radio_f_exp_data_chi.pbo - 119458
14:07:08 C:\3rdID_Server2\Server2\expansion\addons\dubbing_radio_f_exp_data_engfre.pbo - 119457
14:07:08 C:\3rdID_Server2\Server2\expansion\addons\dubbing_radio_f_exp_data_fre.pbo - 119457
14:07:08 C:\3rdID_Server2\Server2\expansion\addons\editorpreviews_f_exp.pbo - 150961
14:07:08 C:\3rdID_Server2\Server2\expansion\addons\editorpreviews_f_oldman.pbo - 150961
14:07:08 C:\3rdID_Server2\Server2\expansion\addons\functions_f_exp.pbo - 144006
14:07:08 C:\3rdID_Server2\Server2\expansion\addons\functions_f_oldman.pbo - 148553
14:07:08 C:\3rdID_Server2\Server2\expansion\addons\languagemissions_f_exp.pbo - 151164
14:07:08 C:\3rdID_Server2\Server2\expansion\addons\languagemissions_f_oldman.pbo - 151164
14:07:08 C:\3rdID_Server2\Server2\expansion\addons\language_f_exp.pbo - 151164
14:07:08 C:\3rdID_Server2\Server2\expansion\addons\language_f_oldman.pbo - 151164
14:07:08 C:\3rdID_Server2\Server2\expansion\addons\map_data_exp.pbo - 136265
14:07:08 C:\3rdID_Server2\Server2\expansion\addons\map_tanoabuka.pbo - 150292
14:07:08 C:\3rdID_Server2\Server2\expansion\addons\map_tanoabuka_data.pbo - 135884
14:07:08 C:\3rdID_Server2\Server2\expansion\addons\map_tanoabuka_data_layers.pbo - 121192
14:07:08 C:\3rdID_Server2\Server2\expansion\addons\map_tanoabuka_data_layers_00_00.pbo - 121192
14:07:08 C:\3rdID_Server2\Server2\expansion\addons\map_tanoa_scenes_f.pbo - 123527
14:07:08 C:\3rdID_Server2\Server2\expansion\addons\missions_f_exp.pbo - 144315
14:07:08 C:\3rdID_Server2\Server2\expansion\addons\missions_f_exp_data.pbo - 119459
14:07:08 C:\3rdID_Server2\Server2\expansion\addons\missions_f_exp_video.pbo - 119459
14:07:08 C:\3rdID_Server2\Server2\expansion\addons\missions_f_oldman.pbo - 151155
14:07:08 C:\3rdID_Server2\Server2\expansion\addons\modules_f_exp.pbo - 119459
14:07:08 C:\3rdID_Server2\Server2\expansion\addons\modules_f_oldman.pbo - 148553
14:07:08 C:\3rdID_Server2\Server2\expansion\addons\music_f_exp.pbo - 119477
14:07:08 C:\3rdID_Server2\Server2\expansion\addons\music_f_exp_music.pbo - 119477
14:07:08 C:\3rdID_Server2\Server2\expansion\addons\music_f_oldman.pbo - 148553
14:07:08 C:\3rdID_Server2\Server2\expansion\addons\music_f_oldman_music.pbo - 148679
14:07:08 C:\3rdID_Server2\Server2\expansion\addons\props_f_exp.pbo - 147637
14:07:08 C:\3rdID_Server2\Server2\expansion\addons\props_f_oldman.pbo - 150968
14:07:08 C:\3rdID_Server2\Server2\expansion\addons\rocks_f_exp.pbo - 148432
14:07:08 C:\3rdID_Server2\Server2\expansion\addons\soft_f_exp.pbo - 150945
14:07:08 C:\3rdID_Server2\Server2\expansion\addons\soft_f_oldman.pbo - 148580
14:07:08 C:\3rdID_Server2\Server2\expansion\addons\sounds_f_exp.pbo - 150920
14:07:08 C:\3rdID_Server2\Server2\expansion\addons\sounds_f_oldman.pbo - 150867
14:07:08 C:\3rdID_Server2\Server2\expansion\addons\static_f_exp.pbo - 119478
14:07:08 C:\3rdID_Server2\Server2\expansion\addons\static_f_oldman.pbo - 148580
14:07:08 C:\3rdID_Server2\Server2\expansion\addons\structures_f_exp.pbo - 150912
14:07:08 C:\3rdID_Server2\Server2\expansion\addons\structures_f_exp_civilian.pbo - 148739
14:07:08 C:\3rdID_Server2\Server2\expansion\addons\structures_f_exp_commercial.pbo - 148419
14:07:08 C:\3rdID_Server2\Server2\expansion\addons\structures_f_exp_cultural.pbo - 148419
14:07:08 C:\3rdID_Server2\Server2\expansion\addons\structures_f_exp_data.pbo - 148419
14:07:08 C:\3rdID_Server2\Server2\expansion\addons\structures_f_exp_industrial.pbo - 148419
14:07:08 C:\3rdID_Server2\Server2\expansion\addons\structures_f_exp_infrastructure.pbo - 148551
14:07:08 C:\3rdID_Server2\Server2\expansion\addons\structures_f_oldman.pbo - 150089
14:07:08 C:\3rdID_Server2\Server2\expansion\addons\supplies_f_exp.pbo - 151084
14:07:08 C:\3rdID_Server2\Server2\expansion\addons\supplies_f_oldman.pbo - 148553
14:07:08 C:\3rdID_Server2\Server2\expansion\addons\ui_f_exp.pbo - 123398
14:07:08 C:\3rdID_Server2\Server2\expansion\addons\ui_f_oldman.pbo - 149216
14:07:08 C:\3rdID_Server2\Server2\expansion\addons\vegetation_f_exp.pbo - 148432
14:07:08 C:\3rdID_Server2\Server2\expansion\addons\weapons_f_exp.pbo - 150671
14:07:08 C:\3rdID_Server2\Server2\mark\addons\anims_f_mark.pbo - 119457
14:07:08 C:\3rdID_Server2\Server2\mark\addons\characters_f_mark.pbo - 150968
14:07:08 C:\3rdID_Server2\Server2\mark\addons\data_f_mark.pbo - 129371
14:07:08 C:\3rdID_Server2\Server2\mark\addons\dubbing_f_mark.pbo - 119457
14:07:08 C:\3rdID_Server2\Server2\mark\addons\dubbing_f_mp_mark.pbo - 119457
14:07:08 C:\3rdID_Server2\Server2\mark\addons\functions_f_mark.pbo - 150934
14:07:08 C:\3rdID_Server2\Server2\mark\addons\functions_f_mp_mark.pbo - 150802
14:07:08 C:\3rdID_Server2\Server2\mark\addons\languagemissions_f_mark.pbo - 151164
14:07:08 C:\3rdID_Server2\Server2\mark\addons\languagemissions_f_mp_mark.pbo - 151164
14:07:08 C:\3rdID_Server2\Server2\mark\addons\language_f_mark.pbo - 151164
14:07:08 C:\3rdID_Server2\Server2\mark\addons\language_f_mp_mark.pbo - 151164
14:07:08 C:\3rdID_Server2\Server2\mark\addons\missions_f_mark.pbo - 122301
14:07:08 C:\3rdID_Server2\Server2\mark\addons\missions_f_mark_data.pbo - 119459
14:07:08 C:\3rdID_Server2\Server2\mark\addons\missions_f_mark_video.pbo - 119459
14:07:08 C:\3rdID_Server2\Server2\mark\addons\missions_f_mp_mark.pbo - 141704
14:07:08 C:\3rdID_Server2\Server2\mark\addons\missions_f_mp_mark_data.pbo - 119459
14:07:08 C:\3rdID_Server2\Server2\mark\addons\modules_f_mark.pbo - 148886
14:07:08 C:\3rdID_Server2\Server2\mark\addons\modules_f_mp_mark.pbo - 150251
14:07:08 C:\3rdID_Server2\Server2\mark\addons\music_f_mark.pbo - 119477
14:07:08 C:\3rdID_Server2\Server2\mark\addons\music_f_mark_music.pbo - 119477
14:07:08 C:\3rdID_Server2\Server2\mark\addons\sounds_f_mark.pbo - 150867
14:07:08 C:\3rdID_Server2\Server2\mark\addons\static_f_mark.pbo - 146756
14:07:08 C:\3rdID_Server2\Server2\mark\addons\structures_f_mark.pbo - 149003
14:07:08 C:\3rdID_Server2\Server2\mark\addons\supplies_f_mark.pbo - 140562
14:07:08 C:\3rdID_Server2\Server2\mark\addons\ui_f_mark.pbo - 119478
14:07:08 C:\3rdID_Server2\Server2\mark\addons\ui_f_mp_mark.pbo - 119478
14:07:08 C:\3rdID_Server2\Server2\mark\addons\weapons_f_mark.pbo - 149339
14:07:08 C:\3rdID_Server2\Server2\heli\addons\air_f_heli.pbo - 150885
14:07:08 C:\3rdID_Server2\Server2\heli\addons\anims_f_heli.pbo - 123210
14:07:08 C:\3rdID_Server2\Server2\heli\addons\boat_f_heli.pbo - 119457
14:07:08 C:\3rdID_Server2\Server2\heli\addons\cargoposes_f_heli.pbo - 126231
14:07:08 C:\3rdID_Server2\Server2\heli\addons\data_f_heli.pbo - 119457
14:07:08 C:\3rdID_Server2\Server2\heli\addons\dubbing_f_heli.pbo - 119457
14:07:08 C:\3rdID_Server2\Server2\heli\addons\functions_f_heli.pbo - 123022
14:07:08 C:\3rdID_Server2\Server2\heli\addons\languagemissions_f_heli.pbo - 151164
14:07:08 C:\3rdID_Server2\Server2\heli\addons\language_f_heli.pbo - 151164
14:07:08 C:\3rdID_Server2\Server2\heli\addons\missions_f_heli.pbo - 151010
14:07:08 C:\3rdID_Server2\Server2\heli\addons\missions_f_heli_data.pbo - 119459
14:07:08 C:\3rdID_Server2\Server2\heli\addons\missions_f_heli_video.pbo - 119459
14:07:08 C:\3rdID_Server2\Server2\heli\addons\modules_f_heli.pbo - 150249
14:07:08 C:\3rdID_Server2\Server2\heli\addons\music_f_heli.pbo - 119477
14:07:08 C:\3rdID_Server2\Server2\heli\addons\music_f_heli_music.pbo - 119477
14:07:08 C:\3rdID_Server2\Server2\heli\addons\soft_f_heli.pbo - 129742
14:07:08 C:\3rdID_Server2\Server2\heli\addons\sounds_f_heli.pbo - 150867
14:07:08 C:\3rdID_Server2\Server2\heli\addons\structures_f_heli.pbo - 141968
14:07:08 C:\3rdID_Server2\Server2\heli\addons\supplies_f_heli.pbo - 145695
14:07:08 C:\3rdID_Server2\Server2\heli\addons\ui_f_heli.pbo - 119478
14:07:08 C:\3rdID_Server2\Server2\kart\addons\anims_f_kart.pbo - 123210
14:07:08 C:\3rdID_Server2\Server2\kart\addons\characters_f_kart.pbo - 150968
14:07:08 C:\3rdID_Server2\Server2\kart\addons\data_f_kart.pbo - 119457
14:07:08 C:\3rdID_Server2\Server2\kart\addons\languagemissions_f_kart.pbo - 151164
14:07:08 C:\3rdID_Server2\Server2\kart\addons\language_f_kart.pbo - 151164
14:07:08 C:\3rdID_Server2\Server2\kart\addons\missions_f_kart.pbo - 149274
14:07:08 C:\3rdID_Server2\Server2\kart\addons\missions_f_kart_data.pbo - 119459
14:07:08 C:\3rdID_Server2\Server2\kart\addons\modules_f_kart.pbo - 151162
14:07:08 C:\3rdID_Server2\Server2\kart\addons\modules_f_kart_data.pbo - 149274
14:07:08 C:\3rdID_Server2\Server2\kart\addons\soft_f_kart.pbo - 150945
14:07:08 C:\3rdID_Server2\Server2\kart\addons\sounds_f_kart.pbo - 150867
14:07:08 C:\3rdID_Server2\Server2\kart\addons\structures_f_kart.pbo - 123419
14:07:08 C:\3rdID_Server2\Server2\kart\addons\ui_f_kart.pbo - 119478
14:07:08 C:\3rdID_Server2\Server2\kart\addons\weapons_f_kart.pbo - 138461
14:07:08 C:\3rdID_Server2\Server2\curator\addons\data_f_curator.pbo - 150867
14:07:08 C:\3rdID_Server2\Server2\curator\addons\data_f_curator_music.pbo - 119457
14:07:08 C:\3rdID_Server2\Server2\curator\addons\functions_f_curator.pbo - 150945
14:07:08 C:\3rdID_Server2\Server2\curator\addons\language_f_curator.pbo - 151164
14:07:08 C:\3rdID_Server2\Server2\curator\addons\missions_f_curator.pbo - 121570
14:07:08 C:\3rdID_Server2\Server2\curator\addons\modules_f_curator.pbo - 151084
14:07:08 C:\3rdID_Server2\Server2\curator\addons\ui_f_curator.pbo - 150867
14:07:08 addons\3den.pbo - 151061
14:07:08 addons\3den_language.pbo - 151164
14:07:08 addons\a3.pbo - unknown
14:07:08 addons\air_f.pbo - 150885
14:07:08 addons\air_f_beta.pbo - 151175
14:07:08 addons\air_f_epb.pbo - 150885
14:07:08 addons\air_f_epc.pbo - 150048
14:07:08 addons\air_f_gamma.pbo - 150048
14:07:08 addons\animals_f.pbo - 150071
14:07:08 addons\animals_f_beta.pbo - 150071
14:07:08 addons\anims_f.pbo - 150686
14:07:08 addons\anims_f_bootcamp.pbo - 123209
14:07:08 addons\anims_f_data.pbo - 148601
14:07:08 addons\anims_f_epa.pbo - 134499
14:07:08 addons\anims_f_epc.pbo - 121358
14:07:08 addons\anims_f_exp_a.pbo - 123209
14:07:08 addons\anims_f_mod.pbo - 135280
14:07:08 addons\armor_f.pbo - 149414
14:07:08 addons\armor_f_beta.pbo - 150339
14:07:08 addons\armor_f_decade.pbo - 150805
14:07:08 addons\armor_f_epb.pbo - 150260
14:07:08 addons\armor_f_epc.pbo - 148819
14:07:08 addons\armor_f_gamma.pbo - 150803
14:07:08 addons\baseconfig_f.pbo - 119457
14:07:08 addons\boat_f.pbo - 150265
14:07:08 addons\boat_f_beta.pbo - 132036
14:07:08 addons\boat_f_epc.pbo - 131911
14:07:08 addons\boat_f_gamma.pbo - 127529
14:07:08 addons\cargoposes_f.pbo - 149489
14:07:08 addons\characters_f.pbo - 151039
14:07:08 addons\characters_f_beta.pbo - 149965
14:07:08 addons\characters_f_bootcamp.pbo - 149274
14:07:08 addons\characters_f_decade.pbo - 150784
14:07:08 addons\characters_f_epa.pbo - 148392
14:07:08 addons\characters_f_epb.pbo - 150968
14:07:08 addons\characters_f_epc.pbo - 150968
14:07:08 addons\characters_f_gamma.pbo - 150968
14:07:08 addons\data_f.pbo - 151162
14:07:08 addons\data_f_bootcamp.pbo - 129618
14:07:08 addons\data_f_decade.pbo - 150764
14:07:08 addons\data_f_exp_a.pbo - 119457
14:07:08 addons\data_f_exp_b.pbo - 119457
14:07:08 addons\data_f_mod.pbo - 131534
14:07:08 addons\data_f_warlords.pbo - 150867
14:07:08 addons\drones_f.pbo - 146855
14:07:08 addons\dubbing_f.pbo - 119457
14:07:08 addons\dubbing_f_beta.pbo - 119457
14:07:08 addons\dubbing_f_bootcamp.pbo - 119457
14:07:08 addons\dubbing_f_epa.pbo - 119457
14:07:08 addons\dubbing_f_epb.pbo - 119457
14:07:08 addons\dubbing_f_epc.pbo - 119457
14:07:08 addons\dubbing_f_gamma.pbo - 122449
14:07:08 addons\dubbing_f_warlords.pbo - 136700
14:07:08 addons\dubbing_radio_f.pbo - 119457
14:07:08 addons\dubbing_radio_f_data_eng.pbo - 119457
14:07:08 addons\dubbing_radio_f_data_engb.pbo - 119458
14:07:08 addons\dubbing_radio_f_data_gre.pbo - 119458
14:07:08 addons\dubbing_radio_f_data_per.pbo - 150218
14:07:08 addons\dubbing_radio_f_data_vr.pbo - 119458
14:07:08 addons\editorpreviews_f.pbo - 151077
14:07:08 addons\editorpreviews_f_decade.pbo - 150645
14:07:08 addons\editor_f.pbo - 121103
14:07:08 addons\functions_f.pbo - 151080
14:07:08 addons\functions_f_bootcamp.pbo - 151040
14:07:08 addons\functions_f_decade.pbo - 150807
14:07:08 addons\functions_f_epa.pbo - 150249
14:07:08 addons\functions_f_epc.pbo - 119458
14:07:08 addons\functions_f_exp_a.pbo - 150958
14:07:08 addons\functions_f_warlords.pbo - 150354
14:07:08 addons\languagemissions_f.pbo - 151164
14:07:08 addons\languagemissions_f_beta.pbo - 151164
14:07:08 addons\languagemissions_f_bootcamp.pbo - 151164
14:07:08 addons\languagemissions_f_epa.pbo - 151164
14:07:08 addons\languagemissions_f_epb.pbo - 151164
14:07:08 addons\languagemissions_f_epc.pbo - 151164
14:07:08 addons\languagemissions_f_exp_a.pbo - 151164
14:07:08 addons\languagemissions_f_gamma.pbo - 151164
14:07:08 addons\language_f.pbo - 151164
14:07:08 addons\language_f_beta.pbo - 151164
14:07:08 addons\language_f_bootcamp.pbo - 151164
14:07:08 addons\language_f_decade.pbo - 151164
14:07:08 addons\language_f_epa.pbo - 151164
14:07:08 addons\language_f_epb.pbo - 151164
14:07:08 addons\language_f_epc.pbo - 151164
14:07:08 addons\language_f_exp_a.pbo - 151164
14:07:08 addons\language_f_exp_b.pbo - 151164
14:07:08 addons\language_f_gamma.pbo - 151164
14:07:08 addons\language_f_mod.pbo - 151164
14:07:08 addons\language_f_warlords.pbo - 151164
14:07:08 addons\map_altis.pbo - 148442
14:07:08 addons\map_altis_data.pbo - 135904
14:07:08 addons\map_altis_data_layers.pbo - 135913
14:07:08 addons\map_altis_data_layers_00_00.pbo - 0000
14:07:08 addons\map_altis_data_layers_00_01.pbo - 0000
14:07:08 addons\map_altis_data_layers_01_00.pbo - 0000
14:07:08 addons\map_altis_data_layers_01_01.pbo - 0000
14:07:08 addons\map_altis_scenes_f.pbo - 119459
14:07:08 addons\map_data.pbo - 134124
14:07:08 addons\map_stratis.pbo - 148442
14:07:08 addons\map_stratis_data.pbo - 135888
14:07:08 addons\map_stratis_data_layers.pbo - 135888
14:07:08 addons\map_stratis_scenes_f.pbo - 119459
14:07:08 addons\map_vr.pbo - 135900
14:07:08 addons\map_vr_scenes_f.pbo - 119459
14:07:08 addons\misc_f.pbo - 119459
14:07:08 addons\missions_f.pbo - 141704
14:07:08 addons\missions_f_beta.pbo - 150697
14:07:08 addons\missions_f_beta_data.pbo - 150867
14:07:08 addons\missions_f_beta_video.pbo - 119459
14:07:08 addons\missions_f_bootcamp.pbo - 145509
14:07:08 addons\missions_f_bootcamp_data.pbo - 150867
14:07:08 addons\missions_f_bootcamp_video.pbo - 119459
14:07:08 addons\missions_f_data.pbo - 119459
14:07:08 addons\missions_f_epa.pbo - 150459
14:07:08 addons\missions_f_epa_data.pbo - 119459
14:07:08 addons\missions_f_epa_video.pbo - 119459
14:07:08 addons\missions_f_epb.pbo - 119459
14:07:08 addons\missions_f_epc.pbo - 141704
14:07:08 addons\missions_f_exp_a.pbo - 141704
14:07:08 addons\missions_f_exp_a_data.pbo - 119459
14:07:08 addons\missions_f_gamma.pbo - 151061
14:07:08 addons\missions_f_gamma_data.pbo - 119459
14:07:08 addons\missions_f_gamma_video.pbo - 119459
14:07:08 addons\missions_f_video.pbo - 119459
14:07:08 addons\missions_f_warlords.pbo - 145437
14:07:08 addons\modules_f.pbo - 150958
14:07:08 addons\modules_f_beta.pbo - 151162
14:07:08 addons\modules_f_beta_data.pbo - 149274
14:07:08 addons\modules_f_bootcamp.pbo - 119459
14:07:08 addons\modules_f_data.pbo - 122470
14:07:08 addons\modules_f_epb.pbo - 134655
14:07:08 addons\modules_f_exp_a.pbo - 119459
14:07:08 addons\modules_f_warlords.pbo - 144205
14:07:08 addons\music_f.pbo - 119459
14:07:08 addons\music_f_bootcamp.pbo - 119459
14:07:08 addons\music_f_bootcamp_music.pbo - 119459
14:07:08 addons\music_f_epa.pbo - 119459
14:07:08 addons\music_f_epa_music.pbo - 119459
14:07:08 addons\music_f_epb.pbo - 119459
14:07:08 addons\music_f_epb_music.pbo - 119459
14:07:08 addons\music_f_epc.pbo - 119459
14:07:08 addons\music_f_epc_music.pbo - 119477
14:07:08 addons\music_f_music.pbo - 119477
14:07:08 addons\plants_f.pbo - 148432
14:07:08 addons\props_f_decade.pbo - 150920
14:07:08 addons\props_f_exp_a.pbo - 147637
14:07:08 addons\roads_f.pbo - 148432
14:07:08 addons\rocks_f.pbo - 149339
14:07:08 addons\signs_f.pbo - 148432
14:07:08 addons\soft_f.pbo - 151061
14:07:08 addons\soft_f_beta.pbo - 150920
14:07:08 addons\soft_f_bootcamp.pbo - 150071
14:07:08 addons\soft_f_epc.pbo - 150070
14:07:08 addons\soft_f_gamma.pbo - 150920
14:07:08 addons\sounds_f.pbo - 150927
14:07:08 addons\sounds_f_arsenal.pbo - 150867
14:07:08 addons\sounds_f_bootcamp.pbo - 150842
14:07:08 addons\sounds_f_characters.pbo - 150867
14:07:08 addons\sounds_f_decade.pbo - 150867
14:07:08 addons\sounds_f_environment.pbo - 150867
14:07:08 addons\sounds_f_epb.pbo - 150867
14:07:08 addons\sounds_f_epc.pbo - 150867
14:07:08 addons\sounds_f_exp_a.pbo - 150867
14:07:08 addons\sounds_f_mod.pbo - 150867
14:07:08 addons\sounds_f_sfx.pbo - 150867
14:07:08 addons\sounds_f_vehicles.pbo - 150867
14:07:08 addons\static_f.pbo - 151061
14:07:08 addons\static_f_beta.pbo - 132365
14:07:08 addons\static_f_gamma.pbo - 122615
14:07:08 addons\structures_f.pbo - 150697
14:07:08 addons\structures_f_bootcamp.pbo - 143436
14:07:08 addons\structures_f_data.pbo - 148419
14:07:08 addons\structures_f_epa.pbo - 149252
14:07:08 addons\structures_f_epb.pbo - 148421
14:07:08 addons\structures_f_epc.pbo - 148804
14:07:08 addons\structures_f_exp_a.pbo - 150912
14:07:08 addons\structures_f_households.pbo - 150926
14:07:08 addons\structures_f_ind.pbo - 150048
14:07:08 addons\structures_f_mil.pbo - 150697
14:07:08 addons\structures_f_wrecks.pbo - 148419
14:07:08 addons\uifonts_f.pbo - 119478
14:07:08 addons\uifonts_f_data.pbo - 150106
14:07:08 addons\ui_f.pbo - 151173
14:07:08 addons\ui_f_bootcamp.pbo - 119478
14:07:08 addons\ui_f_data.pbo - 151023
14:07:08 addons\ui_f_decade.pbo - 150746
14:07:08 addons\ui_f_exp_a.pbo - 119478
14:07:08 addons\weapons_f.pbo - 151176
14:07:08 addons\weapons_f_beta.pbo - 150174
14:07:08 addons\weapons_f_bootcamp.pbo - 141713
14:07:08 addons\weapons_f_decade.pbo - 150757
14:07:08 addons\weapons_f_epa.pbo - 150905
14:07:08 addons\weapons_f_epb.pbo - 137810
14:07:08 addons\weapons_f_epc.pbo - 130416
14:07:08 addons\weapons_f_gamma.pbo - 148783
14:07:08 addons\weapons_f_mod.pbo - 149339
14:07:08 
14:07:08 =======================
14:07:08 
14:07:08 ============================================================================================= List of mods ===============================================================================================
14:07:08 modsReadOnly = true
14:07:08 safeModsActivated = false
14:07:08 customMods = true
14:07:08 hash = '12CE60644CAA0B568FD54C3791BB481989D2FFD1'
14:07:08 hashShort = '4697e1ef'
14:07:08                                               name |               modDir |    default |   official |               origin |                                     hash | hashShort | fullPath
14:07:08 ----------------------------------------------------------------------------------------------------------------------------------------------------------------------------------------------------------
14:07:08                                          LAMBS RPG |           @LAMBS_RPG |      false |      false |             GAME DIR | 8780fa217bf5791806c07cb5b8ed11db8cbb43e8 |  3421d286 | C:\3rdID_Server2\Server2\@LAMBS_RPG
14:07:08                             LAMBS Danger.fsm 2.6.1 |    @LAMBS_Danger_fsm |      false |      false |             GAME DIR | ca10ae45399b3640cb39fb0b9ca379938fdaa0bb |  92e2a26d | C:\3rdID_Server2\Server2\@LAMBS_Danger_fsm
14:07:08                             Advanced Sling Loading | @AdvancedSlingLoadingRopePatch |      false |      false |             GAME DIR | 18ea75de6a32d58036043dc0fcbf01033c8f1c98 |  c6c91d4e | C:\3rdID_Server2\Server2\@AdvancedSlingLoadingRopePatch
14:07:08                                             Anizay |              @Anizay |      false |      false |             GAME DIR | e12af5003e24476c360b4e68319beaf420a2e5cb |  b36bcc15 | C:\3rdID_Server2\Server2\@Anizay
14:07:08                                  SSG: Kunduz River |        @Kunduz_River |      false |      false |             GAME DIR | 4e9c4717273d1e3cdff79a2a3d5953024d53a2d9 |  8817c919 | C:\3rdID_Server2\Server2\@Kunduz_River
14:07:08                                 @M1128_Stryker_MGS |   @M1128_Stryker_MGS |      false |      false |             GAME DIR | 40eb20a65457d12a4d83216a32886724ad4d3dcd |  30339f35 | C:\3rdID_Server2\Server2\@M1128_Stryker_MGS
14:07:08                                     Zeus Additions |      @Zeus_Additions |      false |      false |             GAME DIR | 4d2d39298e8b4e658793a759a2dd29d698bc3c3b |  1227367a | C:\3rdID_Server2\Server2\@Zeus_Additions
14:07:08                                      Waypoint 2028 |                 @W28 |      false |      false |             GAME DIR | 753354ea18de91236576e849020413af1b704c7c |  bce1a892 | C:\3rdID_Server2\Server2\@W28
14:07:08                                VS Static Line Jump | @VS_ACE_Static_Line_Jump |      false |      false |             GAME DIR | 122e8d3cf2e3fcc1e257fbb3dba81fa294f7ec06 |  90137194 | C:\3rdID_Server2\Server2\@VS_ACE_Static_Line_Jump
14:07:08                                          Virolahti | @Virolahti__Valtatie_7 |      false |      false |             GAME DIR | beec71b255948df822d3b1241d797b51e8e596ae |  84a35fdc | C:\3rdID_Server2\Server2\@Virolahti__Valtatie_7
14:07:08                               Tier 1 Artillery Mod | @Tier_1_Artillery_Mod |      false |      false |             GAME DIR | a8e7b00d340e7cdc6fda32a97c056f98b99abcb8 |  7d049b3e | C:\3rdID_Server2\Server2\@Tier_1_Artillery_Mod
14:07:08                                    Tembelan Island |     @Tembelan_Island |      false |      false |             GAME DIR | d320fcb1d168e874a8b836e0ee9963f4b554c343 |  174bfeff | C:\3rdID_Server2\Server2\@Tembelan_Island
14:07:08                                               TFAR | @Task_Force_Arrowhead_Radio_BETA__ |      false |      false |             GAME DIR | 7e7a578334a3bc2122fb67d22fb40345c8293243 |  b2d5bb27 | C:\3rdID_Server2\Server2\@Task_Force_Arrowhead_Radio_BETA__
14:07:08                                       Project RACS |   @Project_RACS_2023 |      false |      false |             GAME DIR | da789d13fb178fb3b8eaf59e1240d3ce57edfe64 |  eecd534d | C:\3rdID_Server2\Server2\@Project_RACS_2023
14:07:08                                 Military Gear Pack |  @Military_Gear_Pack |      false |      false |             GAME DIR | 381b81f8bb0e3851b1e1b2a6c88cb43e15c7280a |  e31dc00a | C:\3rdID_Server2\Server2\@Military_Gear_Pack
14:07:08                             KAT - Advanced Medical | @KAT__Advanced_Medical |      false |      false |             GAME DIR | cf39baf5d7505c45134eb0a022123d6fd74718f0 |  1ab8c68d | C:\3rdID_Server2\Server2\@KAT__Advanced_Medical
14:07:08                         H-60 pack - Stable Version | @Hatchet_H_60_pack__Stable_Version |      false |      false |             GAME DIR | b0bbb02acf0e771708e5aa882a77fb05a805d677 |  84f4c84f | C:\3rdID_Server2\Server2\@Hatchet_H_60_pack__Stable_Version
14:07:08                              Gruppe Adler Trenches | @Gruppe_Adler_Trenches |      false |      false |             GAME DIR | 1ee471476cc4b086991bb4817740f24cd560265b |   6cb8f01 | C:\3rdID_Server2\Server2\@Gruppe_Adler_Trenches
14:07:08                           DUI - Squad Radar 1.12.2 |    @DUI__Squad_Radar |      false |      false |             GAME DIR | 9c51b511911ac57d2af727220bf026500500a8a3 |  3b926c8e | C:\3rdID_Server2\Server2\@DUI__Squad_Radar
14:07:08                         CUP Terrains - Maps 1.16.0 |  @CUP_Terrains__Maps |      false |      false |             GAME DIR | 11e2851ba4154d181b57602ebaf0c2c5a8cda84a |  fbd05e37 | C:\3rdID_Server2\Server2\@CUP_Terrains__Maps
14:07:08                         CUP Terrains - Core 1.17.1 |  @CUP_Terrains__Core |      false |      false |             GAME DIR | dabf827d62e08c1ffe2cf7f5a06be6685b3a44e9 |  503b396c | C:\3rdID_Server2\Server2\@CUP_Terrains__Core
14:07:08                          cTab - Devastator Edition | @Ctab_Devastator_Edition |      false |      false |             GAME DIR | be59dbc0c6d52a7a2784b31bca496121589afe51 |  9c20f055 | C:\3rdID_Server2\Server2\@Ctab_Devastator_Edition
14:07:08                            AH-64D Official Project | @AH_64D_Official_Project |      false |      false |             GAME DIR | bb3b83c8dc6c5de8268a748a2149fe060a3c365e |  f17e7545 | C:\3rdID_Server2\Server2\@AH_64D_Official_Project
14:07:08                                               Jbad |                @Jbad |      false |      false |             GAME DIR | 5b8b49d72fb4e1f741b0ca42c0bdccf53994fe15 |   9954dcb | C:\3rdID_Server2\Server2\@Jbad
14:07:08                               BackpackOnChestRedux | @BackpackOnChest__Redux |      false |      false |             GAME DIR | 349affd49a971004cd2be9a7b8c5d11375084d76 |  9757a1c1 | C:\3rdID_Server2\Server2\@BackpackOnChest__Redux
14:07:08                      Hatchet Interaction Framework | @Hatchet_Interaction_Framework__Stable_Version |      false |      false |             GAME DIR | 37b29819bef19a8c3235be35f7972419d16f06ee |  891d6a26 | C:\3rdID_Server2\Server2\@Hatchet_Interaction_Framework__Stable_Version
14:07:08                               Zeus Enhanced 1.15.1 |       @Zeus_Enhanced |      false |      false |             GAME DIR | a61552f15b089dd008af93546a21201149fcb5e8 |  962056a3 | C:\3rdID_Server2\Server2\@Zeus_Enhanced
14:07:08                                ADuke Kiowa Warrior |   @Aduke_OH_58_Kiowa |      false |      false |             GAME DIR | 46bc36fc850f4aeaf5f93ddb0a68b987931b2626 |  9433af84 | C:\3rdID_Server2\Server2\@Aduke_OH_58_Kiowa
14:07:08                 Advanced Combat Environment 3.20.0 |                 @ace |      false |      false |             GAME DIR | 05b14e5c076bc231722d99709135f1a56bdf872f |  b9cf0a6b | C:\3rdID_Server2\Server2\@ace
14:07:08                             3rdID Official Modpack | @3rd_Infantry_Division_Mod |      false |      false |             GAME DIR | 22536d1aee092cde4520756b4318212cd0e76dca |  3254a6c0 | C:\3rdID_Server2\Server2\@3rd_Infantry_Division_Mod
14:07:08                                      Project OPFOR |       @Project_OPFOR |      false |      false |             GAME DIR | 88ad970c9cd4a4b1306db3c2141aee8521652626 |  b1653809 | C:\3rdID_Server2\Server2\@Project_OPFOR
14:07:08                          RHS: Serbian Armed Forces |              @RHSSAF |      false |      false |             GAME DIR | 40a576a45eb2d629a9fc05ba543bf905933ce741 |  6430e65b | C:\3rdID_Server2\Server2\@RHSSAF
14:07:08                                          RHS: GREF |             @RHSGREF |      false |      false |             GAME DIR | d45628bb1168a22a9554c18f8c1458615546af9a |  44ebb00b | C:\3rdID_Server2\Server2\@RHSGREF
14:07:08        RHS: Armed Forces of the Russian Federation |             @RHSAFRF |      false |      false |             GAME DIR | c099f9533a1d61a33bef449594ec01c28661aa62 |  9f03db96 | C:\3rdID_Server2\Server2\@RHSAFRF
14:07:08                          RHS: United States Forces |             @RHSUSAF |      false |      false |             GAME DIR | 22dc683ee7645369b375f5d3a2db51a995658245 |  736ca0ba | C:\3rdID_Server2\Server2\@RHSUSAF
14:07:08                               3den Enhanced v8.7.1 |       @3den_Enhanced |      false |      false |             GAME DIR | dc9320183b4454c59b8d54829a1cca68594d922a |  ddbd242a | C:\3rdID_Server2\Server2\@3den_Enhanced
14:07:08                      Community Base Addons v3.18.4 |              @CBA_A3 |      false |      false |             GAME DIR | 4d05289ad8f2abd14f295946595110d644a8e162 |  216884a8 | C:\3rdID_Server2\Server2\@CBA_A3
14:07:08                                  Arma 3 Art of War |                  aow |       true |       true |             GAME DIR | 7685ba6030e4deb3c55cc1303fe4970086bb1d4e |  45cead90 | C:\3rdID_Server2\Server2\aow
14:07:08                          Arma 3 Contact (Platform) |                enoch |       true |       true |             GAME DIR | 60377b76eed5b3b0aa32b7eac60a47d283fcf0cc |  b428902f | C:\3rdID_Server2\Server2\enoch
14:07:08                                       Arma 3 Tanks |                 tank |       true |       true |             GAME DIR | ce4faa4b481d5beb49a49be538691d35e51771e2 |  6e220316 | C:\3rdID_Server2\Server2\tank
14:07:08                                     Arma 3 Tac-Ops |               tacops |       true |       true |             GAME DIR | ae5caba2339455413681ee7a0d13d6c3506c012c |  5150d064 | C:\3rdID_Server2\Server2\tacops
14:07:08                                 Arma 3 Laws of War |               orange |       true |       true |             GAME DIR | 842d91a189db46f5c940e3fecb475854965c87f7 |  107dffec | C:\3rdID_Server2\Server2\orange
14:07:08                                      Arma 3 Malden |                 argo |       true |       true |             GAME DIR | 6929f5532e7b80136be17f26a959c91eeb40ec0f |  aad6aaf5 | C:\3rdID_Server2\Server2\argo
14:07:08                                        Arma 3 Jets |                 jets |       true |       true |             GAME DIR | e4a48f3a8727e6b56d6082c1dd0b4ab3c42be223 |  7f335115 | C:\3rdID_Server2\Server2\jets
14:07:08                                        Arma 3 Apex |            expansion |       true |       true |             GAME DIR | 8e9eb113e1e92a3ba26280becd3f05e7bdfcd49c |  125ee13c | C:\3rdID_Server2\Server2\expansion
14:07:08                                    Arma 3 Marksmen |                 mark |       true |       true |             GAME DIR | 392d9e3a6fdbc19f01be0200b50a6a09413ecc63 |  140e9f85 | C:\3rdID_Server2\Server2\mark
14:07:08                                 Arma 3 Helicopters |                 heli |       true |       true |             GAME DIR | 0e67ef03a2e786a8e11e01c4b19cd104e120f282 |  61c33e7e | C:\3rdID_Server2\Server2\heli
14:07:08                                       Arma 3 Karts |                 kart |       true |       true |             GAME DIR | 0ab891520b9ac69ff9132ae6de7e2e199b884ca6 |  f6336162 | C:\3rdID_Server2\Server2\kart
14:07:08                                        Arma 3 Zeus |              curator |       true |       true |             GAME DIR | 53c3d7094eaa421dad414709f2834c660b583ad3 |  3b763ef8 | C:\3rdID_Server2\Server2\curator
14:07:08                                             Arma 3 |                   A3 |       true |       true |    NOT FOUND (Empty) |                                          |           | 
14:07:08 ==========================================================================================================================================================================================================
14:07:08 InitSound ...
14:07:08 InitSound - complete
14:07:08 PhysX3 SDK Init started ...
14:07:08 PhysX3 SDK Init ended.
14:07:11 [CBA] (xeh) INFO: [0,12.018,0] PreStart started.
14:07:11 [CBA] (settings) INFO: Userconfig: File [userconfig\cba_settings.sqf] loaded successfully.
14:07:14 [ACE] (medical) INFO: Checking uniforms for correct medical hitpoints [998 units]
14:07:14 [CBA] (xeh) INFO: [0,15.546,0] PreStart finished.
14:07:14 [CBA] (xeh) WARNING: fza_ah64base does not support Extended Event Handlers! Addon: @AH_64D_Official_Project
14:07:14 [CBA] (xeh) WARNING: Jbad_CraneCon does not support Extended Event Handlers! Addon: @Jbad
14:07:14 [CBA] (xeh) WARNING: PRACS_C130J_Wreck does not support Extended Event Handlers! Addon: @Project_RACS_2023
14:07:14 [CBA] (xeh) WARNING: Jbad_Lamps_base_powerline does not support Extended Event Handlers! Addon: @Jbad
14:07:14 [CBA] (xeh) WARNING: Land_Jbad_PowLineB does not support Extended Event Handlers! Addon: @Jbad
14:07:14 [CBA] (xeh) WARNING: Land_Jbad_Pole_withlight does not support Extended Event Handlers! Addon: @Jbad
14:07:14 [CBA] (xeh) WARNING: Land_Jbad_Pole_Speaker does not support Extended Event Handlers! Addon: @Jbad
14:07:14 [CBA] (xeh) WARNING: Land_Jbad_Pole_1 does not support Extended Event Handlers! Addon: @Jbad
14:07:14 [CBA] (xeh) WARNING: PRACS_A4Wreck does not support Extended Event Handlers! Addon: @Project_RACS_2023
14:07:14 [CBA] (xeh) WARNING: PRACS_E2C_Wreck does not support Extended Event Handlers! Addon: @Project_RACS_2023
14:07:14 [CBA] (xeh) WARNING: PRACS_MirageIII_Wreck does not support Extended Event Handlers! Addon: @Project_RACS_2023
14:07:14 [CBA] (xeh) WARNING: PRACS_mohawk_Wreck does not support Extended Event Handlers! Addon: @Project_RACS_2023
14:07:14 [CBA] (xeh) WARNING: PRACS_P3C_Wreck does not support Extended Event Handlers! Addon: @Project_RACS_2023
14:07:14 [CBA] (xeh) WARNING: PRACS_M163_PIVADS does not support Extended Event Handlers! Addon: @Project_RACS_2023
14:07:14 [CBA] (xeh) WARNING: PRACS_AH1S_wreck does not support Extended Event Handlers! Addon: @Project_RACS_2023
14:07:14 [CBA] (xeh) WARNING: PRACS_ah6_Wreck does not support Extended Event Handlers! Addon: @Project_RACS_2023
14:07:14 [CBA] (xeh) WARNING: Third_Unit_Opfor_R_Russian_Separatists does not support Extended Event Handlers! Addon: @3rd_Infantry_Division_Mod
14:07:14 [CBA] (xeh) WARNING: Third_Unit_Opfor_LMG_Russian_Separatists does not support Extended Event Handlers! Addon: @3rd_Infantry_Division_Mod
14:07:14 [CBA] (xeh) WARNING: PRACS_Puma_Wreck does not support Extended Event Handlers! Addon: @Project_RACS_2023
14:07:14 [CBA] (xeh) WARNING: PRACS_heli_pilot_base does not support Extended Event Handlers! Addon: @Project_RACS_2023
14:07:14 [CBA] (xeh) WARNING: PRACS_Heli_pilot does not support Extended Event Handlers! Addon: @Project_RACS_2023
14:07:14 [CBA] (xeh) WARNING: PRACS_Heli_pilot_RSAF does not support Extended Event Handlers! Addon: @Project_RACS_2023
14:07:14 [CBA] (xeh) WARNING: PRACS_Heli_pilot_RSM does not support Extended Event Handlers! Addon: @Project_RACS_2023
14:07:14 [CBA] (xeh) WARNING: PRACS_Heli_pilot_RSN does not support Extended Event Handlers! Addon: @Project_RACS_2023
14:07:14 [CBA] (xeh) WARNING: PRACS_Heli_pilot_SOAB does not support Extended Event Handlers! Addon: @Project_RACS_2023
14:07:14 [CBA] (xeh) WARNING: PRACS_flight_medic_base does not support Extended Event Handlers! Addon: @Project_RACS_2023
14:07:14 [CBA] (xeh) WARNING: PRACS_air_crew_flight_medic does not support Extended Event Handlers! Addon: @Project_RACS_2023
14:07:14 [CBA] (xeh) WARNING: PRACS_air_crew_flight_medic_RSAF does not support Extended Event Handlers! Addon: @Project_RACS_2023
14:07:14 [CBA] (xeh) WARNING: PRACS_air_crew_flight_medic_RSM does not support Extended Event Handlers! Addon: @Project_RACS_2023
14:07:14 [CBA] (xeh) WARNING: PRACS_air_crew_flight_medic_RSN does not support Extended Event Handlers! Addon: @Project_RACS_2023
14:07:14 [CBA] (xeh) WARNING: PRACS_air_crew_Door_Gunner_base does not support Extended Event Handlers! Addon: @Project_RACS_2023
14:07:14 [CBA] (xeh) WARNING: PRACS_air_crew_Door_Gunner does not support Extended Event Handlers! Addon: @Project_RACS_2023
14:07:14 [CBA] (xeh) WARNING: PRACS_air_crew_Door_Gunner_mounted does not support Extended Event Handlers! Addon: @Project_RACS_2023
14:07:14 [CBA] (xeh) WARNING: PRACS_air_crew_Door_Gunner_RSAF does not support Extended Event Handlers! Addon: @Project_RACS_2023
14:07:14 [CBA] (xeh) WARNING: PRACS_air_crew_Door_Gunner_RSM does not support Extended Event Handlers! Addon: @Project_RACS_2023
14:07:14 [CBA] (xeh) WARNING: PRACS_air_crew_Door_Gunner_RSN does not support Extended Event Handlers! Addon: @Project_RACS_2023
14:07:14 [CBA] (xeh) WARNING: PRACS_air_crew_Door_Gunner_SOAB does not support Extended Event Handlers! Addon: @Project_RACS_2023
14:07:14 [CBA] (xeh) WARNING: PRACS_jet_pilot_base does not support Extended Event Handlers! Addon: @Project_RACS_2023
14:07:14 [CBA] (xeh) WARNING: PRACS_pilot_base does not support Extended Event Handlers! Addon: @Project_RACS_2023
14:07:14 [CBA] (xeh) WARNING: PRACS_Airplane_Crew does not support Extended Event Handlers! Addon: @Project_RACS_2023
14:07:14 [CBA] (xeh) WARNING: PRACS_P3_pilot does not support Extended Event Handlers! Addon: @Project_RACS_2023
14:07:14 [CBA] (xeh) WARNING: PRACS_E2_pilot_Navy does not support Extended Event Handlers! Addon: @Project_RACS_2023
14:07:14 [CBA] (xeh) WARNING: PRACS_E2_pilot does not support Extended Event Handlers! Addon: @Project_RACS_2023
14:07:14 [CBA] (xeh) WARNING: PRACS_C130_pilot does not support Extended Event Handlers! Addon: @Project_RACS_2023
14:07:14 [CBA] (xeh) WARNING: PRACS_OV1_pilot does not support Extended Event Handlers! Addon: @Project_RACS_2023
14:07:14 [CBA] (xeh) WARNING: PRACS_F16_Wreck does not support Extended Event Handlers! Addon: @Project_RACS_2023
14:07:14 [CBA] (xeh) INFO: [0,15.74,0] init function preProcessing disabled [recompile or filepatching enabled]
14:07:15 Error: Weapon[rhs_weap_m21a]: max attachments slots count reached(maximum = 5)!  Attachment slot[UnderBarrelSlot] for weapon's proxy[default]
14:07:16 Warning Message: You cannot play/edit this mission; it is dependent on downloadable content that has been deleted.\na3_characters_f
14:07:16 Loading movesType CfgGesturesMale
14:07:16 MovesType CfgGesturesMale load time 71.0 ms
14:07:16 Loading movesType CfgMovesMaleSdr
14:07:33 Error: Bone hips doesn't exist in skeleton OFP2_ManSkeleton
14:07:33 Error: Bone headcutscene doesn't exist in skeleton OFP2_ManSkeleton
14:07:33 Error: Bone slot_backpack doesn't exist in skeleton OFP2_ManSkeleton
14:07:33 Error: Bone slot_backwpnr doesn't exist in skeleton OFP2_ManSkeleton
14:07:33 Error: Bone slot_backwpnl doesn't exist in skeleton OFP2_ManSkeleton
14:07:33 Error: Bone slot_buttpack doesn't exist in skeleton OFP2_ManSkeleton
14:07:33 Error: Bone hips doesn't exist in skeleton OFP2_ManSkeleton
14:07:33 Error: Bone headcutscene doesn't exist in skeleton OFP2_ManSkeleton
14:07:33 Error: Bone slot_backpack doesn't exist in skeleton OFP2_ManSkeleton
14:07:33 Error: Bone slot_backwpnr doesn't exist in skeleton OFP2_ManSkeleton
14:07:33 Error: Bone slot_backwpnl doesn't exist in skeleton OFP2_ManSkeleton
14:07:33 Error: Bone slot_buttpack doesn't exist in skeleton OFP2_ManSkeleton
14:07:33 Error: Bone hips doesn't exist in skeleton OFP2_ManSkeleton
14:07:33 Error: Bone headcutscene doesn't exist in skeleton OFP2_ManSkeleton
14:07:33 Error: Bone slot_backpack doesn't exist in skeleton OFP2_ManSkeleton
14:07:33 Error: Bone slot_backwpnr doesn't exist in skeleton OFP2_ManSkeleton
14:07:33 Error: Bone slot_backwpnl doesn't exist in skeleton OFP2_ManSkeleton
14:07:33 Error: Bone slot_buttpack doesn't exist in skeleton OFP2_ManSkeleton
14:07:33 Error: Bone hips doesn't exist in skeleton OFP2_ManSkeleton
14:07:33 Error: Bone headcutscene doesn't exist in skeleton OFP2_ManSkeleton
14:07:33 Error: Bone slot_backpack doesn't exist in skeleton OFP2_ManSkeleton
14:07:33 Error: Bone slot_backwpnr doesn't exist in skeleton OFP2_ManSkeleton
14:07:33 Error: Bone slot_backwpnl doesn't exist in skeleton OFP2_ManSkeleton
14:07:33 Error: Bone slot_buttpack doesn't exist in skeleton OFP2_ManSkeleton
14:07:33 Error: Bone hips doesn't exist in skeleton OFP2_ManSkeleton
14:07:33 Error: Bone headcutscene doesn't exist in skeleton OFP2_ManSkeleton
14:07:33 Error: Bone slot_backpack doesn't exist in skeleton OFP2_ManSkeleton
14:07:33 Error: Bone slot_backwpnr doesn't exist in skeleton OFP2_ManSkeleton
14:07:33 Error: Bone slot_backwpnl doesn't exist in skeleton OFP2_ManSkeleton
14:07:33 Error: Bone slot_buttpack doesn't exist in skeleton OFP2_ManSkeleton
14:07:33 Error: Bone hips doesn't exist in skeleton OFP2_ManSkeleton
14:07:33 Error: Bone headcutscene doesn't exist in skeleton OFP2_ManSkeleton
14:07:33 Error: Bone slot_backpack doesn't exist in skeleton OFP2_ManSkeleton
14:07:33 Error: Bone slot_backwpnr doesn't exist in skeleton OFP2_ManSkeleton
14:07:33 Error: Bone slot_backwpnl doesn't exist in skeleton OFP2_ManSkeleton
14:07:33 Error: Bone slot_buttpack doesn't exist in skeleton OFP2_ManSkeleton
14:07:33 Error: Bone hips doesn't exist in skeleton OFP2_ManSkeleton
14:07:33 Error: Bone headcutscene doesn't exist in skeleton OFP2_ManSkeleton
14:07:33 Error: Bone slot_backpack doesn't exist in skeleton OFP2_ManSkeleton
14:07:33 Error: Bone slot_backwpnr doesn't exist in skeleton OFP2_ManSkeleton
14:07:33 Error: Bone slot_backwpnl doesn't exist in skeleton OFP2_ManSkeleton
14:07:33 Error: Bone slot_buttpack doesn't exist in skeleton OFP2_ManSkeleton
14:07:33 Error: Bone hips doesn't exist in skeleton OFP2_ManSkeleton
14:07:33 Error: Bone headcutscene doesn't exist in skeleton OFP2_ManSkeleton
14:07:33 Error: Bone slot_backpack doesn't exist in skeleton OFP2_ManSkeleton
14:07:33 Error: Bone slot_backwpnr doesn't exist in skeleton OFP2_ManSkeleton
14:07:33 Error: Bone slot_backwpnl doesn't exist in skeleton OFP2_ManSkeleton
14:07:33 Error: Bone slot_buttpack doesn't exist in skeleton OFP2_ManSkeleton
14:07:33 Error: Bone cheek_lf doesn't exist in skeleton OFP2_ManSkeleton
14:07:33 Error: Bone nose_tip doesn't exist in skeleton OFP2_ManSkeleton
14:07:33 Error: Bone lip_uplb doesn't exist in skeleton OFP2_ManSkeleton
14:07:33 Error: Bone jaw_ls doesn't exist in skeleton OFP2_ManSkeleton
14:07:33 Error: Bone lip_uplf doesn't exist in skeleton OFP2_ManSkeleton
14:07:33 Error: Bone lip_lc doesn't exist in skeleton OFP2_ManSkeleton
14:07:33 Error: Bone lip_lwlb doesn't exist in skeleton OFP2_ManSkeleton
14:07:33 Error: Bone lip_lwlf doesn't exist in skeleton OFP2_ManSkeleton
14:07:33 Error: Bone jaw_lm doesn't exist in skeleton OFP2_ManSkeleton
14:07:33 Error: Bone zig_lb doesn't exist in skeleton OFP2_ManSkeleton
14:07:33 Error: Bone lip_lwm doesn't exist in skeleton OFP2_ManSkeleton
14:07:33 Error: Bone lip_upm doesn't exist in skeleton OFP2_ManSkeleton
14:07:33 Error: Bone ear_l doesn't exist in skeleton OFP2_ManSkeleton
14:07:33 Error: Bone corr doesn't exist in skeleton OFP2_ManSkeleton
14:07:33 Error: Bone tongue_m doesn't exist in skeleton OFP2_ManSkeleton
14:07:33 Error: Bone tongue_f doesn't exist in skeleton OFP2_ManSkeleton
14:07:33 Error: Bone eyebrow_lb doesn't exist in skeleton OFP2_ManSkeleton
14:07:33 Error: Bone eyebrow_lf doesn't exist in skeleton OFP2_ManSkeleton
14:07:33 Error: Bone eyebrow_lm doesn't exist in skeleton OFP2_ManSkeleton
14:07:33 Error: Bone zig_lm doesn't exist in skeleton OFP2_ManSkeleton
14:07:33 Error: Bone eye_upl doesn't exist in skeleton OFP2_ManSkeleton
14:07:33 Error: Bone eye_lwl doesn't exist in skeleton OFP2_ManSkeleton
14:07:33 Error: Bone cheek_l doesn't exist in skeleton OFP2_ManSkeleton
14:07:33 Error: Bone cheek_lb doesn't exist in skeleton OFP2_ManSkeleton
14:07:33 Error: Bone zig_lt doesn't exist in skeleton OFP2_ManSkeleton
14:07:33 Error: Bone nose_l doesn't exist in skeleton OFP2_ManSkeleton
14:07:33 Error: Bone cheek_lm doesn't exist in skeleton OFP2_ManSkeleton
14:07:33 Error: Bone nose_r doesn't exist in skeleton OFP2_ManSkeleton
14:07:33 Error: Bone forehead_r doesn't exist in skeleton OFP2_ManSkeleton
14:07:33 Error: Bone forehead_m doesn't exist in skeleton OFP2_ManSkeleton
14:07:33 Error: Bone forehead_l doesn't exist in skeleton OFP2_ManSkeleton
14:07:33 Error: Bone cheek_rb doesn't exist in skeleton OFP2_ManSkeleton
14:07:33 Error: Bone eye_lwr doesn't exist in skeleton OFP2_ManSkeleton
14:07:33 Error: Bone cheek_r doesn't exist in skeleton OFP2_ManSkeleton
14:07:33 Error: Bone zig_rt doesn't exist in skeleton OFP2_ManSkeleton
14:07:33 Error: Bone zig_rm doesn't exist in skeleton OFP2_ManSkeleton
14:07:33 Error: Bone cheek_rf doesn't exist in skeleton OFP2_ManSkeleton
14:07:33 Error: Bone cheek_rm doesn't exist in skeleton OFP2_ManSkeleton
14:07:33 Error: Bone eyebrow_rm doesn't exist in skeleton OFP2_ManSkeleton
14:07:33 Error: Bone eyebrow_rf doesn't exist in skeleton OFP2_ManSkeleton
14:07:33 Error: Bone eye_upr doesn't exist in skeleton OFP2_ManSkeleton
14:07:33 Error: Bone eyebrow_rb doesn't exist in skeleton OFP2_ManSkeleton
14:07:33 Error: Bone tongue_b doesn't exist in skeleton OFP2_ManSkeleton
14:07:33 Error: Bone ear_r doesn't exist in skeleton OFP2_ManSkeleton
14:07:33 Error: Bone neck_l doesn't exist in skeleton OFP2_ManSkeleton
14:07:33 Error: Bone lip_uprf doesn't exist in skeleton OFP2_ManSkeleton
14:07:33 Error: Bone neck_r doesn't exist in skeleton OFP2_ManSkeleton
14:07:33 Error: Bone lip_uprb doesn't exist in skeleton OFP2_ManSkeleton
14:07:33 Error: Bone lip_rc doesn't exist in skeleton OFP2_ManSkeleton
14:07:33 Error: Bone lip_lwrb doesn't exist in skeleton OFP2_ManSkeleton
14:07:33 Error: Bone lip_lwrf doesn't exist in skeleton OFP2_ManSkeleton
14:07:33 Error: Bone neck_b doesn't exist in skeleton OFP2_ManSkeleton
14:07:33 Error: Bone zig_rb doesn't exist in skeleton OFP2_ManSkeleton
14:07:33 Error: Bone neck_t doesn't exist in skeleton OFP2_ManSkeleton
14:07:33 Error: Bone jaw_rf doesn't exist in skeleton OFP2_ManSkeleton
14:07:33 Error: Bone jaw_lf doesn't exist in skeleton OFP2_ManSkeleton
14:07:33 Error: Bone chin doesn't exist in skeleton OFP2_ManSkeleton
14:07:33 Error: Bone jaw_rm doesn't exist in skeleton OFP2_ManSkeleton
14:07:33 Error: Bone jaw_rs doesn't exist in skeleton OFP2_ManSkeleton
14:07:33 Error: Bone jaw doesn't exist in skeleton OFP2_ManSkeleton
14:07:33 Error: Bone headcutscene doesn't exist in skeleton OFP2_ManSkeleton
14:07:33 Error: Bone hips doesn't exist in skeleton OFP2_ManSkeleton
14:07:33 Error: Bone headcutscene doesn't exist in skeleton OFP2_ManSkeleton
14:07:33 Error: Bone slot_backpack doesn't exist in skeleton OFP2_ManSkeleton
14:07:33 Error: Bone slot_backwpnr doesn't exist in skeleton OFP2_ManSkeleton
14:07:33 Error: Bone slot_backwpnl doesn't exist in skeleton OFP2_ManSkeleton
14:07:33 Error: Bone slot_buttpack doesn't exist in skeleton OFP2_ManSkeleton
14:07:33 Error: Bone hips doesn't exist in skeleton OFP2_ManSkeleton
14:07:33 Error: Bone headcutscene doesn't exist in skeleton OFP2_ManSkeleton
14:07:33 Error: Bone slot_backpack doesn't exist in skeleton OFP2_ManSkeleton
14:07:33 Error: Bone slot_backwpnr doesn't exist in skeleton OFP2_ManSkeleton
14:07:33 Error: Bone slot_backwpnl doesn't exist in skeleton OFP2_ManSkeleton
14:07:33 Error: Bone slot_buttpack doesn't exist in skeleton OFP2_ManSkeleton
14:07:33 Error: Bone hips doesn't exist in skeleton OFP2_ManSkeleton
14:07:33 Error: Bone headcutscene doesn't exist in skeleton OFP2_ManSkeleton
14:07:33 Error: Bone slot_backpack doesn't exist in skeleton OFP2_ManSkeleton
14:07:33 Error: Bone slot_backwpnr doesn't exist in skeleton OFP2_ManSkeleton
14:07:33 Error: Bone slot_backwpnl doesn't exist in skeleton OFP2_ManSkeleton
14:07:33 Error: Bone slot_buttpack doesn't exist in skeleton OFP2_ManSkeleton
14:07:33 Error: Bone hips doesn't exist in skeleton OFP2_ManSkeleton
14:07:33 Error: Bone headcutscene doesn't exist in skeleton OFP2_ManSkeleton
14:07:33 Error: Bone slot_backpack doesn't exist in skeleton OFP2_ManSkeleton
14:07:33 Error: Bone slot_backwpnr doesn't exist in skeleton OFP2_ManSkeleton
14:07:33 Error: Bone slot_backwpnl doesn't exist in skeleton OFP2_ManSkeleton
14:07:33 Error: Bone slot_buttpack doesn't exist in skeleton OFP2_ManSkeleton
14:07:33 Error: Bone hips doesn't exist in skeleton OFP2_ManSkeleton
14:07:33 Error: Bone headcutscene doesn't exist in skeleton OFP2_ManSkeleton
14:07:33 Error: Bone slot_backpack doesn't exist in skeleton OFP2_ManSkeleton
14:07:33 Error: Bone slot_backwpnr doesn't exist in skeleton OFP2_ManSkeleton
14:07:33 Error: Bone slot_backwpnl doesn't exist in skeleton OFP2_ManSkeleton
14:07:33 Error: Bone slot_buttpack doesn't exist in skeleton OFP2_ManSkeleton
14:07:33 Error: Bone slot_backwpnl doesn't exist in skeleton OFP2_ManSkeleton
14:07:33 Error: Bone slot_backwpnr doesn't exist in skeleton OFP2_ManSkeleton
14:07:33 Error: Bone slot_backpack doesn't exist in skeleton OFP2_ManSkeleton
14:07:33 Error: Bone slot_buttpack doesn't exist in skeleton OFP2_ManSkeleton
14:07:33 Error: Bone slot_patrolwpn doesn't exist in skeleton OFP2_ManSkeleton
14:07:33 Error: Bone cheek_lf doesn't exist in skeleton OFP2_ManSkeleton
14:07:33 Error: Bone nose_tip doesn't exist in skeleton OFP2_ManSkeleton
14:07:33 Error: Bone lip_uplb doesn't exist in skeleton OFP2_ManSkeleton
14:07:33 Error: Bone jaw_ls doesn't exist in skeleton OFP2_ManSkeleton
14:07:33 Error: Bone lip_uplf doesn't exist in skeleton OFP2_ManSkeleton
14:07:33 Error: Bone lip_lc doesn't exist in skeleton OFP2_ManSkeleton
14:07:33 Error: Bone lip_lwlb doesn't exist in skeleton OFP2_ManSkeleton
14:07:33 Error: Bone lip_lwlf doesn't exist in skeleton OFP2_ManSkeleton
14:07:33 Error: Bone jaw_lm doesn't exist in skeleton OFP2_ManSkeleton
14:07:33 Error: Bone zig_lb doesn't exist in skeleton OFP2_ManSkeleton
14:07:33 Error: Bone lip_lwm doesn't exist in skeleton OFP2_ManSkeleton
14:07:33 Error: Bone lip_upm doesn't exist in skeleton OFP2_ManSkeleton
14:07:33 Error: Bone ear_l doesn't exist in skeleton OFP2_ManSkeleton
14:07:33 Error: Bone corr doesn't exist in skeleton OFP2_ManSkeleton
14:07:33 Error: Bone tongue_m doesn't exist in skeleton OFP2_ManSkeleton
14:07:33 Error: Bone tongue_f doesn't exist in skeleton OFP2_ManSkeleton
14:07:33 Error: Bone eyebrow_lb doesn't exist in skeleton OFP2_ManSkeleton
14:07:33 Error: Bone eyebrow_lf doesn't exist in skeleton OFP2_ManSkeleton
14:07:33 Error: Bone eyebrow_lm doesn't exist in skeleton OFP2_ManSkeleton
14:07:33 Error: Bone zig_lm doesn't exist in skeleton OFP2_ManSkeleton
14:07:33 Error: Bone eye_upl doesn't exist in skeleton OFP2_ManSkeleton
14:07:33 Error: Bone eye_lwl doesn't exist in skeleton OFP2_ManSkeleton
14:07:33 Error: Bone cheek_l doesn't exist in skeleton OFP2_ManSkeleton
14:07:33 Error: Bone cheek_lb doesn't exist in skeleton OFP2_ManSkeleton
14:07:33 Error: Bone zig_lt doesn't exist in skeleton OFP2_ManSkeleton
14:07:33 Error: Bone nose_l doesn't exist in skeleton OFP2_ManSkeleton
14:07:33 Error: Bone cheek_lm doesn't exist in skeleton OFP2_ManSkeleton
14:07:33 Error: Bone nose_r doesn't exist in skeleton OFP2_ManSkeleton
14:07:33 Error: Bone forehead_r doesn't exist in skeleton OFP2_ManSkeleton
14:07:33 Error: Bone forehead_m doesn't exist in skeleton OFP2_ManSkeleton
14:07:33 Error: Bone forehead_l doesn't exist in skeleton OFP2_ManSkeleton
14:07:33 Error: Bone cheek_rb doesn't exist in skeleton OFP2_ManSkeleton
14:07:33 Error: Bone eye_lwr doesn't exist in skeleton OFP2_ManSkeleton
14:07:33 Error: Bone cheek_r doesn't exist in skeleton OFP2_ManSkeleton
14:07:33 Error: Bone zig_rt doesn't exist in skeleton OFP2_ManSkeleton
14:07:33 Error: Bone zig_rm doesn't exist in skeleton OFP2_ManSkeleton
14:07:33 Error: Bone cheek_rf doesn't exist in skeleton OFP2_ManSkeleton
14:07:33 Error: Bone cheek_rm doesn't exist in skeleton OFP2_ManSkeleton
14:07:33 Error: Bone eyebrow_rm doesn't exist in skeleton OFP2_ManSkeleton
14:07:33 Error: Bone eyebrow_rf doesn't exist in skeleton OFP2_ManSkeleton
14:07:33 Error: Bone eye_upr doesn't exist in skeleton OFP2_ManSkeleton
14:07:33 Error: Bone eyebrow_rb doesn't exist in skeleton OFP2_ManSkeleton
14:07:33 Error: Bone tongue_b doesn't exist in skeleton OFP2_ManSkeleton
14:07:33 Error: Bone ear_r doesn't exist in skeleton OFP2_ManSkeleton
14:07:33 Error: Bone neck_l doesn't exist in skeleton OFP2_ManSkeleton
14:07:33 Error: Bone lip_uprf doesn't exist in skeleton OFP2_ManSkeleton
14:07:33 Error: Bone neck_r doesn't exist in skeleton OFP2_ManSkeleton
14:07:33 Error: Bone lip_uprb doesn't exist in skeleton OFP2_ManSkeleton
14:07:33 Error: Bone lip_rc doesn't exist in skeleton OFP2_ManSkeleton
14:07:33 Error: Bone lip_lwrb doesn't exist in skeleton OFP2_ManSkeleton
14:07:33 Error: Bone lip_lwrf doesn't exist in skeleton OFP2_ManSkeleton
14:07:33 Error: Bone neck_b doesn't exist in skeleton OFP2_ManSkeleton
14:07:33 Error: Bone zig_rb doesn't exist in skeleton OFP2_ManSkeleton
14:07:33 Error: Bone neck_t doesn't exist in skeleton OFP2_ManSkeleton
14:07:33 Error: Bone jaw_rf doesn't exist in skeleton OFP2_ManSkeleton
14:07:33 Error: Bone jaw_lf doesn't exist in skeleton OFP2_ManSkeleton
14:07:33 Error: Bone chin doesn't exist in skeleton OFP2_ManSkeleton
14:07:33 Error: Bone jaw_rm doesn't exist in skeleton OFP2_ManSkeleton
14:07:33 Error: Bone jaw_rs doesn't exist in skeleton OFP2_ManSkeleton
14:07:33 Error: Bone jaw doesn't exist in skeleton OFP2_ManSkeleton
14:07:33 Error: Bone rightinhandring doesn't exist in skeleton OFP2_ManSkeleton
14:07:33 Error: Bone leftinhandring doesn't exist in skeleton OFP2_ManSkeleton
14:07:33 Error: Bone headcutscene doesn't exist in skeleton OFP2_ManSkeleton
14:07:33 Error: Bone hips doesn't exist in skeleton OFP2_ManSkeleton
14:07:33 Error: Bone headcutscene doesn't exist in skeleton OFP2_ManSkeleton
14:07:33 Error: Bone slot_backpack doesn't exist in skeleton OFP2_ManSkeleton
14:07:33 Error: Bone slot_backwpnr doesn't exist in skeleton OFP2_ManSkeleton
14:07:33 Error: Bone slot_backwpnl doesn't exist in skeleton OFP2_ManSkeleton
14:07:33 Error: Bone slot_buttpack doesn't exist in skeleton OFP2_ManSkeleton
14:07:33 Error: Bone slot_backwpnl doesn't exist in skeleton OFP2_ManSkeleton
14:07:33 Error: Bone slot_backwpnr doesn't exist in skeleton OFP2_ManSkeleton
14:07:33 Error: Bone slot_backpack doesn't exist in skeleton OFP2_ManSkeleton
14:07:33 Error: Bone slot_buttpack doesn't exist in skeleton OFP2_ManSkeleton
14:07:33 Error: Bone slot_patrolwpn doesn't exist in skeleton OFP2_ManSkeleton
14:07:33 Error: Bone cheek_lf doesn't exist in skeleton OFP2_ManSkeleton
14:07:33 Error: Bone nose_tip doesn't exist in skeleton OFP2_ManSkeleton
14:07:33 Error: Bone lip_uplb doesn't exist in skeleton OFP2_ManSkeleton
14:07:33 Error: Bone jaw_ls doesn't exist in skeleton OFP2_ManSkeleton
14:07:33 Error: Bone lip_uplf doesn't exist in skeleton OFP2_ManSkeleton
14:07:33 Error: Bone lip_lc doesn't exist in skeleton OFP2_ManSkeleton
14:07:33 Error: Bone lip_lwlb doesn't exist in skeleton OFP2_ManSkeleton
14:07:33 Error: Bone lip_lwlf doesn't exist in skeleton OFP2_ManSkeleton
14:07:33 Error: Bone jaw_lm doesn't exist in skeleton OFP2_ManSkeleton
14:07:33 Error: Bone zig_lb doesn't exist in skeleton OFP2_ManSkeleton
14:07:33 Error: Bone lip_lwm doesn't exist in skeleton OFP2_ManSkeleton
14:07:33 Error: Bone lip_upm doesn't exist in skeleton OFP2_ManSkeleton
14:07:33 Error: Bone ear_l doesn't exist in skeleton OFP2_ManSkeleton
14:07:33 Error: Bone corr doesn't exist in skeleton OFP2_ManSkeleton
14:07:33 Error: Bone tongue_m doesn't exist in skeleton OFP2_ManSkeleton
14:07:33 Error: Bone tongue_f doesn't exist in skeleton OFP2_ManSkeleton
14:07:33 Error: Bone eyebrow_lb doesn't exist in skeleton OFP2_ManSkeleton
14:07:33 Error: Bone eyebrow_lf doesn't exist in skeleton OFP2_ManSkeleton
14:07:33 Error: Bone eyebrow_lm doesn't exist in skeleton OFP2_ManSkeleton
14:07:33 Error: Bone zig_lm doesn't exist in skeleton OFP2_ManSkeleton
14:07:33 Error: Bone eye_upl doesn't exist in skeleton OFP2_ManSkeleton
14:07:33 Error: Bone eye_lwl doesn't exist in skeleton OFP2_ManSkeleton
14:07:33 Error: Bone cheek_l doesn't exist in skeleton OFP2_ManSkeleton
14:07:33 Error: Bone cheek_lb doesn't exist in skeleton OFP2_ManSkeleton
14:07:33 Error: Bone zig_lt doesn't exist in skeleton OFP2_ManSkeleton
14:07:33 Error: Bone nose_l doesn't exist in skeleton OFP2_ManSkeleton
14:07:33 Error: Bone cheek_lm doesn't exist in skeleton OFP2_ManSkeleton
14:07:33 Error: Bone nose_r doesn't exist in skeleton OFP2_ManSkeleton
14:07:33 Error: Bone forehead_r doesn't exist in skeleton OFP2_ManSkeleton
14:07:33 Error: Bone forehead_m doesn't exist in skeleton OFP2_ManSkeleton
14:07:33 Error: Bone forehead_l doesn't exist in skeleton OFP2_ManSkeleton
14:07:33 Error: Bone cheek_rb doesn't exist in skeleton OFP2_ManSkeleton
14:07:33 Error: Bone eye_lwr doesn't exist in skeleton OFP2_ManSkeleton
14:07:33 Error: Bone cheek_r doesn't exist in skeleton OFP2_ManSkeleton
14:07:33 Error: Bone zig_rt doesn't exist in skeleton OFP2_ManSkeleton
14:07:33 Error: Bone zig_rm doesn't exist in skeleton OFP2_ManSkeleton
14:07:33 Error: Bone cheek_rf doesn't exist in skeleton OFP2_ManSkeleton
14:07:33 Error: Bone cheek_rm doesn't exist in skeleton OFP2_ManSkeleton
14:07:33 Error: Bone eyebrow_rm doesn't exist in skeleton OFP2_ManSkeleton
14:07:33 Error: Bone eyebrow_rf doesn't exist in skeleton OFP2_ManSkeleton
14:07:33 Error: Bone eye_upr doesn't exist in skeleton OFP2_ManSkeleton
14:07:33 Error: Bone eyebrow_rb doesn't exist in skeleton OFP2_ManSkeleton
14:07:33 Error: Bone tongue_b doesn't exist in skeleton OFP2_ManSkeleton
14:07:33 Error: Bone ear_r doesn't exist in skeleton OFP2_ManSkeleton
14:07:33 Error: Bone neck_l doesn't exist in skeleton OFP2_ManSkeleton
14:07:33 Error: Bone lip_uprf doesn't exist in skeleton OFP2_ManSkeleton
14:07:33 Error: Bone neck_r doesn't exist in skeleton OFP2_ManSkeleton
14:07:33 Error: Bone lip_uprb doesn't exist in skeleton OFP2_ManSkeleton
14:07:33 Error: Bone lip_rc doesn't exist in skeleton OFP2_ManSkeleton
14:07:33 Error: Bone lip_lwrb doesn't exist in skeleton OFP2_ManSkeleton
14:07:33 Error: Bone lip_lwrf doesn't exist in skeleton OFP2_ManSkeleton
14:07:33 Error: Bone neck_b doesn't exist in skeleton OFP2_ManSkeleton
14:07:33 Error: Bone zig_rb doesn't exist in skeleton OFP2_ManSkeleton
14:07:33 Error: Bone neck_t doesn't exist in skeleton OFP2_ManSkeleton
14:07:33 Error: Bone jaw_rf doesn't exist in skeleton OFP2_ManSkeleton
14:07:33 Error: Bone jaw_lf doesn't exist in skeleton OFP2_ManSkeleton
14:07:33 Error: Bone chin doesn't exist in skeleton OFP2_ManSkeleton
14:07:33 Error: Bone jaw_rm doesn't exist in skeleton OFP2_ManSkeleton
14:07:33 Error: Bone jaw_rs doesn't exist in skeleton OFP2_ManSkeleton
14:07:33 Error: Bone jaw doesn't exist in skeleton OFP2_ManSkeleton
14:07:33 Error: Bone rightinhandring doesn't exist in skeleton OFP2_ManSkeleton
14:07:33 Error: Bone leftinhandring doesn't exist in skeleton OFP2_ManSkeleton
14:07:33 Error: Bone headcutscene doesn't exist in skeleton OFP2_ManSkeleton
14:07:33 Error: Bone hips doesn't exist in skeleton OFP2_ManSkeleton
14:07:33 Error: Bone headcutscene doesn't exist in skeleton OFP2_ManSkeleton
14:07:33 Error: Bone slot_backpack doesn't exist in skeleton OFP2_ManSkeleton
14:07:33 Error: Bone slot_backwpnr doesn't exist in skeleton OFP2_ManSkeleton
14:07:33 Error: Bone slot_backwpnl doesn't exist in skeleton OFP2_ManSkeleton
14:07:33 Error: Bone slot_buttpack doesn't exist in skeleton OFP2_ManSkeleton
14:07:33 Error: Bone slot_backwpnl doesn't exist in skeleton OFP2_ManSkeleton
14:07:33 Error: Bone slot_backwpnr doesn't exist in skeleton OFP2_ManSkeleton
14:07:33 Error: Bone slot_backpack doesn't exist in skeleton OFP2_ManSkeleton
14:07:33 Error: Bone slot_buttpack doesn't exist in skeleton OFP2_ManSkeleton
14:07:33 Error: Bone slot_patrolwpn doesn't exist in skeleton OFP2_ManSkeleton
14:07:33 Error: Bone cheek_lf doesn't exist in skeleton OFP2_ManSkeleton
14:07:33 Error: Bone nose_tip doesn't exist in skeleton OFP2_ManSkeleton
14:07:33 Error: Bone lip_uplb doesn't exist in skeleton OFP2_ManSkeleton
14:07:33 Error: Bone jaw_ls doesn't exist in skeleton OFP2_ManSkeleton
14:07:33 Error: Bone lip_uplf doesn't exist in skeleton OFP2_ManSkeleton
14:07:33 Error: Bone lip_lc doesn't exist in skeleton OFP2_ManSkeleton
14:07:33 Error: Bone lip_lwlb doesn't exist in skeleton OFP2_ManSkeleton
14:07:33 Error: Bone lip_lwlf doesn't exist in skeleton OFP2_ManSkeleton
14:07:33 Error: Bone jaw_lm doesn't exist in skeleton OFP2_ManSkeleton
14:07:33 Error: Bone zig_lb doesn't exist in skeleton OFP2_ManSkeleton
14:07:33 Error: Bone lip_lwm doesn't exist in skeleton OFP2_ManSkeleton
14:07:33 Error: Bone lip_upm doesn't exist in skeleton OFP2_ManSkeleton
14:07:33 Error: Bone ear_l doesn't exist in skeleton OFP2_ManSkeleton
14:07:33 Error: Bone corr doesn't exist in skeleton OFP2_ManSkeleton
14:07:33 Error: Bone tongue_m doesn't exist in skeleton OFP2_ManSkeleton
14:07:33 Error: Bone tongue_f doesn't exist in skeleton OFP2_ManSkeleton
14:07:33 Error: Bone eyebrow_lb doesn't exist in skeleton OFP2_ManSkeleton
14:07:33 Error: Bone eyebrow_lf doesn't exist in skeleton OFP2_ManSkeleton
14:07:33 Error: Bone eyebrow_lm doesn't exist in skeleton OFP2_ManSkeleton
14:07:33 Error: Bone zig_lm doesn't exist in skeleton OFP2_ManSkeleton
14:07:33 Error: Bone eye_upl doesn't exist in skeleton OFP2_ManSkeleton
14:07:33 Error: Bone eye_lwl doesn't exist in skeleton OFP2_ManSkeleton
14:07:33 Error: Bone cheek_l doesn't exist in skeleton OFP2_ManSkeleton
14:07:33 Error: Bone cheek_lb doesn't exist in skeleton OFP2_ManSkeleton
14:07:33 Error: Bone zig_lt doesn't exist in skeleton OFP2_ManSkeleton
14:07:33 Error: Bone nose_l doesn't exist in skeleton OFP2_ManSkeleton
14:07:33 Error: Bone cheek_lm doesn't exist in skeleton OFP2_ManSkeleton
14:07:33 Error: Bone nose_r doesn't exist in skeleton OFP2_ManSkeleton
14:07:33 Error: Bone forehead_r doesn't exist in skeleton OFP2_ManSkeleton
14:07:33 Error: Bone forehead_m doesn't exist in skeleton OFP2_ManSkeleton
14:07:33 Error: Bone forehead_l doesn't exist in skeleton OFP2_ManSkeleton
14:07:33 Error: Bone cheek_rb doesn't exist in skeleton OFP2_ManSkeleton
14:07:33 Error: Bone eye_lwr doesn't exist in skeleton OFP2_ManSkeleton
14:07:33 Error: Bone cheek_r doesn't exist in skeleton OFP2_ManSkeleton
14:07:33 Error: Bone zig_rt doesn't exist in skeleton OFP2_ManSkeleton
14:07:33 Error: Bone zig_rm doesn't exist in skeleton OFP2_ManSkeleton
14:07:33 Error: Bone cheek_rf doesn't exist in skeleton OFP2_ManSkeleton
14:07:33 Error: Bone cheek_rm doesn't exist in skeleton OFP2_ManSkeleton
14:07:33 Error: Bone eyebrow_rm doesn't exist in skeleton OFP2_ManSkeleton
14:07:33 Error: Bone eyebrow_rf doesn't exist in skeleton OFP2_ManSkeleton
14:07:33 Error: Bone eye_upr doesn't exist in skeleton OFP2_ManSkeleton
14:07:33 Error: Bone eyebrow_rb doesn't exist in skeleton OFP2_ManSkeleton
14:07:33 Error: Bone tongue_b doesn't exist in skeleton OFP2_ManSkeleton
14:07:33 Error: Bone ear_r doesn't exist in skeleton OFP2_ManSkeleton
14:07:33 Error: Bone neck_l doesn't exist in skeleton OFP2_ManSkeleton
14:07:33 Error: Bone lip_uprf doesn't exist in skeleton OFP2_ManSkeleton
14:07:33 Error: Bone neck_r doesn't exist in skeleton OFP2_ManSkeleton
14:07:33 Error: Bone lip_uprb doesn't exist in skeleton OFP2_ManSkeleton
14:07:33 Error: Bone lip_rc doesn't exist in skeleton OFP2_ManSkeleton
14:07:33 Error: Bone lip_lwrb doesn't exist in skeleton OFP2_ManSkeleton
14:07:33 Error: Bone lip_lwrf doesn't exist in skeleton OFP2_ManSkeleton
14:07:33 Error: Bone neck_b doesn't exist in skeleton OFP2_ManSkeleton
14:07:33 Error: Bone zig_rb doesn't exist in skeleton OFP2_ManSkeleton
14:07:33 Error: Bone neck_t doesn't exist in skeleton OFP2_ManSkeleton
14:07:33 Error: Bone jaw_rf doesn't exist in skeleton OFP2_ManSkeleton
14:07:33 Error: Bone jaw_lf doesn't exist in skeleton OFP2_ManSkeleton
14:07:33 Error: Bone chin doesn't exist in skeleton OFP2_ManSkeleton
14:07:33 Error: Bone jaw_rm doesn't exist in skeleton OFP2_ManSkeleton
14:07:33 Error: Bone jaw_rs doesn't exist in skeleton OFP2_ManSkeleton
14:07:33 Error: Bone jaw doesn't exist in skeleton OFP2_ManSkeleton
14:07:33 Error: Bone rightinhandring doesn't exist in skeleton OFP2_ManSkeleton
14:07:33 Error: Bone leftinhandring doesn't exist in skeleton OFP2_ManSkeleton
14:07:33 Error: Bone headcutscene doesn't exist in skeleton OFP2_ManSkeleton
14:07:33 Error: Bone hips doesn't exist in skeleton OFP2_ManSkeleton
14:07:33 Error: Bone headcutscene doesn't exist in skeleton OFP2_ManSkeleton
14:07:33 Error: Bone slot_backpack doesn't exist in skeleton OFP2_ManSkeleton
14:07:33 Error: Bone slot_backwpnr doesn't exist in skeleton OFP2_ManSkeleton
14:07:33 Error: Bone slot_backwpnl doesn't exist in skeleton OFP2_ManSkeleton
14:07:33 Error: Bone slot_buttpack doesn't exist in skeleton OFP2_ManSkeleton
14:07:33 Error: Bone slot_backwpnl doesn't exist in skeleton OFP2_ManSkeleton
14:07:33 Error: Bone slot_backwpnr doesn't exist in skeleton OFP2_ManSkeleton
14:07:33 Error: Bone slot_backpack doesn't exist in skeleton OFP2_ManSkeleton
14:07:33 Error: Bone slot_buttpack doesn't exist in skeleton OFP2_ManSkeleton
14:07:33 Error: Bone slot_patrolwpn doesn't exist in skeleton OFP2_ManSkeleton
14:07:33 Error: Bone cheek_lf doesn't exist in skeleton OFP2_ManSkeleton
14:07:33 Error: Bone nose_tip doesn't exist in skeleton OFP2_ManSkeleton
14:07:33 Error: Bone lip_uplb doesn't exist in skeleton OFP2_ManSkeleton
14:07:33 Error: Bone jaw_ls doesn't exist in skeleton OFP2_ManSkeleton
14:07:33 Error: Bone lip_uplf doesn't exist in skeleton OFP2_ManSkeleton
14:07:33 Error: Bone lip_lc doesn't exist in skeleton OFP2_ManSkeleton
14:07:33 Error: Bone lip_lwlb doesn't exist in skeleton OFP2_ManSkeleton
14:07:33 Error: Bone lip_lwlf doesn't exist in skeleton OFP2_ManSkeleton
14:07:33 Error: Bone jaw_lm doesn't exist in skeleton OFP2_ManSkeleton
14:07:33 Error: Bone zig_lb doesn't exist in skeleton OFP2_ManSkeleton
14:07:33 Error: Bone lip_lwm doesn't exist in skeleton OFP2_ManSkeleton
14:07:33 Error: Bone lip_upm doesn't exist in skeleton OFP2_ManSkeleton
14:07:33 Error: Bone ear_l doesn't exist in skeleton OFP2_ManSkeleton
14:07:33 Error: Bone corr doesn't exist in skeleton OFP2_ManSkeleton
14:07:33 Error: Bone tongue_m doesn't exist in skeleton OFP2_ManSkeleton
14:07:33 Error: Bone tongue_f doesn't exist in skeleton OFP2_ManSkeleton
14:07:33 Error: Bone eyebrow_lb doesn't exist in skeleton OFP2_ManSkeleton
14:07:33 Error: Bone eyebrow_lf doesn't exist in skeleton OFP2_ManSkeleton
14:07:33 Error: Bone eyebrow_lm doesn't exist in skeleton OFP2_ManSkeleton
14:07:33 Error: Bone zig_lm doesn't exist in skeleton OFP2_ManSkeleton
14:07:33 Error: Bone eye_upl doesn't exist in skeleton OFP2_ManSkeleton
14:07:33 Error: Bone eye_lwl doesn't exist in skeleton OFP2_ManSkeleton
14:07:33 Error: Bone cheek_l doesn't exist in skeleton OFP2_ManSkeleton
14:07:33 Error: Bone cheek_lb doesn't exist in skeleton OFP2_ManSkeleton
14:07:33 Error: Bone zig_lt doesn't exist in skeleton OFP2_ManSkeleton
14:07:33 Error: Bone nose_l doesn't exist in skeleton OFP2_ManSkeleton
14:07:33 Error: Bone cheek_lm doesn't exist in skeleton OFP2_ManSkeleton
14:07:33 Error: Bone nose_r doesn't exist in skeleton OFP2_ManSkeleton
14:07:33 Error: Bone forehead_r doesn't exist in skeleton OFP2_ManSkeleton
14:07:33 Error: Bone forehead_m doesn't exist in skeleton OFP2_ManSkeleton
14:07:33 Error: Bone forehead_l doesn't exist in skeleton OFP2_ManSkeleton
14:07:33 Error: Bone cheek_rb doesn't exist in skeleton OFP2_ManSkeleton
14:07:33 Error: Bone eye_lwr doesn't exist in skeleton OFP2_ManSkeleton
14:07:33 Error: Bone cheek_r doesn't exist in skeleton OFP2_ManSkeleton
14:07:33 Error: Bone zig_rt doesn't exist in skeleton OFP2_ManSkeleton
14:07:33 Error: Bone zig_rm doesn't exist in skeleton OFP2_ManSkeleton
14:07:33 Error: Bone cheek_rf doesn't exist in skeleton OFP2_ManSkeleton
14:07:33 Error: Bone cheek_rm doesn't exist in skeleton OFP2_ManSkeleton
14:07:33 Error: Bone eyebrow_rm doesn't exist in skeleton OFP2_ManSkeleton
14:07:33 Error: Bone eyebrow_rf doesn't exist in skeleton OFP2_ManSkeleton
14:07:33 Error: Bone eye_upr doesn't exist in skeleton OFP2_ManSkeleton
14:07:33 Error: Bone eyebrow_rb doesn't exist in skeleton OFP2_ManSkeleton
14:07:33 Error: Bone tongue_b doesn't exist in skeleton OFP2_ManSkeleton
14:07:33 Error: Bone ear_r doesn't exist in skeleton OFP2_ManSkeleton
14:07:33 Error: Bone neck_l doesn't exist in skeleton OFP2_ManSkeleton
14:07:33 Error: Bone lip_uprf doesn't exist in skeleton OFP2_ManSkeleton
14:07:33 Error: Bone neck_r doesn't exist in skeleton OFP2_ManSkeleton
14:07:33 Error: Bone lip_uprb doesn't exist in skeleton OFP2_ManSkeleton
14:07:33 Error: Bone lip_rc doesn't exist in skeleton OFP2_ManSkeleton
14:07:33 Error: Bone lip_lwrb doesn't exist in skeleton OFP2_ManSkeleton
14:07:33 Error: Bone lip_lwrf doesn't exist in skeleton OFP2_ManSkeleton
14:07:33 Error: Bone neck_b doesn't exist in skeleton OFP2_ManSkeleton
14:07:33 Error: Bone zig_rb doesn't exist in skeleton OFP2_ManSkeleton
14:07:33 Error: Bone neck_t doesn't exist in skeleton OFP2_ManSkeleton
14:07:33 Error: Bone jaw_rf doesn't exist in skeleton OFP2_ManSkeleton
14:07:33 Error: Bone jaw_lf doesn't exist in skeleton OFP2_ManSkeleton
14:07:33 Error: Bone chin doesn't exist in skeleton OFP2_ManSkeleton
14:07:33 Error: Bone jaw_rm doesn't exist in skeleton OFP2_ManSkeleton
14:07:33 Error: Bone jaw_rs doesn't exist in skeleton OFP2_ManSkeleton
14:07:33 Error: Bone jaw doesn't exist in skeleton OFP2_ManSkeleton
14:07:33 Error: Bone rightinhandring doesn't exist in skeleton OFP2_ManSkeleton
14:07:33 Error: Bone leftinhandring doesn't exist in skeleton OFP2_ManSkeleton
14:07:33 Error: Bone headcutscene doesn't exist in skeleton OFP2_ManSkeleton
14:07:33 Error: Bone hips doesn't exist in skeleton OFP2_ManSkeleton
14:07:33 Error: Bone headcutscene doesn't exist in skeleton OFP2_ManSkeleton
14:07:33 Error: Bone slot_backpack doesn't exist in skeleton OFP2_ManSkeleton
14:07:33 Error: Bone slot_backwpnr doesn't exist in skeleton OFP2_ManSkeleton
14:07:33 Error: Bone slot_backwpnl doesn't exist in skeleton OFP2_ManSkeleton
14:07:33 Error: Bone slot_buttpack doesn't exist in skeleton OFP2_ManSkeleton
14:07:33 Error: Bone hips doesn't exist in skeleton OFP2_ManSkeleton
14:07:33 Error: Bone headcutscene doesn't exist in skeleton OFP2_ManSkeleton
14:07:33 Error: Bone slot_backpack doesn't exist in skeleton OFP2_ManSkeleton
14:07:33 Error: Bone slot_backwpnr doesn't exist in skeleton OFP2_ManSkeleton
14:07:33 Error: Bone slot_backwpnl doesn't exist in skeleton OFP2_ManSkeleton
14:07:33 Error: Bone slot_buttpack doesn't exist in skeleton OFP2_ManSkeleton
14:07:33 Error: Bone slot_backwpnl doesn't exist in skeleton OFP2_ManSkeleton
14:07:33 Error: Bone slot_backwpnr doesn't exist in skeleton OFP2_ManSkeleton
14:07:33 Error: Bone slot_backpack doesn't exist in skeleton OFP2_ManSkeleton
14:07:33 Error: Bone slot_buttpack doesn't exist in skeleton OFP2_ManSkeleton
14:07:33 Error: Bone slot_patrolwpn doesn't exist in skeleton OFP2_ManSkeleton
14:07:33 Warning: looped for animation: a3\anims_f\data\anim\sdr\inj\healing\ainvpknlmstpsnonwnondr_medic3.rtm differs (looped now 1)! MoveName: ainvpknlmstpsnonwnondr_medic3
14:07:33 Warning: looped for animation: a3\anims_f\data\anim\sdr\inj\healing\ainvpknlmstpsnonwnondr_medic0.rtm differs (looped now 0)! MoveName: ainvpknlmstpsnonwnondr_medic0
14:07:33 Warning: looped for animation: a3\anims_f_epa\data\anim\sdr\cts\hubcleaned\briefing\hubbriefing_loop.rtm differs (looped now 1)! MoveName: hubbriefing_loop
14:07:33 Warning: looped for animation: a3\anims_f_epa\data\anim\sdr\cts\hubcleaned\briefing\hubbriefing_loop.rtm differs (looped now 0)! MoveName: hubbriefing_ext
14:07:33 Warning: looped for animation: a3\anims_f_epa\data\anim\sdr\cts\hubcleaned\spectator\hubspectator_stand.rtm differs (looped now 0)! MoveName: hubspectator_stand
14:07:33 MovesType CfgMovesMaleSdr load time 17309.0 ms
14:07:33 Initializing Steam server - Game Port: 2312, Steam Query Port: 2313
14:07:33 Steam AppId in current environment: 107410
14:07:35 Connected to Steam servers
14:34:32 Server: SetServerState to NONE
14:34:32 Deinitialized shape [Class: "C_Soldier_VR_F"; Shape: "a3\characters_f_bootcamp\common\vr_soldier_f.p3d";]
14:34:32 d:\Bis\Source\Profile\Futura\lib\Network\networkServer.cpp ClearNetServer:NOT IMPLEMENTED - briefing!
