=====================================================================
== C:\3rdID_Server2\Server2\arma3serverprofiling_x64.exe
== "arma3serverprofiling_x64.exe"   -steamAppId=107410  -port=2312  -config="C:\3rdID_Server2\Server2\Servers\_641fb88761ae466a9e5954b4eff0ed26\server_config.cfg"  "-cfg=C:\3rdID_Server2\Server2\Servers\_641fb88761ae466a9e5954b4eff0ed26\server_basic.cfg"  "-profiles=C:\3rdID_Server2\Server2\Servers\_641fb88761ae466a9e5954b4eff0ed26"  -name=_641fb88761ae466a9e5954b4eff0ed26 "-mod=@AdvancedSlingLoadingRopePatch;@3den_Enhanced;@3rd_Infantry_Division_Mod;@ace;@Aduke_OH_58_Kiowa;@Anizay;@BackpackOnChest__Redux;@CBA_A3;@Ctab_Devastator_Edition;@CUP_Terrains__Core;@CUP_Terrains__Maps;@DUI__Squad_Radar;@Gruppe_Adler_Trenches;@Hatchet_H_60_pack__Stable_Version;@Hatchet_Interaction_Framework__Stable_Version;@Jbad;@KAT__Advanced_Medical;@Kunduz_River;@LAMBS_Danger_fsm;@LAMBS_RPG;@M1128_Stryker_MGS;@Military_Gear_Pack;@Project_OPFOR;@Project_RACS_2023;@RHSAFRF;@RHSGREF;@RHSSAF;@RHSUSAF;@Task_Force_Arrowhead_Radio_BETA__;@Tembelan_Island;@Tier_1_Artillery_Mod;@Virolahti__Valtatie_7;@VS_ACE_Static_Line_Jump;@W28;@Zeus_Additions;@Zeus_Enhanced;@AH_64D_Official_Project_V2_1;"

Original output filename: Arma3RetailProfile_Server_x64
Exe timestamp: 2025/06/18 17:17:10
Current time:  2025/08/16 07:28:49

Type: Public
Build: Profile
Version: 2.20.152960

Allocator: C:\3rdID_Server2\Server2\Dll\tbb4malloc_bi_x64.dll [2017.0.0.0] [2017.0.0.0]
PhysMem: 64 GiB, VirtMem : 131072 GiB, AvailPhys : 53 GiB, AvailVirt : 131068 GiB, AvailPage : 53 GiB, PageSize : 4.0 KiB/2.0 MiB/HasLockMemory, CPUCount : 8
=====================================================================

 7:28:49 Steam beta branch: none
 7:28:49 Detected number of DLCs: 23
 7:28:49 ---------------------------------------------------------- Game ----------------------------------------------------------
 7:28:49                                                                name      appId   owned  installed  available   isDlc
 7:28:49                                                              Arma 3     107410     yes        yes        yes      no
 7:28:49                                                             Unknown         -1      no         no         no     yes
 7:28:49 ---------------------------------------------------------- Dlcs ----------------------------------------------------------
 7:28:49  index                                                         name      appId   owned  installed  available   isDlc
 7:28:49      0                                                  Arma 3 Maps     249861     yes        yes         no     yes
 7:28:49      1                                        Arma 3 Tactical Guide     249862     yes        yes         no     yes
 7:28:49      2                                                  Arma 3 Zeus     275700     yes        yes        yes     yes
 7:28:49      3                                                 Arma 3 Karts     288520     yes        yes        yes     yes
 7:28:49      4                                           Arma 3 Helicopters     304380     yes        yes        yes     yes
 7:28:49      5                                          Arma 3 DLC Bundle 1     304400     yes        yes         no     yes
 7:28:49      6                                              Arma 3 Marksmen     332350     yes        yes        yes     yes
 7:28:49      7                                                  Arma 3 Apex     395180     yes        yes        yes     yes
 7:28:49      8                                           Arma 3 Laws of War     571710     yes        yes        yes     yes
 7:28:49      9                                                  Arma 3 Jets     601670     yes        yes        yes     yes
 7:28:49     10                                          Arma 3 DLC Bundle 2     612480      no         no         no     yes
 7:28:49     11                                                Arma 3 Malden     639600     yes        yes        yes     yes
 7:28:49     12                                  Arma 3 Tac-Ops Mission Pack     744950     yes        yes        yes     yes
 7:28:49     13                                                 Arma 3 Tanks     798390     yes        yes        yes     yes
 7:28:49     14                                               Arma 3 Contact    1021790     yes        yes        yes     yes
 7:28:49     15   Arma 3 Creator DLC: Global Mobilization - Cold War Germany    1042220      no         no        yes     yes
 7:28:49     16                           Arma 3 Creator DLC: Spearhead 1944    1175380      no         no        yes     yes
 7:28:49     17                      Arma 3 Creator DLC: S.O.G. Prairie Fire    1227700     yes        yes        yes     yes
 7:28:49     18                        Arma 3 Creator DLC: CSLA Iron Curtain    1294440      no         no        yes     yes
 7:28:49     19                                            Arma 3 Art of War    1325500     yes        yes        yes     yes
 7:28:49     20                           Arma 3 Creator DLC: Western Sahara    1681170     yes        yes        yes     yes
 7:28:49     21                          Arma 3 Creator DLC: Reaction Forces    2647760     yes        yes        yes     yes
 7:28:49     22                     Arma 3 Creator DLC: Expeditionary Forces    2647830      no         no        yes     yes
 7:28:49 --------------------------------------------------------------------------------------------------------------------------
 7:28:49 Entering off-line mode. Callbacks and content list updates will not work.
 7:28:50 Initializing stats manager.
 7:28:50 Stats config disabled.
 7:28:50 sessionID: 603e6cb713d183b312438e5395d60b1b27c04e4b
 7:29:05 Unexpected stringtable format inside <Text ID="STR_TFAR_EXTERNAL_INTERCOM_SOMEONE_USING_PHONE"><Original>
 7:29:05 Unexpected stringtable format inside <Text ID="STR_TFAR_EXTERNAL_INTERCOM_SOMEONE_USING_PHONE"><English>
 7:29:05 Unexpected stringtable format inside <Text ID="STR_TFAR_EXTERNAL_INTERCOM_SOMEONE_USING_PHONE"><Czech>
 7:29:05 Unexpected stringtable format inside <Text ID="STR_TFAR_EXTERNAL_INTERCOM_SOMEONE_USING_PHONE"><Russian>
 7:29:05 Unexpected stringtable format inside <Text ID="STR_TFAR_EXTERNAL_INTERCOM_SOMEONE_USING_PHONE"><Italian>
 7:29:05 Unexpected stringtable format inside <Text ID="STR_TFAR_EXTERNAL_INTERCOM_HEADGEAR_NOT_WIRELESS_CAPABLE"><Original>
 7:29:05 Unexpected stringtable format inside <Text ID="STR_TFAR_EXTERNAL_INTERCOM_HEADGEAR_NOT_WIRELESS_CAPABLE"><English>
 7:29:05 Unexpected stringtable format inside <Text ID="STR_TFAR_EXTERNAL_INTERCOM_HEADGEAR_NOT_WIRELESS_CAPABLE"><Czech>
 7:29:05 Unexpected stringtable format inside <Text ID="STR_TFAR_EXTERNAL_INTERCOM_HEADGEAR_NOT_WIRELESS_CAPABLE"><Russian>
 7:29:05 Unexpected stringtable format inside <Text ID="STR_TFAR_EXTERNAL_INTERCOM_HEADGEAR_NOT_WIRELESS_CAPABLE"><Italian>
 7:29:05 Unsupported language English in stringtable
 7:29:05  ➥ Context: z\tfar\addons\external_intercom\stringtable.xml
 7:29:05 Unsupported language English in stringtable
 7:29:05  ➥ Context: rhsafrf\addons\rhs_main\stringtable.xml
 7:29:05 Item STR_mgs_green listed twice
 7:29:05  ➥ Context: mgs\stringtable.xml
 7:29:05 Unsupported language English in stringtable
 7:29:05  ➥ Context: mgs\stringtable.xml
 7:29:05 Unsupported language English in stringtable
 7:29:05  ➥ Context: ca\language\stringtable.xml
 7:29:06 Unsupported language English in stringtable
 7:29:06  ➥ Context: CUP\Terrains\cup_terrains_compositions\stringtable.xml
 7:29:06 Unsupported language English in stringtable
 7:29:06  ➥ Context: CUP\Terrains\cup_terrains_music\stringtable.xml
 7:29:07 File fza_ah64_controls\config\CfgWeapons.hpp, line 272: '/CfgWeapons/fza_gun_safe.displayName': Missing ';' prior '}'
 7:29:07 File fza_ah64_controls\config\CfgWeapons.hpp, line 273: '/CfgWeapons/fza_rkt_safe.displayName': Missing ';' prior '}'
 7:29:07 File fza_ah64_controls\config\CfgWeapons.hpp, line 274: '/CfgWeapons/fza_msl_safe.displayName': Missing ';' prior '}'
 7:29:07 File fza_ah64_controls\config\CfgVehicles.hpp, line 1409: '/CfgVehicles/fza_ah64d_b2e/AnimationSources/magazine_set_1200.displayName': Missing ';' at the end of line
 7:29:07 Conflicting addon tweed_uaf_21_cfg in 'tweed_uaf_21_cfg\', previous definition in 'tweed_uaf_21\'
 7:29:09 Config 'CUP\Terrains\cup_terrains_dummy\config.bin' contains a duplicate CfgPatches entry 'CA_Animals2', which was previously defined in 'ca\animals2\config.bin', the duplicate is SKIPPED.
 7:29:09 Config 'tweed_uaf_21_cfg\config.bin' contains a duplicate CfgPatches entry 'tweed_uaf_21_cfg', which was previously defined in 'tweed_uaf_21\config.bin', the duplicate is SKIPPED.
 7:29:09 Skipped loading of addon 'cba_jam_ws' as required addon 'data_f_lxWS_Loadorder' is not present
 7:29:09 Skipped loading of addon 'lambs_rpgSOG' as required addon 'loadorder_f_vietnam' is not present
 7:29:09 Skipped loading of addon 'ace_compat_gm_hearing' as required addon 'gm_core' is not present
 7:29:09 Skipped loading of addon 'cba_jam_spe' as required addon 'WW2_SPE_Core_c_ZZZ_LastLoaded_c' is not present
 7:29:09 Skipped loading of addon 'cba_jam_csla' as required addon 'CSLA' is not present
 7:29:09 Skipped loading of addon 'ace_compat_spe_csw' as required addon 'ww2_spe_assets_c_weapons_infantryweapons_c' is not present
 7:29:09 Skipped loading of addon 'HCT_vn' as required addon 'loadorder_f_vietnam' is not present
 7:29:09 Skipped loading of addon 'ace_compat_cfp' as required addon 'cfp_main' is not present
 7:29:09 Skipped loading of addon 'ace_compat_gm_repair' as required addon 'gm_core' is not present
 7:29:09 Skipped loading of addon 'ace_compat_sma3_iansky' as required addon 'iansky_opt' is not present
 7:29:09 Skipped loading of addon 'ace_compat_aegis_hearing' as required addon 'A3_Aegis_Characters_F_Aegis_Headgear' is not present
 7:29:09 Skipped loading of addon 'ace_compat_ef' as required addon 'EF_Weapons' is not present
 7:29:09 Skipped loading of addon 'ace_compat_sog_trenches' as required addon 'loadorder_f_vietnam' is not present
 7:29:09 Skipped loading of addon 'ace_compat_gm_csw' as required addon 'gm_weapons_ammo' is not present
 7:29:09 Skipped loading of addon 'ace_compat_rh_m4' as required addon 'RH_m4_cfg' is not present
 7:29:09 Skipped loading of addon 'ace_compat_cup_vehicles' as required addon 'CUP_Vehicles_LoadOrder' is not present
 7:29:09 Skipped loading of addon 'ace_compat_rh_de' as required addon 'RH_de_cfg' is not present
 7:29:09 Skipped loading of addon 'ace_compat_cup_weapons_javelin' as required addon 'CUP_Weapons_LoadOrder' is not present
 7:29:09 Skipped loading of addon 'ace_compat_cup_weapons_missileguidance' as required addon 'CUP_Weapons_LoadOrder' is not present
 7:29:09 Skipped loading of addon 'ace_compat_sog_repair' as required addon 'loadorder_f_vietnam' is not present
 7:29:09 Skipped loading of addon 'ace_compat_cup_units' as required addon 'CUP_Creatures_People_LoadOrder' is not present
 7:29:09 Skipped loading of addon 'vtx_uh60_acre' as required addon 'acre_main' is not present
 7:29:09 Skipped loading of addon 'ace_compat_cup_vehicles_trenches' as required addon 'CUP_Vehicles_LoadOrder' is not present
 7:29:09 Skipped loading of addon 'ace_compat_cup_vehicles_fastroping' as required addon 'CUP_Vehicles_LoadOrder' is not present
 7:29:09 Skipped loading of addon 'ace_compat_gm_explosives' as required addon 'gm_core' is not present
 7:29:09 Skipped loading of addon 'ace_compat_aegis_javelin' as required addon 'A3_Aegis_Weapons_F_Aegis' is not present
 7:29:09 Skipped loading of addon 'ace_compat_spe_hearing' as required addon 'ww2_spe_assets_c_weapons_infantryweapons_c' is not present
 7:29:09 Skipped loading of addon 'ace_compat_cup_vehicles_repair' as required addon 'CUP_Vehicles_LoadOrder' is not present
 7:29:09 Skipped loading of addon 'ace_compat_sog_hearing' as required addon 'loadorder_f_vietnam' is not present
 7:29:09 Skipped loading of addon 'ace_compat_spe_explosives' as required addon 'ww2_spe_assets_c_weapons_infantryweapons_c' is not present
 7:29:09 Skipped loading of addon 'ace_compat_gm' as required addon 'gm_core' is not present
 7:29:09 Skipped loading of addon 'ace_compat_gm_trenches' as required addon 'gm_core' is not present
 7:29:09 Skipped loading of addon 'ace_compat_cup_weapons_nightvision' as required addon 'CUP_Weapons_LoadOrder' is not present
 7:29:09 Skipped loading of addon 'ace_compat_spe_refuel' as required addon 'ww2_spe_assets_c_weapons_infantryweapons_c' is not present
 7:29:09 Skipped loading of addon 'ace_compat_spe_trenches' as required addon 'ww2_spe_assets_c_weapons_infantryweapons_c' is not present
 7:29:09 Skipped loading of addon 'cba_jr_gm' as required addon 'gm_weapons_attachments_optics_feroz24' is not present
 7:29:09 Skipped loading of addon 'ace_compat_ws' as required addon 'data_f_lxWS_Loadorder' is not present
 7:29:09 Skipped loading of addon 'ace_compat_rh_acc' as required addon 'RH_acc' is not present
 7:29:09 Skipped loading of addon 'lambs_rpgCUP' as required addon 'CUP_Weapons_WeaponsData' is not present
 7:29:09 Skipped loading of addon 'ace_compat_r3f' as required addon 'r3f_armes_c' is not present
 7:29:09 Skipped loading of addon 'ace_compat_sog_trenches_grad' as required addon 'loadorder_f_vietnam' is not present
 7:29:09 Skipped loading of addon 'ace_compat_aegis_vehicles' as required addon 'A3_Aegis_Armor_F_Aegis_MBT_01' is not present
 7:29:09 Skipped loading of addon 'ace_compat_sog' as required addon 'loadorder_f_vietnam' is not present
 7:29:09 Skipped loading of addon 'ace_compat_ef_realisticnames' as required addon 'EF_hunter' is not present
 7:29:09 Skipped loading of addon 'ace_compat_csla_explosives' as required addon 'CSLA' is not present
 7:29:09 Skipped loading of addon 'ace_compat_rf_realisticnames' as required addon 'RF_Data_Loadorder' is not present
 7:29:09 Skipped loading of addon 'ace_compat_ws_repair' as required addon 'data_f_lxWS_Loadorder' is not present
 7:29:09 Skipped loading of addon 'ace_compat_rf_nouniformrestrictions' as required addon 'RF_Data_Loadorder' is not present
 7:29:09 Skipped loading of addon 'ace_compat_spe' as required addon 'ww2_spe_assets_c_weapons_infantryweapons_c' is not present
 7:29:09 Skipped loading of addon 'ace_compat_cup_weapons' as required addon 'CUP_Weapons_LoadOrder' is not present
 7:29:09 Skipped loading of addon 'ace_compat_gm_refuel' as required addon 'gm_core' is not present
 7:29:09 Skipped loading of addon 'ace_compat_cup_units_nouniformrestrictions' as required addon 'CUP_Creatures_People_LoadOrder' is not present
 7:29:09 Skipped loading of addon 'ace_compat_rksl_pm_ii' as required addon 'RKSL_PMII' is not present
 7:29:09 Skipped loading of addon 'ace_compat_ws_nouniformrestrictions' as required addon 'data_f_lxWS_Loadorder' is not present
 7:29:09 Skipped loading of addon 'ace_compat_rh_pdw' as required addon 'RH_PDW' is not present
 7:29:09 Skipped loading of addon 'ace_compat_gm_missileguidance' as required addon 'gm_weapons_ammo' is not present
 7:29:09 Skipped loading of addon 'ace_compat_rf' as required addon 'RF_Data_Loadorder' is not present
 7:29:09 Skipped loading of addon 'ace_compat_ef_hearing' as required addon 'EF_Weapons' is not present
 7:29:09 Skipped loading of addon 'ace_compat_ws_vehicles' as required addon 'data_f_lxWS_Loadorder' is not present
 7:29:09 Skipped loading of addon 'ace_compat_aegis_realisticnames' as required addon 'A3_Aegis_Armor_F_Aegis_APC_Wheeled_01' is not present
 7:29:09 Skipped loading of addon 'ace_compat_ws_realisticnames' as required addon 'data_f_lxWS_Loadorder' is not present
 7:29:09 Skipped loading of addon 'ace_compat_sog_refuel' as required addon 'loadorder_f_vietnam' is not present
 7:29:09 Skipped loading of addon 'ace_compat_cup_weapons_csw' as required addon 'CUP_Weapons_LoadOrder' is not present
 7:29:09 Skipped loading of addon 'cba_xeh_sog' as required addon 'loadorder_f_vietnam' is not present
 7:29:09 Skipped loading of addon 'cba_xeh_ws' as required addon 'data_f_lxWS' is not present
 7:29:09 Skipped loading of addon 'cba_jam_vn' as required addon 'loadorder_f_vietnam' is not present
 7:29:09 Skipped loading of addon 'cba_xeh_contact' as required addon 'A3_Data_F_Contact' is not present
 7:29:09 Skipped loading of addon 'ace_compat_spe_repair' as required addon 'ww2_spe_assets_c_weapons_infantryweapons_c' is not present
 7:29:09 Skipped loading of addon 'ace_compat_ws_realisticweights' as required addon 'data_f_lxWS_Loadorder' is not present
 7:29:09 Skipped loading of addon 'ace_compat_cup_vehicles_refuel' as required addon 'CUP_Vehicles_LoadOrder' is not present
 7:29:09 Skipped loading of addon 'cba_jam_gm' as required addon 'gm_weapons_launchers_carlgustaf' is not present
 7:29:09 Skipped loading of addon 'ace_compat_cup_weapons_explosives' as required addon 'CUP_Weapons_LoadOrder' is not present
 7:29:09 Skipped loading of addon 'cba_xeh_csla' as required addon 'CSLA' is not present
 7:29:09 Skipped loading of addon 'ace_compat_csla' as required addon 'CSLA' is not present
 7:29:09 Warning, config 'tweed_uaf_21_cfg\config.bin' contained invalid CfgPatches entry with extra required Addon 'A3_Characters_F'. Invalid CfgPatches entries are invalid. A temporary workaround is being applied, this mod will soon stop working
 7:29:09 Updating base class ->Strategic, by a3\data_f\config.bin/CfgVehicles/ReammoBox/ (original a3\data_f\config.bin)
 7:29:09 Updating base class ->NonStrategic, by a3\data_f\config.bin/CfgVehicles/HouseBase/ (original a3\data_f\config.bin)
 7:29:09 Updating base class ->DestructionEffects, by a3\data_f\config.bin/CfgVehicles/House/DestructionEffects/ (original a3\data_f\config.bin)
 7:29:09 Updating base class RscShortcutButton->RscButton, by a3\editor_f\config.bin/RscDisplayEditObject/Controls/B_OK/ (original bin\config.bin)
 7:29:09 Updating base class RscSliderH->RscXSliderH, by a3\editor_f\config.bin/RscDisplayEditObject/Slider/ (original bin\config.bin)
 7:29:09 Updating base class RscText->RscPicture, by a3\editor_f\config.bin/RscDisplayEditObject/Preview/ (original bin\config.bin)
 7:29:09 Updating base class RscShortcutButton->RscButton, by a3\editor_f\config.bin/RscDisplayMissionLoad/Controls/B_OK/ (original bin\config.bin)
 7:29:09 Updating base class RscShortcutButton->RscButton, by a3\editor_f\config.bin/RscDisplayMissionSave/Controls/B_OK/ (original bin\config.bin)
 7:29:09 Updating base class ->EtelkaMonospacePro, by a3\uifonts_f\config.bin/CfgFontFamilies/EtelkaMonospaceProBold/ (original ca\uifonts\config.bin)
 7:29:09 Updating base class ->RscControlsGroup, by a3\ui_f\config.bin/RscControlsGroupNoScrollbars/ (original a3\ui_f\config.bin)
 7:29:09 Updating base class ->RscControlsGroup, by a3\ui_f\config.bin/RscControlsGroupNoHScrollbars/ (original a3\ui_f\config.bin)
 7:29:09 Updating base class ->RscControlsGroup, by a3\ui_f\config.bin/RscControlsGroupNoVScrollbars/ (original a3\ui_f\config.bin)
 7:29:09 Updating base class ->RscText, by a3\ui_f\config.bin/RscLine/ (original a3\ui_f\config.bin)
 7:29:09 Updating base class ->RscActiveText, by a3\ui_f\config.bin/RscActivePicture/ (original a3\ui_f\config.bin)
 7:29:09 Updating base class ->RscButton, by a3\ui_f\config.bin/RscButtonTextOnly/ (original a3\ui_f\config.bin)
 7:29:09 Updating base class ->RscShortcutButton, by a3\ui_f\config.bin/RscShortcutButtonMain/ (original a3\ui_f\config.bin)
 7:29:09 Updating base class ->RscShortcutButton, by a3\ui_f\config.bin/RscButtonEditor/ (original a3\ui_f\config.bin)
 7:29:09 Updating base class ->RscShortcutButton, by a3\ui_f\config.bin/RscIGUIShortcutButton/ (original a3\ui_f\config.bin)
 7:29:09 Updating base class ->RscShortcutButton, by a3\ui_f\config.bin/RscGearShortcutButton/ (original a3\ui_f\config.bin)
 7:29:09 Updating base class ->RscShortcutButton, by a3\ui_f\config.bin/RscButtonMenu/ (original a3\ui_f\config.bin)
 7:29:09 Updating base class ->RscButtonMenu, by a3\ui_f\config.bin/RscButtonMenuOK/ (original a3\ui_f\config.bin)
 7:29:09 Updating base class ->RscButtonMenu, by a3\ui_f\config.bin/RscButtonMenuCancel/ (original a3\ui_f\config.bin)
 7:29:09 Updating base class ->RscButtonMenu, by a3\ui_f\config.bin/RscButtonMenuSteam/ (original a3\ui_f\config.bin)
 7:29:09 Updating base class ->RscText, by a3\ui_f\config.bin/RscLoadingText/ (original a3\ui_f\config.bin)
 7:29:09 Updating base class ->RscListBox, by a3\ui_f\config.bin/RscIGUIListBox/ (original a3\ui_f\config.bin)
 7:29:09 Updating base class ->RscListNBox, by a3\ui_f\config.bin/RscIGUIListNBox/ (original a3\ui_f\config.bin)
 7:29:09 Updating base class ->RscText, by a3\ui_f\config.bin/RscBackground/ (original a3\ui_f\config.bin)
 7:29:09 Updating base class ->RscText, by a3\ui_f\config.bin/RscBackgroundGUI/ (original a3\ui_f\config.bin)
 7:29:09 Updating base class ->RscPicture, by a3\ui_f\config.bin/RscBackgroundGUILeft/ (original a3\ui_f\config.bin)
 7:29:09 Updating base class ->RscPicture, by a3\ui_f\config.bin/RscBackgroundGUIRight/ (original a3\ui_f\config.bin)
 7:29:09 Updating base class ->RscPicture, by a3\ui_f\config.bin/RscBackgroundGUIBottom/ (original a3\ui_f\config.bin)
 7:29:09 Updating base class ->RscText, by a3\ui_f\config.bin/RscBackgroundGUITop/ (original a3\ui_f\config.bin)
 7:29:09 Updating base class ->RscText, by a3\ui_f\config.bin/RscBackgroundGUIDark/ (original a3\ui_f\config.bin)
 7:29:09 Updating base class ->RscPictureKeepAspect, by a3\ui_f\config.bin/RscBackgroundLogo/ (original a3\ui_f\config.bin)
 7:29:09 Updating base class ->RscMapControl, by a3\ui_f\config.bin/RscMapControlEmpty/ (original a3\ui_f\config.bin)
 7:29:09 Updating base class ->RscPicture, by a3\ui_f\config.bin/CA_Mainback/ (original a3\ui_f\config.bin)
 7:29:09 Updating base class ->CA_Mainback, by a3\ui_f\config.bin/CA_Back/ (original a3\ui_f\config.bin)
 7:29:09 Updating base class ->CA_Mainback, by a3\ui_f\config.bin/CA_Title_Back/ (original a3\ui_f\config.bin)
 7:29:09 Updating base class ->CA_Mainback, by a3\ui_f\config.bin/CA_Black_Back/ (original a3\ui_f\config.bin)
 7:29:09 Updating base class ->RscTitle, by a3\ui_f\config.bin/CA_Title/ (original a3\ui_f\config.bin)
 7:29:09 Updating base class ->RscPictureKeepAspect, by a3\ui_f\config.bin/CA_Logo/ (original a3\ui_f\config.bin)
 7:29:09 Updating base class ->CA_Logo, by a3\ui_f\config.bin/CA_Logo_Small/ (original a3\ui_f\config.bin)
 7:29:09 Updating base class ->RscButton, by a3\ui_f\config.bin/CA_RscButton/ (original a3\ui_f\config.bin)
 7:29:09 Updating base class ->CA_RscButton, by a3\ui_f\config.bin/CA_RscButton_dialog/ (original a3\ui_f\config.bin)
 7:29:09 Updating base class ->RscActiveText, by a3\ui_f\config.bin/CA_Ok/ (original a3\ui_f\config.bin)
 7:29:09 Updating base class ->RscText, by a3\ui_f\config.bin/CA_Ok_image/ (original a3\ui_f\config.bin)
 7:29:09 Updating base class ->RscText, by a3\ui_f\config.bin/CA_Ok_image2/ (original a3\ui_f\config.bin)
 7:29:09 Updating base class ->RscText, by a3\ui_f\config.bin/CA_Ok_text/ (original a3\ui_f\config.bin)
 7:29:09 Updating base class ->RscPicture, by a3\ui_f\config.bin/RscVignette/ (original a3\ui_f\config.bin)
 7:29:09 Updating base class ->RscControlsGroupNoScrollbars, by a3\ui_f\config.bin/RscMapControlTooltip/ (original a3\ui_f\config.bin)
 7:29:09 Updating base class RscUnitInfo->RscUnitInfoAirNoWeapon, by a3\ui_f\config.bin/RscInGameUI/RscUnitInfoAir/ (original a3\ui_f\config.bin)
 7:29:09 Updating base class RscControlsGroup->RscControlsGroupNoScrollbars, by a3\ui_f\config.bin/RscInGameUI/RscTaskOverview/controls/TaskOverviewAssigned/ (original bin\config.bin)
 7:29:09 Updating base class RscShortcutButton->RscButtonMenu, by a3\ui_f\config.bin/RscDisplayDebug/Controls/B_OK/ (original bin\config.bin)
 7:29:09 Updating base class RscShortcutButton->RscButtonMenu, by a3\ui_f\config.bin/RscDisplayDebug/Controls/B_Cancel/ (original bin\config.bin)
 7:29:09 Updating base class RscShortcutButton->RscButtonMenu, by a3\ui_f\config.bin/RscDisplayDebug/Controls/B_Clear/ (original bin\config.bin)
 7:29:09 Updating base class ->RscText, by a3\ui_f\config.bin/RscDisplayCapture/controls/TimeLines/ (original bin\config.bin)
 7:29:09 Updating base class RscShortcutButton->RscButtonMenu, by a3\ui_f\config.bin/RscDisplayCapture/controls/ButtonAverages/ (original bin\config.bin)
 7:29:09 Updating base class RscShortcutButton->RscButtonMenu, by a3\ui_f\config.bin/RscDisplayCapture/controls/ButtonSavePreviousData/ (original bin\config.bin)
 7:29:09 Updating base class RscShortcutButton->RscButtonMenu, by a3\ui_f\config.bin/RscDisplayCapture/controls/ButtonPreviousData/ (original bin\config.bin)
 7:29:09 Updating base class RscPicture->RscPictureKeepAspect, by a3\ui_f\config.bin/RscDisplayMain/IconPicture/ (original bin\config.bin)
 7:29:09 Updating base class IconPicture->RscPictureKeepAspect, by a3\ui_f\config.bin/RscDisplayMain/DlcOwnedIconPicture/ (original a3\ui_f\config.bin)
 7:29:09 Updating base class IconPicture->RscPictureKeepAspect, by a3\ui_f\config.bin/RscDisplayMain/DlcIconPicture/ (original a3\ui_f\config.bin)
 7:29:09 Updating base class RscControlsGroup->RscControlsGroupNoScrollbars, by a3\ui_f\config.bin/RscDisplayCampaignLoad/controls/OverviewGroup/ (original bin\config.bin)
 7:29:09 Updating base class RscButton->RscButtonSearch, by a3\ui_f\config.bin/RscDisplayCampaignLoad/controls/SearchButton/ (original bin\config.bin)
 7:29:09 Updating base class RscShortcutButton->RscButtonMenuCancel, by a3\ui_f\config.bin/RscDisplayCampaignLoad/controls/ButtonCancel/ (original bin\config.bin)
 7:29:09 Updating base class RscShortcutButton->RscButtonMenu, by a3\ui_f\config.bin/RscDisplayCampaignLoad/controls/ButtonGameOptions/ (original bin\config.bin)
 7:29:09 Updating base class RscShortcutButton->RscButtonMenuSteam, by a3\ui_f\config.bin/RscDisplayCampaignLoad/controls/ButtonBuyDLC/ (original bin\config.bin)
 7:29:09 Updating base class RscShortcutButton->RscButtonMenu, by a3\ui_f\config.bin/RscDisplayCampaignLoad/controls/ButtonRevert/ (original bin\config.bin)
 7:29:09 Updating base class RscShortcutButton->RscButtonMenuOK, by a3\ui_f\config.bin/RscDisplayCampaignLoad/controls/ButtonOK/ (original bin\config.bin)
 7:29:09 Updating base class RscListBox->RscCombo, by a3\ui_f\config.bin/RscDisplayCustomizeController/Steepness/ (original bin\config.bin)
 7:29:10 Updating base class ->RscStandardDisplay, by a3\ui_f\config.bin/RscDisplayControlSchemes/ (original bin\config.bin)
 7:29:10 Updating base class ButtonOK->RscButtonMenuCancel, by a3\ui_f\config.bin/RscDisplayControlSchemes/controls/ButtonCancel/ (original bin\config.bin)
 7:29:10 Updating base class RscButton->RscButtonMenuOK, by a3\ui_f\config.bin/RscDisplayControlSchemes/controls/ButtonOK/ (original bin\config.bin)
 7:29:10 Updating base class RscPicture->RscPictureKeepAspect, by a3\ui_f\config.bin/RscDisplayFileSelectImage/controls/OverviewPicture/ (original bin\config.bin)
 7:29:10 Updating base class RscShortcutButton->RscButtonMenuCancel, by a3\ui_f\config.bin/RscDisplayFieldManual/Controls/ButtonCancel/ (original bin\config.bin)
 7:29:10 Cannot delete class B_KickOff, it is referenced somewhere (used as a base class probably).
 7:29:10 Updating base class RscButton->RscButtonMenuCancel, by a3\ui_f\config.bin/RscDisplayPublishMission/controls/ButtonCancel/ (original bin\config.bin)
 7:29:10 Updating base class RscShortcutButton->RscButtonMenuOK, by a3\ui_f\config.bin/RscDisplayPublishMissionSelectTags/controls/ButtonOK/ (original bin\config.bin)
 7:29:10 Updating base class ButtonOK->RscButtonMenuCancel, by a3\ui_f\config.bin/RscDisplayPublishMissionSelectTags/controls/ButtonCancel/ (original bin\config.bin)
 7:29:10 Updating base class ->RscSubmenu, by a3\ui_f\config.bin/RscMainMenu/ (original bin\config.bin)
 7:29:10 Updating base class ->DistanceClose, by a3\ui_f\config.bin/CfgSimpleTasks/Icon3D/DistanceMid/ (original bin\config.bin)
 7:29:10 Updating base class ->DistanceClose, by a3\ui_f\config.bin/CfgSimpleTasks/Icon3D/DistanceLong/ (original bin\config.bin)
 7:29:10 Updating base class ->Default, by a3\weapons_f\config.bin/CfgWeapons/ItemCore/ (original a3\weapons_f\config.bin)
 7:29:10 Updating base class ->InventoryItem_Base_F, by a3\weapons_f\items\config.bin/CfgWeapons/UniformItem/ (original a3\weapons_f\items\config.bin)
 7:29:10 Updating base class ->InventoryItem_Base_F, by a3\weapons_f\items\config.bin/CfgWeapons/VestItem/ (original a3\weapons_f\items\config.bin)
 7:29:10 Updating base class ->B_Soldier_base_F, by a3\characters_f\config.bin/CfgVehicles/B_Soldier_F/ (original a3\characters_f\config.bin)
 7:29:10 Updating base class ->ItemCore, by a3\characters_f\config.bin/CfgWeapons/Uniform_Base/ (original a3\characters_f\config.bin)
 7:29:10 Updating base class ->InventoryItem_Base_F, by a3\characters_f\config.bin/CfgWeapons/HeadgearItem/ (original a3\characters_f\config.bin)
 7:29:10 Updating base class ->All, by a3\sounds_f\config.bin/CfgVehicles/Sound/ (original a3\sounds_f\config.bin)
 7:29:10 Updating base class ZavoraAnim->House, by ca\buildings_c\misc\config.bin/CfgVehicles/Land_zavora/ (original ca\buildings_c\config.bin)
 7:29:10 Updating base class ZavoraAnim->Land_zavora_2, by ca\buildings_c\misc\config.bin/CfgVehicles/Land_zavora_2_a1/ (original ca\buildings_c\config.bin)
 7:29:10 Updating base class OpenGate->, by ca\misc3_c\config.bin/CfgVehicles/ZavoraAnim/UserActions/CloseGate/ (original ca\buildings_c\config.bin)
 7:29:10 Updating base class ->Turrets, by PRACS_Car\config.cpp/CfgVehicles/APC_Wheeled_02_base_F/Turrets/MainTurret/Turrets/ (original (no unload))
 7:29:10 Updating base class ->ctrlDefaultText, by a3\3den\config.bin/ctrlStatic/ (original a3\3den\config.bin)
 7:29:10 Updating base class ->ctrlActiveText, by a3\3den\config.bin/ctrlActivePicture/ (original a3\3den\config.bin)
 7:29:10 Updating base class ->ctrlDefaultText, by a3\3den\config.bin/ctrlStructuredText/ (original a3\3den\config.bin)
 7:29:10 Updating base class ->ctrlControlsGroup, by a3\3den\config.bin/ctrlControlsGroupNoScrollbars/ (original a3\3den\config.bin)
 7:29:10 Updating base class ->ctrlDefault, by a3\3den\config.bin/ctrlCheckbox/ (original a3\3den\config.bin)
 7:29:10 Updating base class ->ctrlCheckbox, by a3\3den\config.bin/ctrlCheckboxBaseline/ (original a3\3den\config.bin)
 7:29:10 Updating base class RscText->ctrlStaticBackgroundDisable, by a3\3den\config.bin/RscDisplayOptionsAudio/ControlsBackground/BackgroundDisable/ (original a3\3den\config.bin)
 7:29:10 Updating base class RscText->ctrlStaticBackgroundDisableTiles, by a3\3den\config.bin/RscDisplayOptionsAudio/ControlsBackground/BackgroundDisableTiles/ (original a3\3den\config.bin)
 7:29:10 Updating base class RscText->ctrlStaticBackgroundDisable, by a3\3den\config.bin/RscDisplayConfigure/ControlsBackground/BackgroundDisable/ (original a3\3den\config.bin)
 7:29:10 Updating base class RscText->ctrlStaticBackgroundDisableTiles, by a3\3den\config.bin/RscDisplayConfigure/ControlsBackground/BackgroundDisableTiles/ (original a3\3den\config.bin)
 7:29:10 Updating base class RscText->ctrlStaticBackgroundDisable, by a3\3den\config.bin/RscDisplayConfigureAction/ControlsBackground/BackgroundDisable/ (original a3\3den\config.bin)
 7:29:10 Updating base class RscText->ctrlStaticBackgroundDisableTiles, by a3\3den\config.bin/RscDisplayConfigureAction/ControlsBackground/BackgroundDisableTiles/ (original a3\3den\config.bin)
 7:29:10 Updating base class RscText->ctrlStaticBackgroundDisable, by a3\3den\config.bin/RscDisplayConfigureControllers/ControlsBackground/BackgroundDisable/ (original a3\3den\config.bin)
 7:29:10 Updating base class RscText->ctrlStaticBackgroundDisableTiles, by a3\3den\config.bin/RscDisplayConfigureControllers/ControlsBackground/BackgroundDisableTiles/ (original a3\3den\config.bin)
 7:29:10 Updating base class RscText->ctrlStaticBackgroundDisable, by a3\3den\config.bin/RscDisplayGameOptions/ControlsBackground/BackgroundDisable/ (original a3\3den\config.bin)
 7:29:10 Updating base class RscText->ctrlStaticBackgroundDisableTiles, by a3\3den\config.bin/RscDisplayGameOptions/ControlsBackground/BackgroundDisableTiles/ (original a3\3den\config.bin)
 7:29:10 Updating base class controls->, by a3\3den\config.bin/RscDisplayArcadeMap_Layout_2/Controls/ (original a3\ui_f\config.bin)
 7:29:10 Updating base class controls->, by a3\3den\config.bin/RscDisplayArcadeMap_Layout_6/Controls/ (original a3\ui_f\config.bin)
 7:29:10 Updating base class ->ctrlControlsGroupNoScrollbars, by a3\3den\config.bin/Cfg3DEN/Attributes/Default/ (original a3\3den\config.bin)
 7:29:10 Updating base class ->ctrlStatic, by a3\3den\config.bin/Cfg3DEN/Attributes/Title/Controls/Title/ (original a3\3den\config.bin)
 7:29:10 Updating base class ->ctrlToolbox, by a3\3den\config.bin/Cfg3DEN/Attributes/Toolbox/Controls/Value/ (original a3\3den\config.bin)
 7:29:10 Updating base class Mod_Base->, by a3\data_f_destroyer\config.bin/CfgMods/Jets/ (original a3\data_f_jets\config.bin)
 7:29:10 Updating base class ->FoldedFlag_01_base_F, by a3\props_f_aow\items\decorative\config.bin/CfgVehicles/FoldedFlag_01_US_F/ (original a3\props_f_aow\items\decorative\config.bin)
 7:29:10 Updating base class ->asdg_OpticRail, by rhsafrf\addons\rhs_c_weapons\config.bin/asdg_OpticRail1913/ (original rhsafrf\addons\rhs_c_weapons\config.bin)
 7:29:10 Updating base class ->rhs_assault_umbts, by rhsafrf\addons\rhs_c_troops\config.bin/CfgVehicles/rhs_rk_sht_30_olive/ (original rhsafrf\addons\rhs_c_troops\config.bin)
 7:29:10 Updating base class ->rhs_rk_sht_30_olive_engineer, by rhsafrf\addons\rhs_c_troops\config.bin/CfgVehicles/rhs_rk_sht_30_olive_engineer_empty/ (original rhsafrf\addons\rhs_c_troops\config.bin)
 7:29:10 Updating base class ->B_AssaultPack_Base, by rhsafrf\addons\rhs_c_troops\config.bin/CfgVehicles/rhs_medic_bag/ (original rhsafrf\addons\rhs_c_troops\config.bin)
 7:29:10 Updating base class ->rhs_rd54, by rhsafrf\addons\rhs_c_troops\config.bin/CfgVehicles/rhs_rd54_vest/ (original rhsafrf\addons\rhs_c_troops\config.bin)
 7:29:10 Updating base class ->rhs_rd54_emr1, by rhsafrf\addons\rhs_c_troops\config.bin/CfgVehicles/rhs_rd54_vest_emr1/ (original rhsafrf\addons\rhs_c_troops\config.bin)
 7:29:10 Updating base class ->rhs_rpg_2, by rhsafrf\addons\rhs_c_troops\config.bin/CfgVehicles/rhs_rpg_6b3/ (original rhsafrf\addons\rhs_c_troops\config.bin)
 7:29:10 Updating base class ->B_AssaultPack_Base, by rhsafrf\addons\rhs_c_troops\config.bin/CfgVehicles/rhs_r148/ (original rhsafrf\addons\rhs_c_troops\config.bin)
 7:29:10 Updating base class ->rhs_pilot_base, by rhsafrf\addons\rhs_c_troops\config.bin/CfgVehicles/rhs_pilot_combat_heli/ (original rhsafrf\addons\rhs_c_troops\config.bin)
 7:29:10 Updating base class ->rhs_infantry_vdv_base, by rhsafrf\addons\rhs_c_troops\config.bin/CfgVehicles/rhs_mvd_izlom_rifleman/ (original rhsafrf\addons\rhs_c_troops\config.bin)
 7:29:10 Updating base class ->rhsusf_army_acu_uniform, by rhsusf\addons\rhsusf_c_troops\config.bin/CfgVehicles/rhsusf_army_acu_oefcp_uniform/ (original rhsusf\addons\rhsusf_c_troops\config.bin)
 7:29:10 Updating base class ->rhs_uniform_acu_ucp, by rhsusf\addons\rhsusf_c_troops\config.bin/CfgWeapons/rhs_uniform_acu_oefcp/ (original rhsusf\addons\rhsusf_c_troops\config.bin)
 7:29:10 Updating base class ->rhsusf_patrolcap_ocp, by rhsusf\addons\rhsusf_c_troops\config.bin/CfgWeapons/rhsusf_patrolcap_ucp/ (original rhsusf\addons\rhsusf_c_troops\config.bin)
 7:29:10 Updating base class Rifle_Base_F->, by PRACS_Weapons\config.cpp/cfgWeapons/Rifle_Short_Base_F/ (original (a3\weapons_f\config.bin - no unload))
 7:29:10 Updating base class WeaponSlotsInfo->WeaponSlotsInfo, by PRACS_Weapons\config.cpp/cfgWeapons/Rifle_Long_Base_F/WeaponSlotsInfo/ (original a3\weapons_f\config.bin)
 7:29:10 Updating base class rhs_weap_m240veh_mounted->rhs_weap_m240veh, by PRACS_Weapons\config.cpp/cfgWeapons/rhs_weap_m240H/ (original rhsusf\addons\rhsusf_c_heavyweapons\config.bin)
 7:29:10 Updating base class ->Rifle_Base_F, by rhsafrf\addons\rhs_c_weaponsounds\config.bin/CfgWeapons/Rifle_Short_Base_F/ (original (a3\weapons_f\config.bin - no unload))
 7:29:10 Updating base class AnimationSources->AnimationSources, by rhsusf\addons\rhsusf_c_hmmwv\config.bin/CfgVehicles/rhsusf_m998_w_2dr/AnimationSources/ (original (no unload))
 7:29:10 Updating base class ->light_bo, by rhsusf\addons\rhsusf_c_hmmwv\config.bin/CfgVehicles/rhsusf_m998_w_2dr/AnimationSources/hide_CIP/ (original rhsusf\addons\rhsusf_c_hmmwv\config.bin)
 7:29:10 Updating base class ->light_bo, by rhsusf\addons\rhsusf_c_hmmwv\config.bin/CfgVehicles/rhsusf_m998_w_2dr/AnimationSources/hide_A2_Parts/ (original rhsusf\addons\rhsusf_c_hmmwv\config.bin)
 7:29:10 Updating base class ->light_bo, by rhsusf\addons\rhsusf_c_hmmwv\config.bin/CfgVehicles/rhsusf_m998_w_2dr/AnimationSources/Hide_A2Bumper/ (original rhsusf\addons\rhsusf_c_hmmwv\config.bin)
 7:29:10 Updating base class WeaponSlotsInfo->WeaponSlotsInfo, by x\cba\addons\jr\config.bin/CfgWeapons/arifle_SPAR_01_base_F/WeaponSlotsInfo/ (original a3\weapons_f_exp\rifles\spar_01\config.bin)
 7:29:10 Updating base class WeaponSlotsInfo->WeaponSlotsInfo, by x\cba\addons\jr\config.bin/CfgWeapons/arifle_SPAR_02_base_F/WeaponSlotsInfo/ (original a3\weapons_f_exp\rifles\spar_02\config.bin)
 7:29:10 Updating base class WeaponSlotsInfo->WeaponSlotsInfo, by x\cba\addons\jr\config.bin/CfgWeapons/arifle_SPAR_03_base_F/WeaponSlotsInfo/ (original a3\weapons_f_exp\rifles\spar_03\config.bin)
 7:29:10 Updating base class WeaponSlotsInfo->WeaponSlotsInfo, by x\cba\addons\jr\config.bin/CfgWeapons/arifle_CTAR_base_F/WeaponSlotsInfo/ (original a3\weapons_f_exp\rifles\ctar\config.bin)
 7:29:10 Updating base class WeaponSlotsInfo->WeaponSlotsInfo, by x\cba\addons\jr\config.bin/CfgWeapons/arifle_CTARS_base_F/WeaponSlotsInfo/ (original a3\weapons_f_exp\rifles\ctars\config.bin)
 7:29:10 Updating base class WeaponSlotsInfo->WeaponSlotsInfo, by x\cba\addons\jr\config.bin/CfgWeapons/arifle_ARX_base_F/WeaponSlotsInfo/ (original a3\weapons_f_exp\rifles\arx\config.bin)
 7:29:10 Updating base class ->textureSources, by po_vehicles\config.bin/CfgVehicles/rhs_btr70_vmf/textureSources/ (original (rhsafrf\addons\rhs_c_btr\config.bin - no unload))
 7:29:10 Updating base class ->textureSources, by po_vehicles\config.bin/CfgVehicles/rhs_bmp1tank_base/textureSources/ (original rhsafrf\addons\rhs_c_bmp\config.bin)
 7:29:10 Updating base class ->textureSources, by po_vehicles\config.bin/CfgVehicles/rhs_zsutank_base/textureSources/ (original rhsafrf\addons\rhs_c_a2port_armor\config.bin)
 7:29:10 Updating base class Turrets->, by T1AM\config.cpp/cfgVehicles/MBT_01_base_F/Turrets/ (original (a3\armor_f_gamma\mbt_01\config.bin - no unload))
 7:29:10 Updating base class Turrets->, by T1AM\config.cpp/cfgVehicles/StaticMortar/Turrets/ (original (a3\static_f\at_01\config.bin - no unload))
 7:29:10 Updating base class ACE_SelfActions->, by z\ace\addons\interaction\config.bin/CfgVehicles/Tank/ACE_SelfActions/ (original z\tfar\addons\core\config.bin)
 7:29:10 Updating base class ACE_SelfActions->, by z\ace\addons\interaction\config.bin/CfgVehicles/Helicopter/ACE_SelfActions/ (original z\tfar\addons\core\intercomconfig\config.bin)
 7:29:10 Updating base class ACE_SelfActions->, by z\ace\addons\interaction\config.bin/CfgVehicles/Plane/ACE_SelfActions/ (original z\tfar\addons\core\intercomconfig\config.bin)
 7:29:10 Updating base class WeaponSlotsInfo->WeaponSlotsInfo, by z\ace\addons\realisticweights\config.bin/CfgWeapons/arifle_AK12_base_F/WeaponSlotsInfo/ (original a3\weapons_f_exp\rifles\ak12\config.bin)
 7:29:10 Updating base class WeaponSlotsInfo->WeaponSlotsInfo, by z\ace\addons\realisticweights\config.bin/CfgWeapons/arifle_AKM_base_F/WeaponSlotsInfo/ (original a3\weapons_f_exp\rifles\akm\config.bin)
 7:29:10 Updating base class WeaponSlotsInfo->WeaponSlotsInfo, by z\ace\addons\realisticweights\config.bin/CfgWeapons/arifle_AKS_base_F/WeaponSlotsInfo/ (original a3\weapons_f_exp\rifles\aks\config.bin)
 7:29:10 Updating base class WeaponSlotsInfo->WeaponSlotsInfo, by z\ace\addons\realisticweights\config.bin/CfgWeapons/arifle_MSBS65_base_F/WeaponSlotsInfo/ (original a3\weapons_f_enoch\rifles\msbs\config.bin)
 7:29:10 Updating base class ->Turrets, by z\ace\addons\vehicles\config.bin/CfgVehicles/MBT_01_base_F/Turrets/ (original (a3\armor_f_gamma\mbt_01\config.bin - no unload))
 7:29:10 Updating base class ->TFAR_Bag_Base, by z\tfar\addons\backpacks\config.bin/CfgVehicles/TFAR_rt1523g/ (original z\tfar\addons\backpacks\config.bin)
 7:29:10 Updating base class Turrets->, by z\vtx\addons\uh60\config.cpp/CfgVehicles/Heli_Transport_01_base_F/Turrets/ (original a3\air_f_beta\heli_transport_01\config.bin)
 7:29:10 Updating base class ->hct_driver, by z\vtx\addons\uh60_anvishud\config.cpp/CfgVehicles/vtx_H60_base/hct_driver/ (original (no unload))
 7:29:10 Updating base class ->modules, by z\vtx\addons\uh60_anvishud\config.cpp/CfgVehicles/vtx_H60_base/hct_driver/modules/ (original (no unload))
 7:29:10 Updating base class ->hct_copilot, by z\vtx\addons\uh60_anvishud\config.cpp/CfgVehicles/vtx_H60_base/hct_copilot/ (original (no unload))
 7:29:10 Updating base class ->modules, by z\vtx\addons\uh60_anvishud\config.cpp/CfgVehicles/vtx_H60_base/hct_copilot/modules/ (original (no unload))
 7:29:10 Updating base class ->interaction, by z\vtx\addons\uh60_cas\config.cpp/CfgVehicles/vtx_H60_base/hct_driver/interaction/ (original (no unload))
 7:29:10 Updating base class ->interaction, by z\vtx\addons\uh60_cas\config.cpp/CfgVehicles/vtx_H60_base/hct_copilot/interaction/ (original (no unload))
 7:29:10 Updating base class ->hct_cargo, by z\vtx\addons\uh60_misc\config.cpp/cfgVehicles/vtx_H60_base/hct_cargo/ (original (no unload))
 7:29:10 Updating base class ->interaction, by z\vtx\addons\uh60_misc\config.cpp/cfgVehicles/vtx_H60_base/hct_cargo/interaction/ (original (no unload))
 7:29:10 Updating base class I_G_Offroad_01_AT_F->Offroad_01_AT_base_F, by po_main\config.bin/CfgVehicles/B_G_Offroad_01_AT_F/ (original a3\soft_f\offroad_01\config.bin)
 7:29:11 Updating base class Air->, by staticLine\config.cpp/cfgVehicles/Plane/ (original (bin\config.bin - no unload))
 7:29:11 Updating base class Air->, by staticLine\config.cpp/cfgVehicles/Helicopter/ (original (bin\config.bin - no unload))
 7:29:11 Updating base class ->Air, by z\ace\addons\aircraft\config.bin/CfgVehicles/Helicopter/ (original (bin\config.bin - no unload))
 7:29:11 Updating base class ->Air, by z\ace\addons\aircraft\config.bin/CfgVehicles/Plane/ (original (bin\config.bin - no unload))
 7:29:11 Updating base class ->Turrets, by z\ace\addons\aircraft\config.bin/CfgVehicles/Heli_Transport_01_base_F/Turrets/ (original (a3\air_f_beta\heli_transport_01\config.bin - no unload))
 7:29:11 Updating base class ->Turrets, by z\ace\addons\mk6mortar\config.bin/CfgVehicles/StaticMortar/Turrets/ (original (a3\static_f\at_01\config.bin - no unload))
 7:29:11 Updating base class Heli_Transport_01_base_F->, by z\vtx\addons\uh60_config\config.cpp/Extended_Init_EventHandlers/vtx_H60_base/ (original (no unload))
 7:29:11 Updating base class ->AnimationSources, by z\vtx\addons\uh60_config\config.cpp/CfgVehicles/vtx_H60_base/AnimationSources/ (original (no unload))
 7:29:11 Updating base class ->LandingLight_Show, by z\vtx\addons\uh60_config\config.cpp/CfgVehicles/vtx_H60_base/AnimationSources/Stabilator_rotate_user/ (original (no unload))
 7:29:11 Updating base class ->LandingLight_Show, by z\vtx\addons\uh60_config\config.cpp/CfgVehicles/vtx_H60_base/AnimationSources/cabindoor_L/ (original (no unload))
 7:29:11 Updating base class ->LandingLight_Show, by z\vtx\addons\uh60_config\config.cpp/CfgVehicles/vtx_H60_base/AnimationSources/cabindoor_R/ (original (no unload))
 7:29:11 Updating base class ACE_Hellfire_AGM114K->M_Scalpel_AT, by z\vtx\addons\uh60_weapons\config.cpp/CfgAmmo/ACE_Hellfire_AGM114N/ (original z\ace\addons\hellfire\config.bin)
 7:29:11 Updating base class ->V_PlateCarrierIA1_dgtl, by po_factions_me\config.bin/cfgWeapons/LOP_V_CarrierLite_OLV/ (original po_factions_me\config.bin)
 7:29:11 Updating base class ->SoldierGB, by rhsgref\addons\rhsgref_c_troops\config.bin/CfgVehicles/rhsgref_nat_base/ (original rhsgref\addons\rhsgref_c_troops\config.bin)
 7:29:11 Updating base class ->Uniform_Base, by rhsgref\addons\rhsgref_c_troops\config.bin/cfgWeapons/rhsgref_uniform_reed/ (original rhsgref\addons\rhsgref_c_troops\config.bin)
 7:29:11 Updating base class ->Uniform_Base, by rhsgref\addons\rhsgref_c_troops\config.bin/cfgWeapons/rhsgref_uniform_ERDL/ (original rhsgref\addons\rhsgref_c_troops\config.bin)
 7:29:11 Updating base class ->Uniform_Base, by rhsgref\addons\rhsgref_c_troops\config.bin/cfgWeapons/rhsgref_uniform_altis_lizard/ (original rhsgref\addons\rhsgref_c_troops\config.bin)
 7:29:11 Updating base class ->Uniform_Base, by rhsgref\addons\rhsgref_c_troops\config.bin/cfgWeapons/rhsgref_uniform_dpm/ (original rhsgref\addons\rhsgref_c_troops\config.bin)
 7:29:11 Updating base class ->Uniform_Base, by rhsgref\addons\rhsgref_c_troops\config.bin/cfgWeapons/rhsgref_uniform_3color_desert/ (original rhsgref\addons\rhsgref_c_troops\config.bin)
 7:29:11 Updating base class ->ItemCore, by rhsgref\addons\rhsgref_c_troops\config.bin/cfgWeapons/rhsgref_un_beret/ (original rhsgref\addons\rhsgref_c_troops\config.bin)
 7:29:11 Updating base class ->H_HelmetB, by rhsgref\addons\rhsgref_c_troops\config.bin/cfgWeapons/rhsgref_ssh68/ (original rhsgref\addons\rhsgref_c_troops\config.bin)
 7:29:11 Updating base class ->rhsgref_ssh68, by rhsgref\addons\rhsgref_c_troops\config.bin/cfgWeapons/rhsgref_ssh68_un/ (original rhsgref\addons\rhsgref_c_troops\config.bin)
 7:29:11 Updating base class ->H_HelmetB, by rhsgref\addons\rhsgref_c_troops\config.bin/cfgWeapons/rhsgref_helmet_M1_bare/ (original rhsgref\addons\rhsgref_c_troops\config.bin)
 7:29:11 Updating base class ->H_HelmetB, by rhsgref\addons\rhsgref_c_troops\config.bin/cfgWeapons/rhsgref_hat_M1951/ (original rhsgref\addons\rhsgref_c_troops\config.bin)
 7:29:11 Updating base class ->H_HelmetB, by rhsgref\addons\rhsgref_c_troops\config.bin/cfgWeapons/rhsgref_helmet_pasgt_erdl/ (original rhsgref\addons\rhsgref_c_troops\config.bin)
 7:29:11 Updating base class ->rhsgref_helmet_pasgt_erdl, by rhsgref\addons\rhsgref_c_troops\config.bin/cfgWeapons/rhsgref_helmet_pasgt_3color_desert/ (original rhsgref\addons\rhsgref_c_troops\config.bin)
 7:29:11 Updating base class textureSources->, by rhsgref\addons\rhsgref_c_vehicles_ret\config.bin/CfgVehicles/rhs_btr70_vmf/textureSources/ (original (rhsafrf\addons\rhs_c_btr\config.bin - no unload))
 7:29:11 Updating base class textureSources->, by rhsgref\addons\rhsgref_c_vehicles_ret\config.bin/CfgVehicles/rhs_bmp1tank_base/textureSources/ (original (rhsafrf\addons\rhs_c_bmp\config.bin - no unload))
 7:29:11 Updating base class textureSources->, by rhsgref\addons\rhsgref_c_vehicles_ret\config.bin/CfgVehicles/rhs_zsutank_base/textureSources/ (original (rhsafrf\addons\rhs_c_a2port_armor\config.bin - no unload))
 7:29:11 Updating base class BagFence_base_F->ACE_envelope_small, by x\grad_trenches\addons\functions\config.bin/CfgVehicles/ACE_envelope_big/ (original (z\ace\addons\trenches\config.bin - no unload))
 7:29:11 Updating base class BagFence_base_F->ACE_envelope_big, by x\grad_trenches\addons\functions\config.bin/CfgVehicles/GRAD_envelope_giant/ (original x\grad_trenches\addons\assets\config.bin)
 7:29:11 Updating base class BagFence_base_F->ACE_envelope_big, by x\grad_trenches\addons\functions\config.bin/CfgVehicles/GRAD_envelope_vehicle/ (original x\grad_trenches\addons\assets\config.bin)
 7:29:11 Updating base class BagFence_base_F->ACE_envelope_big, by x\grad_trenches\addons\functions\config.bin/CfgVehicles/GRAD_envelope_short/ (original x\grad_trenches\addons\assets\config.bin)
 7:29:11 Updating base class BagFence_base_F->ACE_envelope_big, by x\grad_trenches\addons\functions\config.bin/CfgVehicles/GRAD_envelope_long/ (original x\grad_trenches\addons\assets\config.bin)
 7:29:11 Updating base class InventoryItem_Base_F->ItemCore, by PRACS_Troops\config.cpp/CfgWeapons/UniformItem/ (original a3\characters_f_tank\uniforms\config.bin)
 7:29:11 Updating base class InventoryItem_Base_F->ItemCore, by PRACS_Troops\config.cpp/CfgWeapons/VestItem/ (original a3\characters_f\config.bin)
 7:29:11 Updating base class rhsusf_lwh_helmet_marpatd->H_HelmetB, by PRACS_Troops\config.cpp/CfgWeapons/rhsusf_lwh_helmet_marpatd_ess/ (original rhsusf\addons\rhsusf_c_troops\config.bin)
 7:29:11 Updating base class rhsusf_lwh_helmet_marpatd_headset->H_HelmetB, by PRACS_Troops\config.cpp/CfgWeapons/rhsusf_lwh_helmet_marpatwd_headset_blk2/ (original rhsusf\addons\rhsusf_c_troops\config.bin)
 7:29:11 Updating base class Turrets->, by z\vtx\addons\H60_SFX\config.cpp/CfgVehicles/Helicopter_Base_H/Turrets/ (original (a3\air_f\config.bin - no unload))
 7:29:11 Updating base class Sounds->, by z\vtx\addons\H60_SFX\config.cpp/CfgVehicles/vtx_H60_base/sounds/ (original (no unload))
 7:29:11 Updating base class CargoTurret->CargoTurret, by z\vtx\addons\H60_SFX\config.cpp/CfgVehicles/vtx_HH60/Turrets/CargoTurret_01/ (original (no unload))
 7:29:11 Updating base class CargoTurret->CargoTurret, by z\vtx\addons\H60_SFX\config.cpp/CfgVehicles/vtx_UH60M_SLICK/Turrets/CargoTurret_01/ (original (no unload))
 7:29:11 Updating base class CargoTurret->CargoTurret, by z\vtx\addons\H60_SFX\config.cpp/CfgVehicles/vtx_UH60M_MEDEVAC/Turrets/CargoTurret_01/ (original (no unload))
 7:29:11 Updating base class CargoTurret->CargoTurret, by z\vtx\addons\H60_SFX\config.cpp/CfgVehicles/vtx_MH60M/Turrets/CargoTurret_01/ (original (no unload))
 7:29:11 Updating base class CargoTurret->CargoTurret, by z\vtx\addons\H60_SFX\config.cpp/CfgVehicles/vtx_MH60M_DAP/Turrets/CargoTurret_01/ (original (no unload))
 7:29:11 Updating base class CargoTurret->CargoTurret, by z\vtx\addons\H60_SFX\config.cpp/CfgVehicles/vtx_MH60M_DAP_MLASS/Turrets/CargoTurret_01/ (original (no unload))
 7:29:11 Updating base class CargoTurret->CargoTurret, by z\vtx\addons\H60_SFX\config.cpp/CfgVehicles/vtx_MH60S_Pylons_GAU21L/Turrets/CargoTurret_01/ (original (no unload))
 7:29:11 Updating base class CargoTurret->CargoTurret, by z\vtx\addons\H60_SFX\config.cpp/CfgVehicles/vtx_MH60S_GAU21L/Turrets/CargoTurret_01/ (original (no unload))
 7:29:11 Updating base class ->Turrets, by PRACS_Car_2\config.cpp/CfgVehicles/rhsusf_M1117_base/Turrets/MainTurret/Turrets/ (original rhsusf\addons\rhsusf_c_m1117\config.bin)
 7:29:11 Cannot open C:\3rdID_Server2\Server2\Servers\_641fb88761ae466a9e5954b4eff0ed26\OfficialServersCache\list.json
 7:29:11 Canceling the list loading process, the load of the file failed: C:\3rdID_Server2\Server2\Servers\_641fb88761ae466a9e5954b4eff0ed26\OfficialServersCache\list.json
 7:29:11 Initializing Steam Manager
 7:29:11 Steam Manager initialized.
 7:29:11 
 7:29:11 ==== Loaded addons ====
 7:29:11 
 7:29:11 dta\bin.pbo - 152984
 7:29:11 dta\core.pbo - 129618
 7:29:11 dta\languagecore_f.pbo - 151164
 7:29:11 C:\3rdID_Server2\Server2\@AH_64D_Official_Project_V2_1\addons\fza_ah64_AICrew.pbo - unknown
 7:29:11 C:\3rdID_Server2\Server2\@AH_64D_Official_Project_V2_1\addons\fza_ah64_controls.pbo - unknown
 7:29:11 C:\3rdID_Server2\Server2\@AH_64D_Official_Project_V2_1\addons\fza_ah64_sfmplus.pbo - unknown
 7:29:11 C:\3rdID_Server2\Server2\@AH_64D_Official_Project_V2_1\addons\fza_ah64_us.pbo - unknown
 7:29:11 C:\3rdID_Server2\Server2\@Zeus_Enhanced\addons\zen_ai.pbo - 1.15.1.36
 7:29:11 C:\3rdID_Server2\Server2\@Zeus_Enhanced\addons\zen_area_markers.pbo - 1.15.1.36
 7:29:11 C:\3rdID_Server2\Server2\@Zeus_Enhanced\addons\zen_attached_objects.pbo - 1.15.1.36
 7:29:11 C:\3rdID_Server2\Server2\@Zeus_Enhanced\addons\zen_attributes.pbo - 1.15.1.36
 7:29:11 C:\3rdID_Server2\Server2\@Zeus_Enhanced\addons\zen_building_markers.pbo - 1.15.1.36
 7:29:11 C:\3rdID_Server2\Server2\@Zeus_Enhanced\addons\zen_camera.pbo - 1.15.1.36
 7:29:11 C:\3rdID_Server2\Server2\@Zeus_Enhanced\addons\zen_common.pbo - 1.15.1.36
 7:29:11 C:\3rdID_Server2\Server2\@Zeus_Enhanced\addons\zen_compat_ace.pbo - 1.15.1.36
 7:29:11 C:\3rdID_Server2\Server2\@Zeus_Enhanced\addons\zen_compat_advanced_rappelling.pbo - 1.15.1.36
 7:29:11 C:\3rdID_Server2\Server2\@Zeus_Enhanced\addons\zen_compositions.pbo - 1.15.1.36
 7:29:11 C:\3rdID_Server2\Server2\@Zeus_Enhanced\addons\zen_context_actions.pbo - 1.15.1.36
 7:29:11 C:\3rdID_Server2\Server2\@Zeus_Enhanced\addons\zen_context_menu.pbo - 1.15.1.36
 7:29:11 C:\3rdID_Server2\Server2\@Zeus_Enhanced\addons\zen_cover_map.pbo - 1.15.1.36
 7:29:11 C:\3rdID_Server2\Server2\@Zeus_Enhanced\addons\zen_custom_modules.pbo - 1.15.1.36
 7:29:11 C:\3rdID_Server2\Server2\@Zeus_Enhanced\addons\zen_damage.pbo - 1.15.1.36
 7:29:11 C:\3rdID_Server2\Server2\@Zeus_Enhanced\addons\zen_dialog.pbo - 1.15.1.36
 7:29:11 C:\3rdID_Server2\Server2\@Zeus_Enhanced\addons\zen_doors.pbo - 1.15.1.36
 7:29:11 C:\3rdID_Server2\Server2\@Zeus_Enhanced\addons\zen_editor.pbo - 1.15.1.36
 7:29:11 C:\3rdID_Server2\Server2\@Zeus_Enhanced\addons\zen_editor_previews.pbo - 1.15.1.36
 7:29:11 C:\3rdID_Server2\Server2\@Zeus_Enhanced\addons\zen_faction_filter.pbo - 1.15.1.36
 7:29:11 C:\3rdID_Server2\Server2\@Zeus_Enhanced\addons\zen_flashlight.pbo - 1.15.1.36
 7:29:11 C:\3rdID_Server2\Server2\@Zeus_Enhanced\addons\zen_garage.pbo - 1.15.1.36
 7:29:11 C:\3rdID_Server2\Server2\@Zeus_Enhanced\addons\zen_inventory.pbo - 1.15.1.36
 7:29:11 C:\3rdID_Server2\Server2\@Zeus_Enhanced\addons\zen_loadout.pbo - 1.15.1.36
 7:29:11 C:\3rdID_Server2\Server2\@Zeus_Enhanced\addons\zen_main.pbo - 1.15.1.36
 7:29:11 C:\3rdID_Server2\Server2\@Zeus_Enhanced\addons\zen_markers_tree.pbo - 1.15.1.36
 7:29:11 C:\3rdID_Server2\Server2\@Zeus_Enhanced\addons\zen_modules.pbo - 1.15.1.36
 7:29:11 C:\3rdID_Server2\Server2\@Zeus_Enhanced\addons\zen_music.pbo - 1.15.1.36
 7:29:11 C:\3rdID_Server2\Server2\@Zeus_Enhanced\addons\zen_placement.pbo - 1.15.1.36
 7:29:11 C:\3rdID_Server2\Server2\@Zeus_Enhanced\addons\zen_position_logics.pbo - 1.15.1.36
 7:29:11 C:\3rdID_Server2\Server2\@Zeus_Enhanced\addons\zen_pylons.pbo - 1.15.1.36
 7:29:11 C:\3rdID_Server2\Server2\@Zeus_Enhanced\addons\zen_remote_control.pbo - 1.15.1.36
 7:29:11 C:\3rdID_Server2\Server2\@Zeus_Enhanced\addons\zen_tasks.pbo - 1.15.1.36
 7:29:11 C:\3rdID_Server2\Server2\@Zeus_Enhanced\addons\zen_visibility.pbo - 1.15.1.36
 7:29:11 C:\3rdID_Server2\Server2\@Zeus_Enhanced\addons\zen_vision.pbo - 1.15.1.36
 7:29:11 C:\3rdID_Server2\Server2\@Zeus_Additions\addons\zeus_additions_main.pbo - 1.6.10.0-1395f937
 7:29:11 C:\3rdID_Server2\Server2\@W28\addons\tweed_augen.pbo - unknown
 7:29:11 C:\3rdID_Server2\Server2\@W28\addons\tweed_augen_cfg.pbo - unknown
 7:29:11 C:\3rdID_Server2\Server2\@W28\addons\tweed_eden_21.pbo - unknown
 7:29:11 C:\3rdID_Server2\Server2\@W28\addons\tweed_uaf_21.pbo - unknown
 7:29:11 C:\3rdID_Server2\Server2\@W28\addons\tweed_uaf_21_cfg.pbo - unknown
 7:29:11 C:\3rdID_Server2\Server2\@W28\addons\tweed_uaf_22.pbo - unknown
 7:29:11 C:\3rdID_Server2\Server2\@W28\addons\tweed_uaf_23.pbo - unknown
 7:29:11 C:\3rdID_Server2\Server2\@VS_ACE_Static_Line_Jump\addons\staticLine.pbo - unknown
 7:29:11 C:\3rdID_Server2\Server2\@Virolahti__Valtatie_7\addons\vt7.pbo - Sun Dec 08 13:16:29 2019
 7:29:11 C:\3rdID_Server2\Server2\@Tier_1_Artillery_Mod\addons\T1AM.pbo - unknown
 7:29:11 C:\3rdID_Server2\Server2\@Tembelan_Island\addons\Tembelan.pbo - 18032519
 7:29:11 C:\3rdID_Server2\Server2\@Task_Force_Arrowhead_Radio_BETA__\addons\tfar_ai_hearing.pbo - 02b1b0cd
 7:29:11 C:\3rdID_Server2\Server2\@Task_Force_Arrowhead_Radio_BETA__\addons\tfar_antennas.pbo - 02b1b0cd
 7:29:11 C:\3rdID_Server2\Server2\@Task_Force_Arrowhead_Radio_BETA__\addons\tfar_backpacks.pbo - 02b1b0cd
 7:29:11 C:\3rdID_Server2\Server2\@Task_Force_Arrowhead_Radio_BETA__\addons\tfar_core.pbo - 02b1b0cd
 7:29:11 C:\3rdID_Server2\Server2\@Task_Force_Arrowhead_Radio_BETA__\addons\tfar_external_intercom.pbo - 02b1b0cd
 7:29:11 C:\3rdID_Server2\Server2\@Task_Force_Arrowhead_Radio_BETA__\addons\tfar_handhelds.pbo - 02b1b0cd
 7:29:11 C:\3rdID_Server2\Server2\@Task_Force_Arrowhead_Radio_BETA__\addons\tfar_static_radios.pbo - 02b1b0cd
 7:29:11 C:\3rdID_Server2\Server2\@RHSUSAF\addons\rhsusf_a2port_air.pbo - RedHammerStudios.0.5.5.6505.r4344
 7:29:11 C:\3rdID_Server2\Server2\@RHSUSAF\addons\rhsusf_a2port_air2.pbo - RedHammerStudios.0.5.5.6439.r4299
 7:29:11 C:\3rdID_Server2\Server2\@RHSUSAF\addons\rhsusf_a2port_armor.pbo - RedHammerStudios.0.5.1.5822.r3882
 7:29:11 C:\3rdID_Server2\Server2\@RHSUSAF\addons\rhsusf_a2port_car.pbo - RedHammerStudios.0.5.1.5659.r3805
 7:29:11 C:\3rdID_Server2\Server2\@RHSUSAF\addons\rhsusf_ah64.pbo - RedHammerStudios.0.5.1.5659.r3805
 7:29:11 C:\3rdID_Server2\Server2\@RHSUSAF\addons\rhsusf_airweapons.pbo - RedHammerStudios.0.5.5.6469.r4318
 7:29:11 C:\3rdID_Server2\Server2\@RHSUSAF\addons\rhsusf_caiman.pbo - RedHammerStudios.0.5.6.6781.r4465
 7:29:11 C:\3rdID_Server2\Server2\@RHSUSAF\addons\rhsusf_cars.pbo - RedHammerStudios.0.5.1.5659.r3805
 7:29:11 C:\3rdID_Server2\Server2\@RHSUSAF\addons\rhsusf_ch53.pbo - RedHammerStudios.0.5.5.6439.r4299
 7:29:11 C:\3rdID_Server2\Server2\@RHSUSAF\addons\rhsusf_commskit.pbo - RedHammerStudios.0.5.5.6531.r4358
 7:29:11 C:\3rdID_Server2\Server2\@RHSUSAF\addons\rhsusf_cougar.pbo - RedHammerStudios.0.5.6.6781.r4465
 7:29:11 C:\3rdID_Server2\Server2\@RHSUSAF\addons\rhsusf_c_a2port_air.pbo - RedHammerStudios.0.5.6.6813.r4486
 7:29:11 C:\3rdID_Server2\Server2\@RHSUSAF\addons\rhsusf_c_a2port_armor.pbo - RedHammerStudios.0.5.6.6813.r4486
 7:29:11 C:\3rdID_Server2\Server2\@RHSUSAF\addons\rhsusf_c_a2port_car.pbo - RedHammerStudios.0.5.1.5659.r3805
 7:29:11 C:\3rdID_Server2\Server2\@RHSUSAF\addons\rhsusf_c_ah64.pbo - RedHammerStudios.0.5.1.5659.r3805
 7:29:11 C:\3rdID_Server2\Server2\@RHSUSAF\addons\rhsusf_c_airweapons.pbo - RedHammerStudios.0.5.6.6805.r4481
 7:29:11 C:\3rdID_Server2\Server2\@RHSUSAF\addons\rhsusf_c_caiman.pbo - RedHammerStudios.0.5.6.6813.r4486
 7:29:11 C:\3rdID_Server2\Server2\@RHSUSAF\addons\rhsusf_c_ch53.pbo - RedHammerStudios.0.5.6.6813.r4486
 7:29:11 C:\3rdID_Server2\Server2\@RHSUSAF\addons\rhsusf_c_commskit.pbo - RedHammerStudios.0.5.5.6531.r4358
 7:29:11 C:\3rdID_Server2\Server2\@RHSUSAF\addons\rhsusf_c_cougar.pbo - RedHammerStudios.0.5.6.6813.r4486
 7:29:11 C:\3rdID_Server2\Server2\@RHSUSAF\addons\rhsusf_c_f22.pbo - RedHammerStudios.0.5.1.5659.r3805
 7:29:11 C:\3rdID_Server2\Server2\@RHSUSAF\addons\rhsusf_c_fmtv.pbo - RedHammerStudios.0.5.6.6813.r4486
 7:29:11 C:\3rdID_Server2\Server2\@RHSUSAF\addons\rhsusf_c_heavyweapons.pbo - RedHammerStudios.0.5.6.6812.r4485
 7:29:11 C:\3rdID_Server2\Server2\@RHSUSAF\addons\rhsusf_c_hemtt_a2.pbo - RedHammerStudios.0.5.1.5659.r3805
 7:29:11 C:\3rdID_Server2\Server2\@RHSUSAF\addons\rhsusf_c_hemtt_a4.pbo - RedHammerStudios.0.5.6.6813.r4486
 7:29:11 C:\3rdID_Server2\Server2\@RHSUSAF\addons\rhsusf_c_himars.pbo - RedHammerStudios.0.5.6.6813.r4486
 7:29:11 C:\3rdID_Server2\Server2\@RHSUSAF\addons\rhsusf_c_hmmwv.pbo - RedHammerStudios.0.5.6.6813.r4486
 7:29:11 C:\3rdID_Server2\Server2\@RHSUSAF\addons\rhsusf_c_identity.pbo - RedHammerStudios.0.5.1.5659.r3805
 7:29:11 C:\3rdID_Server2\Server2\@RHSUSAF\addons\rhsusf_c_m109.pbo - RedHammerStudios.0.5.6.6813.r4486
 7:29:11 C:\3rdID_Server2\Server2\@RHSUSAF\addons\rhsusf_c_m1117.pbo - RedHammerStudios.0.5.6.6813.r4486
 7:29:11 C:\3rdID_Server2\Server2\@RHSUSAF\addons\rhsusf_c_m113.pbo - RedHammerStudios.0.5.6.6813.r4486
 7:29:11 C:\3rdID_Server2\Server2\@RHSUSAF\addons\rhsusf_c_m11xx.pbo - RedHammerStudios.0.5.6.6813.r4486
 7:29:11 C:\3rdID_Server2\Server2\@RHSUSAF\addons\rhsusf_c_m1a1.pbo - RedHammerStudios.0.5.6.6813.r4486
 7:29:11 C:\3rdID_Server2\Server2\@RHSUSAF\addons\rhsusf_c_m1a2.pbo - RedHammerStudios.0.5.6.6801.r4479
 7:29:11 C:\3rdID_Server2\Server2\@RHSUSAF\addons\rhsusf_c_m252.pbo - RedHammerStudios.0.5.2.5935.r3969
 7:29:11 C:\3rdID_Server2\Server2\@RHSUSAF\addons\rhsusf_c_markvsoc.pbo - RedHammerStudios.0.5.5.6666.r4397
 7:29:11 C:\3rdID_Server2\Server2\@RHSUSAF\addons\rhsusf_c_matv.pbo - RedHammerStudios.0.5.6.6813.r4486
 7:29:11 C:\3rdID_Server2\Server2\@RHSUSAF\addons\rhsusf_c_melb.pbo - RedHammerStudios.0.5.6.6813.r4486
 7:29:11 C:\3rdID_Server2\Server2\@RHSUSAF\addons\rhsusf_c_mrzr.pbo - RedHammerStudios.0.5.6.6813.r4486
 7:29:11 C:\3rdID_Server2\Server2\@RHSUSAF\addons\rhsusf_c_mtvr.pbo - RedHammerStudios.0.5.2.5935.r3969
 7:29:11 C:\3rdID_Server2\Server2\@RHSUSAF\addons\rhsusf_c_props.pbo - RedHammerStudios.0.5.3.6302.r4215
 7:29:11 C:\3rdID_Server2\Server2\@RHSUSAF\addons\rhsusf_c_radio.pbo - RedHammerStudios.0.5.2.5924.r3960
 7:29:11 C:\3rdID_Server2\Server2\@RHSUSAF\addons\rhsusf_c_rg33.pbo - RedHammerStudios.0.5.6.6813.r4486
 7:29:11 C:\3rdID_Server2\Server2\@RHSUSAF\addons\rhsusf_c_rg33l.pbo - RedHammerStudios.0.5.6.6813.r4486
 7:29:11 C:\3rdID_Server2\Server2\@RHSUSAF\addons\rhsusf_c_socomauv.pbo - RedHammerStudios.0.5.6.6813.r4486
 7:29:11 C:\3rdID_Server2\Server2\@RHSUSAF\addons\rhsusf_c_statics.pbo - RedHammerStudios.0.5.5.6697.r4418
 7:29:11 C:\3rdID_Server2\Server2\@RHSUSAF\addons\rhsusf_c_stryker.pbo - RedHammerStudios.0.5.6.6813.r4486
 7:29:11 C:\3rdID_Server2\Server2\@RHSUSAF\addons\rhsusf_c_troops.pbo - RedHammerStudios.0.5.6.6785.r4467
 7:29:11 C:\3rdID_Server2\Server2\@RHSUSAF\addons\rhsusf_c_uav.pbo - RedHammerStudios.0.5.2.5937.r3970
 7:29:11 C:\3rdID_Server2\Server2\@RHSUSAF\addons\rhsusf_c_vehiclesounds.pbo - RedHammerStudios.0.5.1.5659.r3805
 7:29:11 C:\3rdID_Server2\Server2\@RHSUSAF\addons\rhsusf_c_weapons.pbo - RedHammerStudios.0.5.6.6810.r4484
 7:29:11 C:\3rdID_Server2\Server2\@RHSUSAF\addons\rhsusf_c_weaponsounds.pbo - RedHammerStudios.0.5.2.5935.r3969
 7:29:11 C:\3rdID_Server2\Server2\@RHSUSAF\addons\rhsusf_decals.pbo - RedHammerStudios.0.5.3.6224.r4167
 7:29:11 C:\3rdID_Server2\Server2\@RHSUSAF\addons\rhsusf_dve.pbo - RedHammerStudios.0.5.1.5787.r3863
 7:29:11 C:\3rdID_Server2\Server2\@RHSUSAF\addons\rhsusf_editorpreviews.pbo - RedHammerStudios.0.5.6.6812.r4485
 7:29:11 C:\3rdID_Server2\Server2\@RHSUSAF\addons\rhsusf_f22.pbo - RedHammerStudios.0.5.1.5659.r3805
 7:29:11 C:\3rdID_Server2\Server2\@RHSUSAF\addons\rhsusf_fmtv.pbo - RedHammerStudios.0.5.5.6434.r4295
 7:29:11 C:\3rdID_Server2\Server2\@RHSUSAF\addons\rhsusf_heavyweapons.pbo - RedHammerStudios.0.5.5.6697.r4418
 7:29:11 C:\3rdID_Server2\Server2\@RHSUSAF\addons\rhsusf_hemtt_a2.pbo - RedHammerStudios.0.5.1.5659.r3805
 7:29:11 C:\3rdID_Server2\Server2\@RHSUSAF\addons\rhsusf_hemtt_a4.pbo - RedHammerStudios.0.5.3.6354.r4241
 7:29:11 C:\3rdID_Server2\Server2\@RHSUSAF\addons\rhsusf_himars.pbo - RedHammerStudios.0.5.1.5822.r3882
 7:29:11 C:\3rdID_Server2\Server2\@RHSUSAF\addons\rhsusf_hmmwv.pbo - RedHammerStudios.0.5.5.6735.r4448
 7:29:11 C:\3rdID_Server2\Server2\@RHSUSAF\addons\rhsusf_infantry.pbo - RedHammerStudios.0.5.5.6588.r4377
 7:29:11 C:\3rdID_Server2\Server2\@RHSUSAF\addons\rhsusf_infantry2.pbo - RedHammerStudios.0.5.5.6678.r4404
 7:29:11 C:\3rdID_Server2\Server2\@RHSUSAF\addons\rhsusf_infantry3.pbo - RedHammerStudios.0.5.1.5874.r3920
 7:29:11 C:\3rdID_Server2\Server2\@RHSUSAF\addons\rhsusf_inventoryicons.pbo - RedHammerStudios.0.5.5.6741.r4451
 7:29:11 C:\3rdID_Server2\Server2\@RHSUSAF\addons\rhsusf_m109.pbo - RedHammerStudios.0.5.1.5822.r3882
 7:29:11 C:\3rdID_Server2\Server2\@RHSUSAF\addons\rhsusf_m1117.pbo - RedHammerStudios.0.5.1.5730.r3840
 7:29:11 C:\3rdID_Server2\Server2\@RHSUSAF\addons\rhsusf_m113.pbo - RedHammerStudios.0.5.4.6412.r4280
 7:29:11 C:\3rdID_Server2\Server2\@RHSUSAF\addons\rhsusf_m1165.pbo - RedHammerStudios.0.5.6.6784.r4466
 7:29:11 C:\3rdID_Server2\Server2\@RHSUSAF\addons\rhsusf_m11xx.pbo - RedHammerStudios.0.5.5.6735.r4448
 7:29:11 C:\3rdID_Server2\Server2\@RHSUSAF\addons\rhsusf_m1a1.pbo - RedHammerStudios.0.5.5.6698.r4419
 7:29:11 C:\3rdID_Server2\Server2\@RHSUSAF\addons\rhsusf_m1a2.pbo - RedHammerStudios.0.5.6.6806.r4482
 7:29:11 C:\3rdID_Server2\Server2\@RHSUSAF\addons\rhsusf_m252.pbo - RedHammerStudios.0.5.1.5659.r3805
 7:29:11 C:\3rdID_Server2\Server2\@RHSUSAF\addons\rhsusf_main.pbo - RedHammerStudios.0.5.6.6813.r4486
 7:29:11 C:\3rdID_Server2\Server2\@RHSUSAF\addons\rhsusf_markvsoc.pbo - RedHammerStudios.0.5.1.5659.r3805
 7:29:11 C:\3rdID_Server2\Server2\@RHSUSAF\addons\rhsusf_matv.pbo - RedHammerStudios.0.5.5.6744.r4453
 7:29:11 C:\3rdID_Server2\Server2\@RHSUSAF\addons\rhsusf_melb.pbo - RedHammerStudios.0.5.5.6444.r4303
 7:29:11 C:\3rdID_Server2\Server2\@RHSUSAF\addons\rhsusf_mrzr.pbo - RedHammerStudios.0.5.5.6712.r4431
 7:29:11 C:\3rdID_Server2\Server2\@RHSUSAF\addons\rhsusf_mtvr.pbo - RedHammerStudios.0.5.1.5659.r3805
 7:29:11 C:\3rdID_Server2\Server2\@RHSUSAF\addons\rhsusf_mtvr_tx.pbo - RedHammerStudios.0.5.1.5659.r3805
 7:29:11 C:\3rdID_Server2\Server2\@RHSUSAF\addons\rhsusf_muzzleflash.pbo - RedHammerStudios.0.5.5.6613.r4381
 7:29:11 C:\3rdID_Server2\Server2\@RHSUSAF\addons\rhsusf_optics.pbo - RedHammerStudios.0.5.6.6781.r4465
 7:29:11 C:\3rdID_Server2\Server2\@RHSUSAF\addons\rhsusf_props.pbo - RedHammerStudios.0.5.3.6377.r4259
 7:29:11 C:\3rdID_Server2\Server2\@RHSUSAF\addons\rhsusf_radio.pbo - RedHammerStudios.0.5.1.5659.r3805
 7:29:11 C:\3rdID_Server2\Server2\@RHSUSAF\addons\rhsusf_rg33.pbo - RedHammerStudios.0.5.6.6781.r4465
 7:29:11 C:\3rdID_Server2\Server2\@RHSUSAF\addons\rhsusf_rg33l.pbo - RedHammerStudios.0.5.5.6504.r4343
 7:29:11 C:\3rdID_Server2\Server2\@RHSUSAF\addons\rhsusf_scopes.pbo - RedHammerStudios.0.5.5.6662.r4396
 7:29:11 C:\3rdID_Server2\Server2\@RHSUSAF\addons\rhsusf_socomauv.pbo - RedHammerStudios.0.5.5.6504.r4343
 7:29:11 C:\3rdID_Server2\Server2\@RHSUSAF\addons\rhsusf_sounds.pbo - RedHammerStudios.0.5.5.6684.r4407
 7:29:11 C:\3rdID_Server2\Server2\@RHSUSAF\addons\rhsusf_stryker.pbo - RedHammerStudios.0.5.6.6781.r4465
 7:29:11 C:\3rdID_Server2\Server2\@RHSUSAF\addons\rhsusf_s_radio.pbo - RedHammerStudios.0.5.1.5659.r3805
 7:29:11 C:\3rdID_Server2\Server2\@RHSUSAF\addons\rhsusf_s_vehiclesounds.pbo - RedHammerStudios.0.5.1.5659.r3805
 7:29:11 C:\3rdID_Server2\Server2\@RHSUSAF\addons\rhsusf_s_weaponsounds.pbo - RedHammerStudios.0.5.1.5659.r3805
 7:29:11 C:\3rdID_Server2\Server2\@RHSUSAF\addons\rhsusf_uav.pbo - RedHammerStudios.0.5.1.5659.r3805
 7:29:11 C:\3rdID_Server2\Server2\@RHSUSAF\addons\rhsusf_weapons.pbo - RedHammerStudios.0.5.6.6781.r4465
 7:29:11 C:\3rdID_Server2\Server2\@RHSUSAF\addons\rhsusf_weapons2.pbo - RedHammerStudios.0.5.5.6720.r4437
 7:29:11 C:\3rdID_Server2\Server2\@RHSUSAF\addons\rhsusf_weapons3.pbo - RedHammerStudios.0.5.6.6798.r4477
 7:29:11 C:\3rdID_Server2\Server2\@RHSUSAF\addons\rhsusf_weapon_sounds.pbo - RedHammerStudios.0.5.2.5935.r3969
 7:29:11 C:\3rdID_Server2\Server2\@RHSUSAF\addons\rhsusf_xmas.pbo - RedHammerStudios.0.5.1.5659.r3805
 7:29:11 C:\3rdID_Server2\Server2\@RHSSAF\addons\rhssaf_backpacks.pbo - RedHammerStudios.0.5.5.2127.r640
 7:29:11 C:\3rdID_Server2\Server2\@RHSSAF\addons\rhssaf_binoculars.pbo - RedHammerStudios.0.5.5.2127.r640
 7:29:11 C:\3rdID_Server2\Server2\@RHSSAF\addons\rhssaf_c_gear.pbo - RedHammerStudios.0.5.5.2127.r640
 7:29:11 C:\3rdID_Server2\Server2\@RHSSAF\addons\rhssaf_c_troops.pbo - RedHammerStudios.0.5.5.2127.r640
 7:29:11 C:\3rdID_Server2\Server2\@RHSSAF\addons\rhssaf_c_vehicles.pbo - RedHammerStudios.0.5.5.2131.r642
 7:29:11 C:\3rdID_Server2\Server2\@RHSSAF\addons\rhssaf_c_weapons.pbo - RedHammerStudios.0.5.6.2298.r646
 7:29:11 C:\3rdID_Server2\Server2\@RHSSAF\addons\rhssaf_editorpreviews.pbo - RedHammerStudios.0.5.5.2131.r642
 7:29:11 C:\3rdID_Server2\Server2\@RHSSAF\addons\rhssaf_inventoryicons.pbo - RedHammerStudios.0.5.5.2252.r643
 7:29:11 C:\3rdID_Server2\Server2\@RHSSAF\addons\rhssaf_main.pbo - RedHammerStudios.0.5.5.2127.r640
 7:29:11 C:\3rdID_Server2\Server2\@RHSSAF\addons\rhssaf_muzzleflash.pbo - RedHammerStudios.0.5.5.2127.r640
 7:29:11 C:\3rdID_Server2\Server2\@RHSSAF\addons\rhssaf_m_explosives.pbo - RedHammerStudios.0.5.5.2127.r640
 7:29:11 C:\3rdID_Server2\Server2\@RHSSAF\addons\rhssaf_m_headgear_beret.pbo - RedHammerStudios.0.5.5.2127.r640
 7:29:11 C:\3rdID_Server2\Server2\@RHSSAF\addons\rhssaf_m_headgear_m59.pbo - RedHammerStudios.0.5.5.2127.r640
 7:29:11 C:\3rdID_Server2\Server2\@RHSSAF\addons\rhssaf_m_headgear_m97.pbo - RedHammerStudios.0.5.5.2127.r640
 7:29:11 C:\3rdID_Server2\Server2\@RHSSAF\addons\rhssaf_m_headgear_veil.pbo - RedHammerStudios.0.5.5.2127.r640
 7:29:11 C:\3rdID_Server2\Server2\@RHSSAF\addons\rhssaf_m_uniform_m10.pbo - RedHammerStudios.0.5.5.2127.r640
 7:29:11 C:\3rdID_Server2\Server2\@RHSSAF\addons\rhssaf_m_uniform_m93.pbo - RedHammerStudios.0.5.5.2127.r640
 7:29:11 C:\3rdID_Server2\Server2\@RHSSAF\addons\rhssaf_m_uniform_mdt.pbo - RedHammerStudios.0.5.5.2127.r640
 7:29:11 C:\3rdID_Server2\Server2\@RHSSAF\addons\rhssaf_m_uniform_pilot.pbo - RedHammerStudios.0.5.5.2127.r640
 7:29:11 C:\3rdID_Server2\Server2\@RHSSAF\addons\rhssaf_m_vest_m12.pbo - RedHammerStudios.0.5.5.2127.r640
 7:29:11 C:\3rdID_Server2\Server2\@RHSSAF\addons\rhssaf_m_vest_m98.pbo - RedHammerStudios.0.5.5.2127.r640
 7:29:11 C:\3rdID_Server2\Server2\@RHSSAF\addons\rhssaf_m_vest_m99.pbo - RedHammerStudios.0.5.5.2127.r640
 7:29:11 C:\3rdID_Server2\Server2\@RHSSAF\addons\rhssaf_m_weapon_cz99.pbo - RedHammerStudios.0.5.5.2127.r640
 7:29:11 C:\3rdID_Server2\Server2\@RHSSAF\addons\rhssaf_m_weapon_g36.pbo - RedHammerStudios.0.5.5.2127.r640
 7:29:11 C:\3rdID_Server2\Server2\@RHSSAF\addons\rhssaf_m_weapon_m21.pbo - RedHammerStudios.0.5.5.2127.r640
 7:29:11 C:\3rdID_Server2\Server2\@RHSSAF\addons\rhssaf_m_weapon_m70.pbo - RedHammerStudios.0.5.5.2127.r640
 7:29:11 C:\3rdID_Server2\Server2\@RHSSAF\addons\rhssaf_m_weapon_m70c.pbo - RedHammerStudios.0.5.5.2127.r640
 7:29:11 C:\3rdID_Server2\Server2\@RHSSAF\addons\rhssaf_m_weapon_m76.pbo - RedHammerStudios.0.5.5.2127.r640
 7:29:11 C:\3rdID_Server2\Server2\@RHSSAF\addons\rhssaf_m_weapon_m80.pbo - RedHammerStudios.0.5.5.2127.r640
 7:29:11 C:\3rdID_Server2\Server2\@RHSSAF\addons\rhssaf_m_weapon_m84.pbo - RedHammerStudios.0.5.5.2127.r640
 7:29:11 C:\3rdID_Server2\Server2\@RHSSAF\addons\rhssaf_m_weapon_m92.pbo - RedHammerStudios.0.5.5.2127.r640
 7:29:11 C:\3rdID_Server2\Server2\@RHSSAF\addons\rhssaf_m_weapon_scar.pbo - RedHammerStudios.0.5.5.2127.r640
 7:29:11 C:\3rdID_Server2\Server2\@RHSSAF\addons\rhssaf_m_weapon_scorpion.pbo - RedHammerStudios.0.5.5.2127.r640
 7:29:11 C:\3rdID_Server2\Server2\@RHSSAF\addons\rhssaf_sounds.pbo - RedHammerStudios.0.5.5.2127.r640
 7:29:11 C:\3rdID_Server2\Server2\@RHSSAF\addons\rhssaf_t_explosives.pbo - RedHammerStudios.0.5.5.2127.r640
 7:29:11 C:\3rdID_Server2\Server2\@RHSSAF\addons\rhssaf_t_gear_a3.pbo - RedHammerStudios.0.5.5.2127.r640
 7:29:11 C:\3rdID_Server2\Server2\@RHSSAF\addons\rhssaf_t_headgear_beret.pbo - RedHammerStudios.0.5.5.2127.r640
 7:29:11 C:\3rdID_Server2\Server2\@RHSSAF\addons\rhssaf_t_headgear_m59.pbo - RedHammerStudios.0.5.5.2127.r640
 7:29:11 C:\3rdID_Server2\Server2\@RHSSAF\addons\rhssaf_t_headgear_m97.pbo - RedHammerStudios.0.5.5.2127.r640
 7:29:11 C:\3rdID_Server2\Server2\@RHSSAF\addons\rhssaf_t_headgear_ret.pbo - RedHammerStudios.0.5.5.2127.r640
 7:29:11 C:\3rdID_Server2\Server2\@RHSSAF\addons\rhssaf_t_headgear_veil.pbo - RedHammerStudios.0.5.5.2127.r640
 7:29:11 C:\3rdID_Server2\Server2\@RHSSAF\addons\rhssaf_t_uniform_m10.pbo - RedHammerStudios.0.5.5.2127.r640
 7:29:11 C:\3rdID_Server2\Server2\@RHSSAF\addons\rhssaf_t_uniform_m93.pbo - RedHammerStudios.0.5.5.2127.r640
 7:29:11 C:\3rdID_Server2\Server2\@RHSSAF\addons\rhssaf_t_uniform_mdt.pbo - RedHammerStudios.0.5.5.2127.r640
 7:29:11 C:\3rdID_Server2\Server2\@RHSSAF\addons\rhssaf_t_uniform_pilot.pbo - RedHammerStudios.0.5.5.2127.r640
 7:29:11 C:\3rdID_Server2\Server2\@RHSSAF\addons\rhssaf_t_vehicle_ret.pbo - RedHammerStudios.0.5.5.2127.r640
 7:29:11 C:\3rdID_Server2\Server2\@RHSSAF\addons\rhssaf_t_vest_m12.pbo - RedHammerStudios.0.5.5.2127.r640
 7:29:11 C:\3rdID_Server2\Server2\@RHSSAF\addons\rhssaf_t_vest_m98.pbo - RedHammerStudios.0.5.5.2127.r640
 7:29:11 C:\3rdID_Server2\Server2\@RHSSAF\addons\rhssaf_t_vest_m99.pbo - RedHammerStudios.0.5.5.2127.r640
 7:29:11 C:\3rdID_Server2\Server2\@RHSSAF\addons\rhssaf_t_weapon_cz99.pbo - RedHammerStudios.0.5.5.2127.r640
 7:29:11 C:\3rdID_Server2\Server2\@RHSSAF\addons\rhssaf_t_weapon_g36.pbo - RedHammerStudios.0.5.5.2127.r640
 7:29:11 C:\3rdID_Server2\Server2\@RHSSAF\addons\rhssaf_t_weapon_m21.pbo - RedHammerStudios.0.5.5.2127.r640
 7:29:11 C:\3rdID_Server2\Server2\@RHSSAF\addons\rhssaf_t_weapon_m70.pbo - RedHammerStudios.0.5.5.2127.r640
 7:29:11 C:\3rdID_Server2\Server2\@RHSSAF\addons\rhssaf_t_weapon_m70c.pbo - RedHammerStudios.0.5.5.2127.r640
 7:29:11 C:\3rdID_Server2\Server2\@RHSSAF\addons\rhssaf_t_weapon_m76.pbo - RedHammerStudios.0.5.5.2127.r640
 7:29:11 C:\3rdID_Server2\Server2\@RHSSAF\addons\rhssaf_t_weapon_m80.pbo - RedHammerStudios.0.5.5.2127.r640
 7:29:11 C:\3rdID_Server2\Server2\@RHSSAF\addons\rhssaf_t_weapon_m84.pbo - RedHammerStudios.0.5.5.2127.r640
 7:29:11 C:\3rdID_Server2\Server2\@RHSSAF\addons\rhssaf_t_weapon_m92.pbo - RedHammerStudios.0.5.5.2127.r640
 7:29:11 C:\3rdID_Server2\Server2\@RHSSAF\addons\rhssaf_t_weapon_scar.pbo - RedHammerStudios.0.5.5.2127.r640
 7:29:11 C:\3rdID_Server2\Server2\@RHSSAF\addons\rhssaf_t_weapon_scorpion.pbo - RedHammerStudios.0.5.5.2127.r640
 7:29:11 C:\3rdID_Server2\Server2\@RHSGREF\addons\rhsgref_a29.pbo - RedHammerStudios.0.5.3.2870.r1228
 7:29:11 C:\3rdID_Server2\Server2\@RHSGREF\addons\rhsgref_a2port_armor.pbo - RedHammerStudios.0.5.5.3182.r1284
 7:29:11 C:\3rdID_Server2\Server2\@RHSGREF\addons\rhsgref_air.pbo - RedHammerStudios.0.5.3.2873.r1230
 7:29:11 C:\3rdID_Server2\Server2\@RHSGREF\addons\rhsgref_airweapons.pbo - RedHammerStudios.0.5.1.2642.r1195
 7:29:11 C:\3rdID_Server2\Server2\@RHSGREF\addons\rhsgref_canoe.pbo - RedHammerStudios.0.5.1.2642.r1195
 7:29:11 C:\3rdID_Server2\Server2\@RHSGREF\addons\rhsgref_c_a29.pbo - RedHammerStudios.0.5.6.3213.r1294
 7:29:11 C:\3rdID_Server2\Server2\@RHSGREF\addons\rhsgref_c_a2port_armor.pbo - RedHammerStudios.0.5.6.3213.r1294
 7:29:11 C:\3rdID_Server2\Server2\@RHSGREF\addons\rhsgref_c_air.pbo - RedHammerStudios.0.5.6.3213.r1294
 7:29:11 C:\3rdID_Server2\Server2\@RHSGREF\addons\rhsgref_c_airweapons.pbo - RedHammerStudios.0.5.6.3207.r1291
 7:29:11 C:\3rdID_Server2\Server2\@RHSGREF\addons\rhsgref_c_canoe.pbo - RedHammerStudios.0.5.1.2642.r1195
 7:29:11 C:\3rdID_Server2\Server2\@RHSGREF\addons\rhsgref_c_radar.pbo - RedHammerStudios.0.5.1.2642.r1195
 7:29:11 C:\3rdID_Server2\Server2\@RHSGREF\addons\rhsgref_c_radio.pbo - RedHammerStudios.0.5.2.2777.r1218
 7:29:11 C:\3rdID_Server2\Server2\@RHSGREF\addons\rhsgref_c_tohport_air.pbo - RedHammerStudios.0.5.3.2892.r1232
 7:29:11 C:\3rdID_Server2\Server2\@RHSGREF\addons\rhsgref_c_troops.pbo - RedHammerStudios.0.5.6.3199.r1289
 7:29:11 C:\3rdID_Server2\Server2\@RHSGREF\addons\rhsgref_c_vehicles_ret.pbo - RedHammerStudios.0.5.6.3213.r1294
 7:29:11 C:\3rdID_Server2\Server2\@RHSGREF\addons\rhsgref_c_weapons.pbo - RedHammerStudios.0.5.6.3207.r1291
 7:29:11 C:\3rdID_Server2\Server2\@RHSGREF\addons\rhsgref_editorpreviews.pbo - RedHammerStudios.0.5.6.3212.r1293
 7:29:11 C:\3rdID_Server2\Server2\@RHSGREF\addons\rhsgref_infantry.pbo - RedHammerStudios.0.5.5.3002.r1260
 7:29:11 C:\3rdID_Server2\Server2\@RHSGREF\addons\rhsgref_inventoryicons.pbo - RedHammerStudios.0.5.5.3177.r1283
 7:29:11 C:\3rdID_Server2\Server2\@RHSGREF\addons\rhsgref_main.pbo - RedHammerStudios.0.5.5.3149.r1275
 7:29:11 C:\3rdID_Server2\Server2\@RHSGREF\addons\rhsgref_muzzleflash.pbo - RedHammerStudios.0.5.3.2909.r1238
 7:29:11 C:\3rdID_Server2\Server2\@RHSGREF\addons\rhsgref_radar.pbo - RedHammerStudios.0.5.1.2642.r1195
 7:29:11 C:\3rdID_Server2\Server2\@RHSGREF\addons\rhsgref_sounds.pbo - RedHammerStudios.0.5.1.2642.r1195
 7:29:11 C:\3rdID_Server2\Server2\@RHSGREF\addons\rhsgref_s_radio.pbo - RedHammerStudios.0.5.1.2642.r1195
 7:29:11 C:\3rdID_Server2\Server2\@RHSGREF\addons\rhsgref_tohport_air.pbo - RedHammerStudios.0.5.3.2873.r1230
 7:29:11 C:\3rdID_Server2\Server2\@RHSGREF\addons\rhsgref_vehicles_ret.pbo - RedHammerStudios.0.5.6.3208.r1292
 7:29:11 C:\3rdID_Server2\Server2\@RHSGREF\addons\rhsgref_weapons.pbo - RedHammerStudios.0.5.3.2888.r1231
 7:29:11 C:\3rdID_Server2\Server2\@RHSGREF\addons\rhsgref_weapons2.pbo - RedHammerStudios.0.5.5.3139.r1273
 7:29:11 C:\3rdID_Server2\Server2\@RHSGREF\addons\rhsgref_weapons3.pbo - RedHammerStudios.0.5.5.3152.r1277
 7:29:11 C:\3rdID_Server2\Server2\@RHSGREF\addons\rhsgref_weapon_sounds.pbo - RedHammerStudios.0.5.2.2777.r1218
 7:29:11 C:\3rdID_Server2\Server2\@RHSAFRF\addons\rhs_2s1.pbo - RedHammerStudios.0.5.6.6510.r4593
 7:29:11 C:\3rdID_Server2\Server2\@RHSAFRF\addons\rhs_2s3.pbo - RedHammerStudios.0.5.6.6500.r4587
 7:29:11 C:\3rdID_Server2\Server2\@RHSAFRF\addons\rhs_2s3_camo.pbo - RedHammerStudios.0.5.1.5533.r4092
 7:29:11 C:\3rdID_Server2\Server2\@RHSAFRF\addons\rhs_a2port_air.pbo - RedHammerStudios.0.5.6.6533.r4609
 7:29:11 C:\3rdID_Server2\Server2\@RHSAFRF\addons\rhs_a2port_armor.pbo - RedHammerStudios.0.5.5.6370.r4494
 7:29:11 C:\3rdID_Server2\Server2\@RHSAFRF\addons\rhs_a2port_armor_camo.pbo - RedHammerStudios.0.5.1.5533.r4092
 7:29:11 C:\3rdID_Server2\Server2\@RHSAFRF\addons\rhs_a2port_car.pbo - RedHammerStudios.0.5.6.6544.r4619
 7:29:11 C:\3rdID_Server2\Server2\@RHSAFRF\addons\rhs_a2port_car_camo.pbo - RedHammerStudios.0.5.1.5533.r4092
 7:29:11 C:\3rdID_Server2\Server2\@RHSAFRF\addons\rhs_a3retex.pbo - RedHammerStudios.0.5.1.5533.r4092
 7:29:11 C:\3rdID_Server2\Server2\@RHSAFRF\addons\rhs_accessory.pbo - RedHammerStudios.0.5.3.5882.r4217
 7:29:11 C:\3rdID_Server2\Server2\@RHSAFRF\addons\rhs_air.pbo - RedHammerStudios.0.5.2.5710.r4150
 7:29:11 C:\3rdID_Server2\Server2\@RHSAFRF\addons\rhs_airweapons.pbo - RedHammerStudios.0.5.1.5533.r4092
 7:29:11 C:\3rdID_Server2\Server2\@RHSAFRF\addons\rhs_aps.pbo - RedHammerStudios.0.5.2.5719.r4156
 7:29:11 C:\3rdID_Server2\Server2\@RHSAFRF\addons\rhs_bmd.pbo - RedHammerStudios.0.5.5.6450.r4547
 7:29:11 C:\3rdID_Server2\Server2\@RHSAFRF\addons\rhs_bmd_34.pbo - RedHammerStudios.0.5.2.5711.r4151
 7:29:11 C:\3rdID_Server2\Server2\@RHSAFRF\addons\rhs_bmd_camo.pbo - RedHammerStudios.0.5.1.5533.r4092
 7:29:11 C:\3rdID_Server2\Server2\@RHSAFRF\addons\rhs_bmk_t.pbo - RedHammerStudios.0.5.5.6062.r4320
 7:29:11 C:\3rdID_Server2\Server2\@RHSAFRF\addons\rhs_bmp.pbo - RedHammerStudios.0.5.6.6487.r4577
 7:29:11 C:\3rdID_Server2\Server2\@RHSAFRF\addons\rhs_bmp3.pbo - RedHammerStudios.0.5.2.5722.r4158
 7:29:11 C:\3rdID_Server2\Server2\@RHSAFRF\addons\rhs_bmp3_camo.pbo - RedHammerStudios.0.5.1.5533.r4092
 7:29:11 C:\3rdID_Server2\Server2\@RHSAFRF\addons\rhs_bmp_camo.pbo - RedHammerStudios.0.5.1.5533.r4092
 7:29:11 C:\3rdID_Server2\Server2\@RHSAFRF\addons\rhs_btr70.pbo - RedHammerStudios.0.5.5.6370.r4494
 7:29:11 C:\3rdID_Server2\Server2\@RHSAFRF\addons\rhs_btr70_camo.pbo - RedHammerStudios.0.5.1.5533.r4092
 7:29:11 C:\3rdID_Server2\Server2\@RHSAFRF\addons\rhs_btr80.pbo - RedHammerStudios.0.5.6.6546.r4620
 7:29:11 C:\3rdID_Server2\Server2\@RHSAFRF\addons\rhs_btr80_camo.pbo - RedHammerStudios.0.5.3.5944.r4236
 7:29:11 C:\3rdID_Server2\Server2\@RHSAFRF\addons\rhs_c_2s1.pbo - RedHammerStudios.0.5.6.6542.r4618
 7:29:11 C:\3rdID_Server2\Server2\@RHSAFRF\addons\rhs_c_2s3.pbo - RedHammerStudios.0.5.6.6542.r4618
 7:29:11 C:\3rdID_Server2\Server2\@RHSAFRF\addons\rhs_c_a2port_air.pbo - RedHammerStudios.0.5.6.6542.r4618
 7:29:11 C:\3rdID_Server2\Server2\@RHSAFRF\addons\rhs_c_a2port_armor.pbo - RedHammerStudios.0.5.6.6542.r4618
 7:29:11 C:\3rdID_Server2\Server2\@RHSAFRF\addons\rhs_c_a2port_car.pbo - RedHammerStudios.0.5.6.6544.r4619
 7:29:11 C:\3rdID_Server2\Server2\@RHSAFRF\addons\rhs_c_a3retex.pbo - RedHammerStudios.0.5.1.5533.r4092
 7:29:11 C:\3rdID_Server2\Server2\@RHSAFRF\addons\rhs_c_air.pbo - RedHammerStudios.0.5.6.6542.r4618
 7:29:11 C:\3rdID_Server2\Server2\@RHSAFRF\addons\rhs_c_airweapons.pbo - RedHammerStudios.0.5.6.6529.r4607
 7:29:11 C:\3rdID_Server2\Server2\@RHSAFRF\addons\rhs_c_bmd.pbo - RedHammerStudios.0.5.6.6542.r4618
 7:29:11 C:\3rdID_Server2\Server2\@RHSAFRF\addons\rhs_c_bmd_camo.pbo - RedHammerStudios.0.5.1.5533.r4092
 7:29:11 C:\3rdID_Server2\Server2\@RHSAFRF\addons\rhs_c_bmk_t.pbo - RedHammerStudios.0.5.6.6540.r4615
 7:29:11 C:\3rdID_Server2\Server2\@RHSAFRF\addons\rhs_c_bmp.pbo - RedHammerStudios.0.5.6.6542.r4618
 7:29:11 C:\3rdID_Server2\Server2\@RHSAFRF\addons\rhs_c_bmp3.pbo - RedHammerStudios.0.5.6.6542.r4618
 7:29:11 C:\3rdID_Server2\Server2\@RHSAFRF\addons\rhs_c_btr.pbo - RedHammerStudios.0.5.6.6542.r4618
 7:29:11 C:\3rdID_Server2\Server2\@RHSAFRF\addons\rhs_c_btr70_camo.pbo - RedHammerStudios.0.5.1.5533.r4092
 7:29:11 C:\3rdID_Server2\Server2\@RHSAFRF\addons\rhs_c_cars.pbo - RedHammerStudios.0.5.6.6542.r4618
 7:29:11 C:\3rdID_Server2\Server2\@RHSAFRF\addons\rhs_c_cti_indep.pbo - RedHammerStudios.0.5.1.5707.r4148
 7:29:11 C:\3rdID_Server2\Server2\@RHSAFRF\addons\rhs_c_heavyweapons.pbo - RedHammerStudios.0.5.6.6547.r4621
 7:29:11 C:\3rdID_Server2\Server2\@RHSAFRF\addons\rhs_c_identity.pbo - RedHammerStudios.0.5.5.6002.r4269
 7:29:11 C:\3rdID_Server2\Server2\@RHSAFRF\addons\rhs_c_kamaz.pbo - RedHammerStudios.0.5.6.6542.r4618
 7:29:11 C:\3rdID_Server2\Server2\@RHSAFRF\addons\rhs_c_kraz255.pbo - RedHammerStudios.0.5.6.6544.r4619
 7:29:11 C:\3rdID_Server2\Server2\@RHSAFRF\addons\rhs_c_mi28.pbo - RedHammerStudios.0.5.6.6542.r4618
 7:29:11 C:\3rdID_Server2\Server2\@RHSAFRF\addons\rhs_c_mig29.pbo - RedHammerStudios.0.5.6.6542.r4618
 7:29:11 C:\3rdID_Server2\Server2\@RHSAFRF\addons\rhs_c_pontoon.pbo - RedHammerStudios.0.5.6.6540.r4615
 7:29:11 C:\3rdID_Server2\Server2\@RHSAFRF\addons\rhs_c_pts.pbo - RedHammerStudios.0.5.6.6542.r4618
 7:29:11 C:\3rdID_Server2\Server2\@RHSAFRF\addons\rhs_c_radars.pbo - RedHammerStudios.0.5.3.5759.r4174
 7:29:11 C:\3rdID_Server2\Server2\@RHSAFRF\addons\rhs_c_radio.pbo - RedHammerStudios.0.5.5.6451.r4548
 7:29:11 C:\3rdID_Server2\Server2\@RHSAFRF\addons\rhs_c_rva.pbo - RedHammerStudios.0.5.6.6542.r4618
 7:29:11 C:\3rdID_Server2\Server2\@RHSAFRF\addons\rhs_c_sprut.pbo - RedHammerStudios.0.5.6.6542.r4618
 7:29:11 C:\3rdID_Server2\Server2\@RHSAFRF\addons\rhs_c_t14.pbo - RedHammerStudios.0.5.6.6542.r4618
 7:29:11 C:\3rdID_Server2\Server2\@RHSAFRF\addons\rhs_c_t15.pbo - RedHammerStudios.0.5.6.6542.r4618
 7:29:11 C:\3rdID_Server2\Server2\@RHSAFRF\addons\rhs_c_t72.pbo - RedHammerStudios.0.5.6.6542.r4618
 7:29:11 C:\3rdID_Server2\Server2\@RHSAFRF\addons\rhs_c_tanks.pbo - RedHammerStudios.0.5.6.6542.r4618
 7:29:11 C:\3rdID_Server2\Server2\@RHSAFRF\addons\rhs_c_troops.pbo - RedHammerStudios.0.5.6.6550.r4624
 7:29:11 C:\3rdID_Server2\Server2\@RHSAFRF\addons\rhs_c_trucks.pbo - RedHammerStudios.0.5.6.6542.r4618
 7:29:11 C:\3rdID_Server2\Server2\@RHSAFRF\addons\rhs_c_vehiclesounds.pbo - RedHammerStudios.0.5.5.6450.r4547
 7:29:11 C:\3rdID_Server2\Server2\@RHSAFRF\addons\rhs_c_weapons.pbo - RedHammerStudios.0.5.6.6540.r4615
 7:29:11 C:\3rdID_Server2\Server2\@RHSAFRF\addons\rhs_c_weaponsounds.pbo - RedHammerStudios.0.5.5.6344.r4474
 7:29:11 C:\3rdID_Server2\Server2\@RHSAFRF\addons\rhs_c_zil131.pbo - RedHammerStudios.0.5.6.6542.r4618
 7:29:11 C:\3rdID_Server2\Server2\@RHSAFRF\addons\rhs_decals.pbo - RedHammerStudios.0.5.1.5533.r4092
 7:29:11 C:\3rdID_Server2\Server2\@RHSAFRF\addons\rhs_editorpreviews.pbo - RedHammerStudios.0.5.6.6540.r4615
 7:29:11 C:\3rdID_Server2\Server2\@RHSAFRF\addons\rhs_gaz66.pbo - RedHammerStudios.0.5.6.6526.r4606
 7:29:11 C:\3rdID_Server2\Server2\@RHSAFRF\addons\rhs_gaz66_camo.pbo - RedHammerStudios.0.5.1.5533.r4092
 7:29:11 C:\3rdID_Server2\Server2\@RHSAFRF\addons\rhs_heavyweapons.pbo - RedHammerStudios.0.5.6.6526.r4606
 7:29:11 C:\3rdID_Server2\Server2\@RHSAFRF\addons\rhs_identity.pbo - RedHammerStudios.0.5.1.5533.r4092
 7:29:11 C:\3rdID_Server2\Server2\@RHSAFRF\addons\rhs_infantry.pbo - RedHammerStudios.0.5.6.6490.r4579
 7:29:11 C:\3rdID_Server2\Server2\@RHSAFRF\addons\rhs_infantry2.pbo - RedHammerStudios.0.5.6.6514.r4597
 7:29:11 C:\3rdID_Server2\Server2\@RHSAFRF\addons\rhs_infantry3.pbo - RedHammerStudios.0.5.6.6537.r4613
 7:29:11 C:\3rdID_Server2\Server2\@RHSAFRF\addons\rhs_inventoryicons.pbo - RedHammerStudios.0.5.6.6548.r4622
 7:29:11 C:\3rdID_Server2\Server2\@RHSAFRF\addons\rhs_kamaz.pbo - RedHammerStudios.0.5.6.6535.r4611
 7:29:11 C:\3rdID_Server2\Server2\@RHSAFRF\addons\rhs_kraz255.pbo - RedHammerStudios.0.5.5.6117.r4365
 7:29:11 C:\3rdID_Server2\Server2\@RHSAFRF\addons\rhs_main.pbo - RedHammerStudios.0.5.6.6541.r4616
 7:29:11 C:\3rdID_Server2\Server2\@RHSAFRF\addons\rhs_mi28.pbo - RedHammerStudios.0.5.3.5853.r4205
 7:29:11 C:\3rdID_Server2\Server2\@RHSAFRF\addons\rhs_mig29.pbo - RedHammerStudios.0.5.2.5710.r4150
 7:29:11 C:\3rdID_Server2\Server2\@RHSAFRF\addons\rhs_missions.pbo - RedHammerStudios.0.5.5.6123.r4369
 7:29:11 C:\3rdID_Server2\Server2\@RHSAFRF\addons\rhs_mtlb.pbo - RedHammerStudios.0.5.1.5533.r4092
 7:29:11 C:\3rdID_Server2\Server2\@RHSAFRF\addons\rhs_muzzleflash.pbo - RedHammerStudios.0.5.3.5952.r4239
 7:29:11 C:\3rdID_Server2\Server2\@RHSAFRF\addons\rhs_optics.pbo - RedHammerStudios.0.5.6.6500.r4587
 7:29:11 C:\3rdID_Server2\Server2\@RHSAFRF\addons\rhs_pontoon.pbo - RedHammerStudios.0.5.5.6067.r4325
 7:29:11 C:\3rdID_Server2\Server2\@RHSAFRF\addons\rhs_props.pbo - RedHammerStudios.0.5.1.5533.r4092
 7:29:11 C:\3rdID_Server2\Server2\@RHSAFRF\addons\rhs_pts.pbo - RedHammerStudios.0.5.2.5723.r4159
 7:29:11 C:\3rdID_Server2\Server2\@RHSAFRF\addons\rhs_radars.pbo - RedHammerStudios.0.5.1.5707.r4148
 7:29:11 C:\3rdID_Server2\Server2\@RHSAFRF\addons\rhs_servicemenu.pbo - RedHammerStudios.0.5.1.5533.r4092
 7:29:11 C:\3rdID_Server2\Server2\@RHSAFRF\addons\rhs_sounds.pbo - RedHammerStudios.0.5.6.6500.r4587
 7:29:11 C:\3rdID_Server2\Server2\@RHSAFRF\addons\rhs_sprut.pbo - RedHammerStudios.0.5.1.5533.r4092
 7:29:11 C:\3rdID_Server2\Server2\@RHSAFRF\addons\rhs_ss21.pbo - RedHammerStudios.0.5.1.5533.r4092
 7:29:11 C:\3rdID_Server2\Server2\@RHSAFRF\addons\rhs_ss21_camo.pbo - RedHammerStudios.0.5.1.5533.r4092
 7:29:11 C:\3rdID_Server2\Server2\@RHSAFRF\addons\rhs_s_radio.pbo - RedHammerStudios.0.5.1.5533.r4092
 7:29:11 C:\3rdID_Server2\Server2\@RHSAFRF\addons\rhs_s_weaponsounds.pbo - RedHammerStudios.0.5.1.5533.r4092
 7:29:11 C:\3rdID_Server2\Server2\@RHSAFRF\addons\rhs_t14.pbo - RedHammerStudios.0.5.1.5533.r4092
 7:29:11 C:\3rdID_Server2\Server2\@RHSAFRF\addons\rhs_t15.pbo - RedHammerStudios.0.5.5.6470.r4565
 7:29:11 C:\3rdID_Server2\Server2\@RHSAFRF\addons\rhs_t72.pbo - RedHammerStudios.0.5.5.6283.r4450
 7:29:11 C:\3rdID_Server2\Server2\@RHSAFRF\addons\rhs_t72_camo.pbo - RedHammerStudios.0.5.1.5533.r4092
 7:29:11 C:\3rdID_Server2\Server2\@RHSAFRF\addons\rhs_t80.pbo - RedHammerStudios.0.5.5.6226.r4433
 7:29:11 C:\3rdID_Server2\Server2\@RHSAFRF\addons\rhs_t80u.pbo - RedHammerStudios.0.5.5.6226.r4433
 7:29:11 C:\3rdID_Server2\Server2\@RHSAFRF\addons\rhs_t80u_camo.pbo - RedHammerStudios.0.5.1.5533.r4092
 7:29:11 C:\3rdID_Server2\Server2\@RHSAFRF\addons\rhs_tigr.pbo - RedHammerStudios.0.5.6.6517.r4599
 7:29:11 C:\3rdID_Server2\Server2\@RHSAFRF\addons\rhs_vehiclesounds.pbo - RedHammerStudios.0.5.5.6388.r4507
 7:29:11 C:\3rdID_Server2\Server2\@RHSAFRF\addons\rhs_vehicle_sounds.pbo - RedHammerStudios.0.5.6.6534.r4610
 7:29:11 C:\3rdID_Server2\Server2\@RHSAFRF\addons\rhs_weapons.pbo - RedHammerStudios.0.5.5.6364.r4489
 7:29:11 C:\3rdID_Server2\Server2\@RHSAFRF\addons\rhs_weapons2.pbo - RedHammerStudios.0.5.5.6099.r4353
 7:29:11 C:\3rdID_Server2\Server2\@RHSAFRF\addons\rhs_weapons3.pbo - RedHammerStudios.0.5.6.6513.r4596
 7:29:11 C:\3rdID_Server2\Server2\@RHSAFRF\addons\rhs_weapon_sounds.pbo - RedHammerStudios.0.5.2.5719.r4156
 7:29:11 C:\3rdID_Server2\Server2\@RHSAFRF\addons\rhs_zil131.pbo - RedHammerStudios.0.5.5.6463.r4559
 7:29:11 C:\3rdID_Server2\Server2\@Project_RACS_2023\addons\PRACS_A4.pbo - 24052621
 7:29:11 C:\3rdID_Server2\Server2\@Project_RACS_2023\addons\PRACS_AHeli.pbo - 24052621
 7:29:11 C:\3rdID_Server2\Server2\@Project_RACS_2023\addons\PRACS_C130.pbo - 24052621
 7:29:11 C:\3rdID_Server2\Server2\@Project_RACS_2023\addons\PRACS_Car.pbo - 24052621
 7:29:11 C:\3rdID_Server2\Server2\@Project_RACS_2023\addons\PRACS_Car_2.pbo - 24052621
 7:29:11 C:\3rdID_Server2\Server2\@Project_RACS_2023\addons\PRACS_Common.pbo - 23033108
 7:29:11 C:\3rdID_Server2\Server2\@Project_RACS_2023\addons\PRACS_Core.pbo - 24020309
 7:29:11 C:\3rdID_Server2\Server2\@Project_RACS_2023\addons\PRACS_F16.pbo - 24052621
 7:29:11 C:\3rdID_Server2\Server2\@Project_RACS_2023\addons\PRACS_Hawkeye.pbo - 24052621
 7:29:11 C:\3rdID_Server2\Server2\@Project_RACS_2023\addons\PRACS_Heli.pbo - 24052621
 7:29:11 C:\3rdID_Server2\Server2\@Project_RACS_2023\addons\PRACS_Mirage.pbo - 24053118
 7:29:11 C:\3rdID_Server2\Server2\@Project_RACS_2023\addons\PRACS_Mohawk.pbo - 24052621
 7:29:11 C:\3rdID_Server2\Server2\@Project_RACS_2023\addons\PRACS_Objects.pbo - 24052708
 7:29:11 C:\3rdID_Server2\Server2\@Project_RACS_2023\addons\PRACS_P3C.pbo - 24052621
 7:29:11 C:\3rdID_Server2\Server2\@Project_RACS_2023\addons\PRACS_Sea.pbo - 24052621
 7:29:11 C:\3rdID_Server2\Server2\@Project_RACS_2023\addons\PRACS_Static.pbo - 24052621
 7:29:11 C:\3rdID_Server2\Server2\@Project_RACS_2023\addons\PRACS_Static_2.pbo - 24052621
 7:29:11 C:\3rdID_Server2\Server2\@Project_RACS_2023\addons\PRACS_Tracked.pbo - 24052621
 7:29:11 C:\3rdID_Server2\Server2\@Project_RACS_2023\addons\PRACS_Tracked_2.pbo - 24052621
 7:29:11 C:\3rdID_Server2\Server2\@Project_RACS_2023\addons\PRACS_Troops.pbo - 24052621
 7:29:11 C:\3rdID_Server2\Server2\@Project_RACS_2023\addons\PRACS_Truck.pbo - 23102408
 7:29:11 C:\3rdID_Server2\Server2\@Project_RACS_2023\addons\PRACS_Weapons.pbo - 24052621
 7:29:11 C:\3rdID_Server2\Server2\@Project_RACS_2023\addons\PRACS_Weapons_2.pbo - 23040716
 7:29:11 C:\3rdID_Server2\Server2\@Project_OPFOR\addons\po_factions_afr.pbo - unknown
 7:29:11 C:\3rdID_Server2\Server2\@Project_OPFOR\addons\po_factions_eu.pbo - unknown
 7:29:11 C:\3rdID_Server2\Server2\@Project_OPFOR\addons\po_factions_fic.pbo - unknown
 7:29:11 C:\3rdID_Server2\Server2\@Project_OPFOR\addons\po_factions_me.pbo - unknown
 7:29:11 C:\3rdID_Server2\Server2\@Project_OPFOR\addons\po_main.pbo - unknown
 7:29:11 C:\3rdID_Server2\Server2\@Project_OPFOR\addons\po_vehicles.pbo - unknown
 7:29:11 C:\3rdID_Server2\Server2\@Military_Gear_Pack\addons\milgp_data.pbo - unknown
 7:29:11 C:\3rdID_Server2\Server2\@Military_Gear_Pack\addons\milgp_headgear.pbo - unknown
 7:29:11 C:\3rdID_Server2\Server2\@Military_Gear_Pack\addons\milgp_headgear_cfg.pbo - unknown
 7:29:11 C:\3rdID_Server2\Server2\@Military_Gear_Pack\addons\milgp_uniforms.pbo - unknown
 7:29:11 C:\3rdID_Server2\Server2\@Military_Gear_Pack\addons\milgp_uniforms_cfg.pbo - unknown
 7:29:11 C:\3rdID_Server2\Server2\@Military_Gear_Pack\addons\milgp_vests.pbo - unknown
 7:29:11 C:\3rdID_Server2\Server2\@Military_Gear_Pack\addons\milgp_vests_cfg.pbo - unknown
 7:29:11 C:\3rdID_Server2\Server2\@M1128_Stryker_MGS\addons\mgs.pbo - unknown
 7:29:11 C:\3rdID_Server2\Server2\@LAMBS_RPG\addons\lambs_rpg.pbo - unknown
 7:29:11 C:\3rdID_Server2\Server2\@LAMBS_RPG\addons\lambs_rpgCUP.pbo - unknown
 7:29:11 C:\3rdID_Server2\Server2\@LAMBS_RPG\addons\lambs_rpgRHS.pbo - unknown
 7:29:11 C:\3rdID_Server2\Server2\@LAMBS_RPG\addons\lambs_rpgSOG.pbo - unknown
 7:29:11 C:\3rdID_Server2\Server2\@LAMBS_Danger_fsm\addons\lambs_danger.pbo - 2.6.1.502
 7:29:11 C:\3rdID_Server2\Server2\@LAMBS_Danger_fsm\addons\lambs_eventhandlers.pbo - 2.6.1.502
 7:29:11 C:\3rdID_Server2\Server2\@LAMBS_Danger_fsm\addons\lambs_formations.pbo - 2.6.1.502
 7:29:11 C:\3rdID_Server2\Server2\@LAMBS_Danger_fsm\addons\lambs_main.pbo - 2.6.1.502
 7:29:11 C:\3rdID_Server2\Server2\@LAMBS_Danger_fsm\addons\lambs_range.pbo - 2.6.1.502
 7:29:11 C:\3rdID_Server2\Server2\@LAMBS_Danger_fsm\addons\lambs_wp.pbo - 2.6.1.502
 7:29:11 C:\3rdID_Server2\Server2\@Kunduz_River\addons\kunduz_river.pbo - 23113010
 7:29:11 C:\3rdID_Server2\Server2\@KAT__Advanced_Medical\addons\kat_airway.pbo - 3.1.2.71
 7:29:11 C:\3rdID_Server2\Server2\@KAT__Advanced_Medical\addons\kat_breathing.pbo - 3.1.2.71
 7:29:11 C:\3rdID_Server2\Server2\@KAT__Advanced_Medical\addons\kat_chemical.pbo - 3.1.2.71
 7:29:11 C:\3rdID_Server2\Server2\@KAT__Advanced_Medical\addons\kat_circulation.pbo - 3.1.2.71
 7:29:11 C:\3rdID_Server2\Server2\@KAT__Advanced_Medical\addons\kat_compat_rhs_usf3.pbo - 3.1.2.71
 7:29:11 C:\3rdID_Server2\Server2\@KAT__Advanced_Medical\addons\kat_feedback.pbo - 3.1.2.71
 7:29:11 C:\3rdID_Server2\Server2\@KAT__Advanced_Medical\addons\kat_gui.pbo - 3.1.2.71
 7:29:11 C:\3rdID_Server2\Server2\@KAT__Advanced_Medical\addons\kat_hypothermia.pbo - 3.1.2.71
 7:29:11 C:\3rdID_Server2\Server2\@KAT__Advanced_Medical\addons\kat_main.pbo - 3.1.2.71
 7:29:11 C:\3rdID_Server2\Server2\@KAT__Advanced_Medical\addons\kat_misc.pbo - 3.1.2.71
 7:29:11 C:\3rdID_Server2\Server2\@KAT__Advanced_Medical\addons\kat_ophthalmology.pbo - 3.1.2.71
 7:29:11 C:\3rdID_Server2\Server2\@KAT__Advanced_Medical\addons\kat_pharma.pbo - 3.1.2.71
 7:29:11 C:\3rdID_Server2\Server2\@KAT__Advanced_Medical\addons\kat_stretcher.pbo - 3.1.2.71
 7:29:11 C:\3rdID_Server2\Server2\@KAT__Advanced_Medical\addons\kat_surgery.pbo - 3.1.2.71
 7:29:11 C:\3rdID_Server2\Server2\@KAT__Advanced_Medical\addons\kat_vitals.pbo - 3.1.2.71
 7:29:11 C:\3rdID_Server2\Server2\@KAT__Advanced_Medical\addons\kat_watch.pbo - 3.1.2.71
 7:29:11 C:\3rdID_Server2\Server2\@KAT__Advanced_Medical\addons\kat_zeus.pbo - 3.1.2.71
 7:29:11 C:\3rdID_Server2\Server2\@Jbad\addons\afghan_houses.pbo - 22092400
 7:29:11 C:\3rdID_Server2\Server2\@Jbad\addons\afghan_houses_c.pbo - 22092400
 7:29:11 C:\3rdID_Server2\Server2\@Jbad\addons\afghan_houses_c2.pbo - 22092400
 7:29:11 C:\3rdID_Server2\Server2\@Jbad\addons\afghan_houses_old.pbo - 22092400
 7:29:11 C:\3rdID_Server2\Server2\@Jbad\addons\afghan_house_a.pbo - 22092400
 7:29:11 C:\3rdID_Server2\Server2\@Jbad\addons\bridges.pbo - 22092400
 7:29:11 C:\3rdID_Server2\Server2\@Jbad\addons\bunkers.pbo - 22092400
 7:29:11 C:\3rdID_Server2\Server2\@Jbad\addons\Cargo_Cont.pbo - 22092400
 7:29:11 C:\3rdID_Server2\Server2\@Jbad\addons\Gear.pbo - 22092400
 7:29:11 C:\3rdID_Server2\Server2\@Jbad\addons\GeneralStore.pbo - 22092400
 7:29:11 C:\3rdID_Server2\Server2\@Jbad\addons\Ind.pbo - 22092400
 7:29:11 C:\3rdID_Server2\Server2\@Jbad\addons\Jbad_Bridge_Kammeny.pbo - 22092400
 7:29:11 C:\3rdID_Server2\Server2\@Jbad\addons\Jbad_Bridge_Most.pbo - 22092400
 7:29:11 C:\3rdID_Server2\Server2\@Jbad\addons\Jbad_Defines.pbo - 22092400
 7:29:11 C:\3rdID_Server2\Server2\@Jbad\addons\jbad_misc.pbo - 22092400
 7:29:11 C:\3rdID_Server2\Server2\@Jbad\addons\Jbad_Rocks.pbo - 22092400
 7:29:11 C:\3rdID_Server2\Server2\@Jbad\addons\Jbad_Sounds.pbo - 22092400
 7:29:11 C:\3rdID_Server2\Server2\@Jbad\addons\Jbad_Structures.pbo - 22092400
 7:29:11 C:\3rdID_Server2\Server2\@Jbad\addons\Jbad_Veg.pbo - 22092400
 7:29:11 C:\3rdID_Server2\Server2\@Jbad\addons\Jbad_Vehicles.pbo - 22092400
 7:29:11 C:\3rdID_Server2\Server2\@Jbad\addons\Jbad_Water.pbo - 22092400
 7:29:11 C:\3rdID_Server2\Server2\@Jbad\addons\mil.pbo - 22092400
 7:29:11 C:\3rdID_Server2\Server2\@Jbad\addons\Mosque_big.pbo - 22092400
 7:29:11 C:\3rdID_Server2\Server2\@Jbad\addons\OPXBuildings2.pbo - 22092400
 7:29:11 C:\3rdID_Server2\Server2\@Jbad\addons\OPXmisc2.pbo - 22092400
 7:29:11 C:\3rdID_Server2\Server2\@Jbad\addons\Shops.pbo - 22092400
 7:29:11 C:\3rdID_Server2\Server2\@Jbad\addons\Sidewalks.pbo - 22092400
 7:29:11 C:\3rdID_Server2\Server2\@Jbad\addons\Walls.pbo - 22092400
 7:29:11 C:\3rdID_Server2\Server2\@Hatchet_Interaction_Framework__Stable_Version\addons\HCT_a3.pbo - 0.3.1.0
 7:29:11 C:\3rdID_Server2\Server2\@Hatchet_Interaction_Framework__Stable_Version\addons\HCT_core.pbo - 0.3.1.0
 7:29:11 C:\3rdID_Server2\Server2\@Hatchet_Interaction_Framework__Stable_Version\addons\HCT_interaction.pbo - 0.3.1.0
 7:29:11 C:\3rdID_Server2\Server2\@Hatchet_Interaction_Framework__Stable_Version\addons\HCT_main.pbo - 0.3.1.0
 7:29:11 C:\3rdID_Server2\Server2\@Hatchet_Interaction_Framework__Stable_Version\addons\HCT_util.pbo - 0.3.1.0
 7:29:11 C:\3rdID_Server2\Server2\@Hatchet_Interaction_Framework__Stable_Version\addons\HCT_vn.pbo - 0.3.1.0
 7:29:11 C:\3rdID_Server2\Server2\@Hatchet_H_60_pack__Stable_Version\addons\hct_h60_ace_viv.pbo - unknown
 7:29:11 C:\3rdID_Server2\Server2\@Hatchet_H_60_pack__Stable_Version\addons\hct_h60_H60_SFX.pbo - unknown
 7:29:11 C:\3rdID_Server2\Server2\@Hatchet_H_60_pack__Stable_Version\addons\hct_h60_main.pbo - unknown
 7:29:11 C:\3rdID_Server2\Server2\@Hatchet_H_60_pack__Stable_Version\addons\hct_h60_MH60M.pbo - unknown
 7:29:11 C:\3rdID_Server2\Server2\@Hatchet_H_60_pack__Stable_Version\addons\hct_h60_MH60S.pbo - unknown
 7:29:11 C:\3rdID_Server2\Server2\@Hatchet_H_60_pack__Stable_Version\addons\hct_h60_stretcher.pbo - unknown
 7:29:11 C:\3rdID_Server2\Server2\@Hatchet_H_60_pack__Stable_Version\addons\hct_h60_UH60.pbo - unknown
 7:29:11 C:\3rdID_Server2\Server2\@Hatchet_H_60_pack__Stable_Version\addons\hct_h60_uh60_aar.pbo - unknown
 7:29:11 C:\3rdID_Server2\Server2\@Hatchet_H_60_pack__Stable_Version\addons\hct_h60_uh60_acre.pbo - unknown
 7:29:11 C:\3rdID_Server2\Server2\@Hatchet_H_60_pack__Stable_Version\addons\hct_h60_uh60_anvishud.pbo - unknown
 7:29:11 C:\3rdID_Server2\Server2\@Hatchet_H_60_pack__Stable_Version\addons\hct_h60_uh60_cas.pbo - unknown
 7:29:11 C:\3rdID_Server2\Server2\@Hatchet_H_60_pack__Stable_Version\addons\hct_h60_uh60_config.pbo - unknown
 7:29:11 C:\3rdID_Server2\Server2\@Hatchet_H_60_pack__Stable_Version\addons\hct_h60_uh60_doorguns.pbo - unknown
 7:29:11 C:\3rdID_Server2\Server2\@Hatchet_H_60_pack__Stable_Version\addons\hct_h60_uh60_engine.pbo - unknown
 7:29:11 C:\3rdID_Server2\Server2\@Hatchet_H_60_pack__Stable_Version\addons\hct_h60_uh60_fd.pbo - unknown
 7:29:11 C:\3rdID_Server2\Server2\@Hatchet_H_60_pack__Stable_Version\addons\hct_h60_uh60_flir.pbo - unknown
 7:29:11 C:\3rdID_Server2\Server2\@Hatchet_H_60_pack__Stable_Version\addons\hct_h60_uh60_fms.pbo - unknown
 7:29:11 C:\3rdID_Server2\Server2\@Hatchet_H_60_pack__Stable_Version\addons\hct_h60_uh60_hoist.pbo - unknown
 7:29:11 C:\3rdID_Server2\Server2\@Hatchet_H_60_pack__Stable_Version\addons\hct_h60_uh60_jvmf.pbo - unknown
 7:29:11 C:\3rdID_Server2\Server2\@Hatchet_H_60_pack__Stable_Version\addons\hct_h60_uh60_mfd.pbo - unknown
 7:29:11 C:\3rdID_Server2\Server2\@Hatchet_H_60_pack__Stable_Version\addons\hct_h60_uh60_misc.pbo - unknown
 7:29:11 C:\3rdID_Server2\Server2\@Hatchet_H_60_pack__Stable_Version\addons\hct_h60_uh60_sfmplus.pbo - unknown
 7:29:11 C:\3rdID_Server2\Server2\@Hatchet_H_60_pack__Stable_Version\addons\hct_h60_uh60_ui.pbo - unknown
 7:29:11 C:\3rdID_Server2\Server2\@Hatchet_H_60_pack__Stable_Version\addons\hct_h60_uh60_weapons.pbo - unknown
 7:29:11 C:\3rdID_Server2\Server2\@Gruppe_Adler_Trenches\addons\grad_trenches_assets.pbo - 1.6.9.7-cb40083a
 7:29:11 C:\3rdID_Server2\Server2\@Gruppe_Adler_Trenches\addons\grad_trenches_functions.pbo - 1.6.9.7-cb40083a
 7:29:11 C:\3rdID_Server2\Server2\@Gruppe_Adler_Trenches\addons\grad_trenches_main.pbo - 1.6.9.7-cb40083a
 7:29:11 C:\3rdID_Server2\Server2\@Gruppe_Adler_Trenches\addons\grad_trenches_sounds.pbo - 1.6.9.7-cb40083a
 7:29:11 C:\3rdID_Server2\Server2\@DUI__Squad_Radar\addons\diwako_dui_buddy.pbo - 1.12.2.0
 7:29:11 C:\3rdID_Server2\Server2\@DUI__Squad_Radar\addons\diwako_dui_indicators.pbo - 1.12.2.0
 7:29:11 C:\3rdID_Server2\Server2\@DUI__Squad_Radar\addons\diwako_dui_linecompass.pbo - 1.12.2.0
 7:29:11 C:\3rdID_Server2\Server2\@DUI__Squad_Radar\addons\diwako_dui_main.pbo - 1.12.2.0
 7:29:11 C:\3rdID_Server2\Server2\@DUI__Squad_Radar\addons\diwako_dui_nametags.pbo - 1.12.2.0
 7:29:11 C:\3rdID_Server2\Server2\@DUI__Squad_Radar\addons\diwako_dui_radar.pbo - 1.12.2.0
 7:29:11 C:\3rdID_Server2\Server2\@CUP_Terrains__Maps\addons\cup_terrains_maps_afghan.pbo - 00000000
 7:29:11 C:\3rdID_Server2\Server2\@CUP_Terrains__Maps\addons\cup_terrains_maps_afghan_c.pbo - 00000000
 7:29:11 C:\3rdID_Server2\Server2\@CUP_Terrains__Maps\addons\cup_terrains_maps_bohemia.pbo - 00000000
 7:29:11 C:\3rdID_Server2\Server2\@CUP_Terrains__Maps\addons\cup_terrains_maps_bohemia_c.pbo - 00000000
 7:29:11 C:\3rdID_Server2\Server2\@CUP_Terrains__Maps\addons\cup_terrains_maps_bootcamp_acr.pbo - 00000000
 7:29:11 C:\3rdID_Server2\Server2\@CUP_Terrains__Maps\addons\cup_terrains_maps_bootcamp_acr_c.pbo - 00000000
 7:29:11 C:\3rdID_Server2\Server2\@CUP_Terrains__Maps\addons\cup_terrains_maps_chernarus.pbo - 00000000
 7:29:11 C:\3rdID_Server2\Server2\@CUP_Terrains__Maps\addons\cup_terrains_maps_chernarus_c.pbo - 00000000
 7:29:11 C:\3rdID_Server2\Server2\@CUP_Terrains__Maps\addons\cup_terrains_maps_chernarus_summer.pbo - 00000000
 7:29:11 C:\3rdID_Server2\Server2\@CUP_Terrains__Maps\addons\cup_terrains_maps_chernarus_summer_c.pbo - 00000000
 7:29:11 C:\3rdID_Server2\Server2\@CUP_Terrains__Maps\addons\cup_terrains_maps_chernarus_winter.pbo - 00000000
 7:29:11 C:\3rdID_Server2\Server2\@CUP_Terrains__Maps\addons\cup_terrains_maps_chernarus_winter_c.pbo - 00000000
 7:29:11 C:\3rdID_Server2\Server2\@CUP_Terrains__Maps\addons\cup_terrains_maps_desert.pbo - 00000000
 7:29:11 C:\3rdID_Server2\Server2\@CUP_Terrains__Maps\addons\cup_terrains_maps_desert2.pbo - 00000000
 7:29:11 C:\3rdID_Server2\Server2\@CUP_Terrains__Maps\addons\cup_terrains_maps_desert2_c.pbo - 00000000
 7:29:11 C:\3rdID_Server2\Server2\@CUP_Terrains__Maps\addons\cup_terrains_maps_desert_c.pbo - 00000000
 7:29:11 C:\3rdID_Server2\Server2\@CUP_Terrains__Maps\addons\cup_terrains_maps_desert_e.pbo - 00000000
 7:29:11 C:\3rdID_Server2\Server2\@CUP_Terrains__Maps\addons\cup_terrains_maps_desert_e_c.pbo - 00000000
 7:29:11 C:\3rdID_Server2\Server2\@CUP_Terrains__Maps\addons\cup_terrains_maps_provinggrounds_pmc.pbo - 00000000
 7:29:11 C:\3rdID_Server2\Server2\@CUP_Terrains__Maps\addons\cup_terrains_maps_provinggrounds_pmc_c.pbo - 00000000
 7:29:11 C:\3rdID_Server2\Server2\@CUP_Terrains__Maps\addons\cup_terrains_maps_sara.pbo - 00000000
 7:29:11 C:\3rdID_Server2\Server2\@CUP_Terrains__Maps\addons\cup_terrains_maps_saralite.pbo - 00000000
 7:29:11 C:\3rdID_Server2\Server2\@CUP_Terrains__Maps\addons\cup_terrains_maps_saralite_c.pbo - 00000000
 7:29:11 C:\3rdID_Server2\Server2\@CUP_Terrains__Maps\addons\cup_terrains_maps_sara_c.pbo - 00000000
 7:29:11 C:\3rdID_Server2\Server2\@CUP_Terrains__Maps\addons\cup_terrains_maps_sara_dbe1.pbo - 00000000
 7:29:11 C:\3rdID_Server2\Server2\@CUP_Terrains__Maps\addons\cup_terrains_maps_sara_dbe1_c.pbo - 00000000
 7:29:11 C:\3rdID_Server2\Server2\@CUP_Terrains__Maps\addons\cup_terrains_maps_shapur_baf.pbo - 00000000
 7:29:11 C:\3rdID_Server2\Server2\@CUP_Terrains__Maps\addons\cup_terrains_maps_shapur_baf_c.pbo - 00000000
 7:29:11 C:\3rdID_Server2\Server2\@CUP_Terrains__Maps\addons\cup_terrains_maps_takistan.pbo - 00000000
 7:29:11 C:\3rdID_Server2\Server2\@CUP_Terrains__Maps\addons\cup_terrains_maps_takistan_c.pbo - 00000000
 7:29:11 C:\3rdID_Server2\Server2\@CUP_Terrains__Maps\addons\cup_terrains_maps_utes.pbo - 00000000
 7:29:11 C:\3rdID_Server2\Server2\@CUP_Terrains__Maps\addons\cup_terrains_maps_utes_c.pbo - 00000000
 7:29:11 C:\3rdID_Server2\Server2\@CUP_Terrains__Maps\addons\cup_terrains_maps_zargabad.pbo - 00000000
 7:29:11 C:\3rdID_Server2\Server2\@CUP_Terrains__Maps\addons\cup_terrains_maps_zargabad_c.pbo - 00000000
 7:29:11 C:\3rdID_Server2\Server2\@CUP_Terrains__Core\addons\cup_terrains_a1always_dummy.pbo - 21122418
 7:29:11 C:\3rdID_Server2\Server2\@CUP_Terrains__Core\addons\cup_terrains_a1_editorobjects.pbo - 21122418
 7:29:11 C:\3rdID_Server2\Server2\@CUP_Terrains__Core\addons\cup_terrains_a2_editorobjects.pbo - 21122418
 7:29:11 C:\3rdID_Server2\Server2\@CUP_Terrains__Core\addons\cup_terrains_aia_compat.pbo - 21122418
 7:29:11 C:\3rdID_Server2\Server2\@CUP_Terrains__Core\addons\cup_terrains_baseconfig_f.pbo - 21122418
 7:29:11 C:\3rdID_Server2\Server2\@CUP_Terrains__Core\addons\cup_terrains_buildings.pbo - 21122418
 7:29:11 C:\3rdID_Server2\Server2\@CUP_Terrains__Core\addons\cup_terrains_ca_a10_dummy.pbo - 21122418
 7:29:11 C:\3rdID_Server2\Server2\@CUP_Terrains__Core\addons\cup_terrains_ca_air2_dummy.pbo - 21122418
 7:29:11 C:\3rdID_Server2\Server2\@CUP_Terrains__Core\addons\cup_terrains_ca_air3_dummy.pbo - 21122418
 7:29:11 C:\3rdID_Server2\Server2\@CUP_Terrains__Core\addons\cup_terrains_ca_air_dummy.pbo - 21122418
 7:29:11 C:\3rdID_Server2\Server2\@CUP_Terrains__Core\addons\cup_terrains_ca_air_d_baf_dummy.pbo - 21122418
 7:29:11 C:\3rdID_Server2\Server2\@CUP_Terrains__Core\addons\cup_terrains_ca_air_e_dummy.pbo - 21122418
 7:29:11 C:\3rdID_Server2\Server2\@CUP_Terrains__Core\addons\cup_terrains_ca_air_pmc_dummy.pbo - 21122418
 7:29:11 C:\3rdID_Server2\Server2\@CUP_Terrains__Core\addons\cup_terrains_ca_animals2_dummy.pbo - 21122418
 7:29:11 C:\3rdID_Server2\Server2\@CUP_Terrains__Core\addons\cup_terrains_ca_buildings.pbo - 21122419
 7:29:11 C:\3rdID_Server2\Server2\@CUP_Terrains__Core\addons\cup_terrains_ca_buildings2.pbo - 21122419
 7:29:11 C:\3rdID_Server2\Server2\@CUP_Terrains__Core\addons\cup_terrains_ca_buildings2_c.pbo - 21122418
 7:29:11 C:\3rdID_Server2\Server2\@CUP_Terrains__Core\addons\cup_terrains_ca_buildings_c.pbo - 21122418
 7:29:11 C:\3rdID_Server2\Server2\@CUP_Terrains__Core\addons\cup_terrains_ca_ca_acr.pbo - 21122418
 7:29:11 C:\3rdID_Server2\Server2\@CUP_Terrains__Core\addons\cup_terrains_ca_ca_c.pbo - 21122418
 7:29:11 C:\3rdID_Server2\Server2\@CUP_Terrains__Core\addons\cup_terrains_ca_ca_e.pbo - 21122418
 7:29:11 C:\3rdID_Server2\Server2\@CUP_Terrains__Core\addons\cup_terrains_ca_ca_pmc.pbo - 21122418
 7:29:11 C:\3rdID_Server2\Server2\@CUP_Terrains__Core\addons\cup_terrains_ca_characters2_dummy.pbo - 21122418
 7:29:11 C:\3rdID_Server2\Server2\@CUP_Terrains__Core\addons\cup_terrains_ca_cti_buildings.pbo - 21122418
 7:29:11 C:\3rdID_Server2\Server2\@CUP_Terrains__Core\addons\cup_terrains_ca_data.pbo - 21122418
 7:29:11 C:\3rdID_Server2\Server2\@CUP_Terrains__Core\addons\cup_terrains_ca_data_baf.pbo - 21122418
 7:29:11 C:\3rdID_Server2\Server2\@CUP_Terrains__Core\addons\cup_terrains_ca_data_baf_c.pbo - 21122418
 7:29:11 C:\3rdID_Server2\Server2\@CUP_Terrains__Core\addons\cup_terrains_ca_hotfix.pbo - 21122418
 7:29:11 C:\3rdID_Server2\Server2\@CUP_Terrains__Core\addons\cup_terrains_ca_hotfix_c.pbo - 21122418
 7:29:11 C:\3rdID_Server2\Server2\@CUP_Terrains__Core\addons\cup_terrains_ca_l39_dummy.pbo - 21122418
 7:29:11 C:\3rdID_Server2\Server2\@CUP_Terrains__Core\addons\cup_terrains_ca_language.pbo - 21122418
 7:29:11 C:\3rdID_Server2\Server2\@CUP_Terrains__Core\addons\cup_terrains_ca_languagemissions.pbo - 21122418
 7:29:11 C:\3rdID_Server2\Server2\@CUP_Terrains__Core\addons\cup_terrains_ca_languagemissions_baf.pbo - 21122418
 7:29:11 C:\3rdID_Server2\Server2\@CUP_Terrains__Core\addons\cup_terrains_ca_languagemissions_e.pbo - 21122418
 7:29:11 C:\3rdID_Server2\Server2\@CUP_Terrains__Core\addons\cup_terrains_ca_languagemissions_pmc.pbo - 21122418
 7:29:11 C:\3rdID_Server2\Server2\@CUP_Terrains__Core\addons\cup_terrains_ca_language_acr.pbo - 21122418
 7:29:11 C:\3rdID_Server2\Server2\@CUP_Terrains__Core\addons\cup_terrains_ca_language_baf.pbo - 21122418
 7:29:11 C:\3rdID_Server2\Server2\@CUP_Terrains__Core\addons\cup_terrains_ca_language_e.pbo - 21122418
 7:29:11 C:\3rdID_Server2\Server2\@CUP_Terrains__Core\addons\cup_terrains_ca_language_pmc.pbo - 21122418
 7:29:11 C:\3rdID_Server2\Server2\@CUP_Terrains__Core\addons\cup_terrains_ca_misc.pbo - 21122419
 7:29:11 C:\3rdID_Server2\Server2\@CUP_Terrains__Core\addons\cup_terrains_ca_misc2.pbo - 21122418
 7:29:11 C:\3rdID_Server2\Server2\@CUP_Terrains__Core\addons\cup_terrains_ca_misc3.pbo - 21122418
 7:29:11 C:\3rdID_Server2\Server2\@CUP_Terrains__Core\addons\cup_terrains_ca_misc3_c.pbo - 21122418
 7:29:11 C:\3rdID_Server2\Server2\@CUP_Terrains__Core\addons\cup_terrains_ca_misc_acr.pbo - 21122418
 7:29:11 C:\3rdID_Server2\Server2\@CUP_Terrains__Core\addons\cup_terrains_ca_misc_acr_c.pbo - 21122418
 7:29:11 C:\3rdID_Server2\Server2\@CUP_Terrains__Core\addons\cup_terrains_ca_misc_baf.pbo - 21122418
 7:29:11 C:\3rdID_Server2\Server2\@CUP_Terrains__Core\addons\cup_terrains_ca_misc_e.pbo - 21122418
 7:29:11 C:\3rdID_Server2\Server2\@CUP_Terrains__Core\addons\cup_terrains_ca_misc_e_c.pbo - 21122418
 7:29:11 C:\3rdID_Server2\Server2\@CUP_Terrains__Core\addons\cup_terrains_ca_misc_rtm2.pbo - 21122418
 7:29:11 C:\3rdID_Server2\Server2\@CUP_Terrains__Core\addons\cup_terrains_ca_mp_armory_dummy.pbo - 21122418
 7:29:11 C:\3rdID_Server2\Server2\@CUP_Terrains__Core\addons\cup_terrains_ca_plants.pbo - 21122418
 7:29:11 C:\3rdID_Server2\Server2\@CUP_Terrains__Core\addons\cup_terrains_ca_plants2.pbo - 21122418
 7:29:11 C:\3rdID_Server2\Server2\@CUP_Terrains__Core\addons\cup_terrains_ca_plants_e.pbo - 21122418
 7:29:11 C:\3rdID_Server2\Server2\@CUP_Terrains__Core\addons\cup_terrains_ca_plants_e2.pbo - 21122418
 7:29:11 C:\3rdID_Server2\Server2\@CUP_Terrains__Core\addons\cup_terrains_ca_plants_pmc.pbo - 21122418
 7:29:11 C:\3rdID_Server2\Server2\@CUP_Terrains__Core\addons\cup_terrains_ca_roads.pbo - 21122418
 7:29:11 C:\3rdID_Server2\Server2\@CUP_Terrains__Core\addons\cup_terrains_ca_roads2.pbo - 21122418
 7:29:11 C:\3rdID_Server2\Server2\@CUP_Terrains__Core\addons\cup_terrains_ca_roads_e.pbo - 21122418
 7:29:11 C:\3rdID_Server2\Server2\@CUP_Terrains__Core\addons\cup_terrains_ca_roads_pmc.pbo - 21122418
 7:29:11 C:\3rdID_Server2\Server2\@CUP_Terrains__Core\addons\cup_terrains_ca_roads_rtm2.pbo - 21122418
 7:29:11 C:\3rdID_Server2\Server2\@CUP_Terrains__Core\addons\cup_terrains_ca_rocks.pbo - 21122418
 7:29:11 C:\3rdID_Server2\Server2\@CUP_Terrains__Core\addons\cup_terrains_ca_rocks2.pbo - 21122418
 7:29:11 C:\3rdID_Server2\Server2\@CUP_Terrains__Core\addons\cup_terrains_ca_rocks_e.pbo - 21122418
 7:29:11 C:\3rdID_Server2\Server2\@CUP_Terrains__Core\addons\cup_terrains_ca_signs.pbo - 21122418
 7:29:11 C:\3rdID_Server2\Server2\@CUP_Terrains__Core\addons\cup_terrains_ca_signs2.pbo - 21122418
 7:29:11 C:\3rdID_Server2\Server2\@CUP_Terrains__Core\addons\cup_terrains_ca_signs_e.pbo - 21122418
 7:29:11 C:\3rdID_Server2\Server2\@CUP_Terrains__Core\addons\cup_terrains_ca_sounds_c_dummy.pbo - 21122418
 7:29:11 C:\3rdID_Server2\Server2\@CUP_Terrains__Core\addons\cup_terrains_ca_sounds_dummy.pbo - 21122418
 7:29:11 C:\3rdID_Server2\Server2\@CUP_Terrains__Core\addons\cup_terrains_ca_sounds_e_dummy.pbo - 21122418
 7:29:11 C:\3rdID_Server2\Server2\@CUP_Terrains__Core\addons\cup_terrains_ca_structures.pbo - 21122419
 7:29:11 C:\3rdID_Server2\Server2\@CUP_Terrains__Core\addons\cup_terrains_ca_structures_c.pbo - 21122418
 7:29:11 C:\3rdID_Server2\Server2\@CUP_Terrains__Core\addons\cup_terrains_ca_structures_e.pbo - 21122419
 7:29:11 C:\3rdID_Server2\Server2\@CUP_Terrains__Core\addons\cup_terrains_ca_structures_e_c.pbo - 21122418
 7:29:11 C:\3rdID_Server2\Server2\@CUP_Terrains__Core\addons\cup_terrains_ca_structures_pmc.pbo - 21122418
 7:29:11 C:\3rdID_Server2\Server2\@CUP_Terrains__Core\addons\cup_terrains_ca_structures_pmc_c.pbo - 21122418
 7:29:11 C:\3rdID_Server2\Server2\@CUP_Terrains__Core\addons\cup_terrains_ca_tracked2_dummy.pbo - 21122418
 7:29:11 C:\3rdID_Server2\Server2\@CUP_Terrains__Core\addons\cup_terrains_ca_tracked_dummy.pbo - 21122418
 7:29:11 C:\3rdID_Server2\Server2\@CUP_Terrains__Core\addons\cup_terrains_ca_tracked_e_dummy.pbo - 21122418
 7:29:11 C:\3rdID_Server2\Server2\@CUP_Terrains__Core\addons\cup_terrains_ca_uifonts.pbo - 21122418
 7:29:11 C:\3rdID_Server2\Server2\@CUP_Terrains__Core\addons\cup_terrains_ca_ui_dummy.pbo - 21122418
 7:29:11 C:\3rdID_Server2\Server2\@CUP_Terrains__Core\addons\cup_terrains_ca_water2_dummy.pbo - 21122418
 7:29:11 C:\3rdID_Server2\Server2\@CUP_Terrains__Core\addons\cup_terrains_ca_water_dummy.pbo - 21122418
 7:29:11 C:\3rdID_Server2\Server2\@CUP_Terrains__Core\addons\cup_terrains_ca_weapons2_dummy.pbo - 21122418
 7:29:11 C:\3rdID_Server2\Server2\@CUP_Terrains__Core\addons\cup_terrains_ca_weapons_dummy.pbo - 21122418
 7:29:11 C:\3rdID_Server2\Server2\@CUP_Terrains__Core\addons\cup_terrains_ca_weapons_e_dummy.pbo - 21122418
 7:29:11 C:\3rdID_Server2\Server2\@CUP_Terrains__Core\addons\cup_terrains_ca_weapons_pmc_dummy.pbo - 21122418
 7:29:11 C:\3rdID_Server2\Server2\@CUP_Terrains__Core\addons\cup_terrains_ca_wheeled2_dummy.pbo - 21122418
 7:29:11 C:\3rdID_Server2\Server2\@CUP_Terrains__Core\addons\cup_terrains_ca_wheeled_dummy.pbo - 21122418
 7:29:11 C:\3rdID_Server2\Server2\@CUP_Terrains__Core\addons\cup_terrains_ca_wheeled_e_dummy.pbo - 21122418
 7:29:11 C:\3rdID_Server2\Server2\@CUP_Terrains__Core\addons\cup_terrains_compositions.pbo - 21122418
 7:29:11 C:\3rdID_Server2\Server2\@CUP_Terrains__Core\addons\cup_terrains_core.pbo - 21122418
 7:29:11 C:\3rdID_Server2\Server2\@CUP_Terrains__Core\addons\cup_terrains_dbe1_dummy.pbo - 21122418
 7:29:11 C:\3rdID_Server2\Server2\@CUP_Terrains__Core\addons\cup_terrains_dbe1_models_dbe1.pbo - 21122418
 7:29:11 C:\3rdID_Server2\Server2\@CUP_Terrains__Core\addons\cup_terrains_dbe1_models_dbe1_c.pbo - 21122418
 7:29:11 C:\3rdID_Server2\Server2\@CUP_Terrains__Core\addons\cup_terrains_dummy.pbo - 21122418
 7:29:11 C:\3rdID_Server2\Server2\@CUP_Terrains__Core\addons\cup_terrains_editor_c.pbo - 21122418
 7:29:11 C:\3rdID_Server2\Server2\@CUP_Terrains__Core\addons\cup_terrains_hsim_data_h_dummy.pbo - 21122418
 7:29:11 C:\3rdID_Server2\Server2\@CUP_Terrains__Core\addons\cup_terrains_hsim_languagemissions_h.pbo - 21122418
 7:29:11 C:\3rdID_Server2\Server2\@CUP_Terrains__Core\addons\cup_terrains_hsim_language_h.pbo - 21122418
 7:29:11 C:\3rdID_Server2\Server2\@CUP_Terrains__Core\addons\cup_terrains_ibr_plants.pbo - 21122418
 7:29:11 C:\3rdID_Server2\Server2\@CUP_Terrains__Core\addons\cup_terrains_music.pbo - 21122418
 7:29:11 C:\3rdID_Server2\Server2\@CUP_Terrains__Core\addons\cup_terrains_plants.pbo - 21122418
 7:29:11 C:\3rdID_Server2\Server2\@CUP_Terrains__Core\addons\cup_terrains_roadfix.pbo - 21122418
 7:29:11 C:\3rdID_Server2\Server2\@CUP_Terrains__Core\addons\cup_terrains_terrains_core.pbo - 21122418
 7:29:11 C:\3rdID_Server2\Server2\@CUP_Terrains__Core\addons\cup_terrains_weather.pbo - 21122418
 7:29:11 C:\3rdID_Server2\Server2\@CUP_Terrains__Core\addons\cup_terrains_winter_animals.pbo - 21122418
 7:29:11 C:\3rdID_Server2\Server2\@CUP_Terrains__Core\addons\cup_terrains_winter_objects.pbo - 21122418
 7:29:11 C:\3rdID_Server2\Server2\@CUP_Terrains__Core\addons\cup_terrains_winter_plants.pbo - 21122418
 7:29:11 C:\3rdID_Server2\Server2\@CUP_Terrains__Core\addons\cup_terrains_winter_roads.pbo - 21122418
 7:29:11 C:\3rdID_Server2\Server2\@CUP_Terrains__Core\addons\cup_terrains_worlds.pbo - 21122418
 7:29:11 C:\3rdID_Server2\Server2\@Ctab_Devastator_Edition\addons\ctab.pbo - unknown
 7:29:11 C:\3rdID_Server2\Server2\@CBA_A3\addons\cba_accessory.pbo - 3.18.4.250711
 7:29:11 C:\3rdID_Server2\Server2\@CBA_A3\addons\cba_ai.pbo - 3.18.4.250711
 7:29:11 C:\3rdID_Server2\Server2\@CBA_A3\addons\cba_arrays.pbo - 3.18.4.250711
 7:29:11 C:\3rdID_Server2\Server2\@CBA_A3\addons\cba_bitwise.pbo - 3.18.4.250711
 7:29:11 C:\3rdID_Server2\Server2\@CBA_A3\addons\cba_characters.pbo - 3.18.4.250711
 7:29:11 C:\3rdID_Server2\Server2\@CBA_A3\addons\cba_common.pbo - 3.18.4.250711
 7:29:11 C:\3rdID_Server2\Server2\@CBA_A3\addons\cba_diagnostic.pbo - 3.18.4.250711
 7:29:11 C:\3rdID_Server2\Server2\@CBA_A3\addons\cba_disposable.pbo - 3.18.4.250711
 7:29:11 C:\3rdID_Server2\Server2\@CBA_A3\addons\cba_events.pbo - 3.18.4.250711
 7:29:11 C:\3rdID_Server2\Server2\@CBA_A3\addons\cba_hashes.pbo - 3.18.4.250711
 7:29:11 C:\3rdID_Server2\Server2\@CBA_A3\addons\cba_help.pbo - 3.18.4.250711
 7:29:11 C:\3rdID_Server2\Server2\@CBA_A3\addons\cba_jam.pbo - 3.18.4.250711
 7:29:11 C:\3rdID_Server2\Server2\@CBA_A3\addons\cba_jr.pbo - 3.18.4.250711
 7:29:11 C:\3rdID_Server2\Server2\@CBA_A3\addons\cba_keybinding.pbo - 3.18.4.250711
 7:29:11 C:\3rdID_Server2\Server2\@CBA_A3\addons\cba_loadout.pbo - 3.18.4.250711
 7:29:11 C:\3rdID_Server2\Server2\@CBA_A3\addons\cba_main.pbo - 3.18.4.250711
 7:29:11 C:\3rdID_Server2\Server2\@CBA_A3\addons\cba_main_a3.pbo - 3.18.4.250711
 7:29:11 C:\3rdID_Server2\Server2\@CBA_A3\addons\cba_modules.pbo - 3.18.4.250711
 7:29:11 C:\3rdID_Server2\Server2\@CBA_A3\addons\cba_music.pbo - 3.18.4.250711
 7:29:11 C:\3rdID_Server2\Server2\@CBA_A3\addons\cba_network.pbo - 3.18.4.250711
 7:29:11 C:\3rdID_Server2\Server2\@CBA_A3\addons\cba_optics.pbo - 3.18.4.250711
 7:29:11 C:\3rdID_Server2\Server2\@CBA_A3\addons\cba_quicktime.pbo - 3.18.4.250711
 7:29:11 C:\3rdID_Server2\Server2\@CBA_A3\addons\cba_settings.pbo - 3.18.4.250711
 7:29:11 C:\3rdID_Server2\Server2\@CBA_A3\addons\cba_statemachine.pbo - 3.18.4.250711
 7:29:11 C:\3rdID_Server2\Server2\@CBA_A3\addons\cba_strings.pbo - 3.18.4.250711
 7:29:11 C:\3rdID_Server2\Server2\@CBA_A3\addons\cba_ui.pbo - 3.18.4.250711
 7:29:11 C:\3rdID_Server2\Server2\@CBA_A3\addons\cba_vectors.pbo - 3.18.4.250711
 7:29:11 C:\3rdID_Server2\Server2\@CBA_A3\addons\cba_versioning.pbo - 3.18.4.250711
 7:29:11 C:\3rdID_Server2\Server2\@CBA_A3\addons\cba_xeh.pbo - 3.18.4.250711
 7:29:11 C:\3rdID_Server2\Server2\@BackpackOnChest__Redux\addons\bocr_main.pbo - 2.3.0.0-d5f47a98
 7:29:11 C:\3rdID_Server2\Server2\@Anizay\addons\tem_anizay.pbo - 00000000
 7:29:11 C:\3rdID_Server2\Server2\@Aduke_OH_58_Kiowa\addons\ad_oh58.pbo - unknown
 7:29:11 C:\3rdID_Server2\Server2\@ace\addons\ace_advanced_ballistics.pbo - 3.20.0.104
 7:29:11 C:\3rdID_Server2\Server2\@ace\addons\ace_advanced_fatigue.pbo - 3.20.0.104
 7:29:11 C:\3rdID_Server2\Server2\@ace\addons\ace_advanced_throwing.pbo - 3.20.0.104
 7:29:11 C:\3rdID_Server2\Server2\@ace\addons\ace_ai.pbo - 3.20.0.104
 7:29:11 C:\3rdID_Server2\Server2\@ace\addons\ace_aircraft.pbo - 3.20.0.104
 7:29:11 C:\3rdID_Server2\Server2\@ace\addons\ace_apl.pbo - 3.20.0.104
 7:29:11 C:\3rdID_Server2\Server2\@ace\addons\ace_arsenal.pbo - 3.20.0.104
 7:29:11 C:\3rdID_Server2\Server2\@ace\addons\ace_artillerytables.pbo - 3.20.0.104
 7:29:11 C:\3rdID_Server2\Server2\@ace\addons\ace_atragmx.pbo - 3.20.0.104
 7:29:11 C:\3rdID_Server2\Server2\@ace\addons\ace_attach.pbo - 3.20.0.104
 7:29:11 C:\3rdID_Server2\Server2\@ace\addons\ace_backpacks.pbo - 3.20.0.104
 7:29:11 C:\3rdID_Server2\Server2\@ace\addons\ace_ballistics.pbo - 3.20.0.104
 7:29:11 C:\3rdID_Server2\Server2\@ace\addons\ace_captives.pbo - 3.20.0.104
 7:29:11 C:\3rdID_Server2\Server2\@ace\addons\ace_cargo.pbo - 3.20.0.104
 7:29:11 C:\3rdID_Server2\Server2\@ace\addons\ace_casings.pbo - 3.20.0.104
 7:29:11 C:\3rdID_Server2\Server2\@ace\addons\ace_chemlights.pbo - 3.20.0.104
 7:29:11 C:\3rdID_Server2\Server2\@ace\addons\ace_common.pbo - 3.20.0.104
 7:29:11 C:\3rdID_Server2\Server2\@ace\addons\ace_compat_aegis.pbo - 3.20.0.104
 7:29:11 C:\3rdID_Server2\Server2\@ace\addons\ace_compat_cfp.pbo - 3.20.0.104
 7:29:11 C:\3rdID_Server2\Server2\@ace\addons\ace_compat_csla.pbo - 3.20.0.104
 7:29:11 C:\3rdID_Server2\Server2\@ace\addons\ace_compat_cup_terrains.pbo - 3.20.0.104
 7:29:11 C:\3rdID_Server2\Server2\@ace\addons\ace_compat_cup_units.pbo - 3.20.0.104
 7:29:11 C:\3rdID_Server2\Server2\@ace\addons\ace_compat_cup_vehicles.pbo - 3.20.0.104
 7:29:11 C:\3rdID_Server2\Server2\@ace\addons\ace_compat_cup_weapons.pbo - 3.20.0.104
 7:29:11 C:\3rdID_Server2\Server2\@ace\addons\ace_compat_ef.pbo - 3.20.0.104
 7:29:11 C:\3rdID_Server2\Server2\@ace\addons\ace_compat_gm.pbo - 3.20.0.104
 7:29:11 C:\3rdID_Server2\Server2\@ace\addons\ace_compat_r3f.pbo - 3.20.0.104
 7:29:11 C:\3rdID_Server2\Server2\@ace\addons\ace_compat_rf.pbo - 3.20.0.104
 7:29:11 C:\3rdID_Server2\Server2\@ace\addons\ace_compat_rhs_afrf3.pbo - 3.20.0.104
 7:29:11 C:\3rdID_Server2\Server2\@ace\addons\ace_compat_rhs_gref3.pbo - 3.20.0.104
 7:29:11 C:\3rdID_Server2\Server2\@ace\addons\ace_compat_rhs_saf3.pbo - 3.20.0.104
 7:29:11 C:\3rdID_Server2\Server2\@ace\addons\ace_compat_rhs_usf3.pbo - 3.20.0.104
 7:29:11 C:\3rdID_Server2\Server2\@ace\addons\ace_compat_rh_acc.pbo - 3.20.0.104
 7:29:11 C:\3rdID_Server2\Server2\@ace\addons\ace_compat_rh_de.pbo - 3.20.0.104
 7:29:11 C:\3rdID_Server2\Server2\@ace\addons\ace_compat_rh_m4.pbo - 3.20.0.104
 7:29:11 C:\3rdID_Server2\Server2\@ace\addons\ace_compat_rh_pdw.pbo - 3.20.0.104
 7:29:11 C:\3rdID_Server2\Server2\@ace\addons\ace_compat_rksl_pm_ii.pbo - 3.20.0.104
 7:29:11 C:\3rdID_Server2\Server2\@ace\addons\ace_compat_sma3_iansky.pbo - 3.20.0.104
 7:29:11 C:\3rdID_Server2\Server2\@ace\addons\ace_compat_sog.pbo - 3.20.0.104
 7:29:11 C:\3rdID_Server2\Server2\@ace\addons\ace_compat_spe.pbo - 3.20.0.104
 7:29:11 C:\3rdID_Server2\Server2\@ace\addons\ace_compat_ws.pbo - 3.20.0.104
 7:29:11 C:\3rdID_Server2\Server2\@ace\addons\ace_concertina_wire.pbo - 3.20.0.104
 7:29:11 C:\3rdID_Server2\Server2\@ace\addons\ace_cookoff.pbo - 3.20.0.104
 7:29:11 C:\3rdID_Server2\Server2\@ace\addons\ace_csw.pbo - 3.20.0.104
 7:29:11 C:\3rdID_Server2\Server2\@ace\addons\ace_dagr.pbo - 3.20.0.104
 7:29:11 C:\3rdID_Server2\Server2\@ace\addons\ace_disarming.pbo - 3.20.0.104
 7:29:11 C:\3rdID_Server2\Server2\@ace\addons\ace_disposable.pbo - 3.20.0.104
 7:29:11 C:\3rdID_Server2\Server2\@ace\addons\ace_dogtags.pbo - 3.20.0.104
 7:29:11 C:\3rdID_Server2\Server2\@ace\addons\ace_dragging.pbo - 3.20.0.104
 7:29:11 C:\3rdID_Server2\Server2\@ace\addons\ace_dragon.pbo - 3.20.0.104
 7:29:11 C:\3rdID_Server2\Server2\@ace\addons\ace_explosives.pbo - 3.20.0.104
 7:29:11 C:\3rdID_Server2\Server2\@ace\addons\ace_fastroping.pbo - 3.20.0.104
 7:29:11 C:\3rdID_Server2\Server2\@ace\addons\ace_fcs.pbo - 3.20.0.104
 7:29:11 C:\3rdID_Server2\Server2\@ace\addons\ace_fieldmanual.pbo - 3.20.0.104
 7:29:11 C:\3rdID_Server2\Server2\@ace\addons\ace_field_rations.pbo - 3.20.0.104
 7:29:11 C:\3rdID_Server2\Server2\@ace\addons\ace_finger.pbo - 3.20.0.104
 7:29:11 C:\3rdID_Server2\Server2\@ace\addons\ace_fire.pbo - 3.20.0.104
 7:29:11 C:\3rdID_Server2\Server2\@ace\addons\ace_flags.pbo - 3.20.0.104
 7:29:11 C:\3rdID_Server2\Server2\@ace\addons\ace_flashlights.pbo - 3.20.0.104
 7:29:11 C:\3rdID_Server2\Server2\@ace\addons\ace_flashsuppressors.pbo - 3.20.0.104
 7:29:11 C:\3rdID_Server2\Server2\@ace\addons\ace_fonts.pbo - 3.20.0.104
 7:29:11 C:\3rdID_Server2\Server2\@ace\addons\ace_fortify.pbo - 3.20.0.104
 7:29:11 C:\3rdID_Server2\Server2\@ace\addons\ace_frag.pbo - 3.20.0.104
 7:29:11 C:\3rdID_Server2\Server2\@ace\addons\ace_gestures.pbo - 3.20.0.104
 7:29:11 C:\3rdID_Server2\Server2\@ace\addons\ace_gforces.pbo - 3.20.0.104
 7:29:11 C:\3rdID_Server2\Server2\@ace\addons\ace_goggles.pbo - 3.20.0.104
 7:29:11 C:\3rdID_Server2\Server2\@ace\addons\ace_grenades.pbo - 3.20.0.104
 7:29:11 C:\3rdID_Server2\Server2\@ace\addons\ace_gunbag.pbo - 3.20.0.104
 7:29:11 C:\3rdID_Server2\Server2\@ace\addons\ace_headless.pbo - 3.20.0.104
 7:29:11 C:\3rdID_Server2\Server2\@ace\addons\ace_hearing.pbo - 3.20.0.104
 7:29:11 C:\3rdID_Server2\Server2\@ace\addons\ace_hellfire.pbo - 3.20.0.104
 7:29:11 C:\3rdID_Server2\Server2\@ace\addons\ace_hitreactions.pbo - 3.20.0.104
 7:29:11 C:\3rdID_Server2\Server2\@ace\addons\ace_hot.pbo - 3.20.0.104
 7:29:11 C:\3rdID_Server2\Server2\@ace\addons\ace_hunterkiller.pbo - 3.20.0.104
 7:29:11 C:\3rdID_Server2\Server2\@ace\addons\ace_huntir.pbo - 3.20.0.104
 7:29:11 C:\3rdID_Server2\Server2\@ace\addons\ace_intelitems.pbo - 3.20.0.104
 7:29:11 C:\3rdID_Server2\Server2\@ace\addons\ace_interaction.pbo - 3.20.0.104
 7:29:11 C:\3rdID_Server2\Server2\@ace\addons\ace_interact_menu.pbo - 3.20.0.104
 7:29:11 C:\3rdID_Server2\Server2\@ace\addons\ace_inventory.pbo - 3.20.0.104
 7:29:11 C:\3rdID_Server2\Server2\@ace\addons\ace_irlight.pbo - 3.20.0.104
 7:29:11 C:\3rdID_Server2\Server2\@ace\addons\ace_javelin.pbo - 3.20.0.104
 7:29:11 C:\3rdID_Server2\Server2\@ace\addons\ace_kestrel4500.pbo - 3.20.0.104
 7:29:11 C:\3rdID_Server2\Server2\@ace\addons\ace_killtracker.pbo - 3.20.0.104
 7:29:11 C:\3rdID_Server2\Server2\@ace\addons\ace_laser.pbo - 3.20.0.104
 7:29:11 C:\3rdID_Server2\Server2\@ace\addons\ace_laserpointer.pbo - 3.20.0.104
 7:29:11 C:\3rdID_Server2\Server2\@ace\addons\ace_logistics_rope.pbo - 3.20.0.104
 7:29:11 C:\3rdID_Server2\Server2\@ace\addons\ace_logistics_uavbattery.pbo - 3.20.0.104
 7:29:11 C:\3rdID_Server2\Server2\@ace\addons\ace_logistics_wirecutter.pbo - 3.20.0.104
 7:29:11 C:\3rdID_Server2\Server2\@ace\addons\ace_magazinerepack.pbo - 3.20.0.104
 7:29:11 C:\3rdID_Server2\Server2\@ace\addons\ace_main.pbo - 3.20.0.104
 7:29:11 C:\3rdID_Server2\Server2\@ace\addons\ace_map.pbo - 3.20.0.104
 7:29:11 C:\3rdID_Server2\Server2\@ace\addons\ace_maptools.pbo - 3.20.0.104
 7:29:11 C:\3rdID_Server2\Server2\@ace\addons\ace_map_gestures.pbo - 3.20.0.104
 7:29:11 C:\3rdID_Server2\Server2\@ace\addons\ace_markers.pbo - 3.20.0.104
 7:29:11 C:\3rdID_Server2\Server2\@ace\addons\ace_marker_flags.pbo - 3.20.0.104
 7:29:11 C:\3rdID_Server2\Server2\@ace\addons\ace_markinglaser.pbo - 3.20.0.104
 7:29:11 C:\3rdID_Server2\Server2\@ace\addons\ace_maverick.pbo - 3.20.0.104
 7:29:11 C:\3rdID_Server2\Server2\@ace\addons\ace_medical.pbo - 3.20.0.104
 7:29:11 C:\3rdID_Server2\Server2\@ace\addons\ace_medical_ai.pbo - 3.20.0.104
 7:29:11 C:\3rdID_Server2\Server2\@ace\addons\ace_medical_blood.pbo - 3.20.0.104
 7:29:11 C:\3rdID_Server2\Server2\@ace\addons\ace_medical_damage.pbo - 3.20.0.104
 7:29:11 C:\3rdID_Server2\Server2\@ace\addons\ace_medical_engine.pbo - 3.20.0.104
 7:29:11 C:\3rdID_Server2\Server2\@ace\addons\ace_medical_feedback.pbo - 3.20.0.104
 7:29:11 C:\3rdID_Server2\Server2\@ace\addons\ace_medical_gui.pbo - 3.20.0.104
 7:29:11 C:\3rdID_Server2\Server2\@ace\addons\ace_medical_statemachine.pbo - 3.20.0.104
 7:29:11 C:\3rdID_Server2\Server2\@ace\addons\ace_medical_status.pbo - 3.20.0.104
 7:29:11 C:\3rdID_Server2\Server2\@ace\addons\ace_medical_treatment.pbo - 3.20.0.104
 7:29:11 C:\3rdID_Server2\Server2\@ace\addons\ace_medical_vitals.pbo - 3.20.0.104
 7:29:11 C:\3rdID_Server2\Server2\@ace\addons\ace_metis.pbo - 3.20.0.104
 7:29:11 C:\3rdID_Server2\Server2\@ace\addons\ace_microdagr.pbo - 3.20.0.104
 7:29:11 C:\3rdID_Server2\Server2\@ace\addons\ace_minedetector.pbo - 3.20.0.104
 7:29:11 C:\3rdID_Server2\Server2\@ace\addons\ace_missileguidance.pbo - 3.20.0.104
 7:29:11 C:\3rdID_Server2\Server2\@ace\addons\ace_missile_aim120.pbo - 3.20.0.104
 7:29:11 C:\3rdID_Server2\Server2\@ace\addons\ace_missile_aim9.pbo - 3.20.0.104
 7:29:11 C:\3rdID_Server2\Server2\@ace\addons\ace_missile_clgp.pbo - 3.20.0.104
 7:29:11 C:\3rdID_Server2\Server2\@ace\addons\ace_missile_gbu.pbo - 3.20.0.104
 7:29:11 C:\3rdID_Server2\Server2\@ace\addons\ace_missile_hud.pbo - 3.20.0.104
 7:29:11 C:\3rdID_Server2\Server2\@ace\addons\ace_missile_manpad.pbo - 3.20.0.104
 7:29:11 C:\3rdID_Server2\Server2\@ace\addons\ace_missile_sam.pbo - 3.20.0.104
 7:29:11 C:\3rdID_Server2\Server2\@ace\addons\ace_missile_sdb.pbo - 3.20.0.104
 7:29:11 C:\3rdID_Server2\Server2\@ace\addons\ace_missile_vikhr.pbo - 3.20.0.104
 7:29:11 C:\3rdID_Server2\Server2\@ace\addons\ace_missionmodules.pbo - 3.20.0.104
 7:29:11 C:\3rdID_Server2\Server2\@ace\addons\ace_mk6mortar.pbo - 3.20.0.104
 7:29:11 C:\3rdID_Server2\Server2\@ace\addons\ace_modules.pbo - 3.20.0.104
 7:29:11 C:\3rdID_Server2\Server2\@ace\addons\ace_movement.pbo - 3.20.0.104
 7:29:11 C:\3rdID_Server2\Server2\@ace\addons\ace_mx2a.pbo - 3.20.0.104
 7:29:11 C:\3rdID_Server2\Server2\@ace\addons\ace_nametags.pbo - 3.20.0.104
 7:29:11 C:\3rdID_Server2\Server2\@ace\addons\ace_nightvision.pbo - 3.20.0.104
 7:29:11 C:\3rdID_Server2\Server2\@ace\addons\ace_nlaw.pbo - 3.20.0.104
 7:29:11 C:\3rdID_Server2\Server2\@ace\addons\ace_noidle.pbo - 3.20.0.104
 7:29:11 C:\3rdID_Server2\Server2\@ace\addons\ace_noradio.pbo - 3.20.0.104
 7:29:11 C:\3rdID_Server2\Server2\@ace\addons\ace_norearm.pbo - 3.20.0.104
 7:29:11 C:\3rdID_Server2\Server2\@ace\addons\ace_novehicleclanlogo.pbo - 3.20.0.104
 7:29:11 C:\3rdID_Server2\Server2\@ace\addons\ace_optics.pbo - 3.20.0.104
 7:29:11 C:\3rdID_Server2\Server2\@ace\addons\ace_optionsmenu.pbo - 3.20.0.104
 7:29:11 C:\3rdID_Server2\Server2\@ace\addons\ace_overheating.pbo - 3.20.0.104
 7:29:11 C:\3rdID_Server2\Server2\@ace\addons\ace_overpressure.pbo - 3.20.0.104
 7:29:11 C:\3rdID_Server2\Server2\@ace\addons\ace_parachute.pbo - 3.20.0.104
 7:29:11 C:\3rdID_Server2\Server2\@ace\addons\ace_pylons.pbo - 3.20.0.104
 7:29:11 C:\3rdID_Server2\Server2\@ace\addons\ace_quickmount.pbo - 3.20.0.104
 7:29:11 C:\3rdID_Server2\Server2\@ace\addons\ace_rangecard.pbo - 3.20.0.104
 7:29:11 C:\3rdID_Server2\Server2\@ace\addons\ace_realisticnames.pbo - 3.20.0.104
 7:29:11 C:\3rdID_Server2\Server2\@ace\addons\ace_realisticweights.pbo - 3.20.0.104
 7:29:11 C:\3rdID_Server2\Server2\@ace\addons\ace_rearm.pbo - 3.20.0.104
 7:29:11 C:\3rdID_Server2\Server2\@ace\addons\ace_recoil.pbo - 3.20.0.104
 7:29:11 C:\3rdID_Server2\Server2\@ace\addons\ace_refuel.pbo - 3.20.0.104
 7:29:11 C:\3rdID_Server2\Server2\@ace\addons\ace_reload.pbo - 3.20.0.104
 7:29:11 C:\3rdID_Server2\Server2\@ace\addons\ace_reloadlaunchers.pbo - 3.20.0.104
 7:29:11 C:\3rdID_Server2\Server2\@ace\addons\ace_repair.pbo - 3.20.0.104
 7:29:11 C:\3rdID_Server2\Server2\@ace\addons\ace_respawn.pbo - 3.20.0.104
 7:29:11 C:\3rdID_Server2\Server2\@ace\addons\ace_safemode.pbo - 3.20.0.104
 7:29:11 C:\3rdID_Server2\Server2\@ace\addons\ace_sandbag.pbo - 3.20.0.104
 7:29:11 C:\3rdID_Server2\Server2\@ace\addons\ace_scopes.pbo - 3.20.0.104
 7:29:11 C:\3rdID_Server2\Server2\@ace\addons\ace_sitting.pbo - 3.20.0.104
 7:29:11 C:\3rdID_Server2\Server2\@ace\addons\ace_slideshow.pbo - 3.20.0.104
 7:29:11 C:\3rdID_Server2\Server2\@ace\addons\ace_smallarms.pbo - 3.20.0.104
 7:29:11 C:\3rdID_Server2\Server2\@ace\addons\ace_spectator.pbo - 3.20.0.104
 7:29:11 C:\3rdID_Server2\Server2\@ace\addons\ace_spike.pbo - 3.20.0.104
 7:29:11 C:\3rdID_Server2\Server2\@ace\addons\ace_spottingscope.pbo - 3.20.0.104
 7:29:11 C:\3rdID_Server2\Server2\@ace\addons\ace_switchunits.pbo - 3.20.0.104
 7:29:11 C:\3rdID_Server2\Server2\@ace\addons\ace_tacticalladder.pbo - 3.20.0.104
 7:29:11 C:\3rdID_Server2\Server2\@ace\addons\ace_tagging.pbo - 3.20.0.104
 7:29:11 C:\3rdID_Server2\Server2\@ace\addons\ace_thermals.pbo - 3.20.0.104
 7:29:11 C:\3rdID_Server2\Server2\@ace\addons\ace_towing.pbo - 3.20.0.104
 7:29:11 C:\3rdID_Server2\Server2\@ace\addons\ace_trenches.pbo - 3.20.0.104
 7:29:11 C:\3rdID_Server2\Server2\@ace\addons\ace_tripod.pbo - 3.20.0.104
 7:29:11 C:\3rdID_Server2\Server2\@ace\addons\ace_ui.pbo - 3.20.0.104
 7:29:11 C:\3rdID_Server2\Server2\@ace\addons\ace_vector.pbo - 3.20.0.104
 7:29:11 C:\3rdID_Server2\Server2\@ace\addons\ace_vehiclelock.pbo - 3.20.0.104
 7:29:11 C:\3rdID_Server2\Server2\@ace\addons\ace_vehicles.pbo - 3.20.0.104
 7:29:11 C:\3rdID_Server2\Server2\@ace\addons\ace_vehicle_damage.pbo - 3.20.0.104
 7:29:11 C:\3rdID_Server2\Server2\@ace\addons\ace_viewdistance.pbo - 3.20.0.104
 7:29:11 C:\3rdID_Server2\Server2\@ace\addons\ace_viewports.pbo - 3.20.0.104
 7:29:11 C:\3rdID_Server2\Server2\@ace\addons\ace_viewrestriction.pbo - 3.20.0.104
 7:29:11 C:\3rdID_Server2\Server2\@ace\addons\ace_volume.pbo - 3.20.0.104
 7:29:11 C:\3rdID_Server2\Server2\@ace\addons\ace_weaponselect.pbo - 3.20.0.104
 7:29:11 C:\3rdID_Server2\Server2\@ace\addons\ace_weather.pbo - 3.20.0.104
 7:29:11 C:\3rdID_Server2\Server2\@ace\addons\ace_winddeflection.pbo - 3.20.0.104
 7:29:11 C:\3rdID_Server2\Server2\@ace\addons\ace_xm157.pbo - 3.20.0.104
 7:29:11 C:\3rdID_Server2\Server2\@ace\addons\ace_yardage450.pbo - 3.20.0.104
 7:29:11 C:\3rdID_Server2\Server2\@ace\addons\ace_zeus.pbo - 3.20.0.104
 7:29:11 C:\3rdID_Server2\Server2\@3rd_Infantry_Division_Mod\addons\third_flags.pbo - 25072804
 7:29:11 C:\3rdID_Server2\Server2\@3rd_Infantry_Division_Mod\addons\third_headgear.pbo - 25072804
 7:29:11 C:\3rdID_Server2\Server2\@3rd_Infantry_Division_Mod\addons\third_items.pbo - 25072804
 7:29:11 C:\3rdID_Server2\Server2\@3rd_Infantry_Division_Mod\addons\third_markers.pbo - 25072804
 7:29:11 C:\3rdID_Server2\Server2\@3rd_Infantry_Division_Mod\addons\third_scope.pbo - 25072804
 7:29:11 C:\3rdID_Server2\Server2\@3rd_Infantry_Division_Mod\addons\third_spraypaint.pbo - 25072804
 7:29:11 C:\3rdID_Server2\Server2\@3rd_Infantry_Division_Mod\addons\third_structure.pbo - 25072804
 7:29:11 C:\3rdID_Server2\Server2\@3rd_Infantry_Division_Mod\addons\third_ui.pbo - 25072804
 7:29:11 C:\3rdID_Server2\Server2\@3rd_Infantry_Division_Mod\addons\third_uniforms.pbo - 25072804
 7:29:11 C:\3rdID_Server2\Server2\@3rd_Infantry_Division_Mod\addons\third_units.pbo - 25072804
 7:29:11 C:\3rdID_Server2\Server2\@3rd_Infantry_Division_Mod\addons\third_weapons.pbo - 25072804
 7:29:11 C:\3rdID_Server2\Server2\@3den_Enhanced\addons\enh_ace_arsenal_shortcut.pbo - 8.7.1
 7:29:11 C:\3rdID_Server2\Server2\@3den_Enhanced\addons\enh_captureframeui.pbo - 8.7.1
 7:29:11 C:\3rdID_Server2\Server2\@3den_Enhanced\addons\enh_eventscripts.pbo - 8.7.1
 7:29:11 C:\3rdID_Server2\Server2\@3den_Enhanced\addons\enh_main.pbo - 8.7.1
 7:29:11 C:\3rdID_Server2\Server2\@AdvancedSlingLoadingRopePatch\addons\SA_AdvancedSlingLoading.pbo - unknown
 7:29:11 C:\3rdID_Server2\Server2\aow\addons\anims_f_aow.pbo - 149768
 7:29:11 C:\3rdID_Server2\Server2\aow\addons\characters_f_aow.pbo - 150659
 7:29:11 C:\3rdID_Server2\Server2\aow\addons\data_f_aow.pbo - 149928
 7:29:11 C:\3rdID_Server2\Server2\aow\addons\dubbing_f_aow.pbo - 149901
 7:29:11 C:\3rdID_Server2\Server2\aow\addons\editorpreviews_f_aow.pbo - 149909
 7:29:11 C:\3rdID_Server2\Server2\aow\addons\functions_f_aow.pbo - 149593
 7:29:11 C:\3rdID_Server2\Server2\aow\addons\languagemissions_f_aow.pbo - 151164
 7:29:11 C:\3rdID_Server2\Server2\aow\addons\language_f_aow.pbo - 151164
 7:29:11 C:\3rdID_Server2\Server2\aow\addons\missions_f_aow.pbo - 150974
 7:29:11 C:\3rdID_Server2\Server2\aow\addons\missions_f_aow_data.pbo - 150984
 7:29:11 C:\3rdID_Server2\Server2\aow\addons\missions_f_aow_video.pbo - 149837
 7:29:11 C:\3rdID_Server2\Server2\aow\addons\props_f_aow.pbo - 150912
 7:29:11 C:\3rdID_Server2\Server2\aow\addons\sounds_f_aow.pbo - 150867
 7:29:11 C:\3rdID_Server2\Server2\aow\addons\structures_f_aow.pbo - 149883
 7:29:11 C:\3rdID_Server2\Server2\aow\addons\supplies_f_aow.pbo - 150149
 7:29:11 C:\3rdID_Server2\Server2\aow\addons\ui_f_aow.pbo - 149917
 7:29:11 C:\3rdID_Server2\Server2\enoch\addons\air_f_enoch.pbo - 145904
 7:29:11 C:\3rdID_Server2\Server2\enoch\addons\anims_f_enoch.pbo - 150341
 7:29:11 C:\3rdID_Server2\Server2\enoch\addons\armor_f_enoch.pbo - 145904
 7:29:11 C:\3rdID_Server2\Server2\enoch\addons\cargoposes_f_enoch.pbo - 142478
 7:29:11 C:\3rdID_Server2\Server2\enoch\addons\characters_f_enoch.pbo - 150968
 7:29:11 C:\3rdID_Server2\Server2\enoch\addons\data_f_enoch.pbo - 150070
 7:29:11 C:\3rdID_Server2\Server2\enoch\addons\dubbing_radio_f_enoch.pbo - 150070
 7:29:11 C:\3rdID_Server2\Server2\enoch\addons\dubbing_radio_f_enoch_data.pbo - 150020
 7:29:11 C:\3rdID_Server2\Server2\enoch\addons\editorpreviews_f_enoch.pbo - 150962
 7:29:11 C:\3rdID_Server2\Server2\enoch\addons\functions_f_enoch.pbo - 148356
 7:29:11 C:\3rdID_Server2\Server2\enoch\addons\languagemissions_f_enoch.pbo - 151164
 7:29:11 C:\3rdID_Server2\Server2\enoch\addons\language_f_enoch.pbo - 151164
 7:29:11 C:\3rdID_Server2\Server2\enoch\addons\map_enoch.pbo - 150292
 7:29:11 C:\3rdID_Server2\Server2\enoch\addons\map_enoch_data.pbo - 145274
 7:29:11 C:\3rdID_Server2\Server2\enoch\addons\map_enoch_data_layers.pbo - 146184
 7:29:11 C:\3rdID_Server2\Server2\enoch\addons\map_enoch_scenes_f.pbo - 143336
 7:29:11 C:\3rdID_Server2\Server2\enoch\addons\missions_f_enoch.pbo - 149487
 7:29:11 C:\3rdID_Server2\Server2\enoch\addons\music_f_enoch.pbo - 147472
 7:29:11 C:\3rdID_Server2\Server2\enoch\addons\music_f_enoch_music.pbo - 150867
 7:29:11 C:\3rdID_Server2\Server2\enoch\addons\props_f_enoch.pbo - 150309
 7:29:11 C:\3rdID_Server2\Server2\enoch\addons\rocks_f_enoch.pbo - 148432
 7:29:11 C:\3rdID_Server2\Server2\enoch\addons\soft_f_enoch.pbo - 150885
 7:29:11 C:\3rdID_Server2\Server2\enoch\addons\sounds_f_enoch.pbo - 150842
 7:29:11 C:\3rdID_Server2\Server2\enoch\addons\static_f_enoch.pbo - 145904
 7:29:11 C:\3rdID_Server2\Server2\enoch\addons\structures_f_enoch.pbo - 148551
 7:29:11 C:\3rdID_Server2\Server2\enoch\addons\structures_f_enoch_civilian.pbo - 150926
 7:29:11 C:\3rdID_Server2\Server2\enoch\addons\structures_f_enoch_commercial.pbo - 148419
 7:29:11 C:\3rdID_Server2\Server2\enoch\addons\structures_f_enoch_cultural.pbo - 150415
 7:29:11 C:\3rdID_Server2\Server2\enoch\addons\structures_f_enoch_data.pbo - 148419
 7:29:11 C:\3rdID_Server2\Server2\enoch\addons\structures_f_enoch_furniture.pbo - 148419
 7:29:11 C:\3rdID_Server2\Server2\enoch\addons\structures_f_enoch_industrial.pbo - 150920
 7:29:11 C:\3rdID_Server2\Server2\enoch\addons\structures_f_enoch_infrastructure.pbo - 148551
 7:29:11 C:\3rdID_Server2\Server2\enoch\addons\structures_f_enoch_military.pbo - 150174
 7:29:11 C:\3rdID_Server2\Server2\enoch\addons\supplies_f_enoch.pbo - 151084
 7:29:11 C:\3rdID_Server2\Server2\enoch\addons\ui_f_enoch.pbo - 147095
 7:29:11 C:\3rdID_Server2\Server2\enoch\addons\vegetation_f_enoch.pbo - 150192
 7:29:11 C:\3rdID_Server2\Server2\enoch\addons\weapons_f_enoch.pbo - 150671
 7:29:11 C:\3rdID_Server2\Server2\tank\addons\armor_f_tank.pbo - 150292
 7:29:11 C:\3rdID_Server2\Server2\tank\addons\cargoposes_f_tank.pbo - 128283
 7:29:11 C:\3rdID_Server2\Server2\tank\addons\characters_f_tank.pbo - 150968
 7:29:11 C:\3rdID_Server2\Server2\tank\addons\data_f_tank.pbo - 128203
 7:29:11 C:\3rdID_Server2\Server2\tank\addons\dubbing_f_tank.pbo - 127958
 7:29:11 C:\3rdID_Server2\Server2\tank\addons\editorpreviews_f_tank.pbo - 137875
 7:29:11 C:\3rdID_Server2\Server2\tank\addons\functions_f_tank.pbo - 125996
 7:29:11 C:\3rdID_Server2\Server2\tank\addons\languagemissions_f_tank.pbo - 151164
 7:29:11 C:\3rdID_Server2\Server2\tank\addons\language_f_tank.pbo - 151164
 7:29:11 C:\3rdID_Server2\Server2\tank\addons\missions_f_tank.pbo - 150984
 7:29:11 C:\3rdID_Server2\Server2\tank\addons\missions_f_tank_data.pbo - 128937
 7:29:11 C:\3rdID_Server2\Server2\tank\addons\modules_f_tank.pbo - 147857
 7:29:11 C:\3rdID_Server2\Server2\tank\addons\music_f_tank.pbo - 127912
 7:29:11 C:\3rdID_Server2\Server2\tank\addons\props_f_tank.pbo - 131702
 7:29:11 C:\3rdID_Server2\Server2\tank\addons\sounds_f_tank.pbo - 150867
 7:29:11 C:\3rdID_Server2\Server2\tank\addons\structures_f_tank.pbo - 150249
 7:29:11 C:\3rdID_Server2\Server2\tank\addons\ui_f_tank.pbo - 148551
 7:29:11 C:\3rdID_Server2\Server2\tank\addons\weapons_f_tank.pbo - 151040
 7:29:11 C:\3rdID_Server2\Server2\tacops\addons\characters_f_tacops.pbo - 129739
 7:29:11 C:\3rdID_Server2\Server2\tacops\addons\data_f_tacops.pbo - 150102
 7:29:11 C:\3rdID_Server2\Server2\tacops\addons\dubbing_f_tacops.pbo - 129340
 7:29:11 C:\3rdID_Server2\Server2\tacops\addons\functions_f_tacops.pbo - 150415
 7:29:11 C:\3rdID_Server2\Server2\tacops\addons\languagemissions_f_tacops.pbo - 151164
 7:29:11 C:\3rdID_Server2\Server2\tacops\addons\language_f_tacops.pbo - 151164
 7:29:11 C:\3rdID_Server2\Server2\tacops\addons\missions_f_tacops.pbo - 144976
 7:29:11 C:\3rdID_Server2\Server2\tacops\addons\modules_f_tacops.pbo - 150149
 7:29:11 C:\3rdID_Server2\Server2\tacops\addons\music_f_tacops.pbo - 124064
 7:29:11 C:\3rdID_Server2\Server2\tacops\addons\sounds_f_tacops.pbo - 150867
 7:29:11 C:\3rdID_Server2\Server2\tacops\addons\ui_f_tacops.pbo - 148551
 7:29:11 C:\3rdID_Server2\Server2\orange\addons\air_f_orange.pbo - 150970
 7:29:11 C:\3rdID_Server2\Server2\orange\addons\cargoposes_f_orange.pbo - 126225
 7:29:11 C:\3rdID_Server2\Server2\orange\addons\characters_f_orange.pbo - 150968
 7:29:11 C:\3rdID_Server2\Server2\orange\addons\data_f_orange.pbo - 144284
 7:29:11 C:\3rdID_Server2\Server2\orange\addons\dubbing_f_orange.pbo - 121689
 7:29:11 C:\3rdID_Server2\Server2\orange\addons\editorpreviews_f_orange.pbo - 123173
 7:29:11 C:\3rdID_Server2\Server2\orange\addons\functions_f_orange.pbo - 150945
 7:29:11 C:\3rdID_Server2\Server2\orange\addons\languagemissions_f_orange.pbo - 151164
 7:29:11 C:\3rdID_Server2\Server2\orange\addons\language_f_orange.pbo - 151164
 7:29:11 C:\3rdID_Server2\Server2\orange\addons\missions_f_orange.pbo - 150364
 7:29:11 C:\3rdID_Server2\Server2\orange\addons\modules_f_orange.pbo - 143632
 7:29:11 C:\3rdID_Server2\Server2\orange\addons\music_f_orange.pbo - 120725
 7:29:11 C:\3rdID_Server2\Server2\orange\addons\props_f_orange.pbo - 148864
 7:29:11 C:\3rdID_Server2\Server2\orange\addons\soft_f_orange.pbo - 150945
 7:29:11 C:\3rdID_Server2\Server2\orange\addons\sounds_f_orange.pbo - 150867
 7:29:11 C:\3rdID_Server2\Server2\orange\addons\structures_f_orange.pbo - 150867
 7:29:11 C:\3rdID_Server2\Server2\orange\addons\supplies_f_orange.pbo - 129371
 7:29:11 C:\3rdID_Server2\Server2\orange\addons\ui_f_orange.pbo - 151010
 7:29:11 C:\3rdID_Server2\Server2\orange\addons\weapons_f_orange.pbo - 150671
 7:29:11 C:\3rdID_Server2\Server2\argo\addons\armor_f_argo.pbo - 129739
 7:29:11 C:\3rdID_Server2\Server2\argo\addons\characters_f_patrol.pbo - 149127
 7:29:11 C:\3rdID_Server2\Server2\argo\addons\data_f_argo.pbo - 128209
 7:29:11 C:\3rdID_Server2\Server2\argo\addons\data_f_patrol.pbo - 141307
 7:29:11 C:\3rdID_Server2\Server2\argo\addons\editorpreviews_f_argo.pbo - 150968
 7:29:11 C:\3rdID_Server2\Server2\argo\addons\functions_f_patrol.pbo - 141510
 7:29:11 C:\3rdID_Server2\Server2\argo\addons\languagemissions_f_patrol.pbo - 151164
 7:29:11 C:\3rdID_Server2\Server2\argo\addons\language_f_argo.pbo - 151164
 7:29:11 C:\3rdID_Server2\Server2\argo\addons\language_f_patrol.pbo - 151164
 7:29:11 C:\3rdID_Server2\Server2\argo\addons\map_malden.pbo - 150292
 7:29:11 C:\3rdID_Server2\Server2\argo\addons\map_malden_data.pbo - 135888
 7:29:11 C:\3rdID_Server2\Server2\argo\addons\map_malden_data_layers.pbo - 135888
 7:29:11 C:\3rdID_Server2\Server2\argo\addons\map_malden_scenes_f.pbo - 120026
 7:29:11 C:\3rdID_Server2\Server2\argo\addons\missions_f_patrol.pbo - 126663
 7:29:11 C:\3rdID_Server2\Server2\argo\addons\modules_f_patrol.pbo - 119459
 7:29:11 C:\3rdID_Server2\Server2\argo\addons\music_f_argo.pbo - 119459
 7:29:11 C:\3rdID_Server2\Server2\argo\addons\props_f_argo.pbo - 129371
 7:29:11 C:\3rdID_Server2\Server2\argo\addons\rocks_f_argo.pbo - 148432
 7:29:11 C:\3rdID_Server2\Server2\argo\addons\sounds_f_patrol.pbo - 150867
 7:29:11 C:\3rdID_Server2\Server2\argo\addons\structures_f_argo.pbo - 150961
 7:29:11 C:\3rdID_Server2\Server2\argo\addons\ui_f_patrol.pbo - 141307
 7:29:11 C:\3rdID_Server2\Server2\argo\addons\vegetation_f_argo.pbo - 148432
 7:29:11 C:\3rdID_Server2\Server2\argo\addons\weapons_f_patrol.pbo - 141307
 7:29:11 C:\3rdID_Server2\Server2\jets\addons\air_f_jets.pbo - 150968
 7:29:11 C:\3rdID_Server2\Server2\jets\addons\anims_f_jets.pbo - 123210
 7:29:11 C:\3rdID_Server2\Server2\jets\addons\boat_f_destroyer.pbo - 143297
 7:29:11 C:\3rdID_Server2\Server2\jets\addons\boat_f_jets.pbo - 150071
 7:29:11 C:\3rdID_Server2\Server2\jets\addons\cargoposes_f_jets.pbo - 126225
 7:29:11 C:\3rdID_Server2\Server2\jets\addons\characters_f_jets.pbo - 129739
 7:29:11 C:\3rdID_Server2\Server2\jets\addons\data_f_destroyer.pbo - 150370
 7:29:11 C:\3rdID_Server2\Server2\jets\addons\data_f_jets.pbo - 150370
 7:29:11 C:\3rdID_Server2\Server2\jets\addons\data_f_sams.pbo - 150370
 7:29:11 C:\3rdID_Server2\Server2\jets\addons\dubbing_f_jets.pbo - 119457
 7:29:11 C:\3rdID_Server2\Server2\jets\addons\editorpreviews_f_destroyer.pbo - 132141
 7:29:11 C:\3rdID_Server2\Server2\jets\addons\editorpreviews_f_jets.pbo - 150968
 7:29:11 C:\3rdID_Server2\Server2\jets\addons\editorpreviews_f_sams.pbo - 132141
 7:29:11 C:\3rdID_Server2\Server2\jets\addons\functions_f_destroyer.pbo - 150071
 7:29:11 C:\3rdID_Server2\Server2\jets\addons\functions_f_jets.pbo - 151077
 7:29:11 C:\3rdID_Server2\Server2\jets\addons\languagemissions_f_jets.pbo - 151164
 7:29:11 C:\3rdID_Server2\Server2\jets\addons\language_f_destroyer.pbo - 151164
 7:29:11 C:\3rdID_Server2\Server2\jets\addons\language_f_jets.pbo - 151164
 7:29:11 C:\3rdID_Server2\Server2\jets\addons\language_f_sams.pbo - 151164
 7:29:11 C:\3rdID_Server2\Server2\jets\addons\missions_f_jets.pbo - 130755
 7:29:11 C:\3rdID_Server2\Server2\jets\addons\modules_f_jets.pbo - 119459
 7:29:11 C:\3rdID_Server2\Server2\jets\addons\music_f_jets.pbo - 119459
 7:29:11 C:\3rdID_Server2\Server2\jets\addons\props_f_destroyer.pbo - 132141
 7:29:11 C:\3rdID_Server2\Server2\jets\addons\props_f_jets.pbo - 129371
 7:29:11 C:\3rdID_Server2\Server2\jets\addons\sounds_f_jets.pbo - 150867
 7:29:11 C:\3rdID_Server2\Server2\jets\addons\static_f_destroyer.pbo - 140243
 7:29:11 C:\3rdID_Server2\Server2\jets\addons\static_f_jets.pbo - 146744
 7:29:11 C:\3rdID_Server2\Server2\jets\addons\static_f_sams.pbo - 146744
 7:29:11 C:\3rdID_Server2\Server2\jets\addons\ui_f_jets.pbo - 126137
 7:29:11 C:\3rdID_Server2\Server2\jets\addons\weapons_f_destroyer.pbo - 132268
 7:29:11 C:\3rdID_Server2\Server2\jets\addons\weapons_f_jets.pbo - 148847
 7:29:11 C:\3rdID_Server2\Server2\jets\addons\weapons_f_sams.pbo - 149414
 7:29:11 C:\3rdID_Server2\Server2\expansion\addons\air_f_exp.pbo - 150885
 7:29:11 C:\3rdID_Server2\Server2\expansion\addons\anims_f_exp.pbo - 126506
 7:29:11 C:\3rdID_Server2\Server2\expansion\addons\armor_f_exp.pbo - 141671
 7:29:11 C:\3rdID_Server2\Server2\expansion\addons\boat_f_exp.pbo - 150071
 7:29:11 C:\3rdID_Server2\Server2\expansion\addons\cargoposes_f_exp.pbo - 126224
 7:29:11 C:\3rdID_Server2\Server2\expansion\addons\characters_f_exp.pbo - 150968
 7:29:11 C:\3rdID_Server2\Server2\expansion\addons\characters_f_oldman.pbo - 148698
 7:29:11 C:\3rdID_Server2\Server2\expansion\addons\data_f_exp.pbo - 148936
 7:29:11 C:\3rdID_Server2\Server2\expansion\addons\data_f_oldman.pbo - 148580
 7:29:11 C:\3rdID_Server2\Server2\expansion\addons\dubbing_f_exp.pbo - 119457
 7:29:11 C:\3rdID_Server2\Server2\expansion\addons\dubbing_f_oldman.pbo - 148756
 7:29:11 C:\3rdID_Server2\Server2\expansion\addons\dubbing_radio_f_exp.pbo - 119458
 7:29:11 C:\3rdID_Server2\Server2\expansion\addons\dubbing_radio_f_exp_data_chi.pbo - 119458
 7:29:11 C:\3rdID_Server2\Server2\expansion\addons\dubbing_radio_f_exp_data_engfre.pbo - 119457
 7:29:11 C:\3rdID_Server2\Server2\expansion\addons\dubbing_radio_f_exp_data_fre.pbo - 119457
 7:29:11 C:\3rdID_Server2\Server2\expansion\addons\editorpreviews_f_exp.pbo - 150961
 7:29:11 C:\3rdID_Server2\Server2\expansion\addons\editorpreviews_f_oldman.pbo - 150961
 7:29:11 C:\3rdID_Server2\Server2\expansion\addons\functions_f_exp.pbo - 144006
 7:29:11 C:\3rdID_Server2\Server2\expansion\addons\functions_f_oldman.pbo - 148553
 7:29:11 C:\3rdID_Server2\Server2\expansion\addons\languagemissions_f_exp.pbo - 151164
 7:29:11 C:\3rdID_Server2\Server2\expansion\addons\languagemissions_f_oldman.pbo - 151164
 7:29:11 C:\3rdID_Server2\Server2\expansion\addons\language_f_exp.pbo - 151164
 7:29:11 C:\3rdID_Server2\Server2\expansion\addons\language_f_oldman.pbo - 151164
 7:29:11 C:\3rdID_Server2\Server2\expansion\addons\map_data_exp.pbo - 136265
 7:29:11 C:\3rdID_Server2\Server2\expansion\addons\map_tanoabuka.pbo - 150292
 7:29:11 C:\3rdID_Server2\Server2\expansion\addons\map_tanoabuka_data.pbo - 135884
 7:29:11 C:\3rdID_Server2\Server2\expansion\addons\map_tanoabuka_data_layers.pbo - 121192
 7:29:11 C:\3rdID_Server2\Server2\expansion\addons\map_tanoabuka_data_layers_00_00.pbo - 121192
 7:29:11 C:\3rdID_Server2\Server2\expansion\addons\map_tanoa_scenes_f.pbo - 123527
 7:29:11 C:\3rdID_Server2\Server2\expansion\addons\missions_f_exp.pbo - 144315
 7:29:11 C:\3rdID_Server2\Server2\expansion\addons\missions_f_exp_data.pbo - 119459
 7:29:11 C:\3rdID_Server2\Server2\expansion\addons\missions_f_exp_video.pbo - 119459
 7:29:11 C:\3rdID_Server2\Server2\expansion\addons\missions_f_oldman.pbo - 151155
 7:29:11 C:\3rdID_Server2\Server2\expansion\addons\modules_f_exp.pbo - 119459
 7:29:11 C:\3rdID_Server2\Server2\expansion\addons\modules_f_oldman.pbo - 148553
 7:29:11 C:\3rdID_Server2\Server2\expansion\addons\music_f_exp.pbo - 119477
 7:29:11 C:\3rdID_Server2\Server2\expansion\addons\music_f_exp_music.pbo - 119477
 7:29:11 C:\3rdID_Server2\Server2\expansion\addons\music_f_oldman.pbo - 148553
 7:29:11 C:\3rdID_Server2\Server2\expansion\addons\music_f_oldman_music.pbo - 148679
 7:29:11 C:\3rdID_Server2\Server2\expansion\addons\props_f_exp.pbo - 147637
 7:29:11 C:\3rdID_Server2\Server2\expansion\addons\props_f_oldman.pbo - 150968
 7:29:11 C:\3rdID_Server2\Server2\expansion\addons\rocks_f_exp.pbo - 148432
 7:29:11 C:\3rdID_Server2\Server2\expansion\addons\soft_f_exp.pbo - 150945
 7:29:11 C:\3rdID_Server2\Server2\expansion\addons\soft_f_oldman.pbo - 148580
 7:29:11 C:\3rdID_Server2\Server2\expansion\addons\sounds_f_exp.pbo - 150920
 7:29:11 C:\3rdID_Server2\Server2\expansion\addons\sounds_f_oldman.pbo - 150867
 7:29:11 C:\3rdID_Server2\Server2\expansion\addons\static_f_exp.pbo - 119478
 7:29:11 C:\3rdID_Server2\Server2\expansion\addons\static_f_oldman.pbo - 148580
 7:29:11 C:\3rdID_Server2\Server2\expansion\addons\structures_f_exp.pbo - 150912
 7:29:11 C:\3rdID_Server2\Server2\expansion\addons\structures_f_exp_civilian.pbo - 148739
 7:29:11 C:\3rdID_Server2\Server2\expansion\addons\structures_f_exp_commercial.pbo - 148419
 7:29:11 C:\3rdID_Server2\Server2\expansion\addons\structures_f_exp_cultural.pbo - 148419
 7:29:11 C:\3rdID_Server2\Server2\expansion\addons\structures_f_exp_data.pbo - 148419
 7:29:11 C:\3rdID_Server2\Server2\expansion\addons\structures_f_exp_industrial.pbo - 148419
 7:29:11 C:\3rdID_Server2\Server2\expansion\addons\structures_f_exp_infrastructure.pbo - 148551
 7:29:11 C:\3rdID_Server2\Server2\expansion\addons\structures_f_oldman.pbo - 150089
 7:29:11 C:\3rdID_Server2\Server2\expansion\addons\supplies_f_exp.pbo - 151084
 7:29:11 C:\3rdID_Server2\Server2\expansion\addons\supplies_f_oldman.pbo - 148553
 7:29:11 C:\3rdID_Server2\Server2\expansion\addons\ui_f_exp.pbo - 123398
 7:29:11 C:\3rdID_Server2\Server2\expansion\addons\ui_f_oldman.pbo - 149216
 7:29:11 C:\3rdID_Server2\Server2\expansion\addons\vegetation_f_exp.pbo - 148432
 7:29:11 C:\3rdID_Server2\Server2\expansion\addons\weapons_f_exp.pbo - 150671
 7:29:11 C:\3rdID_Server2\Server2\mark\addons\anims_f_mark.pbo - 119457
 7:29:11 C:\3rdID_Server2\Server2\mark\addons\characters_f_mark.pbo - 150968
 7:29:11 C:\3rdID_Server2\Server2\mark\addons\data_f_mark.pbo - 129371
 7:29:11 C:\3rdID_Server2\Server2\mark\addons\dubbing_f_mark.pbo - 119457
 7:29:11 C:\3rdID_Server2\Server2\mark\addons\dubbing_f_mp_mark.pbo - 119457
 7:29:11 C:\3rdID_Server2\Server2\mark\addons\functions_f_mark.pbo - 150934
 7:29:11 C:\3rdID_Server2\Server2\mark\addons\functions_f_mp_mark.pbo - 150802
 7:29:11 C:\3rdID_Server2\Server2\mark\addons\languagemissions_f_mark.pbo - 151164
 7:29:11 C:\3rdID_Server2\Server2\mark\addons\languagemissions_f_mp_mark.pbo - 151164
 7:29:11 C:\3rdID_Server2\Server2\mark\addons\language_f_mark.pbo - 151164
 7:29:11 C:\3rdID_Server2\Server2\mark\addons\language_f_mp_mark.pbo - 151164
 7:29:11 C:\3rdID_Server2\Server2\mark\addons\missions_f_mark.pbo - 122301
 7:29:11 C:\3rdID_Server2\Server2\mark\addons\missions_f_mark_data.pbo - 119459
 7:29:11 C:\3rdID_Server2\Server2\mark\addons\missions_f_mark_video.pbo - 119459
 7:29:11 C:\3rdID_Server2\Server2\mark\addons\missions_f_mp_mark.pbo - 141704
 7:29:11 C:\3rdID_Server2\Server2\mark\addons\missions_f_mp_mark_data.pbo - 119459
 7:29:11 C:\3rdID_Server2\Server2\mark\addons\modules_f_mark.pbo - 148886
 7:29:11 C:\3rdID_Server2\Server2\mark\addons\modules_f_mp_mark.pbo - 150251
 7:29:11 C:\3rdID_Server2\Server2\mark\addons\music_f_mark.pbo - 119477
 7:29:11 C:\3rdID_Server2\Server2\mark\addons\music_f_mark_music.pbo - 119477
 7:29:11 C:\3rdID_Server2\Server2\mark\addons\sounds_f_mark.pbo - 150867
 7:29:11 C:\3rdID_Server2\Server2\mark\addons\static_f_mark.pbo - 146756
 7:29:11 C:\3rdID_Server2\Server2\mark\addons\structures_f_mark.pbo - 149003
 7:29:11 C:\3rdID_Server2\Server2\mark\addons\supplies_f_mark.pbo - 140562
 7:29:11 C:\3rdID_Server2\Server2\mark\addons\ui_f_mark.pbo - 119478
 7:29:11 C:\3rdID_Server2\Server2\mark\addons\ui_f_mp_mark.pbo - 119478
 7:29:11 C:\3rdID_Server2\Server2\mark\addons\weapons_f_mark.pbo - 149339
 7:29:11 C:\3rdID_Server2\Server2\heli\addons\air_f_heli.pbo - 150885
 7:29:11 C:\3rdID_Server2\Server2\heli\addons\anims_f_heli.pbo - 123210
 7:29:11 C:\3rdID_Server2\Server2\heli\addons\boat_f_heli.pbo - 119457
 7:29:11 C:\3rdID_Server2\Server2\heli\addons\cargoposes_f_heli.pbo - 126231
 7:29:11 C:\3rdID_Server2\Server2\heli\addons\data_f_heli.pbo - 119457
 7:29:11 C:\3rdID_Server2\Server2\heli\addons\dubbing_f_heli.pbo - 119457
 7:29:11 C:\3rdID_Server2\Server2\heli\addons\functions_f_heli.pbo - 123022
 7:29:11 C:\3rdID_Server2\Server2\heli\addons\languagemissions_f_heli.pbo - 151164
 7:29:11 C:\3rdID_Server2\Server2\heli\addons\language_f_heli.pbo - 151164
 7:29:11 C:\3rdID_Server2\Server2\heli\addons\missions_f_heli.pbo - 151010
 7:29:11 C:\3rdID_Server2\Server2\heli\addons\missions_f_heli_data.pbo - 119459
 7:29:11 C:\3rdID_Server2\Server2\heli\addons\missions_f_heli_video.pbo - 119459
 7:29:11 C:\3rdID_Server2\Server2\heli\addons\modules_f_heli.pbo - 150249
 7:29:11 C:\3rdID_Server2\Server2\heli\addons\music_f_heli.pbo - 119477
 7:29:11 C:\3rdID_Server2\Server2\heli\addons\music_f_heli_music.pbo - 119477
 7:29:11 C:\3rdID_Server2\Server2\heli\addons\soft_f_heli.pbo - 129742
 7:29:11 C:\3rdID_Server2\Server2\heli\addons\sounds_f_heli.pbo - 150867
 7:29:11 C:\3rdID_Server2\Server2\heli\addons\structures_f_heli.pbo - 141968
 7:29:11 C:\3rdID_Server2\Server2\heli\addons\supplies_f_heli.pbo - 145695
 7:29:11 C:\3rdID_Server2\Server2\heli\addons\ui_f_heli.pbo - 119478
 7:29:11 C:\3rdID_Server2\Server2\kart\addons\anims_f_kart.pbo - 123210
 7:29:11 C:\3rdID_Server2\Server2\kart\addons\characters_f_kart.pbo - 150968
 7:29:11 C:\3rdID_Server2\Server2\kart\addons\data_f_kart.pbo - 119457
 7:29:11 C:\3rdID_Server2\Server2\kart\addons\languagemissions_f_kart.pbo - 151164
 7:29:11 C:\3rdID_Server2\Server2\kart\addons\language_f_kart.pbo - 151164
 7:29:11 C:\3rdID_Server2\Server2\kart\addons\missions_f_kart.pbo - 149274
 7:29:11 C:\3rdID_Server2\Server2\kart\addons\missions_f_kart_data.pbo - 119459
 7:29:11 C:\3rdID_Server2\Server2\kart\addons\modules_f_kart.pbo - 151162
 7:29:11 C:\3rdID_Server2\Server2\kart\addons\modules_f_kart_data.pbo - 149274
 7:29:11 C:\3rdID_Server2\Server2\kart\addons\soft_f_kart.pbo - 150945
 7:29:11 C:\3rdID_Server2\Server2\kart\addons\sounds_f_kart.pbo - 150867
 7:29:11 C:\3rdID_Server2\Server2\kart\addons\structures_f_kart.pbo - 123419
 7:29:11 C:\3rdID_Server2\Server2\kart\addons\ui_f_kart.pbo - 119478
 7:29:11 C:\3rdID_Server2\Server2\kart\addons\weapons_f_kart.pbo - 138461
 7:29:11 C:\3rdID_Server2\Server2\curator\addons\data_f_curator.pbo - 150867
 7:29:11 C:\3rdID_Server2\Server2\curator\addons\data_f_curator_music.pbo - 119457
 7:29:11 C:\3rdID_Server2\Server2\curator\addons\functions_f_curator.pbo - 150945
 7:29:11 C:\3rdID_Server2\Server2\curator\addons\language_f_curator.pbo - 151164
 7:29:11 C:\3rdID_Server2\Server2\curator\addons\missions_f_curator.pbo - 121570
 7:29:11 C:\3rdID_Server2\Server2\curator\addons\modules_f_curator.pbo - 151084
 7:29:11 C:\3rdID_Server2\Server2\curator\addons\ui_f_curator.pbo - 150867
 7:29:11 addons\3den.pbo - 151061
 7:29:11 addons\3den_language.pbo - 151164
 7:29:11 addons\a3.pbo - unknown
 7:29:11 addons\air_f.pbo - 150885
 7:29:11 addons\air_f_beta.pbo - 151175
 7:29:11 addons\air_f_epb.pbo - 150885
 7:29:11 addons\air_f_epc.pbo - 150048
 7:29:11 addons\air_f_gamma.pbo - 150048
 7:29:11 addons\animals_f.pbo - 150071
 7:29:11 addons\animals_f_beta.pbo - 150071
 7:29:11 addons\anims_f.pbo - 150686
 7:29:11 addons\anims_f_bootcamp.pbo - 123209
 7:29:11 addons\anims_f_data.pbo - 148601
 7:29:11 addons\anims_f_epa.pbo - 134499
 7:29:11 addons\anims_f_epc.pbo - 121358
 7:29:11 addons\anims_f_exp_a.pbo - 123209
 7:29:11 addons\anims_f_mod.pbo - 135280
 7:29:11 addons\armor_f.pbo - 149414
 7:29:11 addons\armor_f_beta.pbo - 150339
 7:29:11 addons\armor_f_decade.pbo - 150805
 7:29:11 addons\armor_f_epb.pbo - 150260
 7:29:11 addons\armor_f_epc.pbo - 148819
 7:29:11 addons\armor_f_gamma.pbo - 150803
 7:29:11 addons\baseconfig_f.pbo - 119457
 7:29:11 addons\boat_f.pbo - 150265
 7:29:11 addons\boat_f_beta.pbo - 132036
 7:29:11 addons\boat_f_epc.pbo - 131911
 7:29:11 addons\boat_f_gamma.pbo - 127529
 7:29:11 addons\cargoposes_f.pbo - 149489
 7:29:11 addons\characters_f.pbo - 151039
 7:29:11 addons\characters_f_beta.pbo - 149965
 7:29:11 addons\characters_f_bootcamp.pbo - 149274
 7:29:11 addons\characters_f_decade.pbo - 150784
 7:29:11 addons\characters_f_epa.pbo - 148392
 7:29:11 addons\characters_f_epb.pbo - 150968
 7:29:11 addons\characters_f_epc.pbo - 150968
 7:29:11 addons\characters_f_gamma.pbo - 150968
 7:29:11 addons\data_f.pbo - 151162
 7:29:11 addons\data_f_bootcamp.pbo - 129618
 7:29:11 addons\data_f_decade.pbo - 150764
 7:29:11 addons\data_f_exp_a.pbo - 119457
 7:29:11 addons\data_f_exp_b.pbo - 119457
 7:29:11 addons\data_f_mod.pbo - 131534
 7:29:11 addons\data_f_warlords.pbo - 150867
 7:29:11 addons\drones_f.pbo - 146855
 7:29:11 addons\dubbing_f.pbo - 119457
 7:29:11 addons\dubbing_f_beta.pbo - 119457
 7:29:11 addons\dubbing_f_bootcamp.pbo - 119457
 7:29:11 addons\dubbing_f_epa.pbo - 119457
 7:29:11 addons\dubbing_f_epb.pbo - 119457
 7:29:11 addons\dubbing_f_epc.pbo - 119457
 7:29:11 addons\dubbing_f_gamma.pbo - 122449
 7:29:11 addons\dubbing_f_warlords.pbo - 136700
 7:29:11 addons\dubbing_radio_f.pbo - 119457
 7:29:11 addons\dubbing_radio_f_data_eng.pbo - 119457
 7:29:11 addons\dubbing_radio_f_data_engb.pbo - 119458
 7:29:11 addons\dubbing_radio_f_data_gre.pbo - 119458
 7:29:11 addons\dubbing_radio_f_data_per.pbo - 150218
 7:29:11 addons\dubbing_radio_f_data_vr.pbo - 119458
 7:29:11 addons\editorpreviews_f.pbo - 151077
 7:29:11 addons\editorpreviews_f_decade.pbo - 150645
 7:29:11 addons\editor_f.pbo - 121103
 7:29:11 addons\functions_f.pbo - 151080
 7:29:11 addons\functions_f_bootcamp.pbo - 151040
 7:29:11 addons\functions_f_decade.pbo - 150807
 7:29:11 addons\functions_f_epa.pbo - 150249
 7:29:11 addons\functions_f_epc.pbo - 119458
 7:29:11 addons\functions_f_exp_a.pbo - 150958
 7:29:11 addons\functions_f_warlords.pbo - 150354
 7:29:11 addons\languagemissions_f.pbo - 151164
 7:29:11 addons\languagemissions_f_beta.pbo - 151164
 7:29:11 addons\languagemissions_f_bootcamp.pbo - 151164
 7:29:11 addons\languagemissions_f_epa.pbo - 151164
 7:29:11 addons\languagemissions_f_epb.pbo - 151164
 7:29:11 addons\languagemissions_f_epc.pbo - 151164
 7:29:11 addons\languagemissions_f_exp_a.pbo - 151164
 7:29:11 addons\languagemissions_f_gamma.pbo - 151164
 7:29:11 addons\language_f.pbo - 151164
 7:29:11 addons\language_f_beta.pbo - 151164
 7:29:11 addons\language_f_bootcamp.pbo - 151164
 7:29:11 addons\language_f_decade.pbo - 151164
 7:29:11 addons\language_f_epa.pbo - 151164
 7:29:11 addons\language_f_epb.pbo - 151164
 7:29:11 addons\language_f_epc.pbo - 151164
 7:29:11 addons\language_f_exp_a.pbo - 151164
 7:29:11 addons\language_f_exp_b.pbo - 151164
 7:29:11 addons\language_f_gamma.pbo - 151164
 7:29:11 addons\language_f_mod.pbo - 151164
 7:29:11 addons\language_f_warlords.pbo - 151164
 7:29:11 addons\map_altis.pbo - 148442
 7:29:11 addons\map_altis_data.pbo - 135904
 7:29:11 addons\map_altis_data_layers.pbo - 135913
 7:29:11 addons\map_altis_data_layers_00_00.pbo - 0000
 7:29:11 addons\map_altis_data_layers_00_01.pbo - 0000
 7:29:11 addons\map_altis_data_layers_01_00.pbo - 0000
 7:29:11 addons\map_altis_data_layers_01_01.pbo - 0000
 7:29:11 addons\map_altis_scenes_f.pbo - 119459
 7:29:11 addons\map_data.pbo - 134124
 7:29:11 addons\map_stratis.pbo - 148442
 7:29:11 addons\map_stratis_data.pbo - 135888
 7:29:11 addons\map_stratis_data_layers.pbo - 135888
 7:29:11 addons\map_stratis_scenes_f.pbo - 119459
 7:29:11 addons\map_vr.pbo - 135900
 7:29:11 addons\map_vr_scenes_f.pbo - 119459
 7:29:11 addons\misc_f.pbo - 119459
 7:29:11 addons\missions_f.pbo - 141704
 7:29:11 addons\missions_f_beta.pbo - 150697
 7:29:11 addons\missions_f_beta_data.pbo - 150867
 7:29:11 addons\missions_f_beta_video.pbo - 119459
 7:29:11 addons\missions_f_bootcamp.pbo - 145509
 7:29:11 addons\missions_f_bootcamp_data.pbo - 150867
 7:29:11 addons\missions_f_bootcamp_video.pbo - 119459
 7:29:11 addons\missions_f_data.pbo - 119459
 7:29:11 addons\missions_f_epa.pbo - 150459
 7:29:11 addons\missions_f_epa_data.pbo - 119459
 7:29:11 addons\missions_f_epa_video.pbo - 119459
 7:29:11 addons\missions_f_epb.pbo - 119459
 7:29:11 addons\missions_f_epc.pbo - 141704
 7:29:11 addons\missions_f_exp_a.pbo - 141704
 7:29:11 addons\missions_f_exp_a_data.pbo - 119459
 7:29:11 addons\missions_f_gamma.pbo - 151061
 7:29:11 addons\missions_f_gamma_data.pbo - 119459
 7:29:11 addons\missions_f_gamma_video.pbo - 119459
 7:29:11 addons\missions_f_video.pbo - 119459
 7:29:11 addons\missions_f_warlords.pbo - 145437
 7:29:11 addons\modules_f.pbo - 150958
 7:29:11 addons\modules_f_beta.pbo - 151162
 7:29:11 addons\modules_f_beta_data.pbo - 149274
 7:29:11 addons\modules_f_bootcamp.pbo - 119459
 7:29:11 addons\modules_f_data.pbo - 122470
 7:29:11 addons\modules_f_epb.pbo - 134655
 7:29:11 addons\modules_f_exp_a.pbo - 119459
 7:29:11 addons\modules_f_warlords.pbo - 144205
 7:29:11 addons\music_f.pbo - 119459
 7:29:11 addons\music_f_bootcamp.pbo - 119459
 7:29:11 addons\music_f_bootcamp_music.pbo - 119459
 7:29:11 addons\music_f_epa.pbo - 119459
 7:29:11 addons\music_f_epa_music.pbo - 119459
 7:29:11 addons\music_f_epb.pbo - 119459
 7:29:11 addons\music_f_epb_music.pbo - 119459
 7:29:11 addons\music_f_epc.pbo - 119459
 7:29:11 addons\music_f_epc_music.pbo - 119477
 7:29:11 addons\music_f_music.pbo - 119477
 7:29:11 addons\plants_f.pbo - 148432
 7:29:11 addons\props_f_decade.pbo - 150920
 7:29:11 addons\props_f_exp_a.pbo - 147637
 7:29:11 addons\roads_f.pbo - 148432
 7:29:11 addons\rocks_f.pbo - 149339
 7:29:11 addons\signs_f.pbo - 148432
 7:29:11 addons\soft_f.pbo - 151061
 7:29:11 addons\soft_f_beta.pbo - 150920
 7:29:11 addons\soft_f_bootcamp.pbo - 150071
 7:29:11 addons\soft_f_epc.pbo - 150070
 7:29:11 addons\soft_f_gamma.pbo - 150920
 7:29:11 addons\sounds_f.pbo - 150927
 7:29:11 addons\sounds_f_arsenal.pbo - 150867
 7:29:11 addons\sounds_f_bootcamp.pbo - 150842
 7:29:11 addons\sounds_f_characters.pbo - 150867
 7:29:11 addons\sounds_f_decade.pbo - 150867
 7:29:11 addons\sounds_f_environment.pbo - 150867
 7:29:11 addons\sounds_f_epb.pbo - 150867
 7:29:11 addons\sounds_f_epc.pbo - 150867
 7:29:11 addons\sounds_f_exp_a.pbo - 150867
 7:29:11 addons\sounds_f_mod.pbo - 150867
 7:29:11 addons\sounds_f_sfx.pbo - 150867
 7:29:11 addons\sounds_f_vehicles.pbo - 150867
 7:29:11 addons\static_f.pbo - 151061
 7:29:11 addons\static_f_beta.pbo - 132365
 7:29:11 addons\static_f_gamma.pbo - 122615
 7:29:11 addons\structures_f.pbo - 150697
 7:29:11 addons\structures_f_bootcamp.pbo - 143436
 7:29:11 addons\structures_f_data.pbo - 148419
 7:29:11 addons\structures_f_epa.pbo - 149252
 7:29:11 addons\structures_f_epb.pbo - 148421
 7:29:11 addons\structures_f_epc.pbo - 148804
 7:29:11 addons\structures_f_exp_a.pbo - 150912
 7:29:11 addons\structures_f_households.pbo - 150926
 7:29:11 addons\structures_f_ind.pbo - 150048
 7:29:11 addons\structures_f_mil.pbo - 150697
 7:29:11 addons\structures_f_wrecks.pbo - 148419
 7:29:11 addons\uifonts_f.pbo - 119478
 7:29:11 addons\uifonts_f_data.pbo - 150106
 7:29:11 addons\ui_f.pbo - 151173
 7:29:11 addons\ui_f_bootcamp.pbo - 119478
 7:29:11 addons\ui_f_data.pbo - 151023
 7:29:11 addons\ui_f_decade.pbo - 150746
 7:29:11 addons\ui_f_exp_a.pbo - 119478
 7:29:11 addons\weapons_f.pbo - 151176
 7:29:11 addons\weapons_f_beta.pbo - 150174
 7:29:11 addons\weapons_f_bootcamp.pbo - 141713
 7:29:11 addons\weapons_f_decade.pbo - 150757
 7:29:11 addons\weapons_f_epa.pbo - 150905
 7:29:11 addons\weapons_f_epb.pbo - 137810
 7:29:11 addons\weapons_f_epc.pbo - 130416
 7:29:11 addons\weapons_f_gamma.pbo - 148783
 7:29:11 addons\weapons_f_mod.pbo - 149339
 7:29:11 
 7:29:11 =======================
 7:29:11 
 7:29:11 ============================================================================================= List of mods ===============================================================================================
 7:29:11 modsReadOnly = true
 7:29:11 safeModsActivated = false
 7:29:11 customMods = true
 7:29:11 hash = 'D9556996BD4CEE029B479A6B2A7982F8EEF93636'
 7:29:11 hashShort = '542996f6'
 7:29:11                                               name |               modDir |    default |   official |               origin |                                     hash | hashShort | fullPath
 7:29:11 ----------------------------------------------------------------------------------------------------------------------------------------------------------------------------------------------------------
 7:29:11                       AH-64D Official Project V2.1 | @AH_64D_Official_Project_V2_1 |      false |      false |             GAME DIR | 472cbe0ba52ff01a365c1ad3a06a8319254d5335 |  160010eb | C:\3rdID_Server2\Server2\@AH_64D_Official_Project_V2_1
 7:29:11                               Zeus Enhanced 1.15.1 |       @Zeus_Enhanced |      false |      false |             GAME DIR | a61552f15b089dd008af93546a21201149fcb5e8 |  962056a3 | C:\3rdID_Server2\Server2\@Zeus_Enhanced
 7:29:11                                     Zeus Additions |      @Zeus_Additions |      false |      false |             GAME DIR | 4d2d39298e8b4e658793a759a2dd29d698bc3c3b |  1227367a | C:\3rdID_Server2\Server2\@Zeus_Additions
 7:29:11                                      Waypoint 2028 |                 @W28 |      false |      false |             GAME DIR | 753354ea18de91236576e849020413af1b704c7c |  bce1a892 | C:\3rdID_Server2\Server2\@W28
 7:29:11                                VS Static Line Jump | @VS_ACE_Static_Line_Jump |      false |      false |             GAME DIR | 122e8d3cf2e3fcc1e257fbb3dba81fa294f7ec06 |  90137194 | C:\3rdID_Server2\Server2\@VS_ACE_Static_Line_Jump
 7:29:11                                          Virolahti | @Virolahti__Valtatie_7 |      false |      false |             GAME DIR | beec71b255948df822d3b1241d797b51e8e596ae |  84a35fdc | C:\3rdID_Server2\Server2\@Virolahti__Valtatie_7
 7:29:11                               Tier 1 Artillery Mod | @Tier_1_Artillery_Mod |      false |      false |             GAME DIR | a8e7b00d340e7cdc6fda32a97c056f98b99abcb8 |  7d049b3e | C:\3rdID_Server2\Server2\@Tier_1_Artillery_Mod
 7:29:11                                    Tembelan Island |     @Tembelan_Island |      false |      false |             GAME DIR | d320fcb1d168e874a8b836e0ee9963f4b554c343 |  174bfeff | C:\3rdID_Server2\Server2\@Tembelan_Island
 7:29:11                                               TFAR | @Task_Force_Arrowhead_Radio_BETA__ |      false |      false |             GAME DIR | 7e7a578334a3bc2122fb67d22fb40345c8293243 |  b2d5bb27 | C:\3rdID_Server2\Server2\@Task_Force_Arrowhead_Radio_BETA__
 7:29:11                          RHS: United States Forces |             @RHSUSAF |      false |      false |             GAME DIR | 22dc683ee7645369b375f5d3a2db51a995658245 |  736ca0ba | C:\3rdID_Server2\Server2\@RHSUSAF
 7:29:11                          RHS: Serbian Armed Forces |              @RHSSAF |      false |      false |             GAME DIR | 40a576a45eb2d629a9fc05ba543bf905933ce741 |  6430e65b | C:\3rdID_Server2\Server2\@RHSSAF
 7:29:11                                          RHS: GREF |             @RHSGREF |      false |      false |             GAME DIR | d45628bb1168a22a9554c18f8c1458615546af9a |  44ebb00b | C:\3rdID_Server2\Server2\@RHSGREF
 7:29:11        RHS: Armed Forces of the Russian Federation |             @RHSAFRF |      false |      false |             GAME DIR | c099f9533a1d61a33bef449594ec01c28661aa62 |  9f03db96 | C:\3rdID_Server2\Server2\@RHSAFRF
 7:29:11                                       Project RACS |   @Project_RACS_2023 |      false |      false |             GAME DIR | da789d13fb178fb3b8eaf59e1240d3ce57edfe64 |  eecd534d | C:\3rdID_Server2\Server2\@Project_RACS_2023
 7:29:11                                      Project OPFOR |       @Project_OPFOR |      false |      false |             GAME DIR | 88ad970c9cd4a4b1306db3c2141aee8521652626 |  b1653809 | C:\3rdID_Server2\Server2\@Project_OPFOR
 7:29:11                                 Military Gear Pack |  @Military_Gear_Pack |      false |      false |             GAME DIR | 381b81f8bb0e3851b1e1b2a6c88cb43e15c7280a |  e31dc00a | C:\3rdID_Server2\Server2\@Military_Gear_Pack
 7:29:11                                 @M1128_Stryker_MGS |   @M1128_Stryker_MGS |      false |      false |             GAME DIR | 40eb20a65457d12a4d83216a32886724ad4d3dcd |  30339f35 | C:\3rdID_Server2\Server2\@M1128_Stryker_MGS
 7:29:11                                          LAMBS RPG |           @LAMBS_RPG |      false |      false |             GAME DIR | 8780fa217bf5791806c07cb5b8ed11db8cbb43e8 |  3421d286 | C:\3rdID_Server2\Server2\@LAMBS_RPG
 7:29:11                             LAMBS Danger.fsm 2.6.1 |    @LAMBS_Danger_fsm |      false |      false |             GAME DIR | ca10ae45399b3640cb39fb0b9ca379938fdaa0bb |  92e2a26d | C:\3rdID_Server2\Server2\@LAMBS_Danger_fsm
 7:29:11                                  SSG: Kunduz River |        @Kunduz_River |      false |      false |             GAME DIR | 4e9c4717273d1e3cdff79a2a3d5953024d53a2d9 |  8817c919 | C:\3rdID_Server2\Server2\@Kunduz_River
 7:29:11                             KAT - Advanced Medical | @KAT__Advanced_Medical |      false |      false |             GAME DIR | cf39baf5d7505c45134eb0a022123d6fd74718f0 |  1ab8c68d | C:\3rdID_Server2\Server2\@KAT__Advanced_Medical
 7:29:11                                               Jbad |                @Jbad |      false |      false |             GAME DIR | 5b8b49d72fb4e1f741b0ca42c0bdccf53994fe15 |   9954dcb | C:\3rdID_Server2\Server2\@Jbad
 7:29:11                      Hatchet Interaction Framework | @Hatchet_Interaction_Framework__Stable_Version |      false |      false |             GAME DIR | 37b29819bef19a8c3235be35f7972419d16f06ee |  891d6a26 | C:\3rdID_Server2\Server2\@Hatchet_Interaction_Framework__Stable_Version
 7:29:11                         H-60 pack - Stable Version | @Hatchet_H_60_pack__Stable_Version |      false |      false |             GAME DIR | b0bbb02acf0e771708e5aa882a77fb05a805d677 |  84f4c84f | C:\3rdID_Server2\Server2\@Hatchet_H_60_pack__Stable_Version
 7:29:11                              Gruppe Adler Trenches | @Gruppe_Adler_Trenches |      false |      false |             GAME DIR | 1ee471476cc4b086991bb4817740f24cd560265b |   6cb8f01 | C:\3rdID_Server2\Server2\@Gruppe_Adler_Trenches
 7:29:11                           DUI - Squad Radar 1.12.2 |    @DUI__Squad_Radar |      false |      false |             GAME DIR | 9c51b511911ac57d2af727220bf026500500a8a3 |  3b926c8e | C:\3rdID_Server2\Server2\@DUI__Squad_Radar
 7:29:11                         CUP Terrains - Maps 1.16.0 |  @CUP_Terrains__Maps |      false |      false |             GAME DIR | 11e2851ba4154d181b57602ebaf0c2c5a8cda84a |  fbd05e37 | C:\3rdID_Server2\Server2\@CUP_Terrains__Maps
 7:29:11                         CUP Terrains - Core 1.17.1 |  @CUP_Terrains__Core |      false |      false |             GAME DIR | dabf827d62e08c1ffe2cf7f5a06be6685b3a44e9 |  503b396c | C:\3rdID_Server2\Server2\@CUP_Terrains__Core
 7:29:11                          cTab - Devastator Edition | @Ctab_Devastator_Edition |      false |      false |             GAME DIR | be59dbc0c6d52a7a2784b31bca496121589afe51 |  9c20f055 | C:\3rdID_Server2\Server2\@Ctab_Devastator_Edition
 7:29:11                      Community Base Addons v3.18.4 |              @CBA_A3 |      false |      false |             GAME DIR | 4d05289ad8f2abd14f295946595110d644a8e162 |  216884a8 | C:\3rdID_Server2\Server2\@CBA_A3
 7:29:11                               BackpackOnChestRedux | @BackpackOnChest__Redux |      false |      false |             GAME DIR | 349affd49a971004cd2be9a7b8c5d11375084d76 |  9757a1c1 | C:\3rdID_Server2\Server2\@BackpackOnChest__Redux
 7:29:11                                             Anizay |              @Anizay |      false |      false |             GAME DIR | e12af5003e24476c360b4e68319beaf420a2e5cb |  b36bcc15 | C:\3rdID_Server2\Server2\@Anizay
 7:29:11                                ADuke Kiowa Warrior |   @Aduke_OH_58_Kiowa |      false |      false |             GAME DIR | 46bc36fc850f4aeaf5f93ddb0a68b987931b2626 |  9433af84 | C:\3rdID_Server2\Server2\@Aduke_OH_58_Kiowa
 7:29:11                 Advanced Combat Environment 3.20.0 |                 @ace |      false |      false |             GAME DIR | 05b14e5c076bc231722d99709135f1a56bdf872f |  b9cf0a6b | C:\3rdID_Server2\Server2\@ace
 7:29:11                             3rdID Official Modpack | @3rd_Infantry_Division_Mod |      false |      false |             GAME DIR | 22536d1aee092cde4520756b4318212cd0e76dca |  3254a6c0 | C:\3rdID_Server2\Server2\@3rd_Infantry_Division_Mod
 7:29:11                               3den Enhanced v8.7.1 |       @3den_Enhanced |      false |      false |             GAME DIR | dc9320183b4454c59b8d54829a1cca68594d922a |  ddbd242a | C:\3rdID_Server2\Server2\@3den_Enhanced
 7:29:11                             Advanced Sling Loading | @AdvancedSlingLoadingRopePatch |      false |      false |             GAME DIR | 18ea75de6a32d58036043dc0fcbf01033c8f1c98 |  c6c91d4e | C:\3rdID_Server2\Server2\@AdvancedSlingLoadingRopePatch
 7:29:11                                  Arma 3 Art of War |                  aow |       true |       true |             GAME DIR | 7685ba6030e4deb3c55cc1303fe4970086bb1d4e |  45cead90 | C:\3rdID_Server2\Server2\aow
 7:29:11                          Arma 3 Contact (Platform) |                enoch |       true |       true |             GAME DIR | 60377b76eed5b3b0aa32b7eac60a47d283fcf0cc |  b428902f | C:\3rdID_Server2\Server2\enoch
 7:29:11                                       Arma 3 Tanks |                 tank |       true |       true |             GAME DIR | ce4faa4b481d5beb49a49be538691d35e51771e2 |  6e220316 | C:\3rdID_Server2\Server2\tank
 7:29:11                                     Arma 3 Tac-Ops |               tacops |       true |       true |             GAME DIR | ae5caba2339455413681ee7a0d13d6c3506c012c |  5150d064 | C:\3rdID_Server2\Server2\tacops
 7:29:11                                 Arma 3 Laws of War |               orange |       true |       true |             GAME DIR | 842d91a189db46f5c940e3fecb475854965c87f7 |  107dffec | C:\3rdID_Server2\Server2\orange
 7:29:11                                      Arma 3 Malden |                 argo |       true |       true |             GAME DIR | 6929f5532e7b80136be17f26a959c91eeb40ec0f |  aad6aaf5 | C:\3rdID_Server2\Server2\argo
 7:29:11                                        Arma 3 Jets |                 jets |       true |       true |             GAME DIR | e4a48f3a8727e6b56d6082c1dd0b4ab3c42be223 |  7f335115 | C:\3rdID_Server2\Server2\jets
 7:29:11                                        Arma 3 Apex |            expansion |       true |       true |             GAME DIR | 8e9eb113e1e92a3ba26280becd3f05e7bdfcd49c |  125ee13c | C:\3rdID_Server2\Server2\expansion
 7:29:11                                    Arma 3 Marksmen |                 mark |       true |       true |             GAME DIR | 392d9e3a6fdbc19f01be0200b50a6a09413ecc63 |  140e9f85 | C:\3rdID_Server2\Server2\mark
 7:29:11                                 Arma 3 Helicopters |                 heli |       true |       true |             GAME DIR | 0e67ef03a2e786a8e11e01c4b19cd104e120f282 |  61c33e7e | C:\3rdID_Server2\Server2\heli
 7:29:11                                       Arma 3 Karts |                 kart |       true |       true |             GAME DIR | 0ab891520b9ac69ff9132ae6de7e2e199b884ca6 |  f6336162 | C:\3rdID_Server2\Server2\kart
 7:29:11                                        Arma 3 Zeus |              curator |       true |       true |             GAME DIR | 53c3d7094eaa421dad414709f2834c660b583ad3 |  3b763ef8 | C:\3rdID_Server2\Server2\curator
 7:29:11                                             Arma 3 |                   A3 |       true |       true |    NOT FOUND (Empty) |                                          |           | 
 7:29:11 ==========================================================================================================================================================================================================
 7:29:11 InitSound ...
 7:29:11 InitSound - complete
 7:29:11 PhysX3 SDK Init started ...
 7:29:11 PhysX3 SDK Init ended.
 7:29:13 [CBA] (xeh) INFO: [0,23.697,0] PreStart started.
 7:29:13 [CBA] (settings) INFO: Userconfig: Ignored.
 7:29:16 [ACE] (medical) INFO: Checking uniforms for correct medical hitpoints [998 units]
 7:29:16 [CBA] (xeh) INFO: [0,26.552,0] PreStart finished.
 7:29:16 [CBA] (xeh) WARNING: Jbad_CraneCon does not support Extended Event Handlers! Addon: @Jbad
 7:29:16 [CBA] (xeh) WARNING: PRACS_C130J_Wreck does not support Extended Event Handlers! Addon: @Project_RACS_2023
 7:29:16 [CBA] (xeh) WARNING: Jbad_Lamps_base_powerline does not support Extended Event Handlers! Addon: @Jbad
 7:29:16 [CBA] (xeh) WARNING: Land_Jbad_PowLineB does not support Extended Event Handlers! Addon: @Jbad
 7:29:16 [CBA] (xeh) WARNING: Land_Jbad_Pole_withlight does not support Extended Event Handlers! Addon: @Jbad
 7:29:16 [CBA] (xeh) WARNING: Land_Jbad_Pole_Speaker does not support Extended Event Handlers! Addon: @Jbad
 7:29:16 [CBA] (xeh) WARNING: Land_Jbad_Pole_1 does not support Extended Event Handlers! Addon: @Jbad
 7:29:16 [CBA] (xeh) WARNING: PRACS_A4Wreck does not support Extended Event Handlers! Addon: @Project_RACS_2023
 7:29:16 [CBA] (xeh) WARNING: PRACS_E2C_Wreck does not support Extended Event Handlers! Addon: @Project_RACS_2023
 7:29:16 [CBA] (xeh) WARNING: PRACS_MirageIII_Wreck does not support Extended Event Handlers! Addon: @Project_RACS_2023
 7:29:16 [CBA] (xeh) WARNING: PRACS_mohawk_Wreck does not support Extended Event Handlers! Addon: @Project_RACS_2023
 7:29:16 [CBA] (xeh) WARNING: PRACS_P3C_Wreck does not support Extended Event Handlers! Addon: @Project_RACS_2023
 7:29:16 [CBA] (xeh) WARNING: PRACS_M163_PIVADS does not support Extended Event Handlers! Addon: @Project_RACS_2023
 7:29:16 [CBA] (xeh) WARNING: fza_ah64base does not support Extended Event Handlers! Addon: @AH_64D_Official_Project_V2_1
 7:29:16 [CBA] (xeh) WARNING: PRACS_AH1S_wreck does not support Extended Event Handlers! Addon: @Project_RACS_2023
 7:29:16 [CBA] (xeh) WARNING: PRACS_ah6_Wreck does not support Extended Event Handlers! Addon: @Project_RACS_2023
 7:29:16 [CBA] (xeh) WARNING: Third_Unit_Opfor_R_Russian_Separatists does not support Extended Event Handlers! Addon: @3rd_Infantry_Division_Mod
 7:29:16 [CBA] (xeh) WARNING: Third_Unit_Opfor_LMG_Russian_Separatists does not support Extended Event Handlers! Addon: @3rd_Infantry_Division_Mod
 7:29:16 [CBA] (xeh) WARNING: PRACS_Puma_Wreck does not support Extended Event Handlers! Addon: @Project_RACS_2023
 7:29:16 [CBA] (xeh) WARNING: PRACS_heli_pilot_base does not support Extended Event Handlers! Addon: @Project_RACS_2023
 7:29:16 [CBA] (xeh) WARNING: PRACS_Heli_pilot does not support Extended Event Handlers! Addon: @Project_RACS_2023
 7:29:16 [CBA] (xeh) WARNING: PRACS_Heli_pilot_RSAF does not support Extended Event Handlers! Addon: @Project_RACS_2023
 7:29:16 [CBA] (xeh) WARNING: PRACS_Heli_pilot_RSM does not support Extended Event Handlers! Addon: @Project_RACS_2023
 7:29:16 [CBA] (xeh) WARNING: PRACS_Heli_pilot_RSN does not support Extended Event Handlers! Addon: @Project_RACS_2023
 7:29:16 [CBA] (xeh) WARNING: PRACS_Heli_pilot_SOAB does not support Extended Event Handlers! Addon: @Project_RACS_2023
 7:29:16 [CBA] (xeh) WARNING: PRACS_flight_medic_base does not support Extended Event Handlers! Addon: @Project_RACS_2023
 7:29:16 [CBA] (xeh) WARNING: PRACS_air_crew_flight_medic does not support Extended Event Handlers! Addon: @Project_RACS_2023
 7:29:16 [CBA] (xeh) WARNING: PRACS_air_crew_flight_medic_RSAF does not support Extended Event Handlers! Addon: @Project_RACS_2023
 7:29:16 [CBA] (xeh) WARNING: PRACS_air_crew_flight_medic_RSM does not support Extended Event Handlers! Addon: @Project_RACS_2023
 7:29:16 [CBA] (xeh) WARNING: PRACS_air_crew_flight_medic_RSN does not support Extended Event Handlers! Addon: @Project_RACS_2023
 7:29:16 [CBA] (xeh) WARNING: PRACS_air_crew_Door_Gunner_base does not support Extended Event Handlers! Addon: @Project_RACS_2023
 7:29:16 [CBA] (xeh) WARNING: PRACS_air_crew_Door_Gunner does not support Extended Event Handlers! Addon: @Project_RACS_2023
 7:29:16 [CBA] (xeh) WARNING: PRACS_air_crew_Door_Gunner_mounted does not support Extended Event Handlers! Addon: @Project_RACS_2023
 7:29:16 [CBA] (xeh) WARNING: PRACS_air_crew_Door_Gunner_RSAF does not support Extended Event Handlers! Addon: @Project_RACS_2023
 7:29:16 [CBA] (xeh) WARNING: PRACS_air_crew_Door_Gunner_RSM does not support Extended Event Handlers! Addon: @Project_RACS_2023
 7:29:16 [CBA] (xeh) WARNING: PRACS_air_crew_Door_Gunner_RSN does not support Extended Event Handlers! Addon: @Project_RACS_2023
 7:29:16 [CBA] (xeh) WARNING: PRACS_air_crew_Door_Gunner_SOAB does not support Extended Event Handlers! Addon: @Project_RACS_2023
 7:29:16 [CBA] (xeh) WARNING: PRACS_jet_pilot_base does not support Extended Event Handlers! Addon: @Project_RACS_2023
 7:29:16 [CBA] (xeh) WARNING: PRACS_pilot_base does not support Extended Event Handlers! Addon: @Project_RACS_2023
 7:29:16 [CBA] (xeh) WARNING: PRACS_Airplane_Crew does not support Extended Event Handlers! Addon: @Project_RACS_2023
 7:29:16 [CBA] (xeh) WARNING: PRACS_P3_pilot does not support Extended Event Handlers! Addon: @Project_RACS_2023
 7:29:16 [CBA] (xeh) WARNING: PRACS_E2_pilot_Navy does not support Extended Event Handlers! Addon: @Project_RACS_2023
 7:29:16 [CBA] (xeh) WARNING: PRACS_E2_pilot does not support Extended Event Handlers! Addon: @Project_RACS_2023
 7:29:16 [CBA] (xeh) WARNING: PRACS_C130_pilot does not support Extended Event Handlers! Addon: @Project_RACS_2023
 7:29:16 [CBA] (xeh) WARNING: PRACS_OV1_pilot does not support Extended Event Handlers! Addon: @Project_RACS_2023
 7:29:16 [CBA] (xeh) WARNING: PRACS_F16_Wreck does not support Extended Event Handlers! Addon: @Project_RACS_2023
 7:29:17 Error: Weapon[rhs_weap_m21a]: max attachments slots count reached(maximum = 5)!  Attachment slot[UnderBarrelSlot] for weapon's proxy[default]
 7:29:18 Warning Message: You cannot play/edit this mission; it is dependent on downloadable content that has been deleted.\na3_characters_f
 7:29:18 Loading movesType CfgGesturesMale
 7:29:18 Creating action map cache
 7:29:18 MovesType CfgGesturesMale load time 68.0 ms
 7:29:18 Loading movesType CfgMovesMaleSdr
 7:29:18 Reading cached action map data
 7:29:18 Error: Bone hips doesn't exist in skeleton OFP2_ManSkeleton
 7:29:18 Error: Bone headcutscene doesn't exist in skeleton OFP2_ManSkeleton
 7:29:18 Error: Bone slot_backpack doesn't exist in skeleton OFP2_ManSkeleton
 7:29:18 Error: Bone slot_backwpnr doesn't exist in skeleton OFP2_ManSkeleton
 7:29:18 Error: Bone slot_backwpnl doesn't exist in skeleton OFP2_ManSkeleton
 7:29:18 Error: Bone slot_buttpack doesn't exist in skeleton OFP2_ManSkeleton
 7:29:18 Error: Bone hips doesn't exist in skeleton OFP2_ManSkeleton
 7:29:18 Error: Bone headcutscene doesn't exist in skeleton OFP2_ManSkeleton
 7:29:18 Error: Bone slot_backpack doesn't exist in skeleton OFP2_ManSkeleton
 7:29:18 Error: Bone slot_backwpnr doesn't exist in skeleton OFP2_ManSkeleton
 7:29:18 Error: Bone slot_backwpnl doesn't exist in skeleton OFP2_ManSkeleton
 7:29:18 Error: Bone slot_buttpack doesn't exist in skeleton OFP2_ManSkeleton
 7:29:18 Error: Bone hips doesn't exist in skeleton OFP2_ManSkeleton
 7:29:18 Error: Bone headcutscene doesn't exist in skeleton OFP2_ManSkeleton
 7:29:18 Error: Bone slot_backpack doesn't exist in skeleton OFP2_ManSkeleton
 7:29:18 Error: Bone slot_backwpnr doesn't exist in skeleton OFP2_ManSkeleton
 7:29:18 Error: Bone slot_backwpnl doesn't exist in skeleton OFP2_ManSkeleton
 7:29:18 Error: Bone slot_buttpack doesn't exist in skeleton OFP2_ManSkeleton
 7:29:18 Error: Bone hips doesn't exist in skeleton OFP2_ManSkeleton
 7:29:18 Error: Bone headcutscene doesn't exist in skeleton OFP2_ManSkeleton
 7:29:18 Error: Bone slot_backpack doesn't exist in skeleton OFP2_ManSkeleton
 7:29:18 Error: Bone slot_backwpnr doesn't exist in skeleton OFP2_ManSkeleton
 7:29:18 Error: Bone slot_backwpnl doesn't exist in skeleton OFP2_ManSkeleton
 7:29:18 Error: Bone slot_buttpack doesn't exist in skeleton OFP2_ManSkeleton
 7:29:18 Error: Bone hips doesn't exist in skeleton OFP2_ManSkeleton
 7:29:18 Error: Bone headcutscene doesn't exist in skeleton OFP2_ManSkeleton
 7:29:18 Error: Bone slot_backpack doesn't exist in skeleton OFP2_ManSkeleton
 7:29:18 Error: Bone slot_backwpnr doesn't exist in skeleton OFP2_ManSkeleton
 7:29:18 Error: Bone slot_backwpnl doesn't exist in skeleton OFP2_ManSkeleton
 7:29:18 Error: Bone slot_buttpack doesn't exist in skeleton OFP2_ManSkeleton
 7:29:18 Error: Bone hips doesn't exist in skeleton OFP2_ManSkeleton
 7:29:18 Error: Bone headcutscene doesn't exist in skeleton OFP2_ManSkeleton
 7:29:18 Error: Bone slot_backpack doesn't exist in skeleton OFP2_ManSkeleton
 7:29:18 Error: Bone slot_backwpnr doesn't exist in skeleton OFP2_ManSkeleton
 7:29:18 Error: Bone slot_backwpnl doesn't exist in skeleton OFP2_ManSkeleton
 7:29:18 Error: Bone slot_buttpack doesn't exist in skeleton OFP2_ManSkeleton
 7:29:18 Error: Bone hips doesn't exist in skeleton OFP2_ManSkeleton
 7:29:18 Error: Bone headcutscene doesn't exist in skeleton OFP2_ManSkeleton
 7:29:18 Error: Bone slot_backpack doesn't exist in skeleton OFP2_ManSkeleton
 7:29:18 Error: Bone slot_backwpnr doesn't exist in skeleton OFP2_ManSkeleton
 7:29:18 Error: Bone slot_backwpnl doesn't exist in skeleton OFP2_ManSkeleton
 7:29:18 Error: Bone slot_buttpack doesn't exist in skeleton OFP2_ManSkeleton
 7:29:18 Error: Bone hips doesn't exist in skeleton OFP2_ManSkeleton
 7:29:18 Error: Bone headcutscene doesn't exist in skeleton OFP2_ManSkeleton
 7:29:18 Error: Bone slot_backpack doesn't exist in skeleton OFP2_ManSkeleton
 7:29:18 Error: Bone slot_backwpnr doesn't exist in skeleton OFP2_ManSkeleton
 7:29:18 Error: Bone slot_backwpnl doesn't exist in skeleton OFP2_ManSkeleton
 7:29:18 Error: Bone slot_buttpack doesn't exist in skeleton OFP2_ManSkeleton
 7:29:18 Error: Bone cheek_lf doesn't exist in skeleton OFP2_ManSkeleton
 7:29:18 Error: Bone nose_tip doesn't exist in skeleton OFP2_ManSkeleton
 7:29:18 Error: Bone lip_uplb doesn't exist in skeleton OFP2_ManSkeleton
 7:29:18 Error: Bone jaw_ls doesn't exist in skeleton OFP2_ManSkeleton
 7:29:18 Error: Bone lip_uplf doesn't exist in skeleton OFP2_ManSkeleton
 7:29:18 Error: Bone lip_lc doesn't exist in skeleton OFP2_ManSkeleton
 7:29:18 Error: Bone lip_lwlb doesn't exist in skeleton OFP2_ManSkeleton
 7:29:18 Error: Bone lip_lwlf doesn't exist in skeleton OFP2_ManSkeleton
 7:29:18 Error: Bone jaw_lm doesn't exist in skeleton OFP2_ManSkeleton
 7:29:18 Error: Bone zig_lb doesn't exist in skeleton OFP2_ManSkeleton
 7:29:18 Error: Bone lip_lwm doesn't exist in skeleton OFP2_ManSkeleton
 7:29:18 Error: Bone lip_upm doesn't exist in skeleton OFP2_ManSkeleton
 7:29:18 Error: Bone ear_l doesn't exist in skeleton OFP2_ManSkeleton
 7:29:18 Error: Bone corr doesn't exist in skeleton OFP2_ManSkeleton
 7:29:18 Error: Bone tongue_m doesn't exist in skeleton OFP2_ManSkeleton
 7:29:18 Error: Bone tongue_f doesn't exist in skeleton OFP2_ManSkeleton
 7:29:18 Error: Bone eyebrow_lb doesn't exist in skeleton OFP2_ManSkeleton
 7:29:18 Error: Bone eyebrow_lf doesn't exist in skeleton OFP2_ManSkeleton
 7:29:18 Error: Bone eyebrow_lm doesn't exist in skeleton OFP2_ManSkeleton
 7:29:18 Error: Bone zig_lm doesn't exist in skeleton OFP2_ManSkeleton
 7:29:18 Error: Bone eye_upl doesn't exist in skeleton OFP2_ManSkeleton
 7:29:18 Error: Bone eye_lwl doesn't exist in skeleton OFP2_ManSkeleton
 7:29:18 Error: Bone cheek_l doesn't exist in skeleton OFP2_ManSkeleton
 7:29:18 Error: Bone cheek_lb doesn't exist in skeleton OFP2_ManSkeleton
 7:29:18 Error: Bone zig_lt doesn't exist in skeleton OFP2_ManSkeleton
 7:29:18 Error: Bone nose_l doesn't exist in skeleton OFP2_ManSkeleton
 7:29:18 Error: Bone cheek_lm doesn't exist in skeleton OFP2_ManSkeleton
 7:29:18 Error: Bone nose_r doesn't exist in skeleton OFP2_ManSkeleton
 7:29:18 Error: Bone forehead_r doesn't exist in skeleton OFP2_ManSkeleton
 7:29:18 Error: Bone forehead_m doesn't exist in skeleton OFP2_ManSkeleton
 7:29:18 Error: Bone forehead_l doesn't exist in skeleton OFP2_ManSkeleton
 7:29:18 Error: Bone cheek_rb doesn't exist in skeleton OFP2_ManSkeleton
 7:29:18 Error: Bone eye_lwr doesn't exist in skeleton OFP2_ManSkeleton
 7:29:18 Error: Bone cheek_r doesn't exist in skeleton OFP2_ManSkeleton
 7:29:18 Error: Bone zig_rt doesn't exist in skeleton OFP2_ManSkeleton
 7:29:18 Error: Bone zig_rm doesn't exist in skeleton OFP2_ManSkeleton
 7:29:18 Error: Bone cheek_rf doesn't exist in skeleton OFP2_ManSkeleton
 7:29:18 Error: Bone cheek_rm doesn't exist in skeleton OFP2_ManSkeleton
 7:29:18 Error: Bone eyebrow_rm doesn't exist in skeleton OFP2_ManSkeleton
 7:29:18 Error: Bone eyebrow_rf doesn't exist in skeleton OFP2_ManSkeleton
 7:29:18 Error: Bone eye_upr doesn't exist in skeleton OFP2_ManSkeleton
 7:29:18 Error: Bone eyebrow_rb doesn't exist in skeleton OFP2_ManSkeleton
 7:29:18 Error: Bone tongue_b doesn't exist in skeleton OFP2_ManSkeleton
 7:29:18 Error: Bone ear_r doesn't exist in skeleton OFP2_ManSkeleton
 7:29:18 Error: Bone neck_l doesn't exist in skeleton OFP2_ManSkeleton
 7:29:18 Error: Bone lip_uprf doesn't exist in skeleton OFP2_ManSkeleton
 7:29:18 Error: Bone neck_r doesn't exist in skeleton OFP2_ManSkeleton
 7:29:18 Error: Bone lip_uprb doesn't exist in skeleton OFP2_ManSkeleton
 7:29:18 Error: Bone lip_rc doesn't exist in skeleton OFP2_ManSkeleton
 7:29:18 Error: Bone lip_lwrb doesn't exist in skeleton OFP2_ManSkeleton
 7:29:18 Error: Bone lip_lwrf doesn't exist in skeleton OFP2_ManSkeleton
 7:29:18 Error: Bone neck_b doesn't exist in skeleton OFP2_ManSkeleton
 7:29:18 Error: Bone zig_rb doesn't exist in skeleton OFP2_ManSkeleton
 7:29:18 Error: Bone neck_t doesn't exist in skeleton OFP2_ManSkeleton
 7:29:18 Error: Bone jaw_rf doesn't exist in skeleton OFP2_ManSkeleton
 7:29:18 Error: Bone jaw_lf doesn't exist in skeleton OFP2_ManSkeleton
 7:29:18 Error: Bone chin doesn't exist in skeleton OFP2_ManSkeleton
 7:29:18 Error: Bone jaw_rm doesn't exist in skeleton OFP2_ManSkeleton
 7:29:18 Error: Bone jaw_rs doesn't exist in skeleton OFP2_ManSkeleton
 7:29:18 Error: Bone jaw doesn't exist in skeleton OFP2_ManSkeleton
 7:29:18 Error: Bone headcutscene doesn't exist in skeleton OFP2_ManSkeleton
 7:29:18 Error: Bone hips doesn't exist in skeleton OFP2_ManSkeleton
 7:29:18 Error: Bone headcutscene doesn't exist in skeleton OFP2_ManSkeleton
 7:29:18 Error: Bone slot_backpack doesn't exist in skeleton OFP2_ManSkeleton
 7:29:18 Error: Bone slot_backwpnr doesn't exist in skeleton OFP2_ManSkeleton
 7:29:18 Error: Bone slot_backwpnl doesn't exist in skeleton OFP2_ManSkeleton
 7:29:18 Error: Bone slot_buttpack doesn't exist in skeleton OFP2_ManSkeleton
 7:29:18 Error: Bone hips doesn't exist in skeleton OFP2_ManSkeleton
 7:29:18 Error: Bone headcutscene doesn't exist in skeleton OFP2_ManSkeleton
 7:29:18 Error: Bone slot_backpack doesn't exist in skeleton OFP2_ManSkeleton
 7:29:18 Error: Bone slot_backwpnr doesn't exist in skeleton OFP2_ManSkeleton
 7:29:18 Error: Bone slot_backwpnl doesn't exist in skeleton OFP2_ManSkeleton
 7:29:18 Error: Bone slot_buttpack doesn't exist in skeleton OFP2_ManSkeleton
 7:29:18 Error: Bone hips doesn't exist in skeleton OFP2_ManSkeleton
 7:29:18 Error: Bone headcutscene doesn't exist in skeleton OFP2_ManSkeleton
 7:29:18 Error: Bone slot_backpack doesn't exist in skeleton OFP2_ManSkeleton
 7:29:18 Error: Bone slot_backwpnr doesn't exist in skeleton OFP2_ManSkeleton
 7:29:18 Error: Bone slot_backwpnl doesn't exist in skeleton OFP2_ManSkeleton
 7:29:18 Error: Bone slot_buttpack doesn't exist in skeleton OFP2_ManSkeleton
 7:29:18 Error: Bone hips doesn't exist in skeleton OFP2_ManSkeleton
 7:29:18 Error: Bone headcutscene doesn't exist in skeleton OFP2_ManSkeleton
 7:29:18 Error: Bone slot_backpack doesn't exist in skeleton OFP2_ManSkeleton
 7:29:18 Error: Bone slot_backwpnr doesn't exist in skeleton OFP2_ManSkeleton
 7:29:18 Error: Bone slot_backwpnl doesn't exist in skeleton OFP2_ManSkeleton
 7:29:18 Error: Bone slot_buttpack doesn't exist in skeleton OFP2_ManSkeleton
 7:29:18 Error: Bone hips doesn't exist in skeleton OFP2_ManSkeleton
 7:29:18 Error: Bone headcutscene doesn't exist in skeleton OFP2_ManSkeleton
 7:29:18 Error: Bone slot_backpack doesn't exist in skeleton OFP2_ManSkeleton
 7:29:18 Error: Bone slot_backwpnr doesn't exist in skeleton OFP2_ManSkeleton
 7:29:18 Error: Bone slot_backwpnl doesn't exist in skeleton OFP2_ManSkeleton
 7:29:18 Error: Bone slot_buttpack doesn't exist in skeleton OFP2_ManSkeleton
 7:29:18 Error: Bone slot_backwpnl doesn't exist in skeleton OFP2_ManSkeleton
 7:29:18 Error: Bone slot_backwpnr doesn't exist in skeleton OFP2_ManSkeleton
 7:29:18 Error: Bone slot_backpack doesn't exist in skeleton OFP2_ManSkeleton
 7:29:18 Error: Bone slot_buttpack doesn't exist in skeleton OFP2_ManSkeleton
 7:29:18 Error: Bone slot_patrolwpn doesn't exist in skeleton OFP2_ManSkeleton
 7:29:18 Error: Bone cheek_lf doesn't exist in skeleton OFP2_ManSkeleton
 7:29:18 Error: Bone nose_tip doesn't exist in skeleton OFP2_ManSkeleton
 7:29:18 Error: Bone lip_uplb doesn't exist in skeleton OFP2_ManSkeleton
 7:29:18 Error: Bone jaw_ls doesn't exist in skeleton OFP2_ManSkeleton
 7:29:18 Error: Bone lip_uplf doesn't exist in skeleton OFP2_ManSkeleton
 7:29:18 Error: Bone lip_lc doesn't exist in skeleton OFP2_ManSkeleton
 7:29:18 Error: Bone lip_lwlb doesn't exist in skeleton OFP2_ManSkeleton
 7:29:18 Error: Bone lip_lwlf doesn't exist in skeleton OFP2_ManSkeleton
 7:29:18 Error: Bone jaw_lm doesn't exist in skeleton OFP2_ManSkeleton
 7:29:18 Error: Bone zig_lb doesn't exist in skeleton OFP2_ManSkeleton
 7:29:18 Error: Bone lip_lwm doesn't exist in skeleton OFP2_ManSkeleton
 7:29:18 Error: Bone lip_upm doesn't exist in skeleton OFP2_ManSkeleton
 7:29:18 Error: Bone ear_l doesn't exist in skeleton OFP2_ManSkeleton
 7:29:18 Error: Bone corr doesn't exist in skeleton OFP2_ManSkeleton
 7:29:18 Error: Bone tongue_m doesn't exist in skeleton OFP2_ManSkeleton
 7:29:18 Error: Bone tongue_f doesn't exist in skeleton OFP2_ManSkeleton
 7:29:18 Error: Bone eyebrow_lb doesn't exist in skeleton OFP2_ManSkeleton
 7:29:18 Error: Bone eyebrow_lf doesn't exist in skeleton OFP2_ManSkeleton
 7:29:18 Error: Bone eyebrow_lm doesn't exist in skeleton OFP2_ManSkeleton
 7:29:18 Error: Bone zig_lm doesn't exist in skeleton OFP2_ManSkeleton
 7:29:18 Error: Bone eye_upl doesn't exist in skeleton OFP2_ManSkeleton
 7:29:18 Error: Bone eye_lwl doesn't exist in skeleton OFP2_ManSkeleton
 7:29:18 Error: Bone cheek_l doesn't exist in skeleton OFP2_ManSkeleton
 7:29:18 Error: Bone cheek_lb doesn't exist in skeleton OFP2_ManSkeleton
 7:29:18 Error: Bone zig_lt doesn't exist in skeleton OFP2_ManSkeleton
 7:29:18 Error: Bone nose_l doesn't exist in skeleton OFP2_ManSkeleton
 7:29:18 Error: Bone cheek_lm doesn't exist in skeleton OFP2_ManSkeleton
 7:29:18 Error: Bone nose_r doesn't exist in skeleton OFP2_ManSkeleton
 7:29:18 Error: Bone forehead_r doesn't exist in skeleton OFP2_ManSkeleton
 7:29:18 Error: Bone forehead_m doesn't exist in skeleton OFP2_ManSkeleton
 7:29:18 Error: Bone forehead_l doesn't exist in skeleton OFP2_ManSkeleton
 7:29:18 Error: Bone cheek_rb doesn't exist in skeleton OFP2_ManSkeleton
 7:29:18 Error: Bone eye_lwr doesn't exist in skeleton OFP2_ManSkeleton
 7:29:18 Error: Bone cheek_r doesn't exist in skeleton OFP2_ManSkeleton
 7:29:18 Error: Bone zig_rt doesn't exist in skeleton OFP2_ManSkeleton
 7:29:18 Error: Bone zig_rm doesn't exist in skeleton OFP2_ManSkeleton
 7:29:18 Error: Bone cheek_rf doesn't exist in skeleton OFP2_ManSkeleton
 7:29:18 Error: Bone cheek_rm doesn't exist in skeleton OFP2_ManSkeleton
 7:29:18 Error: Bone eyebrow_rm doesn't exist in skeleton OFP2_ManSkeleton
 7:29:18 Error: Bone eyebrow_rf doesn't exist in skeleton OFP2_ManSkeleton
 7:29:18 Error: Bone eye_upr doesn't exist in skeleton OFP2_ManSkeleton
 7:29:18 Error: Bone eyebrow_rb doesn't exist in skeleton OFP2_ManSkeleton
 7:29:18 Error: Bone tongue_b doesn't exist in skeleton OFP2_ManSkeleton
 7:29:18 Error: Bone ear_r doesn't exist in skeleton OFP2_ManSkeleton
 7:29:18 Error: Bone neck_l doesn't exist in skeleton OFP2_ManSkeleton
 7:29:18 Error: Bone lip_uprf doesn't exist in skeleton OFP2_ManSkeleton
 7:29:18 Error: Bone neck_r doesn't exist in skeleton OFP2_ManSkeleton
 7:29:18 Error: Bone lip_uprb doesn't exist in skeleton OFP2_ManSkeleton
 7:29:18 Error: Bone lip_rc doesn't exist in skeleton OFP2_ManSkeleton
 7:29:18 Error: Bone lip_lwrb doesn't exist in skeleton OFP2_ManSkeleton
 7:29:18 Error: Bone lip_lwrf doesn't exist in skeleton OFP2_ManSkeleton
 7:29:18 Error: Bone neck_b doesn't exist in skeleton OFP2_ManSkeleton
 7:29:18 Error: Bone zig_rb doesn't exist in skeleton OFP2_ManSkeleton
 7:29:18 Error: Bone neck_t doesn't exist in skeleton OFP2_ManSkeleton
 7:29:18 Error: Bone jaw_rf doesn't exist in skeleton OFP2_ManSkeleton
 7:29:18 Error: Bone jaw_lf doesn't exist in skeleton OFP2_ManSkeleton
 7:29:18 Error: Bone chin doesn't exist in skeleton OFP2_ManSkeleton
 7:29:18 Error: Bone jaw_rm doesn't exist in skeleton OFP2_ManSkeleton
 7:29:18 Error: Bone jaw_rs doesn't exist in skeleton OFP2_ManSkeleton
 7:29:18 Error: Bone jaw doesn't exist in skeleton OFP2_ManSkeleton
 7:29:18 Error: Bone rightinhandring doesn't exist in skeleton OFP2_ManSkeleton
 7:29:18 Error: Bone leftinhandring doesn't exist in skeleton OFP2_ManSkeleton
 7:29:18 Error: Bone headcutscene doesn't exist in skeleton OFP2_ManSkeleton
 7:29:18 Error: Bone hips doesn't exist in skeleton OFP2_ManSkeleton
 7:29:18 Error: Bone headcutscene doesn't exist in skeleton OFP2_ManSkeleton
 7:29:18 Error: Bone slot_backpack doesn't exist in skeleton OFP2_ManSkeleton
 7:29:18 Error: Bone slot_backwpnr doesn't exist in skeleton OFP2_ManSkeleton
 7:29:18 Error: Bone slot_backwpnl doesn't exist in skeleton OFP2_ManSkeleton
 7:29:18 Error: Bone slot_buttpack doesn't exist in skeleton OFP2_ManSkeleton
 7:29:18 Error: Bone slot_backwpnl doesn't exist in skeleton OFP2_ManSkeleton
 7:29:18 Error: Bone slot_backwpnr doesn't exist in skeleton OFP2_ManSkeleton
 7:29:18 Error: Bone slot_backpack doesn't exist in skeleton OFP2_ManSkeleton
 7:29:18 Error: Bone slot_buttpack doesn't exist in skeleton OFP2_ManSkeleton
 7:29:18 Error: Bone slot_patrolwpn doesn't exist in skeleton OFP2_ManSkeleton
 7:29:18 Error: Bone cheek_lf doesn't exist in skeleton OFP2_ManSkeleton
 7:29:18 Error: Bone nose_tip doesn't exist in skeleton OFP2_ManSkeleton
 7:29:18 Error: Bone lip_uplb doesn't exist in skeleton OFP2_ManSkeleton
 7:29:18 Error: Bone jaw_ls doesn't exist in skeleton OFP2_ManSkeleton
 7:29:18 Error: Bone lip_uplf doesn't exist in skeleton OFP2_ManSkeleton
 7:29:18 Error: Bone lip_lc doesn't exist in skeleton OFP2_ManSkeleton
 7:29:18 Error: Bone lip_lwlb doesn't exist in skeleton OFP2_ManSkeleton
 7:29:18 Error: Bone lip_lwlf doesn't exist in skeleton OFP2_ManSkeleton
 7:29:18 Error: Bone jaw_lm doesn't exist in skeleton OFP2_ManSkeleton
 7:29:18 Error: Bone zig_lb doesn't exist in skeleton OFP2_ManSkeleton
 7:29:18 Error: Bone lip_lwm doesn't exist in skeleton OFP2_ManSkeleton
 7:29:18 Error: Bone lip_upm doesn't exist in skeleton OFP2_ManSkeleton
 7:29:18 Error: Bone ear_l doesn't exist in skeleton OFP2_ManSkeleton
 7:29:18 Error: Bone corr doesn't exist in skeleton OFP2_ManSkeleton
 7:29:18 Error: Bone tongue_m doesn't exist in skeleton OFP2_ManSkeleton
 7:29:18 Error: Bone tongue_f doesn't exist in skeleton OFP2_ManSkeleton
 7:29:18 Error: Bone eyebrow_lb doesn't exist in skeleton OFP2_ManSkeleton
 7:29:18 Error: Bone eyebrow_lf doesn't exist in skeleton OFP2_ManSkeleton
 7:29:18 Error: Bone eyebrow_lm doesn't exist in skeleton OFP2_ManSkeleton
 7:29:18 Error: Bone zig_lm doesn't exist in skeleton OFP2_ManSkeleton
 7:29:18 Error: Bone eye_upl doesn't exist in skeleton OFP2_ManSkeleton
 7:29:18 Error: Bone eye_lwl doesn't exist in skeleton OFP2_ManSkeleton
 7:29:18 Error: Bone cheek_l doesn't exist in skeleton OFP2_ManSkeleton
 7:29:18 Error: Bone cheek_lb doesn't exist in skeleton OFP2_ManSkeleton
 7:29:18 Error: Bone zig_lt doesn't exist in skeleton OFP2_ManSkeleton
 7:29:18 Error: Bone nose_l doesn't exist in skeleton OFP2_ManSkeleton
 7:29:18 Error: Bone cheek_lm doesn't exist in skeleton OFP2_ManSkeleton
 7:29:18 Error: Bone nose_r doesn't exist in skeleton OFP2_ManSkeleton
 7:29:18 Error: Bone forehead_r doesn't exist in skeleton OFP2_ManSkeleton
 7:29:18 Error: Bone forehead_m doesn't exist in skeleton OFP2_ManSkeleton
 7:29:18 Error: Bone forehead_l doesn't exist in skeleton OFP2_ManSkeleton
 7:29:18 Error: Bone cheek_rb doesn't exist in skeleton OFP2_ManSkeleton
 7:29:18 Error: Bone eye_lwr doesn't exist in skeleton OFP2_ManSkeleton
 7:29:18 Error: Bone cheek_r doesn't exist in skeleton OFP2_ManSkeleton
 7:29:18 Error: Bone zig_rt doesn't exist in skeleton OFP2_ManSkeleton
 7:29:18 Error: Bone zig_rm doesn't exist in skeleton OFP2_ManSkeleton
 7:29:18 Error: Bone cheek_rf doesn't exist in skeleton OFP2_ManSkeleton
 7:29:18 Error: Bone cheek_rm doesn't exist in skeleton OFP2_ManSkeleton
 7:29:18 Error: Bone eyebrow_rm doesn't exist in skeleton OFP2_ManSkeleton
 7:29:18 Error: Bone eyebrow_rf doesn't exist in skeleton OFP2_ManSkeleton
 7:29:18 Error: Bone eye_upr doesn't exist in skeleton OFP2_ManSkeleton
 7:29:18 Error: Bone eyebrow_rb doesn't exist in skeleton OFP2_ManSkeleton
 7:29:18 Error: Bone tongue_b doesn't exist in skeleton OFP2_ManSkeleton
 7:29:18 Error: Bone ear_r doesn't exist in skeleton OFP2_ManSkeleton
 7:29:18 Error: Bone neck_l doesn't exist in skeleton OFP2_ManSkeleton
 7:29:18 Error: Bone lip_uprf doesn't exist in skeleton OFP2_ManSkeleton
 7:29:18 Error: Bone neck_r doesn't exist in skeleton OFP2_ManSkeleton
 7:29:18 Error: Bone lip_uprb doesn't exist in skeleton OFP2_ManSkeleton
 7:29:18 Error: Bone lip_rc doesn't exist in skeleton OFP2_ManSkeleton
 7:29:18 Error: Bone lip_lwrb doesn't exist in skeleton OFP2_ManSkeleton
 7:29:18 Error: Bone lip_lwrf doesn't exist in skeleton OFP2_ManSkeleton
 7:29:18 Error: Bone neck_b doesn't exist in skeleton OFP2_ManSkeleton
 7:29:18 Error: Bone zig_rb doesn't exist in skeleton OFP2_ManSkeleton
 7:29:18 Error: Bone neck_t doesn't exist in skeleton OFP2_ManSkeleton
 7:29:18 Error: Bone jaw_rf doesn't exist in skeleton OFP2_ManSkeleton
 7:29:18 Error: Bone jaw_lf doesn't exist in skeleton OFP2_ManSkeleton
 7:29:18 Error: Bone chin doesn't exist in skeleton OFP2_ManSkeleton
 7:29:18 Error: Bone jaw_rm doesn't exist in skeleton OFP2_ManSkeleton
 7:29:18 Error: Bone jaw_rs doesn't exist in skeleton OFP2_ManSkeleton
 7:29:18 Error: Bone jaw doesn't exist in skeleton OFP2_ManSkeleton
 7:29:18 Error: Bone rightinhandring doesn't exist in skeleton OFP2_ManSkeleton
 7:29:18 Error: Bone leftinhandring doesn't exist in skeleton OFP2_ManSkeleton
 7:29:18 Error: Bone headcutscene doesn't exist in skeleton OFP2_ManSkeleton
 7:29:18 Error: Bone hips doesn't exist in skeleton OFP2_ManSkeleton
 7:29:18 Error: Bone headcutscene doesn't exist in skeleton OFP2_ManSkeleton
 7:29:18 Error: Bone slot_backpack doesn't exist in skeleton OFP2_ManSkeleton
 7:29:18 Error: Bone slot_backwpnr doesn't exist in skeleton OFP2_ManSkeleton
 7:29:18 Error: Bone slot_backwpnl doesn't exist in skeleton OFP2_ManSkeleton
 7:29:18 Error: Bone slot_buttpack doesn't exist in skeleton OFP2_ManSkeleton
 7:29:18 Error: Bone slot_backwpnl doesn't exist in skeleton OFP2_ManSkeleton
 7:29:18 Error: Bone slot_backwpnr doesn't exist in skeleton OFP2_ManSkeleton
 7:29:18 Error: Bone slot_backpack doesn't exist in skeleton OFP2_ManSkeleton
 7:29:18 Error: Bone slot_buttpack doesn't exist in skeleton OFP2_ManSkeleton
 7:29:18 Error: Bone slot_patrolwpn doesn't exist in skeleton OFP2_ManSkeleton
 7:29:18 Error: Bone cheek_lf doesn't exist in skeleton OFP2_ManSkeleton
 7:29:18 Error: Bone nose_tip doesn't exist in skeleton OFP2_ManSkeleton
 7:29:18 Error: Bone lip_uplb doesn't exist in skeleton OFP2_ManSkeleton
 7:29:18 Error: Bone jaw_ls doesn't exist in skeleton OFP2_ManSkeleton
 7:29:18 Error: Bone lip_uplf doesn't exist in skeleton OFP2_ManSkeleton
 7:29:18 Error: Bone lip_lc doesn't exist in skeleton OFP2_ManSkeleton
 7:29:18 Error: Bone lip_lwlb doesn't exist in skeleton OFP2_ManSkeleton
 7:29:18 Error: Bone lip_lwlf doesn't exist in skeleton OFP2_ManSkeleton
 7:29:18 Error: Bone jaw_lm doesn't exist in skeleton OFP2_ManSkeleton
 7:29:18 Error: Bone zig_lb doesn't exist in skeleton OFP2_ManSkeleton
 7:29:18 Error: Bone lip_lwm doesn't exist in skeleton OFP2_ManSkeleton
 7:29:18 Error: Bone lip_upm doesn't exist in skeleton OFP2_ManSkeleton
 7:29:18 Error: Bone ear_l doesn't exist in skeleton OFP2_ManSkeleton
 7:29:18 Error: Bone corr doesn't exist in skeleton OFP2_ManSkeleton
 7:29:18 Error: Bone tongue_m doesn't exist in skeleton OFP2_ManSkeleton
 7:29:18 Error: Bone tongue_f doesn't exist in skeleton OFP2_ManSkeleton
 7:29:18 Error: Bone eyebrow_lb doesn't exist in skeleton OFP2_ManSkeleton
 7:29:18 Error: Bone eyebrow_lf doesn't exist in skeleton OFP2_ManSkeleton
 7:29:18 Error: Bone eyebrow_lm doesn't exist in skeleton OFP2_ManSkeleton
 7:29:18 Error: Bone zig_lm doesn't exist in skeleton OFP2_ManSkeleton
 7:29:18 Error: Bone eye_upl doesn't exist in skeleton OFP2_ManSkeleton
 7:29:18 Error: Bone eye_lwl doesn't exist in skeleton OFP2_ManSkeleton
 7:29:18 Error: Bone cheek_l doesn't exist in skeleton OFP2_ManSkeleton
 7:29:18 Error: Bone cheek_lb doesn't exist in skeleton OFP2_ManSkeleton
 7:29:18 Error: Bone zig_lt doesn't exist in skeleton OFP2_ManSkeleton
 7:29:18 Error: Bone nose_l doesn't exist in skeleton OFP2_ManSkeleton
 7:29:18 Error: Bone cheek_lm doesn't exist in skeleton OFP2_ManSkeleton
 7:29:18 Error: Bone nose_r doesn't exist in skeleton OFP2_ManSkeleton
 7:29:18 Error: Bone forehead_r doesn't exist in skeleton OFP2_ManSkeleton
 7:29:18 Error: Bone forehead_m doesn't exist in skeleton OFP2_ManSkeleton
 7:29:18 Error: Bone forehead_l doesn't exist in skeleton OFP2_ManSkeleton
 7:29:18 Error: Bone cheek_rb doesn't exist in skeleton OFP2_ManSkeleton
 7:29:18 Error: Bone eye_lwr doesn't exist in skeleton OFP2_ManSkeleton
 7:29:18 Error: Bone cheek_r doesn't exist in skeleton OFP2_ManSkeleton
 7:29:18 Error: Bone zig_rt doesn't exist in skeleton OFP2_ManSkeleton
 7:29:18 Error: Bone zig_rm doesn't exist in skeleton OFP2_ManSkeleton
 7:29:18 Error: Bone cheek_rf doesn't exist in skeleton OFP2_ManSkeleton
 7:29:18 Error: Bone cheek_rm doesn't exist in skeleton OFP2_ManSkeleton
 7:29:18 Error: Bone eyebrow_rm doesn't exist in skeleton OFP2_ManSkeleton
 7:29:18 Error: Bone eyebrow_rf doesn't exist in skeleton OFP2_ManSkeleton
 7:29:18 Error: Bone eye_upr doesn't exist in skeleton OFP2_ManSkeleton
 7:29:18 Error: Bone eyebrow_rb doesn't exist in skeleton OFP2_ManSkeleton
 7:29:18 Error: Bone tongue_b doesn't exist in skeleton OFP2_ManSkeleton
 7:29:18 Error: Bone ear_r doesn't exist in skeleton OFP2_ManSkeleton
 7:29:18 Error: Bone neck_l doesn't exist in skeleton OFP2_ManSkeleton
 7:29:18 Error: Bone lip_uprf doesn't exist in skeleton OFP2_ManSkeleton
 7:29:18 Error: Bone neck_r doesn't exist in skeleton OFP2_ManSkeleton
 7:29:18 Error: Bone lip_uprb doesn't exist in skeleton OFP2_ManSkeleton
 7:29:18 Error: Bone lip_rc doesn't exist in skeleton OFP2_ManSkeleton
 7:29:18 Error: Bone lip_lwrb doesn't exist in skeleton OFP2_ManSkeleton
 7:29:18 Error: Bone lip_lwrf doesn't exist in skeleton OFP2_ManSkeleton
 7:29:18 Error: Bone neck_b doesn't exist in skeleton OFP2_ManSkeleton
 7:29:18 Error: Bone zig_rb doesn't exist in skeleton OFP2_ManSkeleton
 7:29:18 Error: Bone neck_t doesn't exist in skeleton OFP2_ManSkeleton
 7:29:18 Error: Bone jaw_rf doesn't exist in skeleton OFP2_ManSkeleton
 7:29:18 Error: Bone jaw_lf doesn't exist in skeleton OFP2_ManSkeleton
 7:29:18 Error: Bone chin doesn't exist in skeleton OFP2_ManSkeleton
 7:29:18 Error: Bone jaw_rm doesn't exist in skeleton OFP2_ManSkeleton
 7:29:18 Error: Bone jaw_rs doesn't exist in skeleton OFP2_ManSkeleton
 7:29:18 Error: Bone jaw doesn't exist in skeleton OFP2_ManSkeleton
 7:29:18 Error: Bone rightinhandring doesn't exist in skeleton OFP2_ManSkeleton
 7:29:18 Error: Bone leftinhandring doesn't exist in skeleton OFP2_ManSkeleton
 7:29:18 Error: Bone headcutscene doesn't exist in skeleton OFP2_ManSkeleton
 7:29:18 Error: Bone hips doesn't exist in skeleton OFP2_ManSkeleton
 7:29:18 Error: Bone headcutscene doesn't exist in skeleton OFP2_ManSkeleton
 7:29:18 Error: Bone slot_backpack doesn't exist in skeleton OFP2_ManSkeleton
 7:29:18 Error: Bone slot_backwpnr doesn't exist in skeleton OFP2_ManSkeleton
 7:29:18 Error: Bone slot_backwpnl doesn't exist in skeleton OFP2_ManSkeleton
 7:29:18 Error: Bone slot_buttpack doesn't exist in skeleton OFP2_ManSkeleton
 7:29:18 Error: Bone slot_backwpnl doesn't exist in skeleton OFP2_ManSkeleton
 7:29:18 Error: Bone slot_backwpnr doesn't exist in skeleton OFP2_ManSkeleton
 7:29:18 Error: Bone slot_backpack doesn't exist in skeleton OFP2_ManSkeleton
 7:29:18 Error: Bone slot_buttpack doesn't exist in skeleton OFP2_ManSkeleton
 7:29:18 Error: Bone slot_patrolwpn doesn't exist in skeleton OFP2_ManSkeleton
 7:29:18 Error: Bone cheek_lf doesn't exist in skeleton OFP2_ManSkeleton
 7:29:18 Error: Bone nose_tip doesn't exist in skeleton OFP2_ManSkeleton
 7:29:18 Error: Bone lip_uplb doesn't exist in skeleton OFP2_ManSkeleton
 7:29:18 Error: Bone jaw_ls doesn't exist in skeleton OFP2_ManSkeleton
 7:29:18 Error: Bone lip_uplf doesn't exist in skeleton OFP2_ManSkeleton
 7:29:18 Error: Bone lip_lc doesn't exist in skeleton OFP2_ManSkeleton
 7:29:18 Error: Bone lip_lwlb doesn't exist in skeleton OFP2_ManSkeleton
 7:29:18 Error: Bone lip_lwlf doesn't exist in skeleton OFP2_ManSkeleton
 7:29:18 Error: Bone jaw_lm doesn't exist in skeleton OFP2_ManSkeleton
 7:29:18 Error: Bone zig_lb doesn't exist in skeleton OFP2_ManSkeleton
 7:29:18 Error: Bone lip_lwm doesn't exist in skeleton OFP2_ManSkeleton
 7:29:18 Error: Bone lip_upm doesn't exist in skeleton OFP2_ManSkeleton
 7:29:18 Error: Bone ear_l doesn't exist in skeleton OFP2_ManSkeleton
 7:29:18 Error: Bone corr doesn't exist in skeleton OFP2_ManSkeleton
 7:29:18 Error: Bone tongue_m doesn't exist in skeleton OFP2_ManSkeleton
 7:29:18 Error: Bone tongue_f doesn't exist in skeleton OFP2_ManSkeleton
 7:29:18 Error: Bone eyebrow_lb doesn't exist in skeleton OFP2_ManSkeleton
 7:29:18 Error: Bone eyebrow_lf doesn't exist in skeleton OFP2_ManSkeleton
 7:29:18 Error: Bone eyebrow_lm doesn't exist in skeleton OFP2_ManSkeleton
 7:29:18 Error: Bone zig_lm doesn't exist in skeleton OFP2_ManSkeleton
 7:29:18 Error: Bone eye_upl doesn't exist in skeleton OFP2_ManSkeleton
 7:29:18 Error: Bone eye_lwl doesn't exist in skeleton OFP2_ManSkeleton
 7:29:18 Error: Bone cheek_l doesn't exist in skeleton OFP2_ManSkeleton
 7:29:18 Error: Bone cheek_lb doesn't exist in skeleton OFP2_ManSkeleton
 7:29:18 Error: Bone zig_lt doesn't exist in skeleton OFP2_ManSkeleton
 7:29:18 Error: Bone nose_l doesn't exist in skeleton OFP2_ManSkeleton
 7:29:18 Error: Bone cheek_lm doesn't exist in skeleton OFP2_ManSkeleton
 7:29:18 Error: Bone nose_r doesn't exist in skeleton OFP2_ManSkeleton
 7:29:18 Error: Bone forehead_r doesn't exist in skeleton OFP2_ManSkeleton
 7:29:18 Error: Bone forehead_m doesn't exist in skeleton OFP2_ManSkeleton
 7:29:18 Error: Bone forehead_l doesn't exist in skeleton OFP2_ManSkeleton
 7:29:18 Error: Bone cheek_rb doesn't exist in skeleton OFP2_ManSkeleton
 7:29:18 Error: Bone eye_lwr doesn't exist in skeleton OFP2_ManSkeleton
 7:29:18 Error: Bone cheek_r doesn't exist in skeleton OFP2_ManSkeleton
 7:29:18 Error: Bone zig_rt doesn't exist in skeleton OFP2_ManSkeleton
 7:29:18 Error: Bone zig_rm doesn't exist in skeleton OFP2_ManSkeleton
 7:29:18 Error: Bone cheek_rf doesn't exist in skeleton OFP2_ManSkeleton
 7:29:18 Error: Bone cheek_rm doesn't exist in skeleton OFP2_ManSkeleton
 7:29:18 Error: Bone eyebrow_rm doesn't exist in skeleton OFP2_ManSkeleton
 7:29:18 Error: Bone eyebrow_rf doesn't exist in skeleton OFP2_ManSkeleton
 7:29:18 Error: Bone eye_upr doesn't exist in skeleton OFP2_ManSkeleton
 7:29:18 Error: Bone eyebrow_rb doesn't exist in skeleton OFP2_ManSkeleton
 7:29:18 Error: Bone tongue_b doesn't exist in skeleton OFP2_ManSkeleton
 7:29:18 Error: Bone ear_r doesn't exist in skeleton OFP2_ManSkeleton
 7:29:18 Error: Bone neck_l doesn't exist in skeleton OFP2_ManSkeleton
 7:29:18 Error: Bone lip_uprf doesn't exist in skeleton OFP2_ManSkeleton
 7:29:18 Error: Bone neck_r doesn't exist in skeleton OFP2_ManSkeleton
 7:29:18 Error: Bone lip_uprb doesn't exist in skeleton OFP2_ManSkeleton
 7:29:18 Error: Bone lip_rc doesn't exist in skeleton OFP2_ManSkeleton
 7:29:18 Error: Bone lip_lwrb doesn't exist in skeleton OFP2_ManSkeleton
 7:29:18 Error: Bone lip_lwrf doesn't exist in skeleton OFP2_ManSkeleton
 7:29:18 Error: Bone neck_b doesn't exist in skeleton OFP2_ManSkeleton
 7:29:18 Error: Bone zig_rb doesn't exist in skeleton OFP2_ManSkeleton
 7:29:18 Error: Bone neck_t doesn't exist in skeleton OFP2_ManSkeleton
 7:29:18 Error: Bone jaw_rf doesn't exist in skeleton OFP2_ManSkeleton
 7:29:18 Error: Bone jaw_lf doesn't exist in skeleton OFP2_ManSkeleton
 7:29:18 Error: Bone chin doesn't exist in skeleton OFP2_ManSkeleton
 7:29:18 Error: Bone jaw_rm doesn't exist in skeleton OFP2_ManSkeleton
 7:29:18 Error: Bone jaw_rs doesn't exist in skeleton OFP2_ManSkeleton
 7:29:18 Error: Bone jaw doesn't exist in skeleton OFP2_ManSkeleton
 7:29:18 Error: Bone rightinhandring doesn't exist in skeleton OFP2_ManSkeleton
 7:29:18 Error: Bone leftinhandring doesn't exist in skeleton OFP2_ManSkeleton
 7:29:18 Error: Bone headcutscene doesn't exist in skeleton OFP2_ManSkeleton
 7:29:18 Error: Bone hips doesn't exist in skeleton OFP2_ManSkeleton
 7:29:18 Error: Bone headcutscene doesn't exist in skeleton OFP2_ManSkeleton
 7:29:18 Error: Bone slot_backpack doesn't exist in skeleton OFP2_ManSkeleton
 7:29:18 Error: Bone slot_backwpnr doesn't exist in skeleton OFP2_ManSkeleton
 7:29:18 Error: Bone slot_backwpnl doesn't exist in skeleton OFP2_ManSkeleton
 7:29:18 Error: Bone slot_buttpack doesn't exist in skeleton OFP2_ManSkeleton
 7:29:18 Error: Bone hips doesn't exist in skeleton OFP2_ManSkeleton
 7:29:18 Error: Bone headcutscene doesn't exist in skeleton OFP2_ManSkeleton
 7:29:18 Error: Bone slot_backpack doesn't exist in skeleton OFP2_ManSkeleton
 7:29:18 Error: Bone slot_backwpnr doesn't exist in skeleton OFP2_ManSkeleton
 7:29:18 Error: Bone slot_backwpnl doesn't exist in skeleton OFP2_ManSkeleton
 7:29:18 Error: Bone slot_buttpack doesn't exist in skeleton OFP2_ManSkeleton
 7:29:18 Error: Bone slot_backwpnl doesn't exist in skeleton OFP2_ManSkeleton
 7:29:18 Error: Bone slot_backwpnr doesn't exist in skeleton OFP2_ManSkeleton
 7:29:18 Error: Bone slot_backpack doesn't exist in skeleton OFP2_ManSkeleton
 7:29:18 Error: Bone slot_buttpack doesn't exist in skeleton OFP2_ManSkeleton
 7:29:18 Error: Bone slot_patrolwpn doesn't exist in skeleton OFP2_ManSkeleton
 7:29:18 Warning: looped for animation: a3\anims_f_epa\data\anim\sdr\cts\hubcleaned\briefing\hubbriefing_loop.rtm differs (looped now 0)! MoveName: hubbriefing_ext
 7:29:18 Warning: looped for animation: a3\anims_f_epa\data\anim\sdr\cts\hubcleaned\spectator\hubspectator_stand.rtm differs (looped now 1)! MoveName: hubspectator_stand_contact
 7:29:18 Warning: looped for animation: a3\anims_f\data\anim\sdr\inj\healing\ainvpknlmstpsnonwnondr_medic3.rtm differs (looped now 1)! MoveName: ainvpknlmstpsnonwnondr_medic3
 7:29:18 Warning: looped for animation: a3\anims_f\data\anim\sdr\inj\healing\ainvpknlmstpsnonwnondr_medic0.rtm differs (looped now 0)! MoveName: ainvpknlmstpsnonwnondr_medic0
 7:29:19 MovesType CfgMovesMaleSdr load time 1036.0 ms
 7:29:19 Initializing Steam server - Game Port: 2312, Steam Query Port: 2313
 7:29:19 Steam AppId in current environment: 107410
 7:29:20 Connected to Steam servers
 7:29:34 Mission Zeus_Kunduz_River.kunduz_valley: Missing 'description.ext::Header'
 7:29:34 Server: SetServerState to ASSIGNING ROLES
 7:29:36 Server error: Player without identity SPC P.MacTavish (id 210701220)
 7:29:36 Server error: Player without identity SPC P.MacTavish (id 210701220)
 7:29:36 Server error: Player without identity SPC P.MacTavish (id 210701220)
 7:29:36 Server error: Player without identity SPC P.MacTavish (id 210701220)
 7:29:36 Server error: Player without identity SPC P.MacTavish (id 210701220)
 7:29:36 Server error: Player without identity SPC P.MacTavish (id 210701220)
 7:29:36 Server error: Player without identity SPC P.MacTavish (id 210701220)
 7:29:36 Server error: Player without identity SPC P.MacTavish (id 210701220)
 7:29:36 Server error: Player without identity SPC P.MacTavish (id 210701220)
 7:29:36 Server error: Player without identity SPC P.MacTavish (id 210701220)
 7:29:36 Server error: Player without identity SPC P.MacTavish (id 210701220)
 7:29:36 Server error: Player without identity SPC P.MacTavish (id 210701220)
 7:29:36 Server error: Player without identity SPC P.MacTavish (id 210701220)
 7:29:36 Server error: Player without identity SPC P.MacTavish (id 210701220)
 7:29:36 Server error: Player without identity SPC P.MacTavish (id 210701220)
 7:29:36 Server error: Player without identity SPC P.MacTavish (id 210701220)
 7:29:36 Server error: Player without identity SPC P.MacTavish (id 210701220)
 7:29:36 Server error: Player without identity SPC P.MacTavish (id 210701220)
 7:29:36 Server error: Player without identity SPC P.MacTavish (id 210701220)
 7:29:36 Server error: Player without identity SPC P.MacTavish (id 210701220)
 7:29:36 Server error: Player without identity SPC P.MacTavish (id 210701220)
 7:29:36 Server error: Player without identity SPC P.MacTavish (id 210701220)
 7:29:36 Server error: Player without identity SPC P.MacTavish (id 210701220)
 7:29:36 Server error: Player without identity SPC P.MacTavish (id 210701220)
 7:29:36 Server error: Player without identity SPC P.MacTavish (id 210701220)
 7:29:36 Server error: Player without identity SPC P.MacTavish (id 210701220)
 7:29:36 Server error: Player without identity SPC P.MacTavish (id 210701220)
 7:29:36 Server error: Player without identity SPC P.MacTavish (id 210701220)
 7:29:36 Server error: Player without identity SPC P.MacTavish (id 210701220)
 7:29:36 Server error: Player without identity SPC P.MacTavish (id 210701220)
 7:29:36 Server error: Player without identity SPC P.MacTavish (id 210701220)
 7:29:37 Server error: Player without identity SPC P.MacTavish (id 210701220)
 7:29:37 Server error: Player without identity SPC P.MacTavish (id 210701220)
 7:29:37 Server error: Player without identity SPC P.MacTavish (id 210701220)
 7:29:37 Server error: Player without identity SPC P.MacTavish (id 210701220)
 7:29:37 Server error: Player without identity SPC P.MacTavish (id 210701220)
 7:29:37 Server error: Player without identity SPC P.MacTavish (id 210701220)
 7:29:37 Server error: Player without identity SPC P.MacTavish (id 210701220)
 7:29:37 Server error: Player without identity SPC P.MacTavish (id 210701220)
 7:29:37 Server error: Player without identity SPC P.MacTavish (id 210701220)
 7:29:37 Server error: Player without identity SPC P.MacTavish (id 210701220)
 7:29:37 Server error: Player without identity SPC P.MacTavish (id 210701220)
 7:29:37 Server error: Player without identity SPC P.MacTavish (id 210701220)
 7:29:37 Server error: Player without identity SPC P.MacTavish (id 210701220)
 7:29:37 Server error: Player without identity SPC P.MacTavish (id 210701220)
 7:29:37 Server error: Player without identity SPC P.MacTavish (id 210701220)
 7:29:37 Server error: Player without identity SPC P.MacTavish (id 210701220)
 7:29:37 Server error: Player without identity SPC P.MacTavish (id 210701220)
 7:29:37 Server error: Player without identity SPC P.MacTavish (id 210701220)
 7:29:37 Server error: Player without identity SPC P.MacTavish (id 210701220)
 7:29:37 Server error: Player without identity SPC P.MacTavish (id 210701220)
 7:29:37 Server error: Player without identity SPC P.MacTavish (id 210701220)
 7:29:37 Server error: Player without identity SPC P.MacTavish (id 210701220)
 7:29:37 Server error: Player without identity SPC P.MacTavish (id 210701220)
 7:29:37 Server error: Player without identity SPC P.MacTavish (id 210701220)
 7:29:37 Server error: Player without identity SPC P.MacTavish (id 210701220)
 7:29:37 Server error: Player without identity SPC P.MacTavish (id 210701220)
 7:29:37 Server error: Player without identity SPC P.MacTavish (id 210701220)
 7:29:37 Server error: Player without identity SPC P.MacTavish (id 210701220)
 7:29:37 Server error: Player without identity SPC P.MacTavish (id 210701220)
 7:29:37 Server error: Player without identity SPC P.MacTavish (id 210701220)
 7:29:37 Server error: Player without identity SPC P.MacTavish (id 210701220)
 7:29:37 Server error: Player without identity SPC P.MacTavish (id 210701220)
 7:29:37 Server error: Player without identity SPC P.MacTavish (id 210701220)
 7:29:37 Server error: Player without identity SPC P.MacTavish (id 210701220)
 7:29:37 Server error: Player without identity SPC P.MacTavish (id 210701220)
 7:29:37 Server error: Player without identity SPC P.MacTavish (id 210701220)
 7:29:37 Server error: Player without identity SPC P.MacTavish (id 210701220)
 7:29:37 Server error: Player without identity SPC P.MacTavish (id 210701220)
 7:29:37 Server error: Player without identity SPC P.MacTavish (id 210701220)
 7:29:37 Server error: Player without identity SPC P.MacTavish (id 210701220)
 7:29:37 Server error: Player without identity SPC P.MacTavish (id 210701220)
 7:29:37 Server error: Player without identity SPC P.MacTavish (id 210701220)
 7:29:51 Server: SetServerState to SENDING MISSION
 7:29:51 Server: SetServerState to LOADING GAME
 7:29:51 Starting mission:
 7:29:51  Mission file: Zeus_Kunduz_River (__cur_mp)
 7:29:51  Mission world: kunduz_valley
 7:29:51  Mission directory: mpmissions\__cur_mp.kunduz_valley\
 7:29:52 No more slot to add connection at 048060 (4855.1,6051.4)
 7:29:52 No more slot to add connection at 089034 (8999.2,3411.0)
 7:29:52 No more slot to add connection at 096060 (9639.0,6021.3)
 7:29:52 Warning: Unaccessible ladder point for AI (already used for actionbegin8) in ca\structures_e\housea\a_villa\a_villa_ep1.p3d
 7:29:52 Warning: Unaccessible ladder point for AI (already used for actionbegin8) in ca\structures_e\housea\a_villa\a_villa_ep1.p3d
 7:29:52 Warning: Unaccessible ladder point for AI (already used for actionend8) in ca\structures_e\housea\a_villa\a_villa_ep1.p3d
 7:29:52 Warning: Unaccessible ladder point for AI (already used for actionend8) in ca\structures_e\housea\a_villa\a_villa_ep1.p3d
 7:29:52 Strange convex component61 in a3\structures_f_enoch\military\barracks\barracks_06_f.p3d:geometryView
 7:29:52 ca\misc_e\powgen_big_ep1.p3d: house, config class missing
 7:29:52 Warning: Unaccessible ladder point for AI (already used for actionbegin3) in ca\structures_e\housec\house_c_3_ep1.p3d
 7:29:52 Warning: Unaccessible ladder point for AI (already used for actionbegin3) in ca\structures_e\housec\house_c_3_ep1.p3d
 7:29:52 Warning: Unaccessible ladder point for AI (already used for actionend3) in ca\structures_e\housec\house_c_3_ep1.p3d
 7:29:52 ca\misc_e\powgen_big_ep1.p3d: house, config class missing
 7:29:52 ca\misc_e\powgen_big_ep1.p3d: house, config class missing
 7:29:52 Land_PipeFence_04_m_gate_r_F: door_1_handle_rot_1 - unknown animation source door_1_nosound_source
 7:29:52 Land_PipeFence_04_m_gate_r_F: door_1_handle_rot_2 - unknown animation source door_1_nosound_source
 7:29:52 ca\misc_e\powgen_big_ep1.p3d: house, config class missing
 7:29:52 ca\misc_e\powgen_big_ep1.p3d: house, config class missing
 7:29:52 ca\misc_e\powgen_big_ep1.p3d: house, config class missing
 7:29:52 ca\misc_e\powgen_big_ep1.p3d: house, config class missing
 7:29:53 Warning: Unaccessible ladder point for AI (already used for actionbegin2) in ca\structures_e\housec\house_c_2_ep1.p3d
 7:29:53 Warning: Unaccessible ladder point for AI (already used for actionbegin2) in ca\structures_e\housec\house_c_2_ep1.p3d
 7:29:53 Warning: Unaccessible ladder point for AI (already used for actionend2) in ca\structures_e\housec\house_c_2_ep1.p3d
 7:29:53 Warning: Unaccessible ladder point for AI (already used for actionend2) in ca\structures_e\housec\house_c_2_ep1.p3d
 7:29:53 ca\misc_e\powgen_big_ep1.p3d: house, config class missing
 7:29:53 ca\misc_e\camonet_east_var1_ep1.p3d: house, config class missing
 7:29:53 ca\misc_e\powgen_big_ep1.p3d: house, config class missing
 7:29:53 Land_PipeFence_03_m_gate_r_F: door_1_handle_rot_1 - unknown animation source door_1_nosound_source
 7:29:53 Land_PipeFence_03_m_gate_r_F: door_1_handle_rot_2 - unknown animation source door_1_nosound_source
 7:29:53 Strange convex component317 in a3\rocks_f\blunt\bluntrock_wallv.p3d:geometry
 7:29:53 Strange convex component318 in a3\rocks_f\blunt\bluntrock_wallv.p3d:geometry
 7:29:53 Strange convex component319 in a3\rocks_f\blunt\bluntrock_wallv.p3d:geometry
 7:29:53 Strange convex component317 in a3\rocks_f\blunt\bluntrock_wallv.p3d:geometryView
 7:29:53 Strange convex component318 in a3\rocks_f\blunt\bluntrock_wallv.p3d:geometryView
 7:29:53 Strange convex component319 in a3\rocks_f\blunt\bluntrock_wallv.p3d:geometryView
 7:29:53 ca\misc_e\powgen_big_ep1.p3d: house, config class missing
 7:29:53 ca\misc_e\camonet_east_var1_ep1.p3d: house, config class missing
 7:29:53 ca\misc_e\powgen_big_ep1.p3d: house, config class missing
 7:29:53 ca\misc_e\powgen_big_ep1.p3d: house, config class missing
 7:29:53 ca\misc_e\powgen_big_ep1.p3d: house, config class missing
 7:29:53 [CBA] (xeh) INFO: [7539,63.806,0] PreInit started. v3.18.4.250711
 7:29:53 [CBA] (xeh) WARNING: One or more children of class CAManBase do not support Extended Event Handlers. Fall back to loop.
 7:29:53 [CBA] (settings) INFO: Reading settings from settings file.
 7:29:53 [CBA] (settings) INFO: Finished reading settings from settings file.
 7:29:53 [ACE] (common) INFO: Parsed Settings Configs [0.0 ms]
 7:29:53 Attempt to override final function - ace_medical_engine_fnc_updatedamageeffects
 7:29:53 Attempt to override final function - ace_medical_status_fnc_addmedicationadjustment
 7:29:53 Attempt to override final function - ace_medical_status_fnc_getbloodpressure
 7:29:53 Attempt to override final function - ace_medical_status_fnc_hasstablevitals
 7:29:53 Attempt to override final function - ace_medical_vitals_fnc_handleunitvitals
 7:29:53 Attempt to override final function - ace_medical_vitals_fnc_updateheartrate
 7:29:53 Attempt to override final function - ace_dogtags_fnc_cancheckdogtag
 7:29:53 Attempt to override final function - ace_dogtags_fnc_getdogtagdata
 7:29:53 Attempt to override final function - ace_dragging_fnc_carryobject
 7:29:53 Attempt to override final function - ace_dragging_fnc_handleunconscious
 7:29:53 Attempt to override final function - ace_medical_fnc_setunconscious
 7:29:53 Attempt to override final function - ace_medical_statemachine_fnc_conditionexecutiondeath
 7:29:53 Attempt to override final function - ace_medical_statemachine_fnc_conditionsecondchance
 7:29:53 Attempt to override final function - ace_medical_treatment_fnc_cprsuccess
 7:29:53 Attempt to override final function - ace_medical_treatment_fnc_cprlocal
 7:29:53 Attempt to override final function - ace_medical_treatment_fnc_medicationlocal
 7:29:53 Attempt to override final function - ace_medical_treatment_fnc_tourniquetremove
 7:29:53 Attempt to override final function - ace_medical_treatment_fnc_treatment
 7:29:53 Attempt to override final function - ace_medical_treatment_fnc_treatmentsuccess
 7:29:53 Attempt to override final function - ace_medical_treatment_fnc_useitem
 7:29:53 Attempt to override final function - ace_medical_gui_fnc_menupfh
 7:29:53 Attempt to override final function - ace_medical_gui_fnc_onmenuclose
 7:29:53 Attempt to override final function - ace_medical_gui_fnc_onmenuopen
 7:29:53 Attempt to override final function - ace_medical_gui_fnc_updatebodyimage
 7:29:53 Attempt to override final function - ace_medical_gui_fnc_updatecategories
 7:29:53 Attempt to override final function - ace_medical_gui_fnc_updateinjurylist
 7:29:53 [CBA] (xeh) INFO: [7539,64.276,0] PreInit finished.
 7:29:55 soldier[rhsusf_army_ocp_fso]:Some of magazines weren't stored in soldier Vest or Uniform?
 7:29:55 Attempt to override final function - bis_fnc_storeparamsvalues_data
 7:29:55 Server: Object 2:8 not found (message Type_128)
 7:29:55 Error: Object(2 : 8) not found
 7:29:55 Server: Object 2:8 not found (message Type_100)
 7:29:55 Server: Object 2:8 not found (message Type_168)
 7:29:55 Server: Object 2:8 not found (message Type_468)
 7:29:55 Server: Object 2:9 not found (message Type_128)
 7:29:55 Error: Object(2 : 9) not found
 7:29:55 Server: Object 2:9 not found (message Type_100)
 7:29:55 Server: Object 2:9 not found (message Type_168)
 7:29:55 Server: Object 2:9 not found (message Type_468)
 7:29:55 Server: Object 2:13 not found (message Type_128)
 7:29:55 Error: Object(2 : 13) not found
 7:29:55 Server: Object 2:13 not found (message Type_100)
 7:29:55 Server: Object 2:13 not found (message Type_168)
 7:29:55 Server: Object 2:13 not found (message Type_468)
 7:29:55 Server: Object 2:14 not found (message Type_128)
 7:29:55 Error: Object(2 : 14) not found
 7:29:55 Server: Object 2:14 not found (message Type_100)
 7:29:55 Server: Object 2:14 not found (message Type_168)
 7:29:55 Server: Object 2:14 not found (message Type_468)
 7:29:55 Server: Object 2:18 not found (message Type_128)
 7:29:55 Error: Object(2 : 18) not found
 7:29:55 Server: Object 2:18 not found (message Type_100)
 7:29:55 Server: Object 2:18 not found (message Type_168)
 7:29:55 Server: Object 2:18 not found (message Type_468)
 7:29:55 Server: Object 2:19 not found (message Type_128)
 7:29:55 Error: Object(2 : 19) not found
 7:29:55 Server: Object 2:19 not found (message Type_100)
 7:29:55 Server: Object 2:19 not found (message Type_168)
 7:29:55 Server: Object 2:19 not found (message Type_468)
 7:29:55 Server: Object 2:23 not found (message Type_128)
 7:29:55 Error: Object(2 : 23) not found
 7:29:55 Server: Object 2:23 not found (message Type_100)
 7:29:55 Server: Object 2:23 not found (message Type_168)
 7:29:55 Server: Object 2:23 not found (message Type_468)
 7:29:55 Server: Object 2:24 not found (message Type_128)
 7:29:55 Error: Object(2 : 24) not found
 7:29:55 Server: Object 2:24 not found (message Type_100)
 7:29:55 Server: Object 2:24 not found (message Type_168)
 7:29:55 Server: Object 2:24 not found (message Type_468)
 7:29:55 Server: Object 2:28 not found (message Type_128)
 7:29:55 Error: Object(2 : 28) not found
 7:29:55 Server: Object 2:28 not found (message Type_100)
 7:29:55 Server: Object 2:28 not found (message Type_168)
 7:29:55 Server: Object 2:28 not found (message Type_468)
 7:29:55 Server: Object 2:29 not found (message Type_128)
 7:29:55 Error: Object(2 : 29) not found
 7:29:55 Server: Object 2:29 not found (message Type_100)
 7:29:55 Server: Object 2:29 not found (message Type_168)
 7:29:55 Server: Object 2:29 not found (message Type_468)
 7:29:55 Server: Object 2:33 not found (message Type_128)
 7:29:55 Error: Object(2 : 33) not found
 7:29:55 Server: Object 2:33 not found (message Type_100)
 7:29:55 Server: Object 2:33 not found (message Type_168)
 7:29:55 Server: Object 2:33 not found (message Type_468)
 7:29:55 Server: Object 2:34 not found (message Type_128)
 7:29:55 Error: Object(2 : 34) not found
 7:29:55 Server: Object 2:34 not found (message Type_100)
 7:29:55 Server: Object 2:34 not found (message Type_168)
 7:29:55 Server: Object 2:34 not found (message Type_468)
 7:29:55 Server: Object 2:38 not found (message Type_128)
 7:29:55 Error: Object(2 : 38) not found
 7:29:55 Server: Object 2:38 not found (message Type_100)
 7:29:55 Server: Object 2:38 not found (message Type_168)
 7:29:55 Server: Object 2:38 not found (message Type_468)
 7:29:55 Server: Object 2:39 not found (message Type_128)
 7:29:55 Error: Object(2 : 39) not found
 7:29:55 Server: Object 2:39 not found (message Type_100)
 7:29:55 Server: Object 2:39 not found (message Type_168)
 7:29:55 Server: Object 2:39 not found (message Type_468)
 7:29:55 Server: Object 2:43 not found (message Type_128)
 7:29:55 Error: Object(2 : 43) not found
 7:29:55 Server: Object 2:43 not found (message Type_100)
 7:29:55 Server: Object 2:43 not found (message Type_168)
 7:29:55 Server: Object 2:43 not found (message Type_468)
 7:29:55 Server: Object 2:44 not found (message Type_128)
 7:29:55 Error: Object(2 : 44) not found
 7:29:55 Server: Object 2:44 not found (message Type_100)
 7:29:55 Server: Object 2:44 not found (message Type_168)
 7:29:55 Server: Object 2:44 not found (message Type_468)
 7:29:55 Server: Object 2:48 not found (message Type_128)
 7:29:55 Error: Object(2 : 48) not found
 7:29:55 Server: Object 2:48 not found (message Type_100)
 7:29:55 Server: Object 2:48 not found (message Type_168)
 7:29:55 Server: Object 2:48 not found (message Type_468)
 7:29:55 Server: Object 2:49 not found (message Type_128)
 7:29:55 Error: Object(2 : 49) not found
 7:29:55 Server: Object 2:49 not found (message Type_100)
 7:29:55 Server: Object 2:49 not found (message Type_168)
 7:29:55 Server: Object 2:49 not found (message Type_468)
 7:29:55 Server: Object 2:53 not found (message Type_128)
 7:29:55 Error: Object(2 : 53) not found
 7:29:55 Server: Object 2:53 not found (message Type_100)
 7:29:55 Server: Object 2:53 not found (message Type_168)
 7:29:55 Server: Object 2:53 not found (message Type_468)
 7:29:55 Server: Object 2:54 not found (message Type_128)
 7:29:55 Error: Object(2 : 54) not found
 7:29:55 Server: Object 2:54 not found (message Type_100)
 7:29:55 Server: Object 2:54 not found (message Type_168)
 7:29:55 Server: Object 2:54 not found (message Type_468)
 7:29:55 Server: Object 2:58 not found (message Type_128)
 7:29:55 Error: Object(2 : 58) not found
 7:29:55 Server: Object 2:58 not found (message Type_100)
 7:29:55 Server: Object 2:58 not found (message Type_168)
 7:29:55 Server: Object 2:58 not found (message Type_468)
 7:29:55 Server: Object 2:59 not found (message Type_128)
 7:29:55 Error: Object(2 : 59) not found
 7:29:55 Server: Object 2:59 not found (message Type_100)
 7:29:55 Server: Object 2:59 not found (message Type_168)
 7:29:55 Server: Object 2:59 not found (message Type_468)
 7:29:55 Server: Object 2:63 not found (message Type_128)
 7:29:55 Error: Object(2 : 63) not found
 7:29:55 Server: Object 2:63 not found (message Type_100)
 7:29:55 Server: Object 2:63 not found (message Type_168)
 7:29:55 Server: Object 2:63 not found (message Type_468)
 7:29:55 Server: Object 2:64 not found (message Type_128)
 7:29:55 Error: Object(2 : 64) not found
 7:29:55 Server: Object 2:64 not found (message Type_100)
 7:29:55 Server: Object 2:64 not found (message Type_168)
 7:29:55 Server: Object 2:64 not found (message Type_468)
 7:29:55 d:\Bis\Source\Profile\Futura\lib\Network\networkServer.cpp NetworkServer::OnClientStateChanged:NOT IMPLEMENTED - briefing!
 7:29:55 Server: SetServerState to BRIEFING
 7:30:14 "Advanced Sling Loading Loading..."
 7:30:14 "Advanced Sling Loading Loaded"
 7:30:14 [CBA] (xeh) INFO: [7746,85.237,0] PostInit started. MISSIONINIT: missionName=Zeus_Kunduz_River, missionVersion=54, worldName=kunduz_valley, isMultiplayer=true, isServer=true, isDedicated=true, CBA_isHeadlessClient=false, hasInterface=false, didJIP=false
 7:30:15 [CBA] (versioning) INFO: [7746,85.321,0] VERSIONING:cba=3.18.4.250711, zen=1.15.1.36, ace=3.20.0.104, tfar=1.-1.0.334, ctab=2.3.0.0, kat=3.1.2, zeus_additions=1.6.10.0
 7:30:15 [ACE] (common) INFO: ACE is version 3.20.0.104 - CBA is version 3.18.4.250711 (min required 3.18.2)
 7:30:15 [ZEUS_ADDITIONS] (main) INFO: PostInit: didJIP: false - Functions sent: false
 7:30:15 [CBA] (xeh) INFO: [7746,85.763,0] PostInit finished.
 7:30:15 [ZEUS_ADDITIONS] (main) INFO: Init: Net mode: DedicatedServer - ZEUS_ADDITIONS loaded: true - clientOwner 2
 7:30:16 [ACE] (common) INFO: Settings initialized.
 7:30:16 [ACE] (common) INFO: 1 delayed functions running.
 7:30:16 [ACE] (refuel) WARNING: World kunduz_valley: ace_refuel_positions is not configured; can load slower
 7:30:17 ca\misc_e\camonet_east_var1_ep1.p3d: house, config class missing
 7:30:18 ca\misc_e\camonet_east_var1_ep1.p3d: house, config class missing
 7:30:18 ca\misc_e\camonet_east_var1_ep1.p3d: house, config class missing
 7:30:18 ca\misc_e\camonet_east_var1_ep1.p3d: house, config class missing
 7:30:18 ca\misc_e\camonet_east_var1_ep1.p3d: house, config class missing
 7:30:18 ca\misc_e\camonet_east_var1_ep1.p3d: house, config class missing
 7:30:18 ca\misc_e\camonet_east_var1_ep1.p3d: house, config class missing
 7:30:18 Strange convex component04 in a3\structures_f\households\slum\slum_house02_ruins_f.p3d:geometryFire
 7:30:18 Strange convex component03 in a3\structures_f\households\slum\slum_house02_ruins_f.p3d:geometryView
 7:30:19 ca\misc_e\camonet_east_var1_ep1.p3d: house, config class missing
 7:30:19 ca\misc_e\camonet_east_var1_ep1.p3d: house, config class missing
 7:30:19 SW keep height animation used for ca\misc\jeept.p3d
 7:30:19 ca\misc_e\camonet_east_var1_ep1.p3d: house, config class missing
 7:30:20 ca\misc_e\camonet_east_var1_ep1.p3d: house, config class missing
 7:30:20 ca\misc_e\camonet_east_var1_ep1.p3d: house, config class missing
 7:30:20 ca\misc_e\camonet_east_var1_ep1.p3d: house, config class missing
 7:30:20 ca\misc_e\camonet_east_var1_ep1.p3d: house, config class missing
 7:30:20 ca\misc_e\camonet_east_var1_ep1.p3d: house, config class missing
 7:30:20 ca\misc_e\camonet_east_var1_ep1.p3d: house, config class missing
 7:30:20 ca\misc_e\camonet_nato_var1_ep1.p3d: house, config class missing
 7:30:31 Voted admin logged in, player: SPC P.MacTavish, playerUID: 76561198176499965, IP: 10.5.0.2:2304.
 7:30:36 Server: SetServerState to PLAYING
 7:30:36  Mission id: d321042bce90ce712afb673a8c37660978b268df
 7:30:36 Ragdoll - loading of ragdoll source "Soldier" started.
 7:30:36 Ragdoll - loading of ragdoll source "Soldier" finished successfully.
 7:30:41 "TFAR_RadioRequestEvent [[""ItemRadio""],B Alpha 1-3:1 (SPC P.MacTavish) REMOTE] 111.743"
 7:30:41 "Send TFAR_RadioRequestResponseEvent [1] 111.743"
 7:30:47 File dialogs.hpp, line 56: '/3rd_dialog_Place/controls/3rd_close.action': Missing ';' prior '}'
 7:30:47 File dialogs.hpp, line 198: '/3rd_dialog_Remove/controls/3rd_close.action': Missing ';' prior '}'
 7:30:47 Unsupported language English in stringtable
 7:30:47  ➥ Context: kp_liberation.Altis.pbo
 7:30:48 mpmissions\kp_liberation.Altis: string @STR_MISSION_TITLE cannot be localized client-side - move to global stringtable
 7:30:48 mpmissions\kp_liberation.Altis: string @STR_MISSION_DESCRIPTION cannot be localized client-side - move to global stringtable
 7:30:48 File dialogs.hpp, line 56: '/3rd_dialog_Place/controls/3rd_close.action': Missing ';' prior '}'
 7:30:48 File dialogs.hpp, line 198: '/3rd_dialog_Remove/controls/3rd_close.action': Missing ';' prior '}'
 7:30:49 Server: SetServerState to MISSION ABORTED
 7:30:49 Client: Object 4:6 (type Type_135) not found.
 7:30:49 A null object passed as a target to RemoteExec(Call) 'bis_fnc_objectvar'
 7:30:49 A null object passed as a target to RemoteExec(Call) 'bis_fnc_objectvar'
 7:30:49 A null object passed as a target to RemoteExec(Call) 'bis_fnc_objectvar'
 7:30:50 Server: SetServerState to SELECTING MISSION
 7:31:03 Server: SetServerState to SELECTING MISSION
 7:31:03 EPE manager release (0|36|0)
 7:31:03 Number of joints in scene after release: 15
 7:31:03 Number of actors in scene after release: 16
 7:31:03 EPE manager release (0|16|0)
 7:31:03 Number of joints in scene after release: 15
 7:31:03 Number of actors in scene after release: 16
 7:31:03 EPE manager release (15|16|0)
 7:31:03 Number of actors in scene after release: 16
 7:31:03 EPE manager release (0|16|0)
 7:31:03 File mpmissions\__cur_mp.chernarus_summer\dialogs.hpp, line 56: '/3rd_dialog_Place/controls/3rd_close.action': Missing ';' prior '}'
 7:31:03 File mpmissions\__cur_mp.chernarus_summer\dialogs.hpp, line 198: '/3rd_dialog_Remove/controls/3rd_close.action': Missing ';' prior '}'
 7:31:03 Mission Chernarus_Airborne-AirAssault-Land_Nav_v1.chernarus_summer: Number of roles (88) is different from 'description.ext::Header::maxPlayer' (156)
 7:31:03 Server: SetServerState to ASSIGNING ROLES
 7:31:10 Voted admin logged out, player: SPC P.MacTavish, playerUID: 76561198176499965, IP: 10.5.0.2:2304.
 7:31:10 Server: SetServerState to SELECTING MISSION
 7:31:13 Mission Zeus_Kunduz_River.kunduz_valley: Missing 'description.ext::Header'
 7:31:13 Server: SetServerState to ASSIGNING ROLES
 7:31:14 Server error: Player without identity SPC P.MacTavish (id 309569574)
 7:31:14 Server error: Player without identity SPC P.MacTavish (id 309569574)
 7:31:14 Server error: Player without identity SPC P.MacTavish (id 309569574)
 7:31:14 Server error: Player without identity SPC P.MacTavish (id 309569574)
 7:31:14 Server error: Player without identity SPC P.MacTavish (id 309569574)
 7:31:14 Server error: Player without identity SPC P.MacTavish (id 309569574)
 7:31:14 Server error: Player without identity SPC P.MacTavish (id 309569574)
 7:31:14 Server error: Player without identity SPC P.MacTavish (id 309569574)
 7:31:14 Server error: Player without identity SPC P.MacTavish (id 309569574)
 7:31:14 Server error: Player without identity SPC P.MacTavish (id 309569574)
 7:31:14 Server error: Player without identity SPC P.MacTavish (id 309569574)
 7:31:14 Server error: Player without identity SPC P.MacTavish (id 309569574)
 7:31:14 Server error: Player without identity SPC P.MacTavish (id 309569574)
 7:31:14 Server error: Player without identity SPC P.MacTavish (id 309569574)
 7:31:14 Server error: Player without identity SPC P.MacTavish (id 309569574)
 7:31:14 Server error: Player without identity SPC P.MacTavish (id 309569574)
 7:31:14 Server error: Player without identity SPC P.MacTavish (id 309569574)
 7:31:14 Server error: Player without identity SPC P.MacTavish (id 309569574)
 7:31:14 Server error: Player without identity SPC P.MacTavish (id 309569574)
 7:31:14 Server error: Player without identity SPC P.MacTavish (id 309569574)
 7:31:14 Server error: Player without identity SPC P.MacTavish (id 309569574)
 7:31:14 Server error: Player without identity SPC P.MacTavish (id 309569574)
 7:31:14 Server error: Player without identity SPC P.MacTavish (id 309569574)
 7:31:14 Server error: Player without identity SPC P.MacTavish (id 309569574)
 7:31:14 Server error: Player without identity SPC P.MacTavish (id 309569574)
 7:31:14 Server error: Player without identity SPC P.MacTavish (id 309569574)
 7:31:14 Server error: Player without identity SPC P.MacTavish (id 309569574)
 7:31:14 Server error: Player without identity SPC P.MacTavish (id 309569574)
 7:31:14 Server error: Player without identity SPC P.MacTavish (id 309569574)
 7:31:14 Server error: Player without identity SPC P.MacTavish (id 309569574)
 7:31:14 Server error: Player without identity SPC P.MacTavish (id 309569574)
 7:31:14 Server error: Player without identity SPC P.MacTavish (id 309569574)
 7:31:14 Server error: Player without identity SPC P.MacTavish (id 309569574)
 7:31:14 Server error: Player without identity SPC P.MacTavish (id 309569574)
 7:31:14 Server error: Player without identity SPC P.MacTavish (id 309569574)
 7:31:14 Server error: Player without identity SPC P.MacTavish (id 309569574)
 7:31:14 Server error: Player without identity SPC P.MacTavish (id 309569574)
 7:31:14 Server error: Player without identity SPC P.MacTavish (id 309569574)
 7:31:14 Server error: Player without identity SPC P.MacTavish (id 309569574)
 7:31:14 Server error: Player without identity SPC P.MacTavish (id 309569574)
 7:31:14 Server error: Player without identity SPC P.MacTavish (id 309569574)
 7:31:14 Server error: Player without identity SPC P.MacTavish (id 309569574)
 7:31:14 Server error: Player without identity SPC P.MacTavish (id 309569574)
 7:31:14 Server error: Player without identity SPC P.MacTavish (id 309569574)
 7:31:14 Server error: Player without identity SPC P.MacTavish (id 309569574)
 7:31:14 Server error: Player without identity SPC P.MacTavish (id 309569574)
 7:31:15 Server error: Player without identity SPC P.MacTavish (id 309569574)
 7:31:15 Server error: Player without identity SPC P.MacTavish (id 309569574)
 7:31:15 Server error: Player without identity SPC P.MacTavish (id 309569574)
 7:31:15 Server error: Player without identity SPC P.MacTavish (id 309569574)
 7:31:15 Server error: Player without identity SPC P.MacTavish (id 309569574)
 7:31:15 Server error: Player without identity SPC P.MacTavish (id 309569574)
 7:31:15 Server error: Player without identity SPC P.MacTavish (id 309569574)
 7:31:15 Server error: Player without identity SPC P.MacTavish (id 309569574)
 7:31:15 Server error: Player without identity SPC P.MacTavish (id 309569574)
 7:31:15 Server error: Player without identity SPC P.MacTavish (id 309569574)
 7:31:15 Server error: Player without identity SPC P.MacTavish (id 309569574)
 7:31:15 Server error: Player without identity SPC P.MacTavish (id 309569574)
 7:31:15 Server error: Player without identity SPC P.MacTavish (id 309569574)
 7:31:15 Server error: Player without identity SPC P.MacTavish (id 309569574)
 7:31:15 Server error: Player without identity SPC P.MacTavish (id 309569574)
 7:31:15 Server error: Player without identity SPC P.MacTavish (id 309569574)
 7:31:15 Server error: Player without identity SPC P.MacTavish (id 309569574)
 7:31:15 Server error: Player without identity SPC P.MacTavish (id 309569574)
 7:31:15 Server error: Player without identity SPC P.MacTavish (id 309569574)
 7:31:15 Server error: Player without identity SPC P.MacTavish (id 309569574)
 7:31:15 Server error: Player without identity SPC P.MacTavish (id 309569574)
 7:31:15 Server error: Player without identity SPC P.MacTavish (id 309569574)
 7:31:15 Server error: Player without identity SPC P.MacTavish (id 309569574)
 7:31:47 Server: SetServerState to SENDING MISSION
 7:31:47 Server: SetServerState to LOADING GAME
 7:31:47 Starting mission:
 7:31:47  Mission file: Zeus_Kunduz_River (__cur_mp)
 7:31:47  Mission world: kunduz_valley
 7:31:47  Mission directory: mpmissions\__cur_mp.kunduz_valley\
 7:31:47 [CBA] (xeh) INFO: [11449,178.157,0] PreInit started. v3.18.4.250711
 7:31:47 [CBA] (xeh) WARNING: One or more children of class CAManBase do not support Extended Event Handlers. Fall back to loop.
 7:31:47 [CBA] (settings) INFO: Reading settings from settings file.
 7:31:47 [CBA] (settings) INFO: Finished reading settings from settings file.
 7:31:48 [ACE] (common) INFO: Parsed Settings Configs [1.0 ms]
 7:31:48 Attempt to override final function - ace_medical_engine_fnc_updatedamageeffects
 7:31:48 Attempt to override final function - ace_medical_status_fnc_addmedicationadjustment
 7:31:48 Attempt to override final function - ace_medical_status_fnc_getbloodpressure
 7:31:48 Attempt to override final function - ace_medical_status_fnc_hasstablevitals
 7:31:48 Attempt to override final function - ace_medical_vitals_fnc_handleunitvitals
 7:31:48 Attempt to override final function - ace_medical_vitals_fnc_updateheartrate
 7:31:48 Attempt to override final function - ace_dogtags_fnc_cancheckdogtag
 7:31:48 Attempt to override final function - ace_dogtags_fnc_getdogtagdata
 7:31:48 Attempt to override final function - ace_dragging_fnc_carryobject
 7:31:48 Attempt to override final function - ace_dragging_fnc_handleunconscious
 7:31:48 Attempt to override final function - ace_medical_fnc_setunconscious
 7:31:48 Attempt to override final function - ace_medical_statemachine_fnc_conditionexecutiondeath
 7:31:48 Attempt to override final function - ace_medical_statemachine_fnc_conditionsecondchance
 7:31:48 Attempt to override final function - ace_medical_treatment_fnc_cprsuccess
 7:31:48 Attempt to override final function - ace_medical_treatment_fnc_cprlocal
 7:31:48 Attempt to override final function - ace_medical_treatment_fnc_medicationlocal
 7:31:48 Attempt to override final function - ace_medical_treatment_fnc_tourniquetremove
 7:31:48 Attempt to override final function - ace_medical_treatment_fnc_treatment
 7:31:48 Attempt to override final function - ace_medical_treatment_fnc_treatmentsuccess
 7:31:48 Attempt to override final function - ace_medical_treatment_fnc_useitem
 7:31:48 Attempt to override final function - ace_medical_gui_fnc_menupfh
 7:31:48 Attempt to override final function - ace_medical_gui_fnc_onmenuclose
 7:31:48 Attempt to override final function - ace_medical_gui_fnc_onmenuopen
 7:31:48 Attempt to override final function - ace_medical_gui_fnc_updatebodyimage
 7:31:48 Attempt to override final function - ace_medical_gui_fnc_updatecategories
 7:31:48 Attempt to override final function - ace_medical_gui_fnc_updateinjurylist
 7:31:48 [CBA] (xeh) INFO: [11449,178.538,0] PreInit finished.
 7:31:49 soldier[rhsusf_army_ocp_fso]:Some of magazines weren't stored in soldier Vest or Uniform?
 7:31:49 Attempt to override final function - bis_fnc_storeparamsvalues_data
 7:31:49 Server: Object 2:662 not found (message Type_128)
 7:31:49 Error: Object(2 : 662) not found
 7:31:49 Server: Object 2:662 not found (message Type_100)
 7:31:49 Server: Object 2:662 not found (message Type_168)
 7:31:49 Server: Object 2:662 not found (message Type_468)
 7:31:49 Server: Object 2:663 not found (message Type_128)
 7:31:49 Error: Object(2 : 663) not found
 7:31:49 Server: Object 2:663 not found (message Type_100)
 7:31:49 Server: Object 2:663 not found (message Type_168)
 7:31:49 Server: Object 2:663 not found (message Type_468)
 7:31:49 Server: Object 2:667 not found (message Type_128)
 7:31:49 Error: Object(2 : 667) not found
 7:31:49 Server: Object 2:667 not found (message Type_100)
 7:31:49 Server: Object 2:667 not found (message Type_168)
 7:31:49 Server: Object 2:667 not found (message Type_468)
 7:31:49 Server: Object 2:668 not found (message Type_128)
 7:31:49 Error: Object(2 : 668) not found
 7:31:49 Server: Object 2:668 not found (message Type_100)
 7:31:49 Server: Object 2:668 not found (message Type_168)
 7:31:49 Server: Object 2:668 not found (message Type_468)
 7:31:49 Server: Object 2:672 not found (message Type_128)
 7:31:49 Error: Object(2 : 672) not found
 7:31:49 Server: Object 2:672 not found (message Type_100)
 7:31:49 Server: Object 2:672 not found (message Type_168)
 7:31:49 Server: Object 2:672 not found (message Type_468)
 7:31:49 Server: Object 2:673 not found (message Type_128)
 7:31:49 Error: Object(2 : 673) not found
 7:31:49 Server: Object 2:673 not found (message Type_100)
 7:31:49 Server: Object 2:673 not found (message Type_168)
 7:31:49 Server: Object 2:673 not found (message Type_468)
 7:31:49 Server: Object 2:677 not found (message Type_128)
 7:31:49 Error: Object(2 : 677) not found
 7:31:49 Server: Object 2:677 not found (message Type_100)
 7:31:49 Server: Object 2:677 not found (message Type_168)
 7:31:49 Server: Object 2:677 not found (message Type_468)
 7:31:49 Server: Object 2:678 not found (message Type_128)
 7:31:49 Error: Object(2 : 678) not found
 7:31:49 Server: Object 2:678 not found (message Type_100)
 7:31:49 Server: Object 2:678 not found (message Type_168)
 7:31:49 Server: Object 2:678 not found (message Type_468)
 7:31:49 Server: Object 2:682 not found (message Type_128)
 7:31:49 Error: Object(2 : 682) not found
 7:31:49 Server: Object 2:682 not found (message Type_100)
 7:31:49 Server: Object 2:682 not found (message Type_168)
 7:31:49 Server: Object 2:682 not found (message Type_468)
 7:31:49 Server: Object 2:683 not found (message Type_128)
 7:31:49 Error: Object(2 : 683) not found
 7:31:49 Server: Object 2:683 not found (message Type_100)
 7:31:49 Server: Object 2:683 not found (message Type_168)
 7:31:49 Server: Object 2:683 not found (message Type_468)
 7:31:49 Server: Object 2:687 not found (message Type_128)
 7:31:49 Error: Object(2 : 687) not found
 7:31:49 Server: Object 2:687 not found (message Type_100)
 7:31:49 Server: Object 2:687 not found (message Type_168)
 7:31:49 Server: Object 2:687 not found (message Type_468)
 7:31:49 Server: Object 2:688 not found (message Type_128)
 7:31:49 Error: Object(2 : 688) not found
 7:31:49 Server: Object 2:688 not found (message Type_100)
 7:31:49 Server: Object 2:688 not found (message Type_168)
 7:31:49 Server: Object 2:688 not found (message Type_468)
 7:31:49 Server: Object 2:692 not found (message Type_128)
 7:31:49 Error: Object(2 : 692) not found
 7:31:49 Server: Object 2:692 not found (message Type_100)
 7:31:49 Server: Object 2:692 not found (message Type_168)
 7:31:49 Server: Object 2:692 not found (message Type_468)
 7:31:49 Server: Object 2:693 not found (message Type_128)
 7:31:49 Error: Object(2 : 693) not found
 7:31:49 Server: Object 2:693 not found (message Type_100)
 7:31:49 Server: Object 2:693 not found (message Type_168)
 7:31:49 Server: Object 2:693 not found (message Type_468)
 7:31:49 Server: Object 2:697 not found (message Type_128)
 7:31:49 Error: Object(2 : 697) not found
 7:31:49 Server: Object 2:697 not found (message Type_100)
 7:31:49 Server: Object 2:697 not found (message Type_168)
 7:31:49 Server: Object 2:697 not found (message Type_468)
 7:31:49 Server: Object 2:698 not found (message Type_128)
 7:31:49 Error: Object(2 : 698) not found
 7:31:49 Server: Object 2:698 not found (message Type_100)
 7:31:49 Server: Object 2:698 not found (message Type_168)
 7:31:49 Server: Object 2:698 not found (message Type_468)
 7:31:49 Server: Object 2:702 not found (message Type_128)
 7:31:49 Error: Object(2 : 702) not found
 7:31:49 Server: Object 2:702 not found (message Type_100)
 7:31:49 Server: Object 2:702 not found (message Type_168)
 7:31:49 Server: Object 2:702 not found (message Type_468)
 7:31:49 Server: Object 2:703 not found (message Type_128)
 7:31:49 Error: Object(2 : 703) not found
 7:31:49 Server: Object 2:703 not found (message Type_100)
 7:31:49 Server: Object 2:703 not found (message Type_168)
 7:31:49 Server: Object 2:703 not found (message Type_468)
 7:31:49 Server: Object 2:707 not found (message Type_128)
 7:31:49 Error: Object(2 : 707) not found
 7:31:49 Server: Object 2:707 not found (message Type_100)
 7:31:49 Server: Object 2:707 not found (message Type_168)
 7:31:49 Server: Object 2:707 not found (message Type_468)
 7:31:49 Server: Object 2:708 not found (message Type_128)
 7:31:49 Error: Object(2 : 708) not found
 7:31:49 Server: Object 2:708 not found (message Type_100)
 7:31:49 Server: Object 2:708 not found (message Type_168)
 7:31:49 Server: Object 2:708 not found (message Type_468)
 7:31:49 Server: Object 2:712 not found (message Type_128)
 7:31:49 Error: Object(2 : 712) not found
 7:31:49 Server: Object 2:712 not found (message Type_100)
 7:31:49 Server: Object 2:712 not found (message Type_168)
 7:31:49 Server: Object 2:712 not found (message Type_468)
 7:31:49 Server: Object 2:713 not found (message Type_128)
 7:31:49 Error: Object(2 : 713) not found
 7:31:49 Server: Object 2:713 not found (message Type_100)
 7:31:49 Server: Object 2:713 not found (message Type_168)
 7:31:49 Server: Object 2:713 not found (message Type_468)
 7:31:49 Server: Object 2:717 not found (message Type_128)
 7:31:49 Error: Object(2 : 717) not found
 7:31:49 Server: Object 2:717 not found (message Type_100)
 7:31:49 Server: Object 2:717 not found (message Type_168)
 7:31:49 Server: Object 2:717 not found (message Type_468)
 7:31:49 Server: Object 2:718 not found (message Type_128)
 7:31:49 Error: Object(2 : 718) not found
 7:31:49 Server: Object 2:718 not found (message Type_100)
 7:31:49 Server: Object 2:718 not found (message Type_168)
 7:31:49 Server: Object 2:718 not found (message Type_468)
 7:31:49 d:\Bis\Source\Profile\Futura\lib\Network\networkServer.cpp NetworkServer::OnClientStateChanged:NOT IMPLEMENTED - briefing!
 7:31:49 Server: SetServerState to BRIEFING
 7:32:04 "Advanced Sling Loading Loading..."
 7:32:04 "Advanced Sling Loading Loaded"
 7:32:04 [CBA] (xeh) INFO: [11664,195.116,0] PostInit started. MISSIONINIT: missionName=Zeus_Kunduz_River, missionVersion=54, worldName=kunduz_valley, isMultiplayer=true, isServer=true, isDedicated=true, CBA_isHeadlessClient=false, hasInterface=false, didJIP=false
 7:32:04 [CBA] (versioning) INFO: [11664,195.222,0] VERSIONING:cba=3.18.4.250711, zen=1.15.1.36, ace=3.20.0.104, tfar=1.-1.0.334, ctab=2.3.0.0, kat=3.1.2, zeus_additions=1.6.10.0
 7:32:05 [ACE] (common) INFO: ACE is version 3.20.0.104 - CBA is version 3.18.4.250711 (min required 3.18.2)
 7:32:05 [ZEUS_ADDITIONS] (main) INFO: PostInit: didJIP: false - Functions sent: false
 7:32:05 [CBA] (xeh) INFO: [11664,195.477,0] PostInit finished.
 7:32:05 [ZEUS_ADDITIONS] (main) INFO: Init: Net mode: DedicatedServer - ZEUS_ADDITIONS loaded: true - clientOwner 2
 7:32:05 [ACE] (common) INFO: Settings initialized.
 7:32:05 [ACE] (common) INFO: 1 delayed functions running.
 7:32:05 [ACE] (refuel) WARNING: World kunduz_valley: ace_refuel_positions is not configured; can load slower
 7:32:10 Voted admin logged in, player: SPC P.MacTavish, playerUID: 76561198176499965, IP: 10.5.0.2:2304.
 7:32:21 soldier[rhsusf_army_ocp_fso]:Some of magazines weren't stored in soldier Vest or Uniform?
 7:32:44 Server: SetServerState to PLAYING
 7:32:44  Mission id: 6c68abc41dcfa8aab9ce670dc7529d5a8152b3e8
 7:32:49 "TFAR_RadioRequestEvent [[""ItemRadio""],B Alpha 1-3:1 (SPC P.MacTavish) REMOTE] 239.771"
 7:32:49 "Send TFAR_RadioRequestResponseEvent [1] 239.771"
 7:33:04 File dialogs.hpp, line 56: '/3rd_dialog_Place/controls/3rd_close.action': Missing ';' prior '}'
 7:33:04 File dialogs.hpp, line 198: '/3rd_dialog_Remove/controls/3rd_close.action': Missing ';' prior '}'
 7:33:04 Unsupported language English in stringtable
 7:33:04  ➥ Context: kp_liberation.Altis.pbo
 7:33:04 mpmissions\kp_liberation.Altis: string @STR_MISSION_TITLE cannot be localized client-side - move to global stringtable
 7:33:04 mpmissions\kp_liberation.Altis: string @STR_MISSION_DESCRIPTION cannot be localized client-side - move to global stringtable
 7:33:04 File dialogs.hpp, line 56: '/3rd_dialog_Place/controls/3rd_close.action': Missing ';' prior '}'
 7:33:04 File dialogs.hpp, line 198: '/3rd_dialog_Remove/controls/3rd_close.action': Missing ';' prior '}'
 7:33:05 Server: SetServerState to MISSION ABORTED
 7:33:05 "TFAR_RadioRequestEvent [[""ItemRadio""],<NULL-object>] 255.3"
 7:33:05 "Send TFAR_RadioRequestResponseEvent [1] 255.3"
 7:33:05 Client: Object 5:7 (type Type_135) not found.
 7:33:05 A null object passed as a target to RemoteExec(Call) 'bis_fnc_objectvar'
 7:33:05 A null object passed as a target to RemoteExec(Call) 'bis_fnc_objectvar'
 7:33:05 A null object passed as a target to RemoteExec(Call) 'bis_fnc_objectvar'
 7:33:06 Server: SetServerState to SELECTING MISSION
 7:33:14 Server: SetServerState to SELECTING MISSION
 7:33:14 EPE manager release (0|20|0)
 7:33:14 File mpmissions\__cur_mp.chernarus_summer\dialogs.hpp, line 56: '/3rd_dialog_Place/controls/3rd_close.action': Missing ';' prior '}'
 7:33:14 File mpmissions\__cur_mp.chernarus_summer\dialogs.hpp, line 198: '/3rd_dialog_Remove/controls/3rd_close.action': Missing ';' prior '}'
 7:33:14 Mission Chernarus_Airborne-AirAssault-Land_Nav_v1.chernarus_summer: Number of roles (88) is different from 'description.ext::Header::maxPlayer' (156)
 7:33:14 Server: SetServerState to ASSIGNING ROLES
 7:33:21 Server: SetServerState to SENDING MISSION
 7:33:21 Server: SetServerState to LOADING GAME
 7:33:22 Starting mission:
 7:33:22  Mission file: Chernarus_Airborne-AirAssault-Land_Nav_v1 (__cur_mp)
 7:33:22  Mission world: chernarus_summer
 7:33:22  Mission directory: mpmissions\__cur_mp.chernarus_summer\
 7:33:24 No more slot to add connection at 017038 (1704.7,3800.4)
 7:33:24 No more slot to add connection at 024036 (2401.2,3644.6)
 7:33:24 No more slot to add connection at 024036 (2402.0,3644.0)
 7:33:24 No more slot to add connection at 041105 (4180.1,10528.6)
 7:33:24 No more slot to add connection at 041105 (4180.1,10528.6)
 7:33:25 Land_Ind_Mlyn_03: door_1_rot - unknown animation source door_1_sound_source
 7:33:25 Land_Ind_Mlyn_03: door_2_rot - unknown animation source door_2_sound_source
 7:33:25 Land_Ind_Mlyn_03: door_3_rot - unknown animation source door_3_sound_source
 7:33:25 Land_Ind_Mlyn_03: door_3_handle_rot_1 - unknown animation source door_3_sound_source
 7:33:25 Land_Ind_Mlyn_03: door_3_handle_rot_2 - unknown animation source door_3_sound_source
 7:33:25 Land_Ind_Mlyn_03: glass_1_hide - unknown animation source glass_1_source
 7:33:25 Land_Ind_Mlyn_03: glass_2_hide - unknown animation source glass_2_source
 7:33:25 Land_Ind_Mlyn_03: glass_3_hide - unknown animation source glass_3_source
 7:33:25 Warning: Unaccessible ladder point for AI (already used for actionend7) in ca\buildings2\ind_cementworks\ind_pec\ind_pec_02.p3d
 7:33:25 Warning: Unaccessible ladder point for AI (already used for actionend7) in ca\buildings2\ind_cementworks\ind_pec\ind_pec_02.p3d
 7:33:25 Warning: Unaccessible ladder point for AI (already used for actionend10) in ca\buildings2\ind_cementworks\ind_pec\ind_pec_02.p3d
 7:33:25 Warning: Unaccessible ladder point for AI (already used for actionend10) in ca\buildings2\ind_cementworks\ind_pec\ind_pec_02.p3d
 7:33:25 Warning: Unaccessible ladder point for AI (already used for actionend11) in ca\buildings2\ind_cementworks\ind_pec\ind_pec_02.p3d
 7:33:25 Warning: Unaccessible ladder point for AI (already used for actionend11) in ca\buildings2\ind_cementworks\ind_pec\ind_pec_02.p3d
 7:33:25 [CBA] (xeh) INFO: [24116,276.28,0] PreInit started. v3.18.4.250711
 7:33:26 [CBA] (xeh) WARNING: One or more children of class CAManBase do not support Extended Event Handlers. Fall back to loop.
 7:33:26 [CBA] (settings) INFO: Reading settings from settings file.
 7:33:26 [CBA] (settings) INFO: Finished reading settings from settings file.
 7:33:26 [ACE] (common) INFO: Parsed Settings Configs [1.0 ms]
 7:33:26 Attempt to override final function - ace_medical_engine_fnc_updatedamageeffects
 7:33:26 Attempt to override final function - ace_medical_status_fnc_addmedicationadjustment
 7:33:26 Attempt to override final function - ace_medical_status_fnc_getbloodpressure
 7:33:26 Attempt to override final function - ace_medical_status_fnc_hasstablevitals
 7:33:26 Attempt to override final function - ace_medical_vitals_fnc_handleunitvitals
 7:33:26 Attempt to override final function - ace_medical_vitals_fnc_updateheartrate
 7:33:26 Attempt to override final function - ace_dogtags_fnc_cancheckdogtag
 7:33:26 Attempt to override final function - ace_dogtags_fnc_getdogtagdata
 7:33:26 Attempt to override final function - ace_dragging_fnc_carryobject
 7:33:26 Attempt to override final function - ace_dragging_fnc_handleunconscious
 7:33:26 Attempt to override final function - ace_medical_fnc_setunconscious
 7:33:26 Attempt to override final function - ace_medical_statemachine_fnc_conditionexecutiondeath
 7:33:26 Attempt to override final function - ace_medical_statemachine_fnc_conditionsecondchance
 7:33:26 Attempt to override final function - ace_medical_treatment_fnc_cprsuccess
 7:33:26 Attempt to override final function - ace_medical_treatment_fnc_cprlocal
 7:33:26 Attempt to override final function - ace_medical_treatment_fnc_medicationlocal
 7:33:26 Attempt to override final function - ace_medical_treatment_fnc_tourniquetremove
 7:33:26 Attempt to override final function - ace_medical_treatment_fnc_treatment
 7:33:26 Attempt to override final function - ace_medical_treatment_fnc_treatmentsuccess
 7:33:26 Attempt to override final function - ace_medical_treatment_fnc_useitem
 7:33:26 Attempt to override final function - ace_medical_gui_fnc_menupfh
 7:33:26 Attempt to override final function - ace_medical_gui_fnc_onmenuclose
 7:33:26 Attempt to override final function - ace_medical_gui_fnc_onmenuopen
 7:33:26 Attempt to override final function - ace_medical_gui_fnc_updatebodyimage
 7:33:26 Attempt to override final function - ace_medical_gui_fnc_updatecategories
 7:33:26 Attempt to override final function - ace_medical_gui_fnc_updateinjurylist
 7:33:26 [CBA] (xeh) INFO: [24116,276.651,0] PreInit finished.
 7:33:27 Strange convex component02 in 3rdid\third_structure\data\warriorwall.p3d:geometry
 7:33:27 rhsusf_m1151_m2_lras3_v1_usarmy_wd: bumper2_rhino_translate - unknown animation source bumper2_hide
 7:33:27 rhsusf_m1151_m2_lras3_v1_usarmy_wd: unhide_vis_optic_d_lras3 - unknown animation source unhide_vis_optic_d_lras3
 7:33:27 rhsusf_m1151_m2_lras3_v1_usarmy_wd: lras3_pip_hide - unknown animation source unhide_vis_optic_d_lras3
 7:33:27 rhsusf_m1151_m2_lras3_v1_usarmy_wd: gunner_move - unknown animation source gunner_move
 7:33:27 rhsusf_m1151_m2_lras3_v1_usarmy_wd: hatch_gunner - unknown animation source hatch_gunner
 7:33:27 Error: bin\config.bin/CfgVehicles/rhsusf_M1151_M2_LRAS3_base/Turrets/GPK_Turret/: Turret gun mainGun not found while initializing the model rhsusf\addons\rhsusf_m11xx\rhsusf_m1151_m2_lras3_v1.p3d
 7:33:27 B_T_Truck_01_medical_F: mirror_l_hide - unknown animation source mirror_l_hide
 7:33:27 rhsusf_m1152_sicps_usarmy_wd: hide_stairs - unknown animation source hide_stairs
 7:33:27 Warning: "Third_Radio_RT1523" is not a valid backpack name
 7:33:27 Error in expression <TAC_SELF_ORIENT>
 7:33:27   Error position: <TAC_SELF_ORIENT>
 7:33:27   Error Undefined variable in expression: tac_self_orient
 7:33:27 unable to compile MFD condition 'TAC_SELF_ORIENT'
 7:33:27 Error in expression <TAC_SELF_ORIENT>
 7:33:27   Error position: <TAC_SELF_ORIENT>
 7:33:27   Error Undefined variable in expression: tac_self_orient
 7:33:27 unable to compile MFD condition 'TAC_SELF_ORIENT'
 7:33:27 Error in expression <TAC_SELF_ORIENT>
 7:33:27   Error position: <TAC_SELF_ORIENT>
 7:33:27   Error Undefined variable in expression: tac_self_orient
 7:33:27 unable to compile MFD condition 'TAC_SELF_ORIENT'
 7:33:28 Error in expression <TAC_SELF_ORIENT>
 7:33:28   Error position: <TAC_SELF_ORIENT>
 7:33:28   Error Undefined variable in expression: tac_self_orient
 7:33:28 unable to compile MFD condition 'TAC_SELF_ORIENT'
 7:33:28 Error in expression <pylonSelected3>
 7:33:28   Error position: <pylonSelected3>
 7:33:28   Error Undefined variable in expression: pylonselected3
 7:33:28 unable to compile MFD condition 'pylonSelected3'
 7:33:28 Error in expression <pylonSelected4>
 7:33:28   Error position: <pylonSelected4>
 7:33:28   Error Undefined variable in expression: pylonselected4
 7:33:28 unable to compile MFD condition 'pylonSelected4'
 7:33:28 Error in expression <1 - pylonSelected1 - pylonSelected2 - pylonSelected3 - pylonSelected4 - mgun>
 7:33:28   Error position: <pylonSelected3 - pylonSelected4 - mgun>
 7:33:28   Error Undefined variable in expression: pylonselected3
 7:33:28 unable to compile MFD condition '1 - pylonSelected1 - pylonSelected2 - pylonSelected3 - pylonSelected4 - mgun'
 7:33:28 Error in expression <(1 -(pylonSelected1 - pylonSelected2 - pylonSelected3 - pylonSelected4)) * mgun>
 7:33:28   Error position: <pylonSelected3 - pylonSelected4)) * mgun>
 7:33:28   Error Undefined variable in expression: pylonselected3
 7:33:28 unable to compile MFD condition '(1 -(pylonSelected1 - pylonSelected2 - pylonSelected3 - pylonSelected4)) * mgun'
 7:33:28 Error in expression <pylonSelected3>
 7:33:28   Error position: <pylonSelected3>
 7:33:28   Error Undefined variable in expression: pylonselected3
 7:33:28 unable to compile MFD condition 'pylonSelected3'
 7:33:28 Error in expression <pylonSelected4>
 7:33:28   Error position: <pylonSelected4>
 7:33:28   Error Undefined variable in expression: pylonselected4
 7:33:28 unable to compile MFD condition 'pylonSelected4'
 7:33:28 Error in expression <1 - pylonSelected1 - pylonSelected2 - pylonSelected3 - pylonSelected4 - mgun>
 7:33:28   Error position: <pylonSelected3 - pylonSelected4 - mgun>
 7:33:28   Error Undefined variable in expression: pylonselected3
 7:33:28 unable to compile MFD condition '1 - pylonSelected1 - pylonSelected2 - pylonSelected3 - pylonSelected4 - mgun'
 7:33:28 Error in expression <(1 -(pylonSelected1 - pylonSelected2 - pylonSelected3 - pylonSelected4)) * mgun>
 7:33:28   Error position: <pylonSelected3 - pylonSelected4)) * mgun>
 7:33:28   Error Undefined variable in expression: pylonselected3
 7:33:28 unable to compile MFD condition '(1 -(pylonSelected1 - pylonSelected2 - pylonSelected3 - pylonSelected4)) * mgun'
 7:33:28 Error in expression <pylonSelected3>
 7:33:28   Error position: <pylonSelected3>
 7:33:28   Error Undefined variable in expression: pylonselected3
 7:33:28 unable to compile MFD condition 'pylonSelected3'
 7:33:28 Error in expression <pylonSelected4>
 7:33:28   Error position: <pylonSelected4>
 7:33:28   Error Undefined variable in expression: pylonselected4
 7:33:28 unable to compile MFD condition 'pylonSelected4'
 7:33:28 Error in expression <1 - pylonSelected1 - pylonSelected2 - pylonSelected3 - pylonSelected4 - mgun>
 7:33:28   Error position: <pylonSelected3 - pylonSelected4 - mgun>
 7:33:28   Error Undefined variable in expression: pylonselected3
 7:33:28 unable to compile MFD condition '1 - pylonSelected1 - pylonSelected2 - pylonSelected3 - pylonSelected4 - mgun'
 7:33:28 Error in expression <(1 -(pylonSelected1 - pylonSelected2 - pylonSelected3 - pylonSelected4)) * mgun>
 7:33:28   Error position: <pylonSelected3 - pylonSelected4)) * mgun>
 7:33:28   Error Undefined variable in expression: pylonselected3
 7:33:28 unable to compile MFD condition '(1 -(pylonSelected1 - pylonSelected2 - pylonSelected3 - pylonSelected4)) * mgun'
 7:33:28 Error in expression <pylonSelected3>
 7:33:28   Error position: <pylonSelected3>
 7:33:28   Error Undefined variable in expression: pylonselected3
 7:33:28 unable to compile MFD condition 'pylonSelected3'
 7:33:28 Error in expression <pylonSelected4>
 7:33:28   Error position: <pylonSelected4>
 7:33:28   Error Undefined variable in expression: pylonselected4
 7:33:28 unable to compile MFD condition 'pylonSelected4'
 7:33:28 Error in expression <1 - pylonSelected1 - pylonSelected2 - pylonSelected3 - pylonSelected4 - mgun>
 7:33:28   Error position: <pylonSelected3 - pylonSelected4 - mgun>
 7:33:28   Error Undefined variable in expression: pylonselected3
 7:33:28 unable to compile MFD condition '1 - pylonSelected1 - pylonSelected2 - pylonSelected3 - pylonSelected4 - mgun'
 7:33:28 Error in expression <(1 -(pylonSelected1 - pylonSelected2 - pylonSelected3 - pylonSelected4)) * mgun>
 7:33:28   Error position: <pylonSelected3 - pylonSelected4)) * mgun>
 7:33:28   Error Undefined variable in expression: pylonselected3
 7:33:28 unable to compile MFD condition '(1 -(pylonSelected1 - pylonSelected2 - pylonSelected3 - pylonSelected4)) * mgun'
 7:33:28 Strange convex component115 in z\vtx\addons\uh60\vtx_uh60.p3d:geometryFire
 7:33:28 Warning: Convex component representing wheels not found
 7:33:28 Error in expression <0.5 * (HitEngine1 + HitEngine2)>
 7:33:28   Error position: <HitEngine1 + HitEngine2)>
 7:33:28   Error Undefined variable in expression: hitengine1
 7:33:28 Error compiling '0.5 * (HitEngine1 + HitEngine2)' in 'hitengine'
 7:33:28 Error in expression <(hitRWRFront + hitRWRRear)>
 7:33:28   Error position: <hitRWRFront + hitRWRRear)>
 7:33:28   Error Undefined variable in expression: hitrwrfront
 7:33:28 Error compiling '(hitRWRFront + hitRWRRear)' in 'hitrwr'
 7:33:28 vtx_UH60M: positionlights_show - unknown animation source positionlight_show
 7:33:28 vtx_UH60M: gau21l_dir - unknown animation source gau21l_dir
 7:33:28 vtx_UH60M: gau21l_gunner - unknown animation source gau21l_dir
 7:33:28 vtx_UH60M: gau21l_gunner_legs - unknown animation source gau21l_dir
 7:33:28 vtx_UH60M: gau21l_muzzleflash - unknown animation source muzzle_flash_gau21_l
 7:33:28 vtx_UH60M: gau21l_elev - unknown animation source gau21l_elev
 7:33:28 vtx_UH60M: gau21r_dir - unknown animation source gau21r_dir
 7:33:28 vtx_UH60M: gau21r_gunner - unknown animation source gau21r_dir
 7:33:28 vtx_UH60M: gau21r_gunner_legs - unknown animation source gau21r_dir
 7:33:28 vtx_UH60M: gau21r_elev - unknown animation source gau21r_elev
 7:33:28 Error in expression <TAC_SELF_ORIENT>
 7:33:28   Error position: <TAC_SELF_ORIENT>
 7:33:28   Error Undefined variable in expression: tac_self_orient
 7:33:28 unable to compile MFD condition 'TAC_SELF_ORIENT'
 7:33:28 Error in expression <TAC_SELF_ORIENT>
 7:33:28   Error position: <TAC_SELF_ORIENT>
 7:33:28   Error Undefined variable in expression: tac_self_orient
 7:33:28 unable to compile MFD condition 'TAC_SELF_ORIENT'
 7:33:28 Error in expression <TAC_SELF_ORIENT>
 7:33:28   Error position: <TAC_SELF_ORIENT>
 7:33:28   Error Undefined variable in expression: tac_self_orient
 7:33:28 unable to compile MFD condition 'TAC_SELF_ORIENT'
 7:33:28 Error in expression <TAC_SELF_ORIENT>
 7:33:28   Error position: <TAC_SELF_ORIENT>
 7:33:28   Error Undefined variable in expression: tac_self_orient
 7:33:28 unable to compile MFD condition 'TAC_SELF_ORIENT'
 7:33:28 Error in expression <pylonSelected3>
 7:33:28   Error position: <pylonSelected3>
 7:33:28   Error Undefined variable in expression: pylonselected3
 7:33:28 unable to compile MFD condition 'pylonSelected3'
 7:33:28 Error in expression <pylonSelected4>
 7:33:28   Error position: <pylonSelected4>
 7:33:28   Error Undefined variable in expression: pylonselected4
 7:33:28 unable to compile MFD condition 'pylonSelected4'
 7:33:28 Error in expression <1 - pylonSelected1 - pylonSelected2 - pylonSelected3 - pylonSelected4 - mgun>
 7:33:28   Error position: <pylonSelected3 - pylonSelected4 - mgun>
 7:33:28   Error Undefined variable in expression: pylonselected3
 7:33:28 unable to compile MFD condition '1 - pylonSelected1 - pylonSelected2 - pylonSelected3 - pylonSelected4 - mgun'
 7:33:28 Error in expression <(1 -(pylonSelected1 - pylonSelected2 - pylonSelected3 - pylonSelected4)) * mgun>
 7:33:28   Error position: <pylonSelected3 - pylonSelected4)) * mgun>
 7:33:28   Error Undefined variable in expression: pylonselected3
 7:33:28 unable to compile MFD condition '(1 -(pylonSelected1 - pylonSelected2 - pylonSelected3 - pylonSelected4)) * mgun'
 7:33:28 Error in expression <pylonSelected3>
 7:33:28   Error position: <pylonSelected3>
 7:33:28   Error Undefined variable in expression: pylonselected3
 7:33:28 unable to compile MFD condition 'pylonSelected3'
 7:33:28 Error in expression <pylonSelected4>
 7:33:28   Error position: <pylonSelected4>
 7:33:28   Error Undefined variable in expression: pylonselected4
 7:33:28 unable to compile MFD condition 'pylonSelected4'
 7:33:28 Error in expression <1 - pylonSelected1 - pylonSelected2 - pylonSelected3 - pylonSelected4 - mgun>
 7:33:28   Error position: <pylonSelected3 - pylonSelected4 - mgun>
 7:33:28   Error Undefined variable in expression: pylonselected3
 7:33:28 unable to compile MFD condition '1 - pylonSelected1 - pylonSelected2 - pylonSelected3 - pylonSelected4 - mgun'
 7:33:28 Error in expression <(1 -(pylonSelected1 - pylonSelected2 - pylonSelected3 - pylonSelected4)) * mgun>
 7:33:28   Error position: <pylonSelected3 - pylonSelected4)) * mgun>
 7:33:28   Error Undefined variable in expression: pylonselected3
 7:33:28 unable to compile MFD condition '(1 -(pylonSelected1 - pylonSelected2 - pylonSelected3 - pylonSelected4)) * mgun'
 7:33:28 Error in expression <pylonSelected3>
 7:33:28   Error position: <pylonSelected3>
 7:33:28   Error Undefined variable in expression: pylonselected3
 7:33:28 unable to compile MFD condition 'pylonSelected3'
 7:33:28 Error in expression <pylonSelected4>
 7:33:28   Error position: <pylonSelected4>
 7:33:28   Error Undefined variable in expression: pylonselected4
 7:33:28 unable to compile MFD condition 'pylonSelected4'
 7:33:28 Error in expression <1 - pylonSelected1 - pylonSelected2 - pylonSelected3 - pylonSelected4 - mgun>
 7:33:28   Error position: <pylonSelected3 - pylonSelected4 - mgun>
 7:33:28   Error Undefined variable in expression: pylonselected3
 7:33:28 unable to compile MFD condition '1 - pylonSelected1 - pylonSelected2 - pylonSelected3 - pylonSelected4 - mgun'
 7:33:28 Error in expression <(1 -(pylonSelected1 - pylonSelected2 - pylonSelected3 - pylonSelected4)) * mgun>
 7:33:28   Error position: <pylonSelected3 - pylonSelected4)) * mgun>
 7:33:28   Error Undefined variable in expression: pylonselected3
 7:33:28 unable to compile MFD condition '(1 -(pylonSelected1 - pylonSelected2 - pylonSelected3 - pylonSelected4)) * mgun'
 7:33:28 Error in expression <pylonSelected3>
 7:33:28   Error position: <pylonSelected3>
 7:33:28   Error Undefined variable in expression: pylonselected3
 7:33:28 unable to compile MFD condition 'pylonSelected3'
 7:33:28 Error in expression <pylonSelected4>
 7:33:28   Error position: <pylonSelected4>
 7:33:28   Error Undefined variable in expression: pylonselected4
 7:33:28 unable to compile MFD condition 'pylonSelected4'
 7:33:28 Error in expression <1 - pylonSelected1 - pylonSelected2 - pylonSelected3 - pylonSelected4 - mgun>
 7:33:28   Error position: <pylonSelected3 - pylonSelected4 - mgun>
 7:33:28   Error Undefined variable in expression: pylonselected3
 7:33:28 unable to compile MFD condition '1 - pylonSelected1 - pylonSelected2 - pylonSelected3 - pylonSelected4 - mgun'
 7:33:28 Error in expression <(1 -(pylonSelected1 - pylonSelected2 - pylonSelected3 - pylonSelected4)) * mgun>
 7:33:28   Error position: <pylonSelected3 - pylonSelected4)) * mgun>
 7:33:28   Error Undefined variable in expression: pylonselected3
 7:33:28 unable to compile MFD condition '(1 -(pylonSelected1 - pylonSelected2 - pylonSelected3 - pylonSelected4)) * mgun'
 7:33:28 Warning: Convex component representing wheels not found
 7:33:28 Error in expression <0.5 * (HitEngine1 + HitEngine2)>
 7:33:28   Error position: <HitEngine1 + HitEngine2)>
 7:33:28   Error Undefined variable in expression: hitengine1
 7:33:28 Error compiling '0.5 * (HitEngine1 + HitEngine2)' in 'hitengine'
 7:33:28 Error in expression <(hitRWRFront + hitRWRRear)>
 7:33:28   Error position: <hitRWRFront + hitRWRRear)>
 7:33:28   Error Undefined variable in expression: hitrwrfront
 7:33:28 Error compiling '(hitRWRFront + hitRWRRear)' in 'hitrwr'
 7:33:28 vtx_UH60M_SLICK: positionlights_show - unknown animation source positionlight_show
 7:33:28 vtx_UH60M_SLICK: gau21l_dir - unknown animation source gau21l_dir
 7:33:28 vtx_UH60M_SLICK: gau21l_gunner - unknown animation source gau21l_dir
 7:33:28 vtx_UH60M_SLICK: gau21l_gunner_legs - unknown animation source gau21l_dir
 7:33:28 vtx_UH60M_SLICK: gau21l_muzzleflash - unknown animation source muzzle_flash_gau21_l
 7:33:28 vtx_UH60M_SLICK: gau21l_elev - unknown animation source gau21l_elev
 7:33:28 vtx_UH60M_SLICK: gau21r_dir - unknown animation source gau21r_dir
 7:33:28 vtx_UH60M_SLICK: gau21r_gunner - unknown animation source gau21r_dir
 7:33:28 vtx_UH60M_SLICK: gau21r_gunner_legs - unknown animation source gau21r_dir
 7:33:28 vtx_UH60M_SLICK: gau21r_elev - unknown animation source gau21r_elev
 7:33:28 mainturret - unknown animation source mainturret
 7:33:28 maingun - unknown animation source maingun
 7:33:28 leg_01 - unknown animation source fold_legs
 7:33:28 leg_02 - unknown animation source fold_legs
 7:33:28 leg_03 - unknown animation source fold_legs
 7:33:28 hidetube - unknown animation source damage
 7:33:28 Subskeleton index out of range. There seems to be a SubSkeleton index that is greater than the number of sub skeletons, this should not be happening. Please report it with reproduction steps/files.
 7:33:28 Warnings in x\kat\addons\ophthalmology\models\eyecovers\kat_eyecovers.p3d:1
 7:33:28 Too detailed shadow lod in x\kat\addons\ophthalmology\models\eyecovers\kat_eyecovers.p3d (0:1.000000 : 3656) - shadows disabled
 7:33:29 Attempt to override final function - bis_fnc_storeparamsvalues_data
 7:33:29 Server: Object 2:1488 not found (message Type_128)
 7:33:29 Error: Object(2 : 1488) not found
 7:33:29 Server: Object 2:1488 not found (message Type_100)
 7:33:29 Server: Object 2:1488 not found (message Type_168)
 7:33:29 Server: Object 2:1488 not found (message Type_468)
 7:33:29 Server: Object 2:1489 not found (message Type_128)
 7:33:29 Error: Object(2 : 1489) not found
 7:33:29 Server: Object 2:1489 not found (message Type_100)
 7:33:29 Server: Object 2:1489 not found (message Type_168)
 7:33:29 Server: Object 2:1489 not found (message Type_468)
 7:33:29 Server: Object 2:1839 not found (message Type_128)
 7:33:29 Error: Object(2 : 1839) not found
 7:33:29 Server: Object 2:1839 not found (message Type_100)
 7:33:29 Server: Object 2:1839 not found (message Type_168)
 7:33:29 Server: Object 2:1839 not found (message Type_468)
 7:33:29 Server: Object 2:1840 not found (message Type_128)
 7:33:29 Error: Object(2 : 1840) not found
 7:33:29 Server: Object 2:1840 not found (message Type_100)
 7:33:29 Server: Object 2:1840 not found (message Type_168)
 7:33:29 Server: Object 2:1840 not found (message Type_468)
 7:33:29 Server: Object 2:1844 not found (message Type_128)
 7:33:29 Error: Object(2 : 1844) not found
 7:33:29 Server: Object 2:1844 not found (message Type_100)
 7:33:29 Server: Object 2:1844 not found (message Type_168)
 7:33:29 Server: Object 2:1844 not found (message Type_468)
 7:33:29 Server: Object 2:1845 not found (message Type_128)
 7:33:29 Error: Object(2 : 1845) not found
 7:33:29 Server: Object 2:1845 not found (message Type_100)
 7:33:29 Server: Object 2:1845 not found (message Type_168)
 7:33:29 Server: Object 2:1845 not found (message Type_468)
 7:33:29 Server: Object 2:1849 not found (message Type_128)
 7:33:29 Error: Object(2 : 1849) not found
 7:33:29 Server: Object 2:1849 not found (message Type_100)
 7:33:29 Server: Object 2:1849 not found (message Type_168)
 7:33:29 Server: Object 2:1849 not found (message Type_468)
 7:33:29 Server: Object 2:1850 not found (message Type_128)
 7:33:29 Error: Object(2 : 1850) not found
 7:33:29 Server: Object 2:1850 not found (message Type_100)
 7:33:29 Server: Object 2:1850 not found (message Type_168)
 7:33:29 Server: Object 2:1850 not found (message Type_468)
 7:33:29 Server: Object 2:1854 not found (message Type_128)
 7:33:29 Error: Object(2 : 1854) not found
 7:33:29 Server: Object 2:1854 not found (message Type_100)
 7:33:29 Server: Object 2:1854 not found (message Type_168)
 7:33:29 Server: Object 2:1854 not found (message Type_468)
 7:33:29 Server: Object 2:1855 not found (message Type_128)
 7:33:29 Error: Object(2 : 1855) not found
 7:33:29 Server: Object 2:1855 not found (message Type_100)
 7:33:29 Server: Object 2:1855 not found (message Type_168)
 7:33:29 Server: Object 2:1855 not found (message Type_468)
 7:33:29 Server: Object 2:1918 not found (message Type_128)
 7:33:29 Error: Object(2 : 1918) not found
 7:33:29 Server: Object 2:1918 not found (message Type_100)
 7:33:29 Server: Object 2:1918 not found (message Type_168)
 7:33:29 Server: Object 2:1918 not found (message Type_468)
 7:33:29 Server: Object 2:1919 not found (message Type_128)
 7:33:29 Error: Object(2 : 1919) not found
 7:33:29 Server: Object 2:1919 not found (message Type_100)
 7:33:29 Server: Object 2:1919 not found (message Type_168)
 7:33:29 Server: Object 2:1919 not found (message Type_468)
 7:33:29 Server: Object 2:1920 not found (message Type_128)
 7:33:29 Error: Object(2 : 1920) not found
 7:33:29 Server: Object 2:1920 not found (message Type_100)
 7:33:29 Server: Object 2:1920 not found (message Type_168)
 7:33:29 Server: Object 2:1920 not found (message Type_468)
 7:33:29 Server: Object 2:1921 not found (message Type_128)
 7:33:29 Error: Object(2 : 1921) not found
 7:33:29 Server: Object 2:1921 not found (message Type_100)
 7:33:29 Server: Object 2:1921 not found (message Type_168)
 7:33:29 Server: Object 2:1921 not found (message Type_468)
 7:33:29 Server: Object 2:1928 not found (message Type_128)
 7:33:29 Error: Object(2 : 1928) not found
 7:33:29 Server: Object 2:1928 not found (message Type_100)
 7:33:29 Server: Object 2:1928 not found (message Type_168)
 7:33:29 Server: Object 2:1928 not found (message Type_468)
 7:33:29 Server: Object 2:1929 not found (message Type_128)
 7:33:29 Error: Object(2 : 1929) not found
 7:33:29 Server: Object 2:1929 not found (message Type_100)
 7:33:29 Server: Object 2:1929 not found (message Type_168)
 7:33:29 Server: Object 2:1929 not found (message Type_468)
 7:33:29 Server: Object 2:1934 not found (message Type_128)
 7:33:29 Error: Object(2 : 1934) not found
 7:33:29 Server: Object 2:1934 not found (message Type_100)
 7:33:29 Server: Object 2:1934 not found (message Type_168)
 7:33:29 Server: Object 2:1934 not found (message Type_468)
 7:33:29 Server: Object 2:1935 not found (message Type_128)
 7:33:29 Error: Object(2 : 1935) not found
 7:33:29 Server: Object 2:1935 not found (message Type_100)
 7:33:29 Server: Object 2:1935 not found (message Type_168)
 7:33:29 Server: Object 2:1935 not found (message Type_468)
 7:33:29 Server: Object 2:1939 not found (message Type_128)
 7:33:29 Error: Object(2 : 1939) not found
 7:33:29 Server: Object 2:1939 not found (message Type_100)
 7:33:29 Server: Object 2:1939 not found (message Type_168)
 7:33:29 Server: Object 2:1939 not found (message Type_468)
 7:33:29 Server: Object 2:1940 not found (message Type_128)
 7:33:29 Error: Object(2 : 1940) not found
 7:33:29 Server: Object 2:1940 not found (message Type_100)
 7:33:29 Server: Object 2:1940 not found (message Type_168)
 7:33:29 Server: Object 2:1940 not found (message Type_468)
 7:33:29 Server: Object 2:1944 not found (message Type_128)
 7:33:29 Error: Object(2 : 1944) not found
 7:33:29 Server: Object 2:1944 not found (message Type_100)
 7:33:29 Server: Object 2:1944 not found (message Type_168)
 7:33:29 Server: Object 2:1944 not found (message Type_468)
 7:33:29 Server: Object 2:1945 not found (message Type_128)
 7:33:29 Error: Object(2 : 1945) not found
 7:33:29 Server: Object 2:1945 not found (message Type_100)
 7:33:29 Server: Object 2:1945 not found (message Type_168)
 7:33:29 Server: Object 2:1945 not found (message Type_468)
 7:33:29 Server: Object 2:1953 not found (message Type_128)
 7:33:29 Error: Object(2 : 1953) not found
 7:33:29 Server: Object 2:1953 not found (message Type_100)
 7:33:29 Server: Object 2:1953 not found (message Type_168)
 7:33:29 Server: Object 2:1953 not found (message Type_468)
 7:33:29 Server: Object 2:1954 not found (message Type_128)
 7:33:29 Error: Object(2 : 1954) not found
 7:33:29 Server: Object 2:1954 not found (message Type_100)
 7:33:29 Server: Object 2:1954 not found (message Type_168)
 7:33:29 Server: Object 2:1954 not found (message Type_468)
 7:33:29 Server: Object 2:1958 not found (message Type_128)
 7:33:29 Error: Object(2 : 1958) not found
 7:33:29 Server: Object 2:1958 not found (message Type_100)
 7:33:29 Server: Object 2:1958 not found (message Type_168)
 7:33:29 Server: Object 2:1958 not found (message Type_468)
 7:33:29 Server: Object 2:1959 not found (message Type_128)
 7:33:29 Error: Object(2 : 1959) not found
 7:33:29 Server: Object 2:1959 not found (message Type_100)
 7:33:29 Server: Object 2:1959 not found (message Type_168)
 7:33:29 Server: Object 2:1959 not found (message Type_468)
 7:33:29 Server: Object 2:2154 not found (message Type_128)
 7:33:29 Error: Object(2 : 2154) not found
 7:33:29 Server: Object 2:2154 not found (message Type_100)
 7:33:29 Server: Object 2:2154 not found (message Type_168)
 7:33:29 Server: Object 2:2154 not found (message Type_468)
 7:33:29 Server: Object 2:2155 not found (message Type_128)
 7:33:29 Error: Object(2 : 2155) not found
 7:33:29 Server: Object 2:2155 not found (message Type_100)
 7:33:29 Server: Object 2:2155 not found (message Type_168)
 7:33:29 Server: Object 2:2155 not found (message Type_468)
 7:33:29 Server: Object 2:2505 not found (message Type_128)
 7:33:29 Error: Object(2 : 2505) not found
 7:33:29 Server: Object 2:2505 not found (message Type_100)
 7:33:29 Server: Object 2:2505 not found (message Type_168)
 7:33:29 Server: Object 2:2505 not found (message Type_468)
 7:33:29 Server: Object 2:2506 not found (message Type_128)
 7:33:29 Error: Object(2 : 2506) not found
 7:33:29 Server: Object 2:2506 not found (message Type_100)
 7:33:29 Server: Object 2:2506 not found (message Type_168)
 7:33:29 Server: Object 2:2506 not found (message Type_468)
 7:33:29 Server: Object 2:2819 not found (message Type_128)
 7:33:29 Error: Object(2 : 2819) not found
 7:33:29 Server: Object 2:2819 not found (message Type_100)
 7:33:29 Server: Object 2:2819 not found (message Type_168)
 7:33:29 Server: Object 2:2819 not found (message Type_468)
 7:33:29 Server: Object 2:2820 not found (message Type_128)
 7:33:29 Error: Object(2 : 2820) not found
 7:33:29 Server: Object 2:2820 not found (message Type_100)
 7:33:29 Server: Object 2:2820 not found (message Type_168)
 7:33:29 Server: Object 2:2820 not found (message Type_468)
 7:33:29 Server: Object 2:2843 not found (message Type_128)
 7:33:29 Error: Object(2 : 2843) not found
 7:33:29 Server: Object 2:2843 not found (message Type_100)
 7:33:29 Server: Object 2:2843 not found (message Type_168)
 7:33:29 Server: Object 2:2843 not found (message Type_468)
 7:33:29 Server: Object 2:2844 not found (message Type_128)
 7:33:29 Error: Object(2 : 2844) not found
 7:33:29 Server: Object 2:2844 not found (message Type_100)
 7:33:29 Server: Object 2:2844 not found (message Type_168)
 7:33:29 Server: Object 2:2844 not found (message Type_468)
 7:33:29 Server: Object 2:2845 not found (message Type_128)
 7:33:29 Error: Object(2 : 2845) not found
 7:33:29 Server: Object 2:2845 not found (message Type_100)
 7:33:29 Server: Object 2:2845 not found (message Type_168)
 7:33:29 Server: Object 2:2845 not found (message Type_468)
 7:33:29 Server: Object 2:2846 not found (message Type_128)
 7:33:29 Error: Object(2 : 2846) not found
 7:33:29 Server: Object 2:2846 not found (message Type_100)
 7:33:29 Server: Object 2:2846 not found (message Type_168)
 7:33:29 Server: Object 2:2846 not found (message Type_468)
 7:33:29 Server: Object 2:2862 not found (message Type_128)
 7:33:29 Error: Object(2 : 2862) not found
 7:33:29 Server: Object 2:2862 not found (message Type_100)
 7:33:29 Server: Object 2:2862 not found (message Type_168)
 7:33:29 Server: Object 2:2862 not found (message Type_468)
 7:33:29 Server: Object 2:2874 not found (message Type_128)
 7:33:29 Error: Object(2 : 2874) not found
 7:33:29 Server: Object 2:2874 not found (message Type_100)
 7:33:29 Server: Object 2:2874 not found (message Type_168)
 7:33:29 Server: Object 2:2874 not found (message Type_468)
 7:33:29 Server: Object 2:3022 not found (message Type_128)
 7:33:29 Error: Object(2 : 3022) not found
 7:33:29 Server: Object 2:3022 not found (message Type_100)
 7:33:29 Server: Object 2:3022 not found (message Type_168)
 7:33:29 Server: Object 2:3022 not found (message Type_468)
 7:33:29 Server: Object 2:3023 not found (message Type_128)
 7:33:29 Error: Object(2 : 3023) not found
 7:33:29 Server: Object 2:3023 not found (message Type_100)
 7:33:29 Server: Object 2:3023 not found (message Type_168)
 7:33:29 Server: Object 2:3023 not found (message Type_468)
 7:33:29 Server: Object 2:3122 not found (message Type_128)
 7:33:29 Error: Object(2 : 3122) not found
 7:33:29 Server: Object 2:3122 not found (message Type_100)
 7:33:29 Server: Object 2:3122 not found (message Type_168)
 7:33:29 Server: Object 2:3122 not found (message Type_468)
 7:33:29 Server: Object 2:3123 not found (message Type_128)
 7:33:29 Error: Object(2 : 3123) not found
 7:33:29 Server: Object 2:3123 not found (message Type_100)
 7:33:29 Server: Object 2:3123 not found (message Type_168)
 7:33:29 Server: Object 2:3123 not found (message Type_468)
 7:33:29 d:\Bis\Source\Profile\Futura\lib\Network\networkServer.cpp NetworkServer::OnClientStateChanged:NOT IMPLEMENTED - briefing!
 7:33:29 Server: SetServerState to BRIEFING
 7:33:48 "Advanced Sling Loading Loading..."
 7:33:48 "Advanced Sling Loading Loaded"
 7:33:48 [CBA] (xeh) INFO: [24427,298.341,0] PostInit started. MISSIONINIT: missionName=Chernarus_Airborne-AirAssault-Land_Nav_v1, missionVersion=54, worldName=chernarus_summer, isMultiplayer=true, isServer=true, isDedicated=true, CBA_isHeadlessClient=false, hasInterface=false, didJIP=false
 7:33:48 [CBA] (versioning) INFO: [24427,298.446,0] VERSIONING:cba=3.18.4.250711, zen=1.15.1.36, ace=3.20.0.104, tfar=1.-1.0.334, ctab=2.3.0.0, kat=3.1.2, zeus_additions=1.6.10.0
 7:33:48 [ACE] (common) INFO: ACE is version 3.20.0.104 - CBA is version 3.18.4.250711 (min required 3.18.2)
 7:33:48 [ZEUS_ADDITIONS] (main) INFO: PostInit: didJIP: false - Functions sent: false
 7:33:48 [ACE] (markinglaser) INFO: Class vtx_UH60M does not have a pilot camera nor a turret that could be equipped with an IR marking laser.
 7:33:48 [ACE] (markinglaser) INFO: Class vtx_UH60M does not have a pilot camera nor a turret that could be equipped with an IR marking laser.
 7:33:48 [ACE] (markinglaser) INFO: Class vtx_UH60M_SLICK does not have a pilot camera nor a turret that could be equipped with an IR marking laser.
 7:33:48 [ACE] (markinglaser) INFO: Class RHS_CH_47F does not have a pilot camera nor a turret that could be equipped with an IR marking laser.
 7:33:48 [ACE] (markinglaser) INFO: Class RHS_C130J does not have a pilot camera nor a turret that could be equipped with an IR marking laser.
 7:33:48 [ACE] (markinglaser) INFO: Class RHS_CH_47F_10 does not have a pilot camera nor a turret that could be equipped with an IR marking laser.
 7:33:48 [CBA] (xeh) INFO: [24427,298.746,0] PostInit finished.
 7:33:48 [ZEUS_ADDITIONS] (main) INFO: Init: Net mode: DedicatedServer - ZEUS_ADDITIONS loaded: true - clientOwner 2
 7:33:48 [ACE] (common) INFO: Settings initialized.
 7:33:48 [ACE] (common) INFO: 22 delayed functions running.
 7:33:54 Server: SetServerState to PLAYING
 7:33:54  Mission id: 0f4750bfc520ef10ba5690bbb05018cf5298d174
 7:34:12 File dialogs.hpp, line 56: '/3rd_dialog_Place/controls/3rd_close.action': Missing ';' prior '}'
 7:34:12 File dialogs.hpp, line 198: '/3rd_dialog_Remove/controls/3rd_close.action': Missing ';' prior '}'
 7:34:12 Unsupported language English in stringtable
 7:34:12  ➥ Context: kp_liberation.Altis.pbo
 7:34:12 mpmissions\kp_liberation.Altis: string @STR_MISSION_TITLE cannot be localized client-side - move to global stringtable
 7:34:12 mpmissions\kp_liberation.Altis: string @STR_MISSION_DESCRIPTION cannot be localized client-side - move to global stringtable
 7:34:12 File dialogs.hpp, line 56: '/3rd_dialog_Place/controls/3rd_close.action': Missing ';' prior '}'
 7:34:12 File dialogs.hpp, line 198: '/3rd_dialog_Remove/controls/3rd_close.action': Missing ';' prior '}'
 7:34:13 Server: SetServerState to MISSION ABORTED
 7:34:13 Client: Object 2:3158 (type Type_135) not found.
 7:34:15 Server: SetServerState to SELECTING MISSION
 7:34:23 Server: SetServerState to SELECTING MISSION
 7:34:23 EPE manager release (0|134|0)
 7:34:24 Mission Ft_Benning_Chernarus_OSUT_v1.chernarus_summer: Missing 'description.ext::Header'
 7:34:24 Server: SetServerState to ASSIGNING ROLES
 7:34:31 Server: SetServerState to SENDING MISSION
 7:34:31 Server: SetServerState to LOADING GAME
 7:34:31 Starting mission:
 7:34:31  Mission file: Ft_Benning_Chernarus_OSUT_v1 (__cur_mp)
 7:34:31  Mission world: chernarus_summer
 7:34:31  Mission directory: mpmissions\__cur_mp.chernarus_summer\
 7:34:31 [CBA] (xeh) INFO: [26106,341.682,0] PreInit started. v3.18.4.250711
 7:34:31 [CBA] (xeh) WARNING: One or more children of class CAManBase do not support Extended Event Handlers. Fall back to loop.
 7:34:31 [CBA] (settings) INFO: Reading settings from settings file.
 7:34:31 [CBA] (settings) INFO: Finished reading settings from settings file.
 7:34:31 [ACE] (common) INFO: Parsed Settings Configs [1.0 ms]
 7:34:31 Attempt to override final function - ace_medical_engine_fnc_updatedamageeffects
 7:34:31 Attempt to override final function - ace_medical_status_fnc_addmedicationadjustment
 7:34:31 Attempt to override final function - ace_medical_status_fnc_getbloodpressure
 7:34:31 Attempt to override final function - ace_medical_status_fnc_hasstablevitals
 7:34:31 Attempt to override final function - ace_medical_vitals_fnc_handleunitvitals
 7:34:31 Attempt to override final function - ace_medical_vitals_fnc_updateheartrate
 7:34:31 Attempt to override final function - ace_dogtags_fnc_cancheckdogtag
 7:34:31 Attempt to override final function - ace_dogtags_fnc_getdogtagdata
 7:34:31 Attempt to override final function - ace_dragging_fnc_carryobject
 7:34:31 Attempt to override final function - ace_dragging_fnc_handleunconscious
 7:34:31 Attempt to override final function - ace_medical_fnc_setunconscious
 7:34:31 Attempt to override final function - ace_medical_statemachine_fnc_conditionexecutiondeath
 7:34:31 Attempt to override final function - ace_medical_statemachine_fnc_conditionsecondchance
 7:34:31 Attempt to override final function - ace_medical_treatment_fnc_cprsuccess
 7:34:31 Attempt to override final function - ace_medical_treatment_fnc_cprlocal
 7:34:31 Attempt to override final function - ace_medical_treatment_fnc_medicationlocal
 7:34:31 Attempt to override final function - ace_medical_treatment_fnc_tourniquetremove
 7:34:31 Attempt to override final function - ace_medical_treatment_fnc_treatment
 7:34:31 Attempt to override final function - ace_medical_treatment_fnc_treatmentsuccess
 7:34:31 Attempt to override final function - ace_medical_treatment_fnc_useitem
 7:34:31 Attempt to override final function - ace_medical_gui_fnc_menupfh
 7:34:31 Attempt to override final function - ace_medical_gui_fnc_onmenuclose
 7:34:31 Attempt to override final function - ace_medical_gui_fnc_onmenuopen
 7:34:31 Attempt to override final function - ace_medical_gui_fnc_updatebodyimage
 7:34:31 Attempt to override final function - ace_medical_gui_fnc_updatecategories
 7:34:31 Attempt to override final function - ace_medical_gui_fnc_updateinjurylist
 7:34:31 [CBA] (xeh) INFO: [26106,342.057,0] PreInit finished.
 7:34:32 Error compiling '' in 'hitpitottube'
 7:34:32 Error compiling '' in 'hitstaticport'
 7:34:32 rhsusf_m1151_m2_lras3_v1_usarmy_d: bumper2_rhino_translate - unknown animation source bumper2_hide
 7:34:32 rhsusf_m1151_m2_lras3_v1_usarmy_d: unhide_vis_optic_d_lras3 - unknown animation source unhide_vis_optic_d_lras3
 7:34:32 rhsusf_m1151_m2_lras3_v1_usarmy_d: lras3_pip_hide - unknown animation source unhide_vis_optic_d_lras3
 7:34:32 rhsusf_m1151_m2_lras3_v1_usarmy_d: gunner_move - unknown animation source gunner_move
 7:34:32 rhsusf_m1151_m2_lras3_v1_usarmy_d: hatch_gunner - unknown animation source hatch_gunner
 7:34:32 Error: bin\config.bin/CfgVehicles/rhsusf_M1151_M2_LRAS3_base/Turrets/GPK_Turret/: Turret gun mainGun not found while initializing the model rhsusf\addons\rhsusf_m11xx\rhsusf_m1151_m2_lras3_v1.p3d
 7:34:32 ad_oh58d: hidepg_1 - unknown animation source missiles_revolving
 7:34:32 ad_oh58d: hidepg_2 - unknown animation source missiles_revolving
 7:34:32 ad_oh58d: hidepg_3 - unknown animation source missiles_revolving
 7:34:32 ad_oh58d: hidepg_4 - unknown animation source missiles_revolving
 7:34:32 ad_oh58d: hidepg_5 - unknown animation source missiles_revolving
 7:34:32 ad_oh58d: hidepg_6 - unknown animation source missiles_revolving
 7:34:32 ad_oh58d: hidepg_7 - unknown animation source missiles_revolving
 7:34:32 ad_oh58d: hidepg_8 - unknown animation source missiles_revolving
 7:34:32 ad_oh58d: hidepg_9 - unknown animation source missiles_revolving
 7:34:32 ad_oh58d: hidepg_10 - unknown animation source missiles_revolving
 7:34:32 ad_oh58d: hidepg_11 - unknown animation source missiles_revolving
 7:34:32 ad_oh58d: hidepg_12 - unknown animation source missiles_revolving
 7:34:32 ad_oh58d: lever_pilot - unknown animation source collectivertd
 7:34:32 ad_oh58d: lever_copilot - unknown animation source collectivertd
 7:34:32 ad_oh58d: hideweapons - unknown animation source proxy
 7:34:32 ad_oh58d: hideminigun - unknown animation source proxy
 7:34:32 Warning: Convex component representing L_gear_d3 not found
 7:34:32 Warning: Convex component representing R_gear_d3 not found
 7:34:33 Strange convex component186 in rhsafrf\addons\rhs_bmp\bmp1.p3d:geometryFire
 7:34:33 Strange convex component188 in rhsafrf\addons\rhs_bmp\bmp1.p3d:geometryFire
 7:34:33 Duplicate weapon rhs_weap_9k11 detected for rhs_bmp1_vdv
 7:34:33 rhs_btr80_vdv: unhide_vis_optic_d_turret_rear - unknown animation source unhide_vis_optic_d_turret_rear
 7:34:34 Warning: Convex component representing Hull not found
 7:34:34 Strange convex component126 in rhsafrf\addons\rhs_t72\rhs_t72b_a.p3d:geometryFire
 7:34:34 Strange convex component178 in rhsafrf\addons\rhs_t72\rhs_t90.p3d:geometryFire
 7:34:34 rhs_t90_tv: tcoverridegun2 - unknown animation source tcoverridegun
 7:34:34 rhs_t90_tv: dazzler_l_destuct1 - unknown animation source hit_dazzler_l
 7:34:34 rhs_t90_tv: dazzler_l_destuct2 - unknown animation source hit_dazzler_l
 7:34:34 rhs_t90_tv: dazzler_r_destuct1 - unknown animation source hit_dazzler_r
 7:34:34 rhs_t90_tv: dazzler_r_destuct2 - unknown animation source hit_dazzler_r
 7:34:34 LOP_IRAN_Mi8MT_Cargo: hide_winch - unknown animation source hide_winch
 7:34:34 LOP_IRAN_Mi8MT_Cargo: mi8_hook_hide - unknown animation source mi8_hook_hide
 7:34:34 LOP_IRAN_Mi8MT_Cargo: reardoors_hide - unknown animation source reardoors_hide
 7:34:34 LOP_IRAN_Mi8MT_Cargo: reardoors_hide_left - unknown animation source reardoors_hide
 7:34:34 LOP_IRAN_Mi8MT_Cargo: mainturret - unknown animation source mainturret
 7:34:34 LOP_IRAN_Mi8MT_Cargo: maingun - unknown animation source maingun
 7:34:34 LOP_IRAN_Mi8MT_Cargo: maingunner1rot1 - unknown animation source mainturret
 7:34:34 LOP_IRAN_Mi8MT_Cargo: maingunner1rot2 - unknown animation source mainturret
 7:34:34 LOP_IRAN_Mi8MT_Cargo: maingunner1rot1legs - unknown animation source mainturret
 7:34:34 LOP_IRAN_Mi8MT_Cargo: maingunner1rot1alegs - unknown animation source mainturret
 7:34:34 LOP_IRAN_Mi8MT_Cargo: maingunner1rot2legs - unknown animation source mainturret
 7:34:34 LOP_IRAN_Mi8MT_Cargo: maingunner1 - unknown animation source maingun
 7:34:34 LOP_IRAN_Mi8MT_Cargo: maingunner1up - unknown animation source maingun
 7:34:34 LOP_IRAN_Mi8MT_Cargo: maingunner1translation - unknown animation source maingun
 7:34:34 LOP_IRAN_Mi8MT_Cargo: maingunner1translation2 - unknown animation source maingun
 7:34:34 LOP_IRAN_Mi8MT_Cargo: maingunner1legstranslation - unknown animation source maingun
 7:34:34 LOP_IRAN_Mi8MT_Cargo: maingunner1legstranslation2 - unknown animation source mainturret
 7:34:34 LOP_IRAN_Mi8MT_Cargo: turret_2 - unknown animation source turret_2
 7:34:34 LOP_IRAN_Mi8MT_Cargo: gun_2 - unknown animation source gun_2
 7:34:34 LOP_IRAN_Mi8MT_Cargo: maingunner2rot1 - unknown animation source turret_2
 7:34:34 LOP_IRAN_Mi8MT_Cargo: maingunner2rot2 - unknown animation source turret_2
 7:34:34 LOP_IRAN_Mi8MT_Cargo: maingunner2rot1legs - unknown animation source turret_2
 7:34:34 LOP_IRAN_Mi8MT_Cargo: maingunner2rot2legs - unknown animation source turret_2
 7:34:34 LOP_IRAN_Mi8MT_Cargo: maingunner2 - unknown animation source gun_2
 7:34:34 LOP_IRAN_Mi8MT_Cargo: maingunner2up - unknown animation source gun_2
 7:34:34 LOP_IRAN_Mi8MT_Cargo: maingunner2translation - unknown animation source gun_2
 7:34:34 LOP_IRAN_Mi8MT_Cargo: maingunner2legstranslation - unknown animation source gun_2
 7:34:34 LOP_IRAN_Mi8MT_Cargo: maingunner2legstranslation2 - unknown animation source turret_2
 7:34:34 LOP_IRAN_Mi8MT_Cargo: maingunner2legstranslation3 - unknown animation source turret_2
 7:34:34 LOP_IRAN_Mi8MT_Cargo: maingunner2legstranslation4 - unknown animation source turret_2
 7:34:34 RoadBarrier_small_F: light_1_blinking - unknown animation source MarkerLight (defined in AnimationSources::Light_1_source)
 7:34:34 RoadBarrier_small_F: light_1_blinking - unknown animation source MarkerLight (defined in AnimationSources::Light_1_source)
 7:34:34 RoadBarrier_small_F: light_1_blinking - unknown animation source MarkerLight (defined in AnimationSources::Light_1_source)
 7:34:34 RoadBarrier_small_F: light_1_blinking - unknown animation source MarkerLight (defined in AnimationSources::Light_1_source)
 7:34:34 RoadBarrier_small_F: light_1_blinking - unknown animation source MarkerLight (defined in AnimationSources::Light_1_source)
 7:34:34 RoadBarrier_small_F: light_1_blinking - unknown animation source MarkerLight (defined in AnimationSources::Light_1_source)
 7:34:34 RoadBarrier_small_F: light_1_blinking - unknown animation source MarkerLight (defined in AnimationSources::Light_1_source)
 7:34:34 RoadBarrier_small_F: light_1_blinking - unknown animation source MarkerLight (defined in AnimationSources::Light_1_source)
 7:34:34 RoadBarrier_small_F: light_1_blinking - unknown animation source MarkerLight (defined in AnimationSources::Light_1_source)
 7:34:34 RoadBarrier_small_F: light_1_blinking - unknown animation source MarkerLight (defined in AnimationSources::Light_1_source)
 7:34:34 RoadBarrier_small_F: light_1_blinking - unknown animation source MarkerLight (defined in AnimationSources::Light_1_source)
 7:34:34 RoadBarrier_small_F: light_1_blinking - unknown animation source MarkerLight (defined in AnimationSources::Light_1_source)
 7:34:34 RoadBarrier_small_F: light_1_blinking - unknown animation source MarkerLight (defined in AnimationSources::Light_1_source)
 7:34:34 RoadBarrier_small_F: light_1_blinking - unknown animation source MarkerLight (defined in AnimationSources::Light_1_source)
 7:34:35 Attempt to override final function - bis_fnc_storeparamsvalues_data
 7:34:35 Server: Object 2:3439 not found (message Type_128)
 7:34:35 Error: Object(2 : 3439) not found
 7:34:35 Server: Object 2:3439 not found (message Type_100)
 7:34:35 Server: Object 2:3439 not found (message Type_168)
 7:34:35 Server: Object 2:3439 not found (message Type_468)
 7:34:35 Server: Object 2:3440 not found (message Type_128)
 7:34:35 Error: Object(2 : 3440) not found
 7:34:35 Server: Object 2:3440 not found (message Type_100)
 7:34:35 Server: Object 2:3440 not found (message Type_168)
 7:34:35 Server: Object 2:3440 not found (message Type_468)
 7:34:35 Server: Object 2:3689 not found (message Type_128)
 7:34:35 Error: Object(2 : 3689) not found
 7:34:35 Server: Object 2:3689 not found (message Type_100)
 7:34:35 Server: Object 2:3689 not found (message Type_168)
 7:34:35 Server: Object 2:3689 not found (message Type_468)
 7:34:35 Server: Object 2:3690 not found (message Type_128)
 7:34:35 Error: Object(2 : 3690) not found
 7:34:35 Server: Object 2:3690 not found (message Type_100)
 7:34:35 Server: Object 2:3690 not found (message Type_168)
 7:34:35 Server: Object 2:3690 not found (message Type_468)
 7:34:35 Server: Object 2:3694 not found (message Type_128)
 7:34:35 Error: Object(2 : 3694) not found
 7:34:35 Server: Object 2:3694 not found (message Type_100)
 7:34:35 Server: Object 2:3694 not found (message Type_168)
 7:34:35 Server: Object 2:3694 not found (message Type_468)
 7:34:35 Server: Object 2:3695 not found (message Type_128)
 7:34:35 Error: Object(2 : 3695) not found
 7:34:35 Server: Object 2:3695 not found (message Type_100)
 7:34:35 Server: Object 2:3695 not found (message Type_168)
 7:34:35 Server: Object 2:3695 not found (message Type_468)
 7:34:35 Server: Object 2:3699 not found (message Type_128)
 7:34:35 Error: Object(2 : 3699) not found
 7:34:35 Server: Object 2:3699 not found (message Type_100)
 7:34:35 Server: Object 2:3699 not found (message Type_168)
 7:34:35 Server: Object 2:3699 not found (message Type_468)
 7:34:35 Server: Object 2:3700 not found (message Type_128)
 7:34:35 Error: Object(2 : 3700) not found
 7:34:35 Server: Object 2:3700 not found (message Type_100)
 7:34:35 Server: Object 2:3700 not found (message Type_168)
 7:34:35 Server: Object 2:3700 not found (message Type_468)
 7:34:35 Server: Object 2:4173 not found (message Type_128)
 7:34:35 Error: Object(2 : 4173) not found
 7:34:35 Server: Object 2:4173 not found (message Type_100)
 7:34:35 Server: Object 2:4173 not found (message Type_168)
 7:34:35 Server: Object 2:4173 not found (message Type_468)
 7:34:35 Server: Object 2:4174 not found (message Type_128)
 7:34:35 Error: Object(2 : 4174) not found
 7:34:35 Server: Object 2:4174 not found (message Type_100)
 7:34:35 Server: Object 2:4174 not found (message Type_168)
 7:34:35 Server: Object 2:4174 not found (message Type_468)
 7:34:35 Server: Object 2:4176 not found (message Type_128)
 7:34:35 Error: Object(2 : 4176) not found
 7:34:35 Server: Object 2:4176 not found (message Type_100)
 7:34:35 Server: Object 2:4176 not found (message Type_168)
 7:34:35 Server: Object 2:4176 not found (message Type_468)
 7:34:35 Server: Object 2:4177 not found (message Type_128)
 7:34:35 Error: Object(2 : 4177) not found
 7:34:35 Server: Object 2:4177 not found (message Type_100)
 7:34:35 Server: Object 2:4177 not found (message Type_168)
 7:34:35 Server: Object 2:4177 not found (message Type_468)
 7:34:35 Server: Object 2:4179 not found (message Type_128)
 7:34:35 Error: Object(2 : 4179) not found
 7:34:35 Server: Object 2:4179 not found (message Type_100)
 7:34:35 Server: Object 2:4179 not found (message Type_168)
 7:34:35 Server: Object 2:4179 not found (message Type_468)
 7:34:35 Server: Object 2:4180 not found (message Type_128)
 7:34:35 Error: Object(2 : 4180) not found
 7:34:35 Server: Object 2:4180 not found (message Type_100)
 7:34:35 Server: Object 2:4180 not found (message Type_168)
 7:34:35 Server: Object 2:4180 not found (message Type_468)
 7:34:35 Server: Object 2:4237 not found (message Type_128)
 7:34:35 Error: Object(2 : 4237) not found
 7:34:35 Server: Object 2:4237 not found (message Type_100)
 7:34:35 Server: Object 2:4237 not found (message Type_168)
 7:34:35 Server: Object 2:4237 not found (message Type_468)
 7:34:35 Server: Object 2:4238 not found (message Type_128)
 7:34:35 Error: Object(2 : 4238) not found
 7:34:35 Server: Object 2:4238 not found (message Type_100)
 7:34:35 Server: Object 2:4238 not found (message Type_168)
 7:34:35 Server: Object 2:4238 not found (message Type_468)
 7:34:35 Server: Object 2:4343 not found (message Type_128)
 7:34:35 Error: Object(2 : 4343) not found
 7:34:35 Server: Object 2:4343 not found (message Type_100)
 7:34:35 Server: Object 2:4343 not found (message Type_168)
 7:34:35 Server: Object 2:4343 not found (message Type_468)
 7:34:35 Server: Object 2:4344 not found (message Type_128)
 7:34:35 Error: Object(2 : 4344) not found
 7:34:35 Server: Object 2:4344 not found (message Type_100)
 7:34:35 Server: Object 2:4344 not found (message Type_168)
 7:34:35 Server: Object 2:4344 not found (message Type_468)
 7:34:35 Server: Object 2:4622 not found (message Type_128)
 7:34:35 Error: Object(2 : 4622) not found
 7:34:35 Server: Object 2:4622 not found (message Type_100)
 7:34:35 Server: Object 2:4622 not found (message Type_168)
 7:34:35 Server: Object 2:4622 not found (message Type_468)
 7:34:35 Server: Object 2:4623 not found (message Type_128)
 7:34:35 Error: Object(2 : 4623) not found
 7:34:35 Server: Object 2:4623 not found (message Type_100)
 7:34:35 Server: Object 2:4623 not found (message Type_168)
 7:34:35 Server: Object 2:4623 not found (message Type_468)
 7:34:35 Server: Object 2:4624 not found (message Type_128)
 7:34:35 Error: Object(2 : 4624) not found
 7:34:35 Server: Object 2:4624 not found (message Type_100)
 7:34:35 Server: Object 2:4624 not found (message Type_168)
 7:34:35 Server: Object 2:4624 not found (message Type_468)
 7:34:35 Server: Object 2:4625 not found (message Type_128)
 7:34:35 Error: Object(2 : 4625) not found
 7:34:35 Server: Object 2:4625 not found (message Type_100)
 7:34:35 Server: Object 2:4625 not found (message Type_168)
 7:34:35 Server: Object 2:4625 not found (message Type_468)
 7:34:35 Server: Object 2:4626 not found (message Type_128)
 7:34:35 Error: Object(2 : 4626) not found
 7:34:35 Server: Object 2:4626 not found (message Type_100)
 7:34:35 Server: Object 2:4626 not found (message Type_168)
 7:34:35 Server: Object 2:4626 not found (message Type_468)
 7:34:35 Server: Object 2:4627 not found (message Type_128)
 7:34:35 Error: Object(2 : 4627) not found
 7:34:35 Server: Object 2:4627 not found (message Type_100)
 7:34:35 Server: Object 2:4627 not found (message Type_168)
 7:34:35 Server: Object 2:4627 not found (message Type_468)
 7:34:35 Server: Object 2:4628 not found (message Type_128)
 7:34:35 Error: Object(2 : 4628) not found
 7:34:35 Server: Object 2:4628 not found (message Type_100)
 7:34:35 Server: Object 2:4628 not found (message Type_168)
 7:34:35 Server: Object 2:4628 not found (message Type_468)
 7:34:35 Server: Object 2:4629 not found (message Type_128)
 7:34:35 Error: Object(2 : 4629) not found
 7:34:35 Server: Object 2:4629 not found (message Type_100)
 7:34:35 Server: Object 2:4629 not found (message Type_168)
 7:34:35 Server: Object 2:4629 not found (message Type_468)
 7:34:35 Server: Object 2:4643 not found (message Type_128)
 7:34:35 Error: Object(2 : 4643) not found
 7:34:35 Server: Object 2:4643 not found (message Type_100)
 7:34:35 Server: Object 2:4643 not found (message Type_168)
 7:34:35 Server: Object 2:4643 not found (message Type_468)
 7:34:35 Server: Object 2:4644 not found (message Type_128)
 7:34:35 Error: Object(2 : 4644) not found
 7:34:35 Server: Object 2:4644 not found (message Type_100)
 7:34:35 Server: Object 2:4644 not found (message Type_168)
 7:34:35 Server: Object 2:4644 not found (message Type_468)
 7:34:35 Server: Object 2:4645 not found (message Type_128)
 7:34:35 Error: Object(2 : 4645) not found
 7:34:35 Server: Object 2:4645 not found (message Type_100)
 7:34:35 Server: Object 2:4645 not found (message Type_168)
 7:34:35 Server: Object 2:4645 not found (message Type_468)
 7:34:35 Server: Object 2:4646 not found (message Type_128)
 7:34:35 Error: Object(2 : 4646) not found
 7:34:35 Server: Object 2:4646 not found (message Type_100)
 7:34:35 Server: Object 2:4646 not found (message Type_168)
 7:34:35 Server: Object 2:4646 not found (message Type_468)
 7:34:35 Server: Object 2:4647 not found (message Type_128)
 7:34:35 Error: Object(2 : 4647) not found
 7:34:35 Server: Object 2:4647 not found (message Type_100)
 7:34:35 Server: Object 2:4647 not found (message Type_168)
 7:34:35 Server: Object 2:4647 not found (message Type_468)
 7:34:35 Server: Object 2:4648 not found (message Type_128)
 7:34:35 Error: Object(2 : 4648) not found
 7:34:35 Server: Object 2:4648 not found (message Type_100)
 7:34:35 Server: Object 2:4648 not found (message Type_168)
 7:34:35 Server: Object 2:4648 not found (message Type_468)
 7:34:35 Server: Object 2:4649 not found (message Type_128)
 7:34:35 Error: Object(2 : 4649) not found
 7:34:35 Server: Object 2:4649 not found (message Type_100)
 7:34:35 Server: Object 2:4649 not found (message Type_168)
 7:34:35 Server: Object 2:4649 not found (message Type_468)
 7:34:35 Server: Object 2:4650 not found (message Type_128)
 7:34:35 Error: Object(2 : 4650) not found
 7:34:35 Server: Object 2:4650 not found (message Type_100)
 7:34:35 Server: Object 2:4650 not found (message Type_168)
 7:34:35 Server: Object 2:4650 not found (message Type_468)
 7:34:35 Server: Object 2:4657 not found (message Type_128)
 7:34:35 Error: Object(2 : 4657) not found
 7:34:35 Server: Object 2:4657 not found (message Type_100)
 7:34:35 Server: Object 2:4657 not found (message Type_168)
 7:34:35 Server: Object 2:4657 not found (message Type_468)
 7:34:35 Server: Object 2:4658 not found (message Type_128)
 7:34:35 Error: Object(2 : 4658) not found
 7:34:35 Server: Object 2:4658 not found (message Type_100)
 7:34:35 Server: Object 2:4658 not found (message Type_168)
 7:34:35 Server: Object 2:4658 not found (message Type_468)
 7:34:35 Server: Object 2:4659 not found (message Type_128)
 7:34:35 Error: Object(2 : 4659) not found
 7:34:35 Server: Object 2:4659 not found (message Type_100)
 7:34:35 Server: Object 2:4659 not found (message Type_168)
 7:34:35 Server: Object 2:4659 not found (message Type_468)
 7:34:35 Server: Object 2:4660 not found (message Type_128)
 7:34:35 Error: Object(2 : 4660) not found
 7:34:35 Server: Object 2:4660 not found (message Type_100)
 7:34:35 Server: Object 2:4660 not found (message Type_168)
 7:34:35 Server: Object 2:4660 not found (message Type_468)
 7:34:35 Server: Object 2:4684 not found (message Type_128)
 7:34:35 Error: Object(2 : 4684) not found
 7:34:35 Server: Object 2:4684 not found (message Type_100)
 7:34:35 Server: Object 2:4684 not found (message Type_168)
 7:34:35 Server: Object 2:4684 not found (message Type_468)
 7:34:35 Server: Object 2:4690 not found (message Type_128)
 7:34:35 Error: Object(2 : 4690) not found
 7:34:35 Server: Object 2:4690 not found (message Type_100)
 7:34:35 Server: Object 2:4690 not found (message Type_168)
 7:34:35 Server: Object 2:4690 not found (message Type_468)
 7:34:35 Server: Object 2:4691 not found (message Type_128)
 7:34:35 Error: Object(2 : 4691) not found
 7:34:35 Server: Object 2:4691 not found (message Type_100)
 7:34:35 Server: Object 2:4691 not found (message Type_168)
 7:34:35 Server: Object 2:4691 not found (message Type_468)
 7:34:35 Server: Object 2:4692 not found (message Type_128)
 7:34:35 Error: Object(2 : 4692) not found
 7:34:35 Server: Object 2:4692 not found (message Type_100)
 7:34:35 Server: Object 2:4692 not found (message Type_168)
 7:34:35 Server: Object 2:4692 not found (message Type_468)
 7:34:35 Server: Object 2:4693 not found (message Type_128)
 7:34:35 Error: Object(2 : 4693) not found
 7:34:35 Server: Object 2:4693 not found (message Type_100)
 7:34:35 Server: Object 2:4693 not found (message Type_168)
 7:34:35 Server: Object 2:4693 not found (message Type_468)
 7:34:35 Server: Object 2:4694 not found (message Type_128)
 7:34:35 Error: Object(2 : 4694) not found
 7:34:35 Server: Object 2:4694 not found (message Type_100)
 7:34:35 Server: Object 2:4694 not found (message Type_168)
 7:34:35 Server: Object 2:4694 not found (message Type_468)
 7:34:35 Server: Object 2:4695 not found (message Type_128)
 7:34:35 Error: Object(2 : 4695) not found
 7:34:35 Server: Object 2:4695 not found (message Type_100)
 7:34:35 Server: Object 2:4695 not found (message Type_168)
 7:34:35 Server: Object 2:4695 not found (message Type_468)
 7:34:35 Server: Object 2:4696 not found (message Type_128)
 7:34:35 Error: Object(2 : 4696) not found
 7:34:35 Server: Object 2:4696 not found (message Type_100)
 7:34:35 Server: Object 2:4696 not found (message Type_168)
 7:34:35 Server: Object 2:4696 not found (message Type_468)
 7:34:35 Server: Object 2:4697 not found (message Type_128)
 7:34:35 Error: Object(2 : 4697) not found
 7:34:35 Server: Object 2:4697 not found (message Type_100)
 7:34:35 Server: Object 2:4697 not found (message Type_168)
 7:34:35 Server: Object 2:4697 not found (message Type_468)
 7:34:35 Server: Object 2:4711 not found (message Type_128)
 7:34:35 Error: Object(2 : 4711) not found
 7:34:35 Server: Object 2:4711 not found (message Type_100)
 7:34:35 Server: Object 2:4711 not found (message Type_168)
 7:34:35 Server: Object 2:4711 not found (message Type_468)
 7:34:35 Server: Object 2:4712 not found (message Type_128)
 7:34:35 Error: Object(2 : 4712) not found
 7:34:35 Server: Object 2:4712 not found (message Type_100)
 7:34:35 Server: Object 2:4712 not found (message Type_168)
 7:34:35 Server: Object 2:4712 not found (message Type_468)
 7:34:35 Server: Object 2:4713 not found (message Type_128)
 7:34:35 Error: Object(2 : 4713) not found
 7:34:35 Server: Object 2:4713 not found (message Type_100)
 7:34:35 Server: Object 2:4713 not found (message Type_168)
 7:34:35 Server: Object 2:4713 not found (message Type_468)
 7:34:35 Server: Object 2:4714 not found (message Type_128)
 7:34:35 Error: Object(2 : 4714) not found
 7:34:35 Server: Object 2:4714 not found (message Type_100)
 7:34:35 Server: Object 2:4714 not found (message Type_168)
 7:34:35 Server: Object 2:4714 not found (message Type_468)
 7:34:35 Server: Object 2:4715 not found (message Type_128)
 7:34:35 Error: Object(2 : 4715) not found
 7:34:35 Server: Object 2:4715 not found (message Type_100)
 7:34:35 Server: Object 2:4715 not found (message Type_168)
 7:34:35 Server: Object 2:4715 not found (message Type_468)
 7:34:35 Server: Object 2:4716 not found (message Type_128)
 7:34:35 Error: Object(2 : 4716) not found
 7:34:35 Server: Object 2:4716 not found (message Type_100)
 7:34:35 Server: Object 2:4716 not found (message Type_168)
 7:34:35 Server: Object 2:4716 not found (message Type_468)
 7:34:35 Server: Object 2:4717 not found (message Type_128)
 7:34:35 Error: Object(2 : 4717) not found
 7:34:35 Server: Object 2:4717 not found (message Type_100)
 7:34:35 Server: Object 2:4717 not found (message Type_168)
 7:34:35 Server: Object 2:4717 not found (message Type_468)
 7:34:35 Server: Object 2:4718 not found (message Type_128)
 7:34:35 Error: Object(2 : 4718) not found
 7:34:35 Server: Object 2:4718 not found (message Type_100)
 7:34:35 Server: Object 2:4718 not found (message Type_168)
 7:34:35 Server: Object 2:4718 not found (message Type_468)
 7:34:35 Server: Object 2:4729 not found (message Type_128)
 7:34:35 Error: Object(2 : 4729) not found
 7:34:35 Server: Object 2:4729 not found (message Type_100)
 7:34:35 Server: Object 2:4729 not found (message Type_168)
 7:34:35 Server: Object 2:4729 not found (message Type_468)
 7:34:35 Server: Object 2:4786 not found (message Type_128)
 7:34:35 Error: Object(2 : 4786) not found
 7:34:35 Server: Object 2:4786 not found (message Type_100)
 7:34:35 Server: Object 2:4786 not found (message Type_168)
 7:34:35 Server: Object 2:4786 not found (message Type_468)
 7:34:35 Server: Object 2:4787 not found (message Type_128)
 7:34:35 Error: Object(2 : 4787) not found
 7:34:35 Server: Object 2:4787 not found (message Type_100)
 7:34:35 Server: Object 2:4787 not found (message Type_168)
 7:34:35 Server: Object 2:4787 not found (message Type_468)
 7:34:35 Server: Object 2:4788 not found (message Type_128)
 7:34:35 Error: Object(2 : 4788) not found
 7:34:35 Server: Object 2:4788 not found (message Type_100)
 7:34:35 Server: Object 2:4788 not found (message Type_168)
 7:34:35 Server: Object 2:4788 not found (message Type_468)
 7:34:35 d:\Bis\Source\Profile\Futura\lib\Network\networkServer.cpp NetworkServer::OnClientStateChanged:NOT IMPLEMENTED - briefing!
 7:34:35 Server: SetServerState to BRIEFING
 7:34:53 "Advanced Sling Loading Loading..."
 7:34:53 "Advanced Sling Loading Loaded"
 7:34:53 [CBA] (xeh) INFO: [26412,363.36,0] PostInit started. MISSIONINIT: missionName=Ft_Benning_Chernarus_OSUT_v1, missionVersion=54, worldName=chernarus_summer, isMultiplayer=true, isServer=true, isDedicated=true, CBA_isHeadlessClient=false, hasInterface=false, didJIP=false
 7:34:53 [CBA] (versioning) INFO: [26412,363.466,0] VERSIONING:cba=3.18.4.250711, zen=1.15.1.36, ace=3.20.0.104, tfar=1.-1.0.334, ctab=2.3.0.0, kat=3.1.2, zeus_additions=1.6.10.0
 7:34:53 [ACE] (common) INFO: ACE is version 3.20.0.104 - CBA is version 3.18.4.250711 (min required 3.18.2)
 7:34:53 [ZEUS_ADDITIONS] (main) INFO: PostInit: didJIP: false - Functions sent: false
 7:34:53 [ACE] (markinglaser) INFO: Class RHS_Mi24Vt_vvs does not have a pilot camera nor a turret that could be equipped with an IR marking laser.
 7:34:53 [ACE] (markinglaser) INFO: Class vtx_UH60M does not have a pilot camera nor a turret that could be equipped with an IR marking laser.
 7:34:53 [ACE] (markinglaser) INFO: Class RHS_CH_47F_light does not have a pilot camera nor a turret that could be equipped with an IR marking laser.
 7:34:53 [ACE] (markinglaser) INFO: Class LOP_IRAN_Mi8MT_Cargo does not have a pilot camera nor a turret that could be equipped with an IR marking laser.
 7:34:53 [CBA] (xeh) INFO: [26412,363.783,0] PostInit finished.
 7:34:53 [ZEUS_ADDITIONS] (main) INFO: Init: Net mode: DedicatedServer - ZEUS_ADDITIONS loaded: true - clientOwner 2
 7:34:53 [ACE] (slideshow) ERROR: Slideshow Objects field must NOT be empty!
 7:34:53 [ACE] (slideshow) INFO: Slideshow Module Initialized on 0 Objects
 7:34:53 [ACE] (common) INFO: Settings initialized.
 7:34:53 [ACE] (common) INFO: 27 delayed functions running.
 7:35:06 Server: SetServerState to PLAYING
 7:35:06  Mission id: b2e198046ec67d4b283541330fba5b7b682c557b
 7:36:42 "TFAR_RadioRequestEvent [[""TFAR_anprc152""],di4] 473.037"
 7:36:42 "Send TFAR_RadioRequestResponseEvent [1] 473.037"
 7:42:51 "TFAR_RadioRequestEvent [[""TFAR_anprc152""],B Bravo 1-5:1 (SPC A.Sapp) REMOTE] 842.218"
 7:42:51 "Send TFAR_RadioRequestResponseEvent [2] 842.218"
 7:51:43 "TFAR_RadioRequestEvent [[""TFAR_anprc152""],B Bravo 1-5:2 (SPC C.Hillard) REMOTE] 1374.29"
 7:51:43 "Send TFAR_RadioRequestResponseEvent [3] 1374.29"
 8:02:28 "TFAR_RadioRequestEvent [[""TFAR_anprc152""],B Bravo 1-6:2 (PVT P.Perez) REMOTE] 2018.56"
 8:02:28 "Send TFAR_RadioRequestResponseEvent [4] 2018.56"
 8:02:29 "TFAR_RadioRequestEvent [[""TFAR_anprc152""],B Bravo 1-6:1 (PVT A. Johnson) REMOTE] 2020.12"
 8:02:29 "Send TFAR_RadioRequestResponseEvent [5] 2020.12"
 8:16:00 Server: Object 5:33 not found (message Type_468)
 8:16:00 Server: Object 5:32 not found (message Type_121)
 8:16:00 Server: Object 5:34 not found (message Type_128)
 8:16:00 Server: Object 5:35 not found (message Type_134)
 8:16:00 Server: Object 5:36 not found (message Type_121)
 8:16:00 Server: Object 5:37 not found (message Type_128)
 8:16:00 Server: Object 5:38 not found (message Type_128)
 8:16:00 Server: Object 5:39 not found (message Type_134)
 8:16:00 Server: Object 5:40 not found (message Type_121)
 8:16:00 Warning: Convex component representing Slide not found
 8:16:00 Duplicate HitPoint name 'HitTurret' in 'm1128_mgs_b'
 8:16:00 Duplicate HitPoint name 'HitGun' in 'm1128_mgs_b'
 8:16:00 m1128_mgs_b: zasleh_rot - unknown animation source muzzle_rot
 8:16:00 m1128_mgs_b: zasleh_hide - unknown animation source muzzle_hide
 8:16:00 Error: Item of aggregateReflectors is not an array
 8:16:00 Error: Item of aggregateReflectors is not an array
 8:16:01 Type m1128_mgs_b, model mgs\mgs.p3d - structure of turrets in config does not match the skeleton
 8:16:06 Server: Object 5:50 not found (message Type_468)
 8:16:06 Server: Object 5:49 not found (message Type_121)
 8:16:06 Server: Object 5:51 not found (message Type_128)
 8:16:06 Server: Object 5:52 not found (message Type_134)
 8:16:06 Server: Object 5:53 not found (message Type_121)
 8:16:06 Server: Object 5:54 not found (message Type_128)
 8:16:06 Server: Object 5:55 not found (message Type_128)
 8:16:06 Server: Object 5:56 not found (message Type_134)
 8:16:06 Server: Object 5:57 not found (message Type_121)
 8:16:06 Server: Object 5:49 not found (message Type_283)
 8:16:06 Server: Object 5:53 not found (message Type_283)
 8:16:06 Server: Object 5:57 not found (message Type_283)
 8:16:06 Server: Object 5:49 not found (message Type_283)
 8:16:06 Server: Object 5:49 not found (message Type_283)
 8:16:06 Server: Object 5:49 not found (message Type_283)
 8:40:39 "TFAR_RadioRequestEvent [[""TFAR_anprc152""],di3] 4309.51"
 8:40:39 "Send TFAR_RadioRequestResponseEvent [6] 4309.51"
 8:43:43 Client: Remote object 14:0 not found
 8:47:12 Performance warning: SimpleSerialization::Read 'CBAs' is using type of CONTROL which is not optimized by simple serialization, falling back to generic serialization, use generic type or ask for optimizations for these types
 8:48:48 "TFAR_RadioRequestEvent [[""TFAR_anprc152""],di3] 4798.83"
 8:48:48 "Send TFAR_RadioRequestResponseEvent [7] 4798.83"
 8:59:29 Verifying PBO failed: @AH_64D_Official_Project_V2_1\addons\fza_ah64_AICrew.pbo
 9:26:14 Server: Object 8:43 not found (message Type_268)
 9:26:14 Server: Object 8:33 not found (message Type_138)
 9:26:14 Server: Object 8:34 not found (message Type_139)
 9:26:14 Server: Object 8:35 not found (message Type_139)
 9:26:14 Server: Object 8:36 not found (message Type_139)
 9:26:14 Server: Object 8:37 not found (message Type_139)
 9:26:14 Server: Object 8:38 not found (message Type_139)
 9:26:14 Server: Object 8:39 not found (message Type_139)
 9:26:14 Server: Object 8:40 not found (message Type_139)
 9:26:14 Server: Object 8:41 not found (message Type_139)
 9:26:14 Server: Object 8:42 not found (message Type_139)
 9:26:14 Server: Object 8:44 not found (message Type_139)
 9:26:14 Server: Object 8:45 not found (message Type_139)
 9:26:14 Server: Object 8:46 not found (message Type_128)
 9:26:14 Server: Object 8:47 not found (message Type_128)
 9:26:14 Server: Object 8:48 not found (message Type_128)
 9:26:14 Server: Object 8:49 not found (message Type_128)
 9:26:14 Server: Object 8:50 not found (message Type_128)
 9:26:14 Server: Object 8:51 not found (message Type_128)
 9:26:14 Server: Object 8:52 not found (message Type_128)
 9:26:14 Server: Object 8:53 not found (message Type_128)
 9:26:14 Server: Object 8:84 not found (message Type_139)
 9:26:14 Server: Object 8:63 not found (message Type_268)
 9:26:14 Server: Object 8:64 not found (message Type_139)
 9:26:14 Server: Object 8:65 not found (message Type_139)
 9:26:14 Server: Object 8:66 not found (message Type_139)
 9:26:14 Server: Object 8:67 not found (message Type_128)
 9:26:14 Server: Object 8:68 not found (message Type_128)
 9:26:14 Server: Object 8:69 not found (message Type_128)
 9:26:14 Server: Object 8:70 not found (message Type_128)
 9:26:14 Server: Object 8:71 not found (message Type_128)
 9:26:14 Server: Object 8:72 not found (message Type_128)
 9:26:14 Server: Object 8:73 not found (message Type_128)
 9:26:14 Server: Object 8:74 not found (message Type_128)
 9:26:14 Server: Object 8:75 not found (message Type_137)
 9:26:14 Server: Object 8:76 not found (message Type_139)
 9:26:14 Server: Object 8:77 not found (message Type_139)
 9:26:14 Server: Object 8:78 not found (message Type_139)
 9:26:14 Server: Object 8:79 not found (message Type_139)
 9:26:14 Server: Object 8:80 not found (message Type_139)
 9:26:14 Server: Object 8:81 not found (message Type_139)
 9:26:14 Server: Object 8:82 not found (message Type_139)
 9:26:14 Server: Object 8:83 not found (message Type_139)
 9:26:14 Server: Object 8:85 not found (message Type_139)
 9:26:14 Server: Object 8:86 not found (message Type_139)
 9:26:14 Server: Object 8:87 not found (message Type_139)
 9:26:14 Server: Object 8:88 not found (message Type_128)
 9:26:14 Server: Object 8:89 not found (message Type_128)
 9:26:14 Server: Object 8:90 not found (message Type_128)
 9:26:14 Server: Object 8:91 not found (message Type_128)
 9:26:14 Server: Object 8:92 not found (message Type_128)
 9:26:14 Server: Object 8:93 not found (message Type_128)
 9:26:14 Server: Object 8:94 not found (message Type_128)
 9:26:14 Server: Object 8:95 not found (message Type_128)
 9:26:14 Server: Object 8:54 not found (message Type_137)
 9:26:14 Server: Object 8:55 not found (message Type_139)
 9:26:14 Server: Object 8:56 not found (message Type_139)
 9:26:14 Server: Object 8:57 not found (message Type_139)
 9:26:14 Server: Object 8:58 not found (message Type_139)
 9:26:14 Server: Object 8:59 not found (message Type_139)
 9:26:14 Server: Object 8:60 not found (message Type_139)
 9:26:14 Server: Object 8:61 not found (message Type_139)
 9:26:14 Server: Object 8:62 not found (message Type_139)
 9:26:14 Server: Object 8:106 not found (message Type_139)
 9:26:14 Server: Object 8:96 not found (message Type_141)
 9:26:14 Server: Object 8:97 not found (message Type_139)
 9:26:14 Server: Object 8:98 not found (message Type_139)
 9:26:14 Server: Object 8:99 not found (message Type_139)
 9:26:14 Server: Object 8:100 not found (message Type_139)
 9:26:14 Server: Object 8:101 not found (message Type_139)
 9:26:14 Server: Object 8:102 not found (message Type_139)
 9:26:14 Server: Object 8:103 not found (message Type_139)
 9:26:14 Server: Object 8:104 not found (message Type_139)
 9:26:14 Server: Object 8:105 not found (message Type_139)
 9:26:14 Server: Object 8:107 not found (message Type_139)
 9:26:14 Server: Object 8:108 not found (message Type_128)
 9:26:14 Server: Object 8:109 not found (message Type_128)
 9:26:14 Server: Object 8:110 not found (message Type_128)
 9:26:14 Server: Object 8:111 not found (message Type_128)
 9:26:14 Server: Object 8:112 not found (message Type_128)
 9:26:14 Server: Object 8:113 not found (message Type_128)
 9:26:14 Server: Object 8:114 not found (message Type_128)
 9:26:14 Server: Object 8:115 not found (message Type_128)
 9:28:10 "TFAR_RadioRequestEvent [[""TFAR_anprc152""],di2] 7160.9"
 9:28:10 "Send TFAR_RadioRequestResponseEvent [8] 7160.9"
 9:30:50 Server: Object 9:40 not found (message Type_468)
 9:30:50 Server: Object 9:37 not found (message Type_468)
 9:30:50 Server: Object 9:38 not found (message Type_468)
 9:30:50 Server: Object 9:39 not found (message Type_468)
 9:30:50 Server: Object 9:41 not found (message Type_468)
 9:30:50 Server: Object 9:42 not found (message Type_468)
 9:30:50 Server: Object 9:43 not found (message Type_468)
 9:30:50 Server: Object 9:44 not found (message Type_468)
 9:30:50 Server: Object 9:45 not found (message Type_468)
 9:30:50 Server: Object 9:46 not found (message Type_468)
 9:30:50 Server: Object 9:47 not found (message Type_468)
 9:30:50 Server: Object 9:48 not found (message Type_468)
 9:30:50 Server: Object 9:49 not found (message Type_468)
 9:30:50 Server: Object 9:50 not found (message Type_468)
 9:30:50 Server: Object 9:51 not found (message Type_468)
 9:30:50 Server: Object 9:52 not found (message Type_468)
 9:30:50 Server: Object 9:53 not found (message Type_468)
 9:30:50 Server: Object 9:54 not found (message Type_468)
 9:30:50 Server: Object 9:55 not found (message Type_468)
 9:30:50 Client: Object 8:118 (type Type_99) not found.
 9:30:50 Client: Object 8:118 (type Type_100) not found.
 9:30:50 Client: Object 8:118 (type Type_468) not found.
 9:30:50 Server: Object 9:25 not found (message Type_468)
 9:30:50 Client: Object 9:25 (type Type_468) not found.
 9:31:46 Server: Object 15:83 not found (message Type_268)
 9:31:46 Server: Object 15:73 not found (message Type_138)
 9:31:46 Server: Object 15:74 not found (message Type_139)
 9:31:46 Server: Object 15:75 not found (message Type_139)
 9:31:46 Server: Object 15:76 not found (message Type_139)
 9:31:46 Server: Object 15:77 not found (message Type_139)
 9:31:46 Server: Object 15:78 not found (message Type_139)
 9:31:46 Server: Object 15:79 not found (message Type_139)
 9:31:46 Server: Object 15:80 not found (message Type_139)
 9:31:46 Server: Object 15:81 not found (message Type_139)
 9:31:46 Server: Object 15:82 not found (message Type_139)
 9:31:46 Server: Object 15:84 not found (message Type_139)
 9:31:46 Server: Object 15:85 not found (message Type_139)
 9:31:46 Server: Object 15:86 not found (message Type_128)
 9:31:46 Server: Object 15:87 not found (message Type_128)
 9:31:46 Server: Object 15:88 not found (message Type_128)
 9:31:46 Server: Object 15:89 not found (message Type_128)
 9:31:46 Server: Object 15:90 not found (message Type_128)
 9:31:46 Server: Object 15:91 not found (message Type_128)
 9:31:46 Server: Object 15:92 not found (message Type_128)
 9:31:46 Server: Object 15:93 not found (message Type_128)
 9:31:46 Server: Object 15:103 not found (message Type_476)
 9:31:46 Server: Object 15:94 not found (message Type_141)
 9:31:46 Server: Object 15:95 not found (message Type_139)
 9:31:46 Server: Object 15:96 not found (message Type_139)
 9:31:46 Server: Object 15:97 not found (message Type_139)
 9:31:46 Server: Object 15:98 not found (message Type_139)
 9:31:46 Server: Object 15:99 not found (message Type_139)
 9:31:46 Server: Object 15:100 not found (message Type_139)
 9:31:46 Server: Object 15:101 not found (message Type_139)
 9:31:46 Server: Object 15:102 not found (message Type_139)
 9:31:46 Server: Object 15:104 not found (message Type_139)
 9:31:46 Server: Object 15:105 not found (message Type_139)
 9:31:46 Server: Object 15:106 not found (message Type_128)
 9:31:46 Server: Object 15:107 not found (message Type_128)
 9:31:46 Server: Object 15:108 not found (message Type_128)
 9:31:46 Server: Object 15:109 not found (message Type_128)
 9:31:46 Server: Object 15:110 not found (message Type_128)
 9:31:46 Server: Object 15:111 not found (message Type_128)
 9:31:46 Server: Object 15:112 not found (message Type_128)
 9:31:46 Server: Object 15:113 not found (message Type_128)
 9:31:46 Server: Object 15:123 not found (message Type_476)
 9:31:46 Server: Object 15:114 not found (message Type_141)
 9:31:46 Server: Object 15:115 not found (message Type_139)
 9:31:46 Server: Object 15:116 not found (message Type_139)
 9:31:46 Server: Object 15:117 not found (message Type_139)
 9:31:46 Server: Object 15:118 not found (message Type_139)
 9:31:46 Server: Object 15:119 not found (message Type_139)
 9:31:46 Server: Object 15:120 not found (message Type_139)
 9:31:46 Server: Object 15:121 not found (message Type_139)
 9:31:46 Server: Object 15:122 not found (message Type_139)
 9:31:46 Server: Object 15:124 not found (message Type_139)
 9:31:46 Server: Object 15:125 not found (message Type_139)
 9:31:46 Server: Object 15:126 not found (message Type_128)
 9:31:46 Server: Object 15:127 not found (message Type_128)
 9:31:46 Server: Object 15:128 not found (message Type_128)
 9:31:46 Server: Object 15:129 not found (message Type_128)
 9:31:46 Server: Object 15:130 not found (message Type_128)
 9:31:46 Server: Object 15:131 not found (message Type_128)
 9:31:46 Server: Object 15:132 not found (message Type_128)
 9:31:46 Server: Object 15:133 not found (message Type_128)
 9:31:46 Server: Object 15:144 not found (message Type_139)
 9:31:46 Server: Object 15:134 not found (message Type_137)
 9:31:46 Server: Object 15:135 not found (message Type_139)
 9:31:46 Server: Object 15:136 not found (message Type_139)
 9:31:46 Server: Object 15:137 not found (message Type_139)
 9:31:46 Server: Object 15:138 not found (message Type_139)
 9:31:46 Server: Object 15:139 not found (message Type_139)
 9:31:46 Server: Object 15:140 not found (message Type_139)
 9:31:46 Server: Object 15:141 not found (message Type_139)
 9:31:46 Server: Object 15:142 not found (message Type_139)
 9:31:46 Server: Object 15:143 not found (message Type_139)
 9:31:46 Server: Object 15:149 not found (message Type_100)
 9:31:46 Server: Object 15:145 not found (message Type_139)
 9:31:46 Server: Object 15:146 not found (message Type_139)
 9:31:46 Server: Object 15:147 not found (message Type_128)
 9:31:46 Server: Object 15:148 not found (message Type_128)
 9:31:46 Server: Object 15:152 not found (message Type_128)
 9:31:46 Server: Object 15:150 not found (message Type_128)
 9:31:46 Server: Object 15:151 not found (message Type_128)
 9:31:46 Server: Object 15:153 not found (message Type_100)
 9:31:46 Server: Object 15:154 not found (message Type_128)
 9:31:47 Server: Object 15:185 not found (message Type_268)
 9:31:47 Server: Object 15:175 not found (message Type_138)
 9:31:47 Server: Object 15:176 not found (message Type_139)
 9:31:47 Server: Object 15:177 not found (message Type_139)
 9:31:47 Server: Object 15:178 not found (message Type_139)
 9:31:47 Server: Object 15:179 not found (message Type_139)
 9:31:47 Server: Object 15:180 not found (message Type_139)
 9:31:47 Server: Object 15:181 not found (message Type_139)
 9:31:47 Server: Object 15:182 not found (message Type_139)
 9:31:47 Server: Object 15:183 not found (message Type_139)
 9:31:47 Server: Object 15:184 not found (message Type_139)
 9:31:47 Server: Object 15:186 not found (message Type_139)
 9:31:47 Server: Object 15:187 not found (message Type_139)
 9:31:47 Server: Object 15:188 not found (message Type_128)
 9:31:47 Server: Object 15:189 not found (message Type_128)
 9:31:47 Server: Object 15:190 not found (message Type_128)
 9:31:47 Server: Object 15:191 not found (message Type_128)
 9:31:47 Server: Object 15:192 not found (message Type_128)
 9:31:47 Server: Object 15:193 not found (message Type_128)
 9:31:47 Server: Object 15:194 not found (message Type_128)
 9:31:47 Server: Object 15:195 not found (message Type_128)
 9:31:47 Server: Object 15:205 not found (message Type_476)
 9:31:47 Server: Object 15:196 not found (message Type_141)
 9:31:47 Server: Object 15:197 not found (message Type_139)
 9:31:47 Server: Object 15:198 not found (message Type_139)
 9:31:47 Server: Object 15:199 not found (message Type_139)
 9:31:47 Server: Object 15:200 not found (message Type_139)
 9:31:47 Server: Object 15:201 not found (message Type_139)
 9:31:47 Server: Object 15:202 not found (message Type_139)
 9:31:47 Server: Object 15:203 not found (message Type_139)
 9:31:47 Server: Object 15:204 not found (message Type_139)
 9:31:47 Server: Object 15:206 not found (message Type_139)
 9:31:47 Server: Object 15:207 not found (message Type_139)
 9:31:47 Server: Object 15:208 not found (message Type_128)
 9:31:47 Server: Object 15:209 not found (message Type_128)
 9:31:47 Server: Object 15:210 not found (message Type_128)
 9:31:47 Server: Object 15:211 not found (message Type_128)
 9:31:47 Server: Object 15:212 not found (message Type_128)
 9:31:47 Server: Object 15:213 not found (message Type_128)
 9:31:47 Server: Object 15:214 not found (message Type_128)
 9:31:47 Server: Object 15:215 not found (message Type_128)
 9:31:47 Server: Object 15:226 not found (message Type_268)
 9:31:47 Server: Object 15:216 not found (message Type_138)
 9:31:47 Server: Object 15:217 not found (message Type_139)
 9:31:47 Server: Object 15:218 not found (message Type_139)
 9:31:47 Server: Object 15:219 not found (message Type_139)
 9:31:47 Server: Object 15:220 not found (message Type_139)
 9:31:47 Server: Object 15:221 not found (message Type_139)
 9:31:47 Server: Object 15:222 not found (message Type_139)
 9:31:47 Server: Object 15:223 not found (message Type_139)
 9:31:48 Server: Object 15:224 not found (message Type_139)
 9:31:48 Server: Object 15:225 not found (message Type_139)
 9:31:48 Server: Object 15:227 not found (message Type_139)
 9:31:48 Server: Object 15:228 not found (message Type_139)
 9:31:48 Server: Object 15:229 not found (message Type_128)
 9:31:48 Server: Object 15:230 not found (message Type_128)
 9:31:48 Server: Object 15:231 not found (message Type_128)
 9:31:48 Server: Object 15:232 not found (message Type_128)
 9:31:48 Server: Object 15:233 not found (message Type_128)
 9:31:48 Server: Object 15:234 not found (message Type_128)
 9:31:48 Server: Object 15:235 not found (message Type_128)
 9:31:48 Server: Object 15:236 not found (message Type_128)
 9:31:48 Server: Object 15:247 not found (message Type_139)
 9:31:48 Server: Object 15:237 not found (message Type_137)
 9:31:48 Server: Object 15:238 not found (message Type_139)
 9:31:48 Server: Object 15:239 not found (message Type_139)
 9:31:48 Server: Object 15:240 not found (message Type_139)
 9:31:48 Server: Object 15:241 not found (message Type_139)
 9:31:48 Server: Object 15:242 not found (message Type_139)
 9:31:48 Server: Object 15:243 not found (message Type_139)
 9:31:48 Server: Object 15:244 not found (message Type_139)
 9:31:48 Server: Object 15:245 not found (message Type_139)
 9:31:48 Server: Object 15:246 not found (message Type_139)
 9:31:48 Server: Object 15:252 not found (message Type_100)
 9:31:48 Server: Object 15:248 not found (message Type_139)
 9:31:48 Server: Object 15:249 not found (message Type_139)
 9:31:48 Server: Object 15:250 not found (message Type_128)
 9:31:48 Server: Object 15:251 not found (message Type_128)
 9:31:48 Server: Object 15:255 not found (message Type_128)
 9:31:48 Server: Object 15:253 not found (message Type_128)
 9:31:48 Server: Object 15:254 not found (message Type_128)
 9:31:48 Server: Object 15:256 not found (message Type_100)
 9:31:48 Server: Object 15:257 not found (message Type_128)
 9:32:22 Server: Object 9:77 not found (message Type_468)
 9:32:22 Server: Object 9:72 not found (message Type_468)
 9:32:22 Server: Object 9:73 not found (message Type_468)
 9:32:22 Server: Object 9:74 not found (message Type_468)
 9:32:22 Server: Object 9:75 not found (message Type_468)
 9:32:22 Server: Object 9:76 not found (message Type_468)
 9:32:22 Server: Object 9:78 not found (message Type_468)
 9:32:22 Server: Object 9:79 not found (message Type_468)
 9:32:22 Server: Object 9:80 not found (message Type_468)
 9:32:22 Server: Object 9:81 not found (message Type_468)
 9:32:22 Server: Object 9:82 not found (message Type_468)
 9:32:22 Server: Object 9:83 not found (message Type_468)
 9:32:22 Server: Object 9:84 not found (message Type_468)
 9:32:22 Server: Object 9:85 not found (message Type_468)
 9:32:22 Server: Object 9:86 not found (message Type_468)
 9:32:22 Server: Object 9:87 not found (message Type_468)
 9:32:22 Server: Object 9:88 not found (message Type_468)
 9:32:22 Server: Object 9:89 not found (message Type_468)
 9:32:22 Server: Object 9:90 not found (message Type_468)
 9:32:22 Server: Object 9:91 not found (message Type_468)
 9:32:22 Server: Object 9:92 not found (message Type_468)
 9:32:23 Server: Object 9:62 not found (message Type_468)
 9:32:23 Client: Object 9:62 (type Type_468) not found.
 9:33:19 Client: Object 8:142 (type Type_100) not found.
 9:33:19 Client: Object 8:142 (type Type_99) not found.
 9:33:19 Client: Object 8:142 (type Type_468) not found.
 9:37:02 Server: Object 9:133 not found (message Type_468)
 9:37:02 Server: Object 9:129 not found (message Type_468)
 9:37:02 Server: Object 9:130 not found (message Type_468)
 9:37:02 Server: Object 9:131 not found (message Type_468)
 9:37:02 Server: Object 9:132 not found (message Type_468)
 9:37:02 Server: Object 9:134 not found (message Type_468)
 9:37:02 Server: Object 9:135 not found (message Type_468)
 9:37:02 Server: Object 9:136 not found (message Type_468)
 9:37:02 Server: Object 9:137 not found (message Type_468)
 9:37:02 Server: Object 9:138 not found (message Type_468)
 9:37:02 Server: Object 9:139 not found (message Type_468)
 9:37:02 Server: Object 9:140 not found (message Type_468)
 9:37:02 Server: Object 9:141 not found (message Type_468)
 9:37:02 Server: Object 9:142 not found (message Type_468)
 9:37:02 Server: Object 9:143 not found (message Type_468)
 9:37:02 Server: Object 9:144 not found (message Type_468)
 9:37:02 Server: Object 9:145 not found (message Type_468)
 9:37:02 Server: Object 9:146 not found (message Type_468)
 9:37:02 Server: Object 9:147 not found (message Type_468)
 9:37:02 Server: Object 9:148 not found (message Type_468)
 9:37:02 Client: Object 8:166 (type Type_100) not found.
 9:37:02 Client: Object 8:166 (type Type_99) not found.
 9:37:02 Client: Object 8:166 (type Type_468) not found.
 9:37:02 Server: Object 9:118 not found (message Type_468)
 9:37:02 Client: Object 9:118 (type Type_468) not found.
 9:37:54 Warning: Wrong data in squad.xml for Player[SGT A.Zvik], Squad[https://3rdinf.us/squad.xml]
 9:39:49 "TFAR_RadioRequestEvent [[""TFAR_anprc152""],ds3] 7860.09"
 9:39:49 "Send TFAR_RadioRequestResponseEvent [9] 7860.09"
 9:40:42 Server: Object 10:32 not found (message Type_128)
 9:40:42 Server: Object 10:33 not found (message Type_128)
 9:40:42 Server: Object 10:34 not found (message Type_128)
 9:44:07 Server: Object 13:37 not found (message Type_468)
 9:44:07 Server: Object 13:29 not found (message Type_468)
 9:44:07 Server: Object 13:30 not found (message Type_468)
 9:44:07 Server: Object 13:31 not found (message Type_468)
 9:44:07 Server: Object 13:32 not found (message Type_468)
 9:44:07 Server: Object 13:33 not found (message Type_468)
 9:44:07 Server: Object 13:34 not found (message Type_468)
 9:44:07 Server: Object 13:35 not found (message Type_468)
 9:44:07 Server: Object 13:36 not found (message Type_468)
 9:44:07 Server: Object 13:38 not found (message Type_468)
 9:44:07 Server: Object 13:39 not found (message Type_468)
 9:44:07 Server: Object 13:40 not found (message Type_468)
 9:44:07 Server: Object 13:41 not found (message Type_468)
 9:44:07 Server: Object 13:42 not found (message Type_468)
 9:44:07 Server: Object 13:43 not found (message Type_468)
 9:44:07 Server: Object 13:44 not found (message Type_468)
 9:44:07 Server: Object 13:45 not found (message Type_468)
 9:44:07 Server: Object 13:46 not found (message Type_468)
 9:44:07 Server: Object 13:47 not found (message Type_468)
 9:44:07 Server: Object 13:48 not found (message Type_468)
 9:44:07 Server: Object 13:49 not found (message Type_468)
 9:44:07 Server: Object 13:50 not found (message Type_468)
 9:44:07 Server: Object 13:51 not found (message Type_468)
 9:44:07 Server: Object 13:52 not found (message Type_468)
 9:44:07 Server: Object 13:22 not found (message Type_468)
 9:44:07 Client: Object 13:22 (type Type_468) not found.
 9:46:14 Server: Object 10:56 not found (message Type_128)
 9:46:14 Server: Object 10:57 not found (message Type_128)
 9:46:14 Server: Object 10:58 not found (message Type_128)
 9:46:39 Server: Object 13:72 not found (message Type_468)
 9:46:39 Server: Object 13:58 not found (message Type_468)
 9:46:39 Server: Object 13:59 not found (message Type_468)
 9:46:39 Server: Object 13:60 not found (message Type_468)
 9:46:39 Server: Object 13:61 not found (message Type_468)
 9:46:39 Server: Object 13:62 not found (message Type_468)
 9:46:39 Server: Object 13:63 not found (message Type_468)
 9:46:39 Server: Object 13:64 not found (message Type_468)
 9:46:39 Server: Object 13:65 not found (message Type_468)
 9:46:39 Server: Object 13:66 not found (message Type_468)
 9:46:39 Server: Object 13:67 not found (message Type_468)
 9:46:39 Server: Object 13:68 not found (message Type_468)
 9:46:39 Server: Object 13:69 not found (message Type_468)
 9:46:39 Server: Object 13:70 not found (message Type_468)
 9:46:39 Server: Object 13:71 not found (message Type_468)
 9:46:39 Server: Object 13:57 not found (message Type_468)
 9:46:39 Server: Object 13:73 not found (message Type_468)
 9:46:39 Server: Object 13:74 not found (message Type_468)
 9:46:39 Server: Object 13:75 not found (message Type_468)
 9:46:39 Server: Object 13:76 not found (message Type_468)
 9:46:39 Server: Object 13:77 not found (message Type_468)
 9:46:39 Server: Object 13:78 not found (message Type_468)
 9:46:39 Server: Object 13:79 not found (message Type_468)
 9:46:39 Server: Object 13:80 not found (message Type_468)
 9:46:39 Server: Object 13:81 not found (message Type_468)
 9:46:39 Server: Object 13:82 not found (message Type_468)
 9:46:39 Server: Object 13:83 not found (message Type_468)
 9:46:39 Server: Object 13:84 not found (message Type_468)
 9:46:39 Server: Object 13:85 not found (message Type_468)
 9:46:39 Server: Object 13:56 not found (message Type_468)
 9:46:40 Server: Object 13:55 not found (message Type_468)
 9:46:40 Client: Object 13:55 (type Type_468) not found.
 9:46:51 Server: Object 10:76 not found (message Type_128)
 9:46:51 Server: Object 10:77 not found (message Type_128)
 9:46:51 Server: Object 10:78 not found (message Type_128)
 9:48:17 Server: Object 13:103 not found (message Type_468)
 9:48:17 Server: Object 13:89 not found (message Type_468)
 9:48:17 Server: Object 13:90 not found (message Type_468)
 9:48:17 Server: Object 13:91 not found (message Type_468)
 9:48:17 Server: Object 13:92 not found (message Type_468)
 9:48:17 Server: Object 13:93 not found (message Type_468)
 9:48:17 Server: Object 13:94 not found (message Type_468)
 9:48:17 Server: Object 13:95 not found (message Type_468)
 9:48:17 Server: Object 13:96 not found (message Type_468)
 9:48:17 Server: Object 13:97 not found (message Type_468)
 9:48:17 Server: Object 13:98 not found (message Type_468)
 9:48:17 Server: Object 13:99 not found (message Type_468)
 9:48:17 Server: Object 13:100 not found (message Type_468)
 9:48:17 Server: Object 13:101 not found (message Type_468)
 9:48:17 Server: Object 13:102 not found (message Type_468)
 9:48:17 Server: Object 13:104 not found (message Type_468)
 9:48:17 Server: Object 13:105 not found (message Type_468)
 9:48:17 Server: Object 13:106 not found (message Type_468)
 9:48:17 Server: Object 13:107 not found (message Type_468)
 9:48:17 Server: Object 13:108 not found (message Type_468)
 9:48:17 Server: Object 13:109 not found (message Type_468)
 9:48:17 Server: Object 13:110 not found (message Type_468)
 9:48:17 Server: Object 13:111 not found (message Type_468)
 9:48:17 Server: Object 13:112 not found (message Type_468)
 9:48:17 Server: Object 13:113 not found (message Type_468)
 9:48:17 Server: Object 13:114 not found (message Type_468)
 9:48:17 Server: Object 13:115 not found (message Type_468)
 9:48:17 Server: Object 13:116 not found (message Type_468)
 9:48:17 Server: Object 13:117 not found (message Type_468)
 9:48:17 Server: Object 13:118 not found (message Type_468)
 9:48:17 Client: Object 10:81 (type Type_100) not found.
 9:48:17 Client: Object 10:81 (type Type_468) not found.
 9:48:17 Client: Object 10:81 (type Type_99) not found.
 9:48:17 Server: Object 13:88 not found (message Type_468)
 9:48:17 Client: Object 13:88 (type Type_468) not found.
 9:48:28 Server: Object 10:99 not found (message Type_128)
 9:48:28 Server: Object 10:100 not found (message Type_128)
 9:48:28 Server: Object 10:101 not found (message Type_128)
 9:48:46 Server: Object 13:135 not found (message Type_468)
 9:48:46 Server: Object 13:123 not found (message Type_468)
 9:48:46 Server: Object 13:124 not found (message Type_468)
 9:48:46 Server: Object 13:125 not found (message Type_468)
 9:48:46 Server: Object 13:126 not found (message Type_468)
 9:48:46 Server: Object 13:127 not found (message Type_468)
 9:48:46 Server: Object 13:128 not found (message Type_468)
 9:48:46 Server: Object 13:129 not found (message Type_468)
 9:48:46 Server: Object 13:130 not found (message Type_468)
 9:48:46 Server: Object 13:131 not found (message Type_468)
 9:48:46 Server: Object 13:132 not found (message Type_468)
 9:48:46 Server: Object 13:133 not found (message Type_468)
 9:48:46 Server: Object 13:134 not found (message Type_468)
 9:48:46 Server: Object 13:136 not found (message Type_468)
 9:48:46 Server: Object 13:137 not found (message Type_468)
 9:48:46 Server: Object 13:138 not found (message Type_468)
 9:48:46 Server: Object 13:139 not found (message Type_468)
 9:48:46 Server: Object 13:140 not found (message Type_468)
 9:48:46 Server: Object 13:141 not found (message Type_468)
 9:48:46 Server: Object 13:142 not found (message Type_468)
 9:48:46 Server: Object 13:143 not found (message Type_468)
 9:48:46 Server: Object 13:144 not found (message Type_468)
 9:48:46 Server: Object 13:145 not found (message Type_468)
 9:48:46 Server: Object 13:146 not found (message Type_468)
 9:48:46 Server: Object 13:147 not found (message Type_468)
 9:48:46 Server: Object 13:148 not found (message Type_468)
 9:48:46 Server: Object 13:149 not found (message Type_468)
 9:48:46 Server: Object 13:150 not found (message Type_468)
 9:48:46 Server: Object 13:120 not found (message Type_468)
 9:48:46 Client: Object 13:120 (type Type_468) not found.
 9:49:27 Server: Object 13:167 not found (message Type_468)
 9:49:27 Server: Object 13:153 not found (message Type_468)
 9:49:27 Server: Object 13:154 not found (message Type_468)
 9:49:27 Server: Object 13:155 not found (message Type_468)
 9:49:27 Server: Object 13:156 not found (message Type_468)
 9:49:27 Server: Object 13:157 not found (message Type_468)
 9:49:27 Server: Object 13:158 not found (message Type_468)
 9:49:27 Server: Object 13:159 not found (message Type_468)
 9:49:27 Server: Object 13:160 not found (message Type_468)
 9:49:27 Server: Object 13:161 not found (message Type_468)
 9:49:27 Server: Object 13:162 not found (message Type_468)
 9:49:27 Server: Object 13:163 not found (message Type_468)
 9:49:27 Server: Object 13:164 not found (message Type_468)
 9:49:27 Server: Object 13:165 not found (message Type_468)
 9:49:27 Server: Object 13:166 not found (message Type_468)
 9:49:27 Server: Object 13:168 not found (message Type_468)
 9:49:27 Server: Object 13:169 not found (message Type_468)
 9:49:27 Server: Object 13:170 not found (message Type_468)
 9:49:27 Server: Object 13:171 not found (message Type_468)
 9:49:27 Server: Object 13:172 not found (message Type_468)
 9:49:27 Server: Object 13:173 not found (message Type_468)
 9:49:27 Server: Object 13:174 not found (message Type_468)
 9:49:27 Server: Object 13:175 not found (message Type_468)
 9:49:27 Server: Object 13:176 not found (message Type_468)
 9:49:27 Server: Object 13:177 not found (message Type_468)
 9:49:27 Server: Object 13:178 not found (message Type_468)
 9:49:27 Server: Object 13:179 not found (message Type_468)
 9:49:27 Server: Object 13:180 not found (message Type_468)
 9:49:27 Server: Object 13:181 not found (message Type_468)
 9:49:27 Server: Object 13:182 not found (message Type_468)
 9:49:27 Client: Object 10:104 (type Type_468) not found.
 9:49:27 Client: Object 10:104 (type Type_100) not found.
 9:49:27 Client: Object 10:104 (type Type_99) not found.
 9:49:27 Server: Object 13:152 not found (message Type_468)
 9:49:27 Client: Object 13:152 (type Type_468) not found.
 9:49:52 Server: Object 13:200 not found (message Type_468)
 9:49:52 Server: Object 13:185 not found (message Type_468)
 9:49:52 Server: Object 13:186 not found (message Type_468)
 9:49:52 Server: Object 13:187 not found (message Type_468)
 9:49:52 Server: Object 13:188 not found (message Type_468)
 9:49:52 Server: Object 13:189 not found (message Type_468)
 9:49:52 Server: Object 13:190 not found (message Type_468)
 9:49:52 Server: Object 13:191 not found (message Type_468)
 9:49:52 Server: Object 13:192 not found (message Type_468)
 9:49:52 Server: Object 13:193 not found (message Type_468)
 9:49:52 Server: Object 13:194 not found (message Type_468)
 9:49:52 Server: Object 13:195 not found (message Type_468)
 9:49:52 Server: Object 13:196 not found (message Type_468)
 9:49:52 Server: Object 13:197 not found (message Type_468)
 9:49:52 Server: Object 13:198 not found (message Type_468)
 9:49:52 Server: Object 13:199 not found (message Type_468)
 9:49:52 Server: Object 13:201 not found (message Type_468)
 9:49:52 Server: Object 13:202 not found (message Type_468)
 9:49:52 Server: Object 13:203 not found (message Type_468)
 9:49:52 Server: Object 13:204 not found (message Type_468)
 9:49:52 Server: Object 13:205 not found (message Type_468)
 9:49:52 Server: Object 13:206 not found (message Type_468)
 9:49:52 Server: Object 13:207 not found (message Type_468)
 9:49:52 Server: Object 13:208 not found (message Type_468)
 9:49:52 Server: Object 13:209 not found (message Type_468)
 9:49:52 Server: Object 13:210 not found (message Type_468)
 9:49:52 Server: Object 13:211 not found (message Type_468)
 9:49:52 Server: Object 13:212 not found (message Type_468)
 9:49:52 Server: Object 13:213 not found (message Type_468)
 9:49:52 Server: Object 13:214 not found (message Type_468)
 9:49:52 Client: Object 10:107 (type Type_100) not found.
 9:49:52 Client: Object 10:107 (type Type_99) not found.
 9:49:52 Client: Object 10:107 (type Type_468) not found.
 9:49:52 Server: Object 13:184 not found (message Type_468)
 9:49:52 Client: Object 13:184 (type Type_468) not found.
10:20:33 Error: Bone slot_backwpnl doesn't exist in skeleton OFP2_ManSkeleton
10:20:33 Error: Bone slot_backwpnr doesn't exist in skeleton OFP2_ManSkeleton
10:20:33 Error: Bone slot_backpack doesn't exist in skeleton OFP2_ManSkeleton
10:20:33 Error: Bone slot_buttpack doesn't exist in skeleton OFP2_ManSkeleton
10:20:33 Error: Bone slot_patrolwpn doesn't exist in skeleton OFP2_ManSkeleton
10:24:55 Setting invalid pitch 0.0000 for L Charlie 2-5:1 REMOTE
10:24:58 Setting invalid pitch 0.0000 for L Charlie 2-5:1 REMOTE
10:24:58 Server: Object 18:17 not found (message Type_325)
10:24:58 Server: Object 18:18 not found (message Type_284)
10:24:58 Unit 18:18 not found, cannot update
10:40:13 Server: Object 18:27 not found (message Type_100)
10:40:32 Server: Object 18:50 not found (message Type_468)
10:40:32 Server: Object 18:79 not found (message Type_100)
10:40:32 Server: Object 18:80 not found (message Type_128)
10:40:32 Server: Object 18:81 not found (message Type_128)
10:40:32 Server: Object 18:82 not found (message Type_128)
10:40:32 Server: Object 18:83 not found (message Type_128)
10:40:32 Server: Object 18:53 not found (message Type_100)
10:40:32 Server: Object 18:49 not found (message Type_128)
10:40:32 Server: Object 18:51 not found (message Type_128)
10:40:32 Server: Object 18:52 not found (message Type_128)
10:40:32 Server: Object 18:66 not found (message Type_128)
10:40:32 Server: Object 18:54 not found (message Type_128)
10:40:32 Server: Object 18:55 not found (message Type_128)
10:40:32 Server: Object 18:56 not found (message Type_128)
10:40:32 Server: Object 18:57 not found (message Type_128)
10:40:32 Server: Object 18:58 not found (message Type_128)
10:40:32 Server: Object 18:59 not found (message Type_128)
10:40:32 Server: Object 18:60 not found (message Type_128)
10:40:32 Server: Object 18:61 not found (message Type_128)
10:40:32 Server: Object 18:62 not found (message Type_128)
10:40:32 Server: Object 18:63 not found (message Type_128)
10:40:32 Server: Object 18:64 not found (message Type_128)
10:40:32 Server: Object 18:65 not found (message Type_128)
10:40:32 Server: Object 18:72 not found (message Type_100)
10:40:32 Server: Object 18:67 not found (message Type_128)
10:40:32 Server: Object 18:68 not found (message Type_128)
10:40:32 Server: Object 18:69 not found (message Type_128)
10:40:32 Server: Object 18:70 not found (message Type_128)
10:40:32 Server: Object 18:71 not found (message Type_128)
10:40:32 Server: Object 18:75 not found (message Type_468)
10:40:32 Server: Object 18:73 not found (message Type_128)
10:40:32 Server: Object 18:74 not found (message Type_128)
10:40:32 Server: Object 18:77 not found (message Type_100)
10:40:32 Server: Object 18:76 not found (message Type_128)
10:40:32 Server: Object 18:78 not found (message Type_128)
10:40:41 Server: Object 18:104 not found (message Type_128)
10:40:41 Server: Object 18:105 not found (message Type_128)
10:40:41 Server: Object 18:106 not found (message Type_128)
10:40:41 Server: Object 18:107 not found (message Type_128)
10:40:41 Server: Object 18:108 not found (message Type_128)
10:40:41 Server: Object 18:109 not found (message Type_128)
10:40:41 Server: Object 18:110 not found (message Type_128)
10:40:41 Server: Object 18:111 not found (message Type_128)
10:40:41 Server: Object 18:112 not found (message Type_128)
10:40:41 Server: Object 18:113 not found (message Type_128)
10:40:41 Server: Object 18:114 not found (message Type_128)
10:40:41 Server: Object 18:115 not found (message Type_128)
10:40:41 Server: Object 18:116 not found (message Type_128)
10:40:41 Server: Object 18:117 not found (message Type_128)
10:40:41 Server: Object 18:118 not found (message Type_128)
10:40:41 Server: Object 18:119 not found (message Type_128)
10:54:33 Server: Object 18:126 not found (message Type_121)
10:55:29 "TFAR_RadioRequestEvent [[""TFAR_anprc152""],B Bravo 2-4:1 REMOTE] 12400.3"
10:55:29 "Send TFAR_RadioRequestResponseEvent [10] 12400.3"
11:02:52 "TFAR_RadioRequestEvent [[""TFAR_anprc152""],di2] 12842.9"
11:02:52 "Send TFAR_RadioRequestResponseEvent [11] 12842.9"
11:02:53 "TFAR_RadioRequestEvent [[""TFAR_anprc152""],B Bravo 1-5:1 (SPC A.Sapp) REMOTE] 12844.1"
11:02:53 "Send TFAR_RadioRequestResponseEvent [12] 12844.1"
11:03:17 "TFAR_RadioRequestEvent [[""TFAR_anprc152""],B Bravo 1-5:1 (SPC A.Sapp) REMOTE] 12868.1"
11:03:17 "Send TFAR_RadioRequestResponseEvent [13] 12868.1"
11:03:33 Client: Remote object 18:0 not found
11:04:07 "TFAR_RadioRequestEvent [[""TFAR_anprc152""],ds3] 12917.6"
11:04:07 "Send TFAR_RadioRequestResponseEvent [14] 12917.6"
11:09:52 "TFAR_RadioRequestEvent [[""TFAR_anprc152""],di2] 13262.9"
11:09:52 "Send TFAR_RadioRequestResponseEvent [15] 13262.9"
11:09:59 Client: Remote object 8:0 not found
11:10:03 Warning: Cleanup player - person 2:5422 not found
11:11:05 "TFAR_RadioRequestEvent [[""TFAR_anprc152""],B Bravo 1-5:1 (SPC A.Sapp) REMOTE] 13336.1"
11:11:05 "Send TFAR_RadioRequestResponseEvent [16] 13336.1"
11:19:29 Statistics manager took 21 ms
11:19:56 Client: Remote object 17:0 not found
11:20:04 Client: Remote object 13:0 not found
11:20:18 Client: Remote object 10:0 not found
11:20:20 Client: Remote object 8:188 not found
11:20:25 Warning: Cleanup player - person 10:152 not found
11:20:27 Warning: Cleanup player - person 10:152 not found
11:20:58 Warning: Cleanup player - person 8:9 not found
11:21:02 Warning: Cleanup player - person 8:9 not found
11:21:06 Client: Remote object 15:0 not found
11:21:07 Client: Remote object 18:133 not found
11:21:29 Client: Remote object 9:0 not found
11:21:33 Warning: Cleanup player - person 2:5428 not found
11:21:46 Server: SetServerState to MISSION ABORTED
11:21:46 Warning: Cleanup player - person 2:5070 not found
11:21:46 Server: SetServerState to SELECTING MISSION
11:21:46 EPE manager release (0|66|0)
11:21:46 Mission Zeus_Kunduz_River.kunduz_valley: Missing 'description.ext::Header'
11:21:46 Server: SetServerState to ASSIGNING ROLES
11:21:49 Voted admin logged out, player: SPC P.MacTavish, playerUID: 76561198176499965, IP: 10.5.0.2:2304.
11:21:49 Server: SetServerState to SELECTING MISSION
11:24:49 Mission Zeus_Kunduz_River.kunduz_valley: Missing 'description.ext::Header'
11:24:49 Server: SetServerState to ASSIGNING ROLES
11:24:51 Server error: Player without identity PV2 M.Mainu (id 642060243)
11:24:51 Server error: Player without identity PV2 M.Mainu (id 642060243)
11:24:51 Server error: Player without identity PV2 M.Mainu (id 642060243)
11:24:51 Server error: Player without identity PV2 M.Mainu (id 642060243)
11:24:51 Server error: Player without identity PV2 M.Mainu (id 642060243)
11:24:51 Server error: Player without identity PV2 M.Mainu (id 642060243)
11:24:51 Server error: Player without identity PV2 M.Mainu (id 642060243)
11:24:51 Server error: Player without identity PV2 M.Mainu (id 642060243)
11:24:51 Server error: Player without identity PV2 M.Mainu (id 642060243)
11:24:51 Server error: Player without identity PV2 M.Mainu (id 642060243)
11:24:51 Server error: Player without identity PV2 M.Mainu (id 642060243)
11:24:51 Server error: Player without identity PV2 M.Mainu (id 642060243)
11:24:51 Server error: Player without identity PV2 M.Mainu (id 642060243)
11:24:51 Server error: Player without identity PV2 M.Mainu (id 642060243)
11:24:51 Server error: Player without identity PV2 M.Mainu (id 642060243)
11:24:51 Server error: Player without identity PV2 M.Mainu (id 642060243)
11:24:51 Server error: Player without identity PV2 M.Mainu (id 642060243)
11:24:51 Server error: Player without identity PV2 M.Mainu (id 642060243)
11:24:51 Server error: Player without identity PV2 M.Mainu (id 642060243)
11:24:51 Server error: Player without identity PV2 M.Mainu (id 642060243)
11:24:51 Server error: Player without identity PV2 M.Mainu (id 642060243)
11:24:51 Server error: Player without identity PV2 M.Mainu (id 642060243)
11:24:51 Server error: Player without identity PV2 M.Mainu (id 642060243)
11:24:51 Server error: Player without identity PV2 M.Mainu (id 642060243)
11:24:51 Server error: Player without identity PV2 M.Mainu (id 642060243)
11:24:51 Server error: Player without identity PV2 M.Mainu (id 642060243)
11:24:51 Server error: Player without identity PV2 M.Mainu (id 642060243)
11:24:51 Server error: Player without identity PV2 M.Mainu (id 642060243)
11:24:51 Server error: Player without identity PV2 M.Mainu (id 642060243)
11:24:51 Server error: Player without identity PV2 M.Mainu (id 642060243)
11:24:51 Server error: Player without identity PV2 M.Mainu (id 642060243)
11:24:51 Server error: Player without identity PV2 M.Mainu (id 642060243)
11:24:51 Server error: Player without identity PV2 M.Mainu (id 642060243)
11:24:51 Server error: Player without identity PV2 M.Mainu (id 642060243)
11:24:51 Server error: Player without identity PV2 M.Mainu (id 642060243)
11:24:51 Server error: Player without identity PV2 M.Mainu (id 642060243)
11:24:51 Server error: Player without identity PV2 M.Mainu (id 642060243)
11:24:51 Server error: Player without identity PV2 M.Mainu (id 642060243)
11:24:51 Server error: Player without identity PV2 M.Mainu (id 642060243)
11:24:51 Server error: Player without identity PV2 M.Mainu (id 642060243)
11:24:51 Server error: Player without identity PV2 M.Mainu (id 642060243)
11:24:51 Server error: Player without identity PV2 M.Mainu (id 642060243)
11:24:51 Server error: Player without identity PV2 M.Mainu (id 642060243)
11:24:52 Server error: Player without identity PV2 M.Mainu (id 642060243)
11:24:52 Server error: Player without identity PV2 M.Mainu (id 642060243)
11:24:52 Server error: Player without identity PV2 M.Mainu (id 642060243)
11:24:52 Server error: Player without identity PV2 M.Mainu (id 642060243)
11:24:52 Server error: Player without identity PV2 M.Mainu (id 642060243)
11:24:52 Warning: Wrong data in squad.xml for Player[PV2 M.Mainu], Squad[https://3rdinf.us/squad.xml]
11:24:52 Server error: Player without identity PV2 M.Mainu (id 642060243)
11:24:52 Server error: Player without identity PV2 M.Mainu (id 642060243)
11:24:52 Server error: Player without identity PV2 M.Mainu (id 642060243)
11:24:52 Server error: Player without identity PV2 M.Mainu (id 642060243)
11:24:52 Server error: Player without identity PV2 M.Mainu (id 642060243)
11:24:52 Server error: Player without identity PV2 M.Mainu (id 642060243)
11:24:52 Server error: Player without identity PV2 M.Mainu (id 642060243)
11:24:52 Server error: Player without identity PV2 M.Mainu (id 642060243)
11:24:52 Server error: Player without identity PV2 M.Mainu (id 642060243)
11:24:52 Server error: Player without identity PV2 M.Mainu (id 642060243)
11:24:52 Server error: Player without identity PV2 M.Mainu (id 642060243)
11:24:52 Server error: Player without identity PV2 M.Mainu (id 642060243)
11:24:52 Server error: Player without identity PV2 M.Mainu (id 642060243)
11:24:52 Server error: Player without identity PV2 M.Mainu (id 642060243)
11:24:52 Server error: Player without identity PV2 M.Mainu (id 642060243)
11:24:52 Server error: Player without identity PV2 M.Mainu (id 642060243)
11:24:52 Server error: Player without identity PV2 M.Mainu (id 642060243)
11:24:52 Server error: Player without identity PV2 M.Mainu (id 642060243)
11:24:52 Server error: Player without identity PV2 M.Mainu (id 642060243)
11:24:52 Server error: Player without identity PV2 M.Mainu (id 642060243)
11:24:52 Server error: Player without identity PV2 M.Mainu (id 642060243)
11:24:52 Server error: Player without identity PV2 M.Mainu (id 642060243)
11:24:52 Server error: Player without identity PV2 M.Mainu (id 642060243)
11:24:52 Server error: Player without identity PV2 M.Mainu (id 642060243)
11:25:27 Slow network for player name='PV2 M.Mainu' ID=642060243, steamID=76561199200128375. Ping too high (289/ 200 ms)
11:25:42 Server: SetServerState to SENDING MISSION
11:25:42 Server: SetServerState to LOADING GAME
11:25:42 Starting mission:
11:25:42  Mission file: Zeus_Kunduz_River (__cur_mp)
11:25:42  Mission world: kunduz_valley
11:25:42  Mission directory: mpmissions\__cur_mp.kunduz_valley\
11:25:44 No more slot to add connection at 048060 (4855.1,6051.4)
11:25:44 No more slot to add connection at 089034 (8999.2,3411.0)
11:25:44 No more slot to add connection at 096060 (9639.0,6021.3)
11:25:44 ca\misc_e\powgen_big_ep1.p3d: house, config class missing
11:25:44 ca\misc_e\powgen_big_ep1.p3d: house, config class missing
11:25:44 ca\misc_e\powgen_big_ep1.p3d: house, config class missing
11:25:44 ca\misc_e\powgen_big_ep1.p3d: house, config class missing
11:25:44 ca\misc_e\powgen_big_ep1.p3d: house, config class missing
11:25:44 ca\misc_e\powgen_big_ep1.p3d: house, config class missing
11:25:44 ca\misc_e\powgen_big_ep1.p3d: house, config class missing
11:25:44 ca\misc_e\powgen_big_ep1.p3d: house, config class missing
11:25:44 ca\misc_e\camonet_east_var1_ep1.p3d: house, config class missing
11:25:44 ca\misc_e\powgen_big_ep1.p3d: house, config class missing
11:25:44 ca\misc_e\powgen_big_ep1.p3d: house, config class missing
11:25:44 ca\misc_e\camonet_east_var1_ep1.p3d: house, config class missing
11:25:44 ca\misc_e\powgen_big_ep1.p3d: house, config class missing
11:25:44 ca\misc_e\powgen_big_ep1.p3d: house, config class missing
11:25:44 ca\misc_e\powgen_big_ep1.p3d: house, config class missing
11:25:44 [CBA] (xeh) INFO: [660759,14215.1,0] PreInit started. v3.18.4.250711
11:25:44 [CBA] (xeh) WARNING: One or more children of class CAManBase do not support Extended Event Handlers. Fall back to loop.
11:25:44 [CBA] (settings) INFO: Reading settings from settings file.
11:25:44 [CBA] (settings) INFO: Finished reading settings from settings file.
11:25:44 [ACE] (common) INFO: Parsed Settings Configs [0.0 ms]
11:25:44 Attempt to override final function - ace_medical_engine_fnc_updatedamageeffects
11:25:44 Attempt to override final function - ace_medical_status_fnc_addmedicationadjustment
11:25:44 Attempt to override final function - ace_medical_status_fnc_getbloodpressure
11:25:44 Attempt to override final function - ace_medical_status_fnc_hasstablevitals
11:25:44 Attempt to override final function - ace_medical_vitals_fnc_handleunitvitals
11:25:44 Attempt to override final function - ace_medical_vitals_fnc_updateheartrate
11:25:45 Attempt to override final function - ace_dogtags_fnc_cancheckdogtag
11:25:45 Attempt to override final function - ace_dogtags_fnc_getdogtagdata
11:25:45 Attempt to override final function - ace_dragging_fnc_carryobject
11:25:45 Attempt to override final function - ace_dragging_fnc_handleunconscious
11:25:45 Attempt to override final function - ace_medical_fnc_setunconscious
11:25:45 Attempt to override final function - ace_medical_statemachine_fnc_conditionexecutiondeath
11:25:45 Attempt to override final function - ace_medical_statemachine_fnc_conditionsecondchance
11:25:45 Attempt to override final function - ace_medical_treatment_fnc_cprsuccess
11:25:45 Attempt to override final function - ace_medical_treatment_fnc_cprlocal
11:25:45 Attempt to override final function - ace_medical_treatment_fnc_medicationlocal
11:25:45 Attempt to override final function - ace_medical_treatment_fnc_tourniquetremove
11:25:45 Attempt to override final function - ace_medical_treatment_fnc_treatment
11:25:45 Attempt to override final function - ace_medical_treatment_fnc_treatmentsuccess
11:25:45 Attempt to override final function - ace_medical_treatment_fnc_useitem
11:25:45 Attempt to override final function - ace_medical_gui_fnc_menupfh
11:25:45 Attempt to override final function - ace_medical_gui_fnc_onmenuclose
11:25:45 Attempt to override final function - ace_medical_gui_fnc_onmenuopen
11:25:45 Attempt to override final function - ace_medical_gui_fnc_updatebodyimage
11:25:45 Attempt to override final function - ace_medical_gui_fnc_updatecategories
11:25:45 Attempt to override final function - ace_medical_gui_fnc_updateinjurylist
11:25:45 [CBA] (xeh) INFO: [660759,14215.5,0] PreInit finished.
11:25:46 Attempt to override final function - bis_fnc_storeparamsvalues_data
11:25:46 Server: Object 2:5564 not found (message Type_128)
11:25:46 Error: Object(2 : 5564) not found
11:25:46 Server: Object 2:5564 not found (message Type_100)
11:25:46 Server: Object 2:5564 not found (message Type_168)
11:25:46 Server: Object 2:5564 not found (message Type_468)
11:25:46 Server: Object 2:5565 not found (message Type_128)
11:25:46 Error: Object(2 : 5565) not found
11:25:46 Server: Object 2:5565 not found (message Type_100)
11:25:46 Server: Object 2:5565 not found (message Type_168)
11:25:46 Server: Object 2:5565 not found (message Type_468)
11:25:46 Server: Object 2:5569 not found (message Type_128)
11:25:46 Error: Object(2 : 5569) not found
11:25:46 Server: Object 2:5569 not found (message Type_100)
11:25:46 Server: Object 2:5569 not found (message Type_168)
11:25:46 Server: Object 2:5569 not found (message Type_468)
11:25:46 Server: Object 2:5570 not found (message Type_128)
11:25:46 Error: Object(2 : 5570) not found
11:25:46 Server: Object 2:5570 not found (message Type_100)
11:25:46 Server: Object 2:5570 not found (message Type_168)
11:25:46 Server: Object 2:5570 not found (message Type_468)
11:25:46 Server: Object 2:5574 not found (message Type_128)
11:25:46 Error: Object(2 : 5574) not found
11:25:46 Server: Object 2:5574 not found (message Type_100)
11:25:46 Server: Object 2:5574 not found (message Type_168)
11:25:46 Server: Object 2:5574 not found (message Type_468)
11:25:46 Server: Object 2:5575 not found (message Type_128)
11:25:46 Error: Object(2 : 5575) not found
11:25:46 Server: Object 2:5575 not found (message Type_100)
11:25:46 Server: Object 2:5575 not found (message Type_168)
11:25:46 Server: Object 2:5575 not found (message Type_468)
11:25:46 Server: Object 2:5579 not found (message Type_128)
11:25:46 Error: Object(2 : 5579) not found
11:25:46 Server: Object 2:5579 not found (message Type_100)
11:25:46 Server: Object 2:5579 not found (message Type_168)
11:25:46 Server: Object 2:5579 not found (message Type_468)
11:25:46 Server: Object 2:5580 not found (message Type_128)
11:25:46 Error: Object(2 : 5580) not found
11:25:46 Server: Object 2:5580 not found (message Type_100)
11:25:46 Server: Object 2:5580 not found (message Type_168)
11:25:46 Server: Object 2:5580 not found (message Type_468)
11:25:46 Server: Object 2:5584 not found (message Type_128)
11:25:46 Error: Object(2 : 5584) not found
11:25:46 Server: Object 2:5584 not found (message Type_100)
11:25:46 Server: Object 2:5584 not found (message Type_168)
11:25:46 Server: Object 2:5584 not found (message Type_468)
11:25:46 Server: Object 2:5585 not found (message Type_128)
11:25:46 Error: Object(2 : 5585) not found
11:25:46 Server: Object 2:5585 not found (message Type_100)
11:25:46 Server: Object 2:5585 not found (message Type_168)
11:25:46 Server: Object 2:5585 not found (message Type_468)
11:25:46 Server: Object 2:5589 not found (message Type_128)
11:25:46 Error: Object(2 : 5589) not found
11:25:46 Server: Object 2:5589 not found (message Type_100)
11:25:46 Server: Object 2:5589 not found (message Type_168)
11:25:46 Server: Object 2:5589 not found (message Type_468)
11:25:46 Server: Object 2:5590 not found (message Type_128)
11:25:46 Error: Object(2 : 5590) not found
11:25:46 Server: Object 2:5590 not found (message Type_100)
11:25:46 Server: Object 2:5590 not found (message Type_168)
11:25:46 Server: Object 2:5590 not found (message Type_468)
11:25:46 Server: Object 2:5594 not found (message Type_128)
11:25:46 Error: Object(2 : 5594) not found
11:25:46 Server: Object 2:5594 not found (message Type_100)
11:25:46 Server: Object 2:5594 not found (message Type_168)
11:25:46 Server: Object 2:5594 not found (message Type_468)
11:25:46 Server: Object 2:5595 not found (message Type_128)
11:25:46 Error: Object(2 : 5595) not found
11:25:46 Server: Object 2:5595 not found (message Type_100)
11:25:46 Server: Object 2:5595 not found (message Type_168)
11:25:46 Server: Object 2:5595 not found (message Type_468)
11:25:46 Server: Object 2:5599 not found (message Type_128)
11:25:46 Error: Object(2 : 5599) not found
11:25:46 Server: Object 2:5599 not found (message Type_100)
11:25:46 Server: Object 2:5599 not found (message Type_168)
11:25:46 Server: Object 2:5599 not found (message Type_468)
11:25:46 Server: Object 2:5600 not found (message Type_128)
11:25:46 Error: Object(2 : 5600) not found
11:25:46 Server: Object 2:5600 not found (message Type_100)
11:25:46 Server: Object 2:5600 not found (message Type_168)
11:25:46 Server: Object 2:5600 not found (message Type_468)
11:25:46 Server: Object 2:5604 not found (message Type_128)
11:25:46 Error: Object(2 : 5604) not found
11:25:46 Server: Object 2:5604 not found (message Type_100)
11:25:46 Server: Object 2:5604 not found (message Type_168)
11:25:46 Server: Object 2:5604 not found (message Type_468)
11:25:46 Server: Object 2:5605 not found (message Type_128)
11:25:46 Error: Object(2 : 5605) not found
11:25:46 Server: Object 2:5605 not found (message Type_100)
11:25:46 Server: Object 2:5605 not found (message Type_168)
11:25:46 Server: Object 2:5605 not found (message Type_468)
11:25:46 Server: Object 2:5609 not found (message Type_128)
11:25:46 Error: Object(2 : 5609) not found
11:25:46 Server: Object 2:5609 not found (message Type_100)
11:25:46 Server: Object 2:5609 not found (message Type_168)
11:25:46 Server: Object 2:5609 not found (message Type_468)
11:25:46 Server: Object 2:5610 not found (message Type_128)
11:25:46 Error: Object(2 : 5610) not found
11:25:46 Server: Object 2:5610 not found (message Type_100)
11:25:46 Server: Object 2:5610 not found (message Type_168)
11:25:46 Server: Object 2:5610 not found (message Type_468)
11:25:46 Server: Object 2:5614 not found (message Type_128)
11:25:46 Error: Object(2 : 5614) not found
11:25:46 Server: Object 2:5614 not found (message Type_100)
11:25:46 Server: Object 2:5614 not found (message Type_168)
11:25:46 Server: Object 2:5614 not found (message Type_468)
11:25:46 Server: Object 2:5615 not found (message Type_128)
11:25:46 Error: Object(2 : 5615) not found
11:25:46 Server: Object 2:5615 not found (message Type_100)
11:25:46 Server: Object 2:5615 not found (message Type_168)
11:25:46 Server: Object 2:5615 not found (message Type_468)
11:25:46 Server: Object 2:5619 not found (message Type_128)
11:25:46 Error: Object(2 : 5619) not found
11:25:46 Server: Object 2:5619 not found (message Type_100)
11:25:46 Server: Object 2:5619 not found (message Type_168)
11:25:46 Server: Object 2:5619 not found (message Type_468)
11:25:46 Server: Object 2:5620 not found (message Type_128)
11:25:46 Error: Object(2 : 5620) not found
11:25:46 Server: Object 2:5620 not found (message Type_100)
11:25:46 Server: Object 2:5620 not found (message Type_168)
11:25:46 Server: Object 2:5620 not found (message Type_468)
11:25:46 d:\Bis\Source\Profile\Futura\lib\Network\networkServer.cpp NetworkServer::OnClientStateChanged:NOT IMPLEMENTED - briefing!
11:25:46 Server: SetServerState to BRIEFING
11:25:57 Slow network for player name='PV2 M.Mainu' ID=642060243, steamID=76561199200128375. Ping too high (289/ 200 ms)
11:26:01 "Advanced Sling Loading Loading..."
11:26:01 "Advanced Sling Loading Loaded"
11:26:01 [CBA] (xeh) INFO: [660966,14232.2,0] PostInit started. MISSIONINIT: missionName=Zeus_Kunduz_River, missionVersion=54, worldName=kunduz_valley, isMultiplayer=true, isServer=true, isDedicated=true, CBA_isHeadlessClient=false, hasInterface=false, didJIP=false
11:26:01 [CBA] (versioning) INFO: [660966,14232.3,0] VERSIONING:cba=3.18.4.250711, zen=1.15.1.36, ace=3.20.0.104, tfar=1.-1.0.334, ctab=2.3.0.0, kat=3.1.2, zeus_additions=1.6.10.0
11:26:02 [ACE] (common) INFO: ACE is version 3.20.0.104 - CBA is version 3.18.4.250711 (min required 3.18.2)
11:26:02 [ZEUS_ADDITIONS] (main) INFO: PostInit: didJIP: false - Functions sent: false
11:26:02 [CBA] (xeh) INFO: [660966,14232.6,0] PostInit finished.
11:26:02 [ZEUS_ADDITIONS] (main) INFO: Init: Net mode: DedicatedServer - ZEUS_ADDITIONS loaded: true - clientOwner 2
11:26:02 [ACE] (common) INFO: Settings initialized.
11:26:02 [ACE] (common) INFO: 1 delayed functions running.
11:26:02 [ACE] (refuel) WARNING: World kunduz_valley: ace_refuel_positions is not configured; can load slower
11:26:02 ca\misc_e\camonet_east_var1_ep1.p3d: house, config class missing
11:26:02 ca\misc_e\camonet_east_var1_ep1.p3d: house, config class missing
11:26:02 ca\misc_e\camonet_east_var1_ep1.p3d: house, config class missing
11:26:02 ca\misc_e\camonet_east_var1_ep1.p3d: house, config class missing
11:26:02 ca\misc_e\camonet_east_var1_ep1.p3d: house, config class missing
11:26:02 ca\misc_e\camonet_east_var1_ep1.p3d: house, config class missing
11:26:02 ca\misc_e\camonet_east_var1_ep1.p3d: house, config class missing
11:26:02 ca\misc_e\camonet_east_var1_ep1.p3d: house, config class missing
11:26:02 ca\misc_e\camonet_east_var1_ep1.p3d: house, config class missing
11:26:02 ca\misc_e\camonet_east_var1_ep1.p3d: house, config class missing
11:26:02 ca\misc_e\camonet_east_var1_ep1.p3d: house, config class missing
11:26:02 ca\misc_e\camonet_east_var1_ep1.p3d: house, config class missing
11:26:02 ca\misc_e\camonet_east_var1_ep1.p3d: house, config class missing
11:26:02 ca\misc_e\camonet_east_var1_ep1.p3d: house, config class missing
11:26:02 ca\misc_e\camonet_east_var1_ep1.p3d: house, config class missing
11:26:03 ca\misc_e\camonet_east_var1_ep1.p3d: house, config class missing
11:26:03 ca\misc_e\camonet_nato_var1_ep1.p3d: house, config class missing
11:26:25 Server: SetServerState to PLAYING
11:26:25  Mission id: e6c5e7fb2d14ddd9ffbfd41792d4e3e1c1064755
11:26:27 Slow network for player name='PV2 M.Mainu' ID=642060243, steamID=76561199200128375. Ping too high (288/ 200 ms)
11:26:35 "TFAR_RadioRequestEvent [[""ItemRadio""],B Alpha 2-4:1 (PV2 M.Mainu) REMOTE] 14266"
11:26:35 "Send TFAR_RadioRequestResponseEvent [1] 14266"
11:26:42 "TFAR_RadioRequestEvent [[""ItemRadio""],bis_o2_6007] 14273.1"
11:26:42 "Send TFAR_RadioRequestResponseEvent [2] 14273.1"
11:26:57 Slow network for player name='PV2 M.Mainu' ID=642060243, steamID=76561199200128375. Ping too high (288/ 200 ms)
11:27:27 Slow network for player name='PV2 M.Mainu' ID=642060243, steamID=76561199200128375. Ping too high (290/ 200 ms)
11:27:51 "TFAR_RadioRequestEvent [[""TFAR_anprc152""],bis_o2_6007] 14342.1"
11:27:51 "Send TFAR_RadioRequestResponseEvent [3] 14342.1"
11:27:57 Slow network for player name='PV2 M.Mainu' ID=642060243, steamID=76561199200128375. Ping too high (289/ 200 ms)
11:28:15 Slow network for player name='PV2 M.Mainu' ID=642060243, steamID=76561199200128375. Ping too high (289/ 200 ms)
11:28:41 "TFAR_RadioRequestEvent [[""ItemRadio""],B Alpha 2-4:2 (SPC D.Hayes) REMOTE] 14392.3"
11:28:41 "Send TFAR_RadioRequestResponseEvent [1] 14392.3"
11:28:44 Warning: Wrong data in squad.xml for Player[SPC J.Nicholas], Squad[https://3rdinf.us/squad.xml]
11:28:45 Slow network for player name='PV2 M.Mainu' ID=642060243, steamID=76561199200128375. Ping too high (289/ 200 ms)
11:28:49 "TFAR_RadioRequestEvent [[""ItemRadio""],bis_o19_23] 14399.5"
11:28:49 "Send TFAR_RadioRequestResponseEvent [2] 14399.5"
11:29:02 Slow network for player name='PV2 M.Mainu' ID=642060243, steamID=76561199200128375. Ping too high (290/ 200 ms)
11:29:13 Warning: x\kat\addons\misc\models\armband\armband.p3d:1, vertex: 18, sum of weights is 50, should be 100 
11:29:13 Warning: x\kat\addons\misc\models\armband\armband.p3d:1, vertex: 18, sum of weights is 50, should be 100 
11:29:13 Subskeleton index out of range. There seems to be a SubSkeleton index that is greater than the number of sub skeletons, this should not be happening. Please report it with reproduction steps/files.
11:29:13 Warnings in x\kat\addons\misc\models\armband\armband.p3d:1
11:29:13 Warning: x\kat\addons\misc\models\armband\armband.p3d:VIEW_PILOT, vertex: 18, sum of weights is 50, should be 100 
11:29:13 Warning: x\kat\addons\misc\models\armband\armband.p3d:VIEW_PILOT, vertex: 18, sum of weights is 50, should be 100 
11:29:13 Subskeleton index out of range. There seems to be a SubSkeleton index that is greater than the number of sub skeletons, this should not be happening. Please report it with reproduction steps/files.
11:29:13 Warnings in x\kat\addons\misc\models\armband\armband.p3d:VIEW_PILOT
11:29:13 Subskeleton index out of range. There seems to be a SubSkeleton index that is greater than the number of sub skeletons, this should not be happening. Please report it with reproduction steps/files.
11:29:13 Warnings in x\kat\addons\misc\models\armband\armband.p3d:geometry
11:29:16 soldier[rhsusf_army_ocp_arb_maaws]:Some of magazines weren't stored in soldier Vest or Uniform?
11:29:16 soldier[rhsusf_army_ocp_arb_maaws]:Some of magazines weren't stored in soldier Vest or Uniform?
11:29:17 "TFAR_RadioRequestEvent [[""TFAR_anprc152""],bis_o19_23] 14428.3"
11:29:17 "Send TFAR_RadioRequestResponseEvent [4] 14428.3"
11:29:21 "TFAR_RadioRequestEvent [[""ItemRadio""],B Alpha 1-6:1 (SPC J.Nicholas) REMOTE] 14431.9"
11:29:21 "Send TFAR_RadioRequestResponseEvent [5] 14431.9"
11:29:29 "TFAR_RadioRequestEvent [[""ItemRadio""],bis_o2_6213] 14440.1"
11:29:29 "Send TFAR_RadioRequestResponseEvent [6] 14440.1"
11:29:29 Slow network for player name='PV2 M.Mainu' ID=642060243, steamID=76561199200128375. Ping too high (289/ 200 ms)
11:29:38 "TFAR_RadioRequestEvent [[""ItemRadio""],B Alpha 1-3:1 (SPC L.Meadows) REMOTE] 14449"
11:29:38 "Send TFAR_RadioRequestResponseEvent [7] 14449"
11:29:42 Error: Bone slot_backwpnl doesn't exist in skeleton OFP2_ManSkeleton
11:29:42 Error: Bone slot_backwpnr doesn't exist in skeleton OFP2_ManSkeleton
11:29:42 Error: Bone slot_backpack doesn't exist in skeleton OFP2_ManSkeleton
11:29:42 Error: Bone slot_buttpack doesn't exist in skeleton OFP2_ManSkeleton
11:29:42 Error: Bone slot_patrolwpn doesn't exist in skeleton OFP2_ManSkeleton
11:29:43 "TFAR_RadioRequestEvent [[""TFAR_anprc152""],bis_o2_6213] 14453.8"
11:29:43 "Send TFAR_RadioRequestResponseEvent [8] 14453.8"
11:29:48 "TFAR_RadioRequestEvent [[""ItemRadio""],B Alpha 1-6:2 (SPC S.Peche) REMOTE] 14458.4"
11:29:48 "Send TFAR_RadioRequestResponseEvent [3] 14458.4"
11:29:49 Server: Object 24:6 not found (message Type_128)
11:29:54 Server: Object 20:6 not found (message Type_100)
11:29:54 "TFAR_RadioRequestEvent [[""ItemRadio""],bis_o22_14] 14465.2"
11:29:54 "Send TFAR_RadioRequestResponseEvent [4] 14465.2"
11:29:55 "TFAR_RadioRequestEvent [[""ItemRadio""],B Alpha 2-1:1 (SPC N.McEnheimer) REMOTE] 14466"
11:29:55 "Send TFAR_RadioRequestResponseEvent [9] 14466"
11:29:59 "TFAR_RadioRequestEvent [[""ItemRadio""],bis_o2_6219] 14469.8"
11:29:59 "Send TFAR_RadioRequestResponseEvent [10] 14469.8"
11:29:59 Slow network for player name='PV2 M.Mainu' ID=642060243, steamID=76561199200128375. Ping too high (288/ 200 ms)
11:30:02 "TFAR_RadioRequestEvent [[""ItemRadio""],a12] 14472.4"
11:30:02 "Send TFAR_RadioRequestResponseEvent [11] 14472.4"
11:30:02 "TFAR_RadioRequestEvent [[""ItemRadio""],a12] 14472.5"
11:30:02 "Send TFAR_RadioRequestResponseEvent [12] 14472.5"
11:30:05 "TFAR_RadioRequestEvent [[""ItemRadio""],bis_o2_6229] 14476.1"
11:30:05 "Send TFAR_RadioRequestResponseEvent [13] 14476.1"
11:30:06 "TFAR_RadioRequestEvent [[""TFAR_anprc152""],bis_o22_14] 14476.4"
11:30:06 "Send TFAR_RadioRequestResponseEvent [14] 14476.4"
11:30:12 Slow network for player name='PV2 M.Mainu' ID=642060243, steamID=76561199200128375. Ping too high (290/ 200 ms)
11:30:12 "TFAR_RadioRequestEvent [[""ItemRadio""],a12] 14483.1"
11:30:12 "Send TFAR_RadioRequestResponseEvent [15] 14483.1"
11:30:28 "TFAR_RadioRequestEvent [[""TFAR_anprc152""],a12] 14498.4"
11:30:28 "Send TFAR_RadioRequestResponseEvent [16] 14498.4"
11:30:29 "TFAR_RadioRequestEvent [[""TFAR_anprc152""],bis_o2_6229] 14500"
11:30:29 "Send TFAR_RadioRequestResponseEvent [17] 14500"
11:30:42 Slow network for player name='PV2 M.Mainu' ID=642060243, steamID=76561199200128375. Ping too high (289/ 200 ms)
11:30:47 Slow network for player name='PV2 M.Mainu' ID=642060243, steamID=76561199200128375. Ping too high (289/ 200 ms)
11:31:17 Slow network for player name='PV2 M.Mainu' ID=642060243, steamID=76561199200128375. Ping too high (295/ 200 ms)
11:31:29 "TFAR_RadioRequestEvent [[""ItemRadio""],B Alpha 1-4:1 (SPC J.Erickson) REMOTE] 14559.6"
11:31:29 "Send TFAR_RadioRequestResponseEvent [18] 14559.6"
11:31:29 "TFAR_RadioRequestEvent [[""ItemRadio""],B Alpha 1-4:1 (SPC J.Erickson) REMOTE] 14560.1"
11:31:29 "Send TFAR_RadioRequestResponseEvent [19] 14560.1"
11:31:45 "TFAR_RadioRequestEvent [[""ItemRadio""],bis_o2_6237] 14575.4"
11:31:45 "Send TFAR_RadioRequestResponseEvent [20] 14575.4"
11:31:47 Slow network for player name='PV2 M.Mainu' ID=642060243, steamID=76561199200128375. Ping too high (292/ 200 ms)
11:32:17 Slow network for player name='PV2 M.Mainu' ID=642060243, steamID=76561199200128375. Ping too high (293/ 200 ms)
11:32:20 "TFAR_RadioRequestEvent [[""ItemRadio""],a13] 14611.2"
11:32:20 "Send TFAR_RadioRequestResponseEvent [21] 14611.2"
11:32:37 Client: Remote object 23:0 not found
11:32:38 [ACE] (medical_statemachine) WARNING: enteredStateUnconscious: State transition on dead or null unit - a12
11:32:41 Warning: Cleanup player - person 23:5 not found
11:32:47 Slow network for player name='PV2 M.Mainu' ID=642060243, steamID=76561199200128375. Ping too high (289/ 200 ms)
11:32:57 Slow network for player name='PV2 M.Mainu' ID=642060243, steamID=76561199200128375. Ping too high (289/ 200 ms)
11:33:03 "TFAR_RadioRequestEvent [[""TFAR_anprc152""],bis_o2_6237] 14653.6"
11:33:03 "Send TFAR_RadioRequestResponseEvent [22] 14653.6"
11:33:04 "TFAR_RadioRequestEvent [[""ItemRadio""],a13] 14654.4"
11:33:04 "Send TFAR_RadioRequestResponseEvent [23] 14654.4"
11:33:24 Warning: Wrong data in squad.xml for Player[2LT J.Duck], Squad[https://3rdinf.us/squad.xml]
11:33:27 Slow network for player name='PV2 M.Mainu' ID=642060243, steamID=76561199200128375. Ping too high (292/ 200 ms)
11:33:48 Speaker ACE_NoVoice not found in CfgVoiceTypes
11:33:56 "TFAR_RadioRequestEvent [[""ItemRadio""],a23] 14706.9"
11:33:56 "Send TFAR_RadioRequestResponseEvent [24] 14706.9"
11:33:56 "TFAR_RadioRequestEvent [[""ItemRadio""],a23] 14707.1"
11:33:56 "Send TFAR_RadioRequestResponseEvent [25] 14707.1"
11:33:57 Slow network for player name='PV2 M.Mainu' ID=642060243, steamID=76561199200128375. Ping too high (289/ 200 ms)
11:33:58 "TFAR_RadioRequestEvent [[""ItemRadio""],a12] 14708.6"
11:33:58 "Send TFAR_RadioRequestResponseEvent [26] 14708.6"
11:34:07 "TFAR_RadioRequestEvent [[""ItemRadio""],a12] 14718.1"
11:34:07 "Send TFAR_RadioRequestResponseEvent [27] 14718.1"
11:34:10 "TFAR_RadioRequestEvent [[""ItemRadio""],a23] 14721.1"
11:34:10 "Send TFAR_RadioRequestResponseEvent [28] 14721.1"
11:34:27 Slow network for player name='PV2 M.Mainu' ID=642060243, steamID=76561199200128375. Ping too high (289/ 200 ms)
11:34:57 Slow network for player name='PV2 M.Mainu' ID=642060243, steamID=76561199200128375. Ping too high (289/ 200 ms)
11:35:27 Slow network for player name='PV2 M.Mainu' ID=642060243, steamID=76561199200128375. Ping too high (289/ 200 ms)
11:35:36 "TFAR_RadioRequestEvent [[""TFAR_anprc152""],bis_o2_6219] 14807"
11:35:36 "Send TFAR_RadioRequestResponseEvent [29] 14807"
11:35:57 Slow network for player name='PV2 M.Mainu' ID=642060243, steamID=76561199200128375. Ping too high (289/ 200 ms)
11:36:27 Slow network for player name='PV2 M.Mainu' ID=642060243, steamID=76561199200128375. Ping too high (288/ 200 ms)
11:36:34 [ACE] (medical_statemachine) WARNING: enteredStateUnconscious: State transition on dead or null unit - bis_o2_6007
11:36:51 Warning: Cleanup player - person 19:6 not found
11:37:02 "TFAR_RadioRequestEvent [[""ItemRadio""],B Alpha 1-5:1 (PFC L.Holmsen) REMOTE] 14892.6"
11:37:02 "Send TFAR_RadioRequestResponseEvent [30] 14892.6"
11:37:03 Client: Remote object 27:0 not found
11:37:04 [ACE] (medical_statemachine) WARNING: enteredStateUnconscious: State transition on dead or null unit - bis_o2_6237
11:37:07 Warning: Wrong data in squad.xml for Player[PV2 M.Mainu], Squad[https://3rdinf.us/squad.xml]
11:37:24 "TFAR_RadioRequestEvent [[""ItemRadio""],bis_o2_6260] 14914.5"
11:37:24 "Send TFAR_RadioRequestResponseEvent [31] 14914.5"
11:37:24 "TFAR_RadioRequestEvent [[""ItemRadio""],bis_o2_6260] 14914.5"
11:37:24 "Send TFAR_RadioRequestResponseEvent [32] 14914.5"
11:37:28 "TFAR_RadioRequestEvent [[""TFAR_anprc152""],a13] 14919.1"
11:37:28 "Send TFAR_RadioRequestResponseEvent [33] 14919.1"
11:37:43 Slow network for player name='PV2 M.Mainu' ID=1378391907, steamID=76561199200128375. Ping too high (291/ 200 ms)
11:37:54 "TFAR_RadioRequestEvent [[""TFAR_anprc152""],bis_o2_6260] 14944.5"
11:37:54 "Send TFAR_RadioRequestResponseEvent [34] 14944.5"
11:37:54 "TFAR_RadioRequestEvent [[""ItemRadio""],bis_o21_13] 14944.6"
11:37:54 "Send TFAR_RadioRequestResponseEvent [5] 14944.6"
11:37:54 "TFAR_RadioRequestEvent [[""ItemRadio""],bis_o21_13] 14944.6"
11:37:54 "Send TFAR_RadioRequestResponseEvent [6] 14944.6"
11:38:00 Slow network for player name='PV2 M.Mainu' ID=1378391907, steamID=76561199200128375. Ping too high (290/ 200 ms)
11:38:08 "TFAR_RadioRequestEvent [[""TFAR_anprc152""],a12] 14958.6"
11:38:08 "Send TFAR_RadioRequestResponseEvent [35] 14958.6"
11:38:30 Slow network for player name='PV2 M.Mainu' ID=1378391907, steamID=76561199200128375. Ping too high (313/ 200 ms)
11:38:32 "TFAR_RadioRequestEvent [[""TFAR_anprc152""],bis_o21_13] 14983"
11:38:32 "Send TFAR_RadioRequestResponseEvent [36] 14983"
11:38:45 Slow network for player name='PV2 M.Mainu' ID=1378391907, steamID=76561199200128375. Ping too high (306/ 200 ms)
11:38:54 Slow network for player name='PV2 M.Mainu' ID=1378391907, steamID=76561199200128375. Ping too high (297/ 200 ms)
11:38:56 Client: Remote object 28:0 not found
11:38:58 [ACE] (medical_statemachine) WARNING: enteredStateUnconscious: State transition on dead or null unit - a12
11:39:07 "TFAR_RadioRequestEvent [[""ItemRadio""],B Alpha 2-5:1 (SPC J. Koe) REMOTE] 15017.7"
11:39:07 "Send TFAR_RadioRequestResponseEvent [37] 15017.7"
11:39:16 Slow network for player name='PV2 M.Mainu' ID=1378391907, steamID=76561199200128375. Ping too high (291/ 200 ms)
11:39:18 "TFAR_RadioRequestEvent [[""ItemRadio""],bis_o2_6273] 15029"
11:39:18 "Send TFAR_RadioRequestResponseEvent [7] 15029"
11:39:22 "TFAR_RadioRequestEvent [[""ItemRadio""],a21] 15032.4"
11:39:22 "Send TFAR_RadioRequestResponseEvent [38] 15032.4"
11:39:46 Slow network for player name='PV2 M.Mainu' ID=1378391907, steamID=76561199200128375. Ping too high (288/ 200 ms)
11:39:54 "TFAR_RadioRequestEvent [[""ItemRadio""],a21] 15065.4"
11:39:54 "Send TFAR_RadioRequestResponseEvent [39] 15065.4"
11:40:00 "TFAR_RadioRequestEvent [[""ItemRadio""],B Alpha 2-1:3 (PVT P.Perez) REMOTE] 15071.1"
11:40:00 "Send TFAR_RadioRequestResponseEvent [8] 15071.1"
11:40:14 Client: Remote object 20:0 not found
11:40:15 [ACE] (medical_statemachine) WARNING: enteredStateUnconscious: State transition on dead or null unit - bis_o2_6219
11:40:16 Slow network for player name='PV2 M.Mainu' ID=1378391907, steamID=76561199200128375. Ping too high (288/ 200 ms)
11:40:25 Slow network for player name='PV2 M.Mainu' ID=1378391907, steamID=76561199200128375. Ping too high (291/ 200 ms)
11:40:29 "TFAR_RadioRequestEvent [[""TFAR_anprc152""],bis_o2_6273] 15099.7"
11:40:29 "Send TFAR_RadioRequestResponseEvent [40] 15099.7"
11:40:55 Slow network for player name='PV2 M.Mainu' ID=1378391907, steamID=76561199200128375. Ping too high (289/ 200 ms)
11:41:17 Slow network for player name='PV2 M.Mainu' ID=1378391907, steamID=76561199200128375. Ping too high (289/ 200 ms)
11:41:19 "TFAR_RadioRequestEvent [[""ItemRadio""],bis_o26_15] 15150.2"
11:41:19 "Send TFAR_RadioRequestResponseEvent [9] 15150.2"
11:41:47 Slow network for player name='PV2 M.Mainu' ID=1378391907, steamID=76561199200128375. Ping too high (288/ 200 ms)
11:41:50 "TFAR_RadioRequestEvent [[""ItemRadio""],B Spartans:3 (PV2 D.Kale) REMOTE] 15181.2"
11:41:50 "Send TFAR_RadioRequestResponseEvent [10] 15181.2"
11:41:50 "TFAR_RadioRequestEvent [[""ItemRadio""],B Spartans:3 (PV2 D.Kale) REMOTE] 15181.3"
11:41:50 "Send TFAR_RadioRequestResponseEvent [11] 15181.3"
11:42:02 "TFAR_RadioRequestEvent [[""ItemRadio""],bis_o22_33] 15192.7"
11:42:02 "Send TFAR_RadioRequestResponseEvent [12] 15192.7"
11:42:06 "TFAR_RadioRequestEvent [[""ItemRadio""],a10] 15196.5"
11:42:06 "Send TFAR_RadioRequestResponseEvent [41] 15196.5"
11:42:09 "TFAR_RadioRequestEvent [[""ItemRadio""],B Alpha 1-4:1 (SPC L.Meadows) REMOTE] 15199.5"
11:42:09 "Send TFAR_RadioRequestResponseEvent [42] 15199.5"
11:42:12 Server: Object 38:6 not found (message Type_128)
11:42:14 "TFAR_RadioRequestEvent [[""ItemRadio""],a10] 15205.2"
11:42:14 "Send TFAR_RadioRequestResponseEvent [43] 15205.2"
11:42:17 Slow network for player name='PV2 M.Mainu' ID=1378391907, steamID=76561199200128375. Ping too high (292/ 200 ms)
11:42:17 "TFAR_RadioRequestEvent [[""ItemRadio""],bis_o2_6295] 15208"
11:42:17 "Send TFAR_RadioRequestResponseEvent [44] 15208"
11:42:22 "TFAR_RadioRequestEvent [[""TFAR_anprc152""],bis_o22_33] 15213.1"
11:42:22 "Send TFAR_RadioRequestResponseEvent [45] 15213.1"
11:42:31 "TFAR_RadioRequestEvent [[""ItemRadio""],a5] 15221.6"
11:42:31 "Send TFAR_RadioRequestResponseEvent [46] 15221.6"
11:42:46 "TFAR_RadioRequestEvent [[""TFAR_anprc152""],a10] 15236.5"
11:42:46 "Send TFAR_RadioRequestResponseEvent [47] 15236.5"
11:42:47 Slow network for player name='PV2 M.Mainu' ID=1378391907, steamID=76561199200128375. Ping too high (289/ 200 ms)
11:42:48 Client: Remote object 38:0 not found
11:42:49 [ACE] (medical_statemachine) WARNING: enteredStateUnconscious: State transition on dead or null unit - bis_o2_6295
11:43:17 Slow network for player name='PV2 M.Mainu' ID=1378391907, steamID=76561199200128375. Ping too high (289/ 200 ms)
11:43:20 "TFAR_RadioRequestEvent [[""ItemRadio""],a5] 15271.1"
11:43:20 "Send TFAR_RadioRequestResponseEvent [48] 15271.1"
11:43:23 Performance warning: SimpleSerialization::Read 'CBAs' is using type of CONTROL which is not optimized by simple serialization, falling back to generic serialization, use generic type or ask for optimizations for these types
11:43:26 "TFAR_RadioRequestEvent [[""TFAR_anprc152""],a23] 15276.8"
11:43:26 "Send TFAR_RadioRequestResponseEvent [49] 15276.8"
11:43:40 Setting invalid pitch 0.0000 for L Charlie 2-5:1 REMOTE
11:43:47 Slow network for player name='PV2 M.Mainu' ID=1378391907, steamID=76561199200128375. Ping too high (288/ 200 ms)
11:43:58 Server: SetServerState to NONE
11:43:59 EPE manager release (0|20|0)
11:44:00 Deinitialized shape [Class: "C_Soldier_VR_F"; Shape: "a3\characters_f_bootcamp\common\vr_soldier_f.p3d";]
11:44:00 Deinitialized shape [Class: "B_Helipilot_F"; Shape: "a3\characters_f\common\coveralls.p3d";]
11:44:00 Deinitialized shape [Class: "B_Pilot_F"; Shape: "a3\characters_f\common\pilot_f.p3d";]
11:44:00 Deinitialized shape [Class: "B_diver_F"; Shape: "a3\characters_f\common\diver_slotable.p3d";]
11:44:00 Deinitialized shape [Class: "B_soldier_AR_F"; Shape: "a3\characters_f\blufor\b_soldier_02.p3d";]
11:44:00 Deinitialized shape [Class: "B_CTRG_soldier_engineer_exp_F"; Shape: "a3\characters_f\blufor\b_soldier_02.p3d";]
11:44:00 Deinitialized shape [Class: "B_T_Soldier_AR_F"; Shape: "a3\characters_f\blufor\b_soldier_02.p3d";]
11:44:00 Deinitialized shape [Class: "B_sniper_F"; Shape: "a3\characters_f\blufor\b_sniper.p3d";]
11:44:00 Deinitialized shape [Class: "B_T_Sniper_F"; Shape: "a3\characters_f\blufor\b_sniper.p3d";]
11:44:00 Deinitialized shape [Class: "B_ghillie_ard_F"; Shape: "a3\characters_f_mark\blufor\b_fullghillie_f.p3d";]
11:44:00 Deinitialized shape [Class: "B_ghillie_lsh_F"; Shape: "a3\characters_f_mark\blufor\b_fullghillie_f.p3d";]
11:44:00 Deinitialized shape [Class: "B_ghillie_sard_F"; Shape: "a3\characters_f_mark\blufor\b_fullghillie_f.p3d";]
11:44:00 Deinitialized shape [Class: "B_T_ghillie_tna_F"; Shape: "a3\characters_f_mark\blufor\b_fullghillie_f.p3d";]
11:44:00 Deinitialized shape [Class: "B_CTRG_Soldier_F"; Shape: "a3\characters_f_exp\blufor\b_ctrg_soldier_01_f.p3d";]
11:44:00 Deinitialized shape [Class: "B_CTRG_Soldier_2_F"; Shape: "a3\characters_f_exp\blufor\b_ctrg_soldier_02_f.p3d";]
11:44:00 Deinitialized shape [Class: "B_CTRG_Soldier_3_F"; Shape: "a3\characters_f_exp\blufor\b_ctrg_soldier_03_f.p3d";]
11:44:00 Deinitialized shape [Class: "VirtualMan_F"; Shape: "a3\characters_f\common\invisibleman.p3d";]
11:44:00 Deinitialized shape [Class: "C_man_polo_1_F"; Shape: "a3\characters_f\civil\c_poloshirt.p3d";]
11:44:00 Deinitialized shape [Class: "B_Soldier_SL_F"; Shape: "a3\characters_f\blufor\b_soldier_03.p3d";]
11:44:00 Deinitialized shape [Class: "B_CTRG_soldier_AR_A_F"; Shape: "a3\characters_f\blufor\b_soldier_03.p3d";]
11:44:00 Deinitialized shape [Class: "B_T_Soldier_SL_F"; Shape: "a3\characters_f\blufor\b_soldier_03.p3d";]
11:44:00 Deinitialized shape [Class: "B_crew_F"; Shape: "a3\characters_f\blufor\b_soldier_03.p3d";]
11:44:00 Deinitialized shape [Class: "tweed_acu_summer_ocp_tuck"; Shape: "tweed_uaf_21\acu_summer_3.p3d";]
11:44:00 Deinitialized shape [Class: "Underwear_F"; Shape: "a3\characters_f\common\basicbody.p3d";]
11:44:00 Deinitialized shape [Class: "rhsusf_army_ocp_rifleman_101st"; Shape: "rhsusf\addons\rhsusf_infantry\rhsusf_army_101st.p3d";]
11:44:00 Deinitialized shape [Class: "tweed_acu_summer_ocp"; Shape: "tweed_uaf_21\acu_summer_1.p3d";]
11:44:00 Deinitialized shape [Class: "tweed_acu_summer_ocp_crye_knee_trop"; Shape: "tweed_uaf_21\acu_summer_5_trop.p3d";]
11:44:00 Deinitialized shape [Class: "tweed_acu_summer_ocp_blench_crye_trop"; Shape: "tweed_uaf_21\acu_summer_5_trop.p3d";]
11:44:00 Deinitialized shape [Class: "B_Soldier_F"; Shape: "a3\characters_f\blufor\b_soldier_01.p3d";]
11:44:00 Deinitialized shape [Class: "B_CTRG_soldier_GL_LAT_F"; Shape: "a3\characters_f\blufor\b_soldier_01.p3d";]
11:44:00 Deinitialized shape [Class: "B_T_Soldier_F"; Shape: "a3\characters_f\blufor\b_soldier_01.p3d";]
11:44:00 Deinitialized shape [Class: "B_soldier_M_F"; Shape: "a3\characters_f\blufor\b_soldier_01.p3d";]
11:44:00 Deinitialized shape [Class: "rhsusf_army_acu_oefcp_uniform"; Shape: "rhsusf\addons\rhsusf_infantry2\acu\rhsusf_uniform_acu.p3d";]
11:44:00 Deinitialized shape [Class: "Third_Army_Combat_Uniform_Textures_SGT"; Shape: "rhsusf\addons\rhsusf_infantry2\acu\rhsusf_uniform_acu.p3d";]
11:44:00 Deinitialized shape [Class: "Third_Army_Combat_Uniform_Textures_SPC"; Shape: "rhsusf\addons\rhsusf_infantry2\acu\rhsusf_uniform_acu.p3d";]
11:44:00 Deinitialized shape [Class: "Third_Army_Combat_Uniform_Textures_PFC"; Shape: "rhsusf\addons\rhsusf_infantry2\acu\rhsusf_uniform_acu.p3d";]
11:44:00 Deinitialized shape [Class: "rhsusf_army_acu_ocp_uniform"; Shape: "rhsusf\addons\rhsusf_infantry2\acu\rhsusf_uniform_acu.p3d";]
11:44:00 Deinitialized shape [Class: "Third_Army_Combat_Uniform_Textures_PV2"; Shape: "rhsusf\addons\rhsusf_infantry2\acu\rhsusf_uniform_acu.p3d";]
11:44:00 Deinitialized shape [Class: "tweed_acu_summer_ocp_trop"; Shape: "tweed_uaf_21\acu_summer_1_trop.p3d";]
11:44:00 Deinitialized shape [Class: "rhsusf_army_ocp_fso"; Shape: "rhsusf\addons\rhsusf_infantry\rhsusf_army_base.p3d";]
11:44:00 Deinitialized shape [Class: "rhsusf_army_ocp_medic"; Shape: "rhsusf\addons\rhsusf_infantry\rhsusf_army_base.p3d";]
11:44:00 Deinitialized shape [Class: "rhsusf_army_ocp_rifleman"; Shape: "rhsusf\addons\rhsusf_infantry\rhsusf_army_base.p3d";]
11:44:00 Deinitialized shape [Class: "rhsusf_army_ocp_autorifleman"; Shape: "rhsusf\addons\rhsusf_infantry\rhsusf_army_base.p3d";]
11:44:00 Deinitialized shape [Class: "rhsusf_army_ocp_teamleader"; Shape: "rhsusf\addons\rhsusf_infantry\rhsusf_army_base.p3d";]
11:44:00 Deinitialized shape [Class: "rhsusf_army_ocp_autoriflemana"; Shape: "rhsusf\addons\rhsusf_infantry\rhsusf_army_base.p3d";]
11:44:00 Deinitialized shape [Class: "rhsusf_army_ocp_crewman"; Shape: "rhsusf\addons\rhsusf_infantry\rhsusf_army_base.p3d";]
11:44:00 Deinitialized shape [Class: "rhsusf_army_ocp_squadleader"; Shape: "rhsusf\addons\rhsusf_infantry\rhsusf_army_base.p3d";]
11:44:00 Deinitialized shape [Class: "rhsusf_army_ucp_crewman"; Shape: "rhsusf\addons\rhsusf_infantry\rhsusf_army_base.p3d";]
11:44:00 Deinitialized shape [Class: "rhsusf_army_ocp_arb_maaws"; Shape: "rhsusf\addons\rhsusf_infantry\rhsusf_army_base.p3d";]
11:44:00 Deinitialized shape [Class: "rhsusf_army_ocp_arb_squadleader"; Shape: "rhsusf\addons\rhsusf_infantry\rhsusf_army_base.p3d";]
11:44:00 Deinitialized shape [Class: "rhsusf_army_ocp_officer"; Shape: "rhsusf\addons\rhsusf_infantry\rhsusf_army_base.p3d";]
11:44:00 Deinitialized shape [Class: "rhsusf_army_ocp_riflemanat"; Shape: "rhsusf\addons\rhsusf_infantry\rhsusf_army_base.p3d";]
11:44:00 Deinitialized shape [Class: "rhsusf_army_ocp_arb_machinegunner"; Shape: "rhsusf\addons\rhsusf_infantry\rhsusf_army_base.p3d";]
11:44:00 Deinitialized shape [Class: "tweed_acu_summer_ocp_tuck_trop"; Shape: "tweed_uaf_21\acu_summer_3_trop.p3d";]
11:44:00 Deinitialized shape [Class: "rhsusf_army_ocp_rifleman_10th"; Shape: "rhsusf\addons\rhsusf_infantry\rhsusf_army_mountain.p3d";]
11:44:00 Deinitialized shape [Class: "tweed_acu_summer_ocp_crye_knee"; Shape: "tweed_uaf_21\acu_summer_5.p3d";]
11:44:00 d:\Bis\Source\Profile\Futura\lib\Network\networkServer.cpp ClearNetServer:NOT IMPLEMENTED - briefing!
11:44:00 Error: entity [ProxyFlag_Auto] still has its shape, ref_count=1
11:44:00 Error: entity [ProxyTruck_01_mover_wreck_F] still has its shape, ref_count=1
11:44:01 Class WeaponFireGun destroyed with lock count 3
11:44:01 Class Table destroyed with lock count 3
11:44:01 Class T0 destroyed with lock count 3
11:44:01 Class T1 destroyed with lock count 3
11:44:01 Class T2 destroyed with lock count 3
11:44:01 Class T3 destroyed with lock count 3
11:44:01 Class T4 destroyed with lock count 3
11:44:01 Class T5 destroyed with lock count 3
11:44:01 Class T6 destroyed with lock count 3
11:44:01 Class T7 destroyed with lock count 3
11:44:01 Class T8 destroyed with lock count 3
11:44:01 Class T9 destroyed with lock count 3
11:44:01 Class T10 destroyed with lock count 3
11:44:01 Class T11 destroyed with lock count 3
11:44:01 Class T12 destroyed with lock count 3
11:44:01 Class T13 destroyed with lock count 3
11:44:01 Class T14 destroyed with lock count 3
11:44:01 Class T15 destroyed with lock count 3
11:44:01 Class T16 destroyed with lock count 3
11:44:01 Class T17 destroyed with lock count 3
11:44:01 Class T18 destroyed with lock count 3
11:44:01 Class T19 destroyed with lock count 3
11:44:01 Class T20 destroyed with lock count 3
11:44:01 Class T21 destroyed with lock count 3
11:44:01 Class T22 destroyed with lock count 3
11:44:01 Class WeaponCloudsGun destroyed with lock count 6
11:44:01 Class Table destroyed with lock count 6
11:44:01 Class T0 destroyed with lock count 6
11:44:01 Class WeaponCloudsMGun destroyed with lock count 3
11:44:01 Class Table destroyed with lock count 3
11:44:01 Class T0 destroyed with lock count 3
11:44:01 Class All destroyed with lock count 3
11:44:01 Class EventHandlers destroyed with lock count 3
11:44:01 Class CBA_Extended_EventHandlers destroyed with lock count 3
11:44:01 Class MarkerLights destroyed with lock count 3
11:44:01 Class NVGMarkers destroyed with lock count 3
11:44:01 Class NVGMarker destroyed with lock count 3
11:44:01 Class Turrets destroyed with lock count 3
11:44:01 Class HeadLimits destroyed with lock count 3
11:44:01 Class ViewPilot destroyed with lock count 3
11:44:01 Class ViewCargo destroyed with lock count 3
11:44:01 Class ViewOptics destroyed with lock count 3
11:44:01 Class PilotSpec destroyed with lock count 3
11:44:01 Class CargoSpec destroyed with lock count 3
11:44:01 Class Cargo1 destroyed with lock count 3
11:44:01 Class TransportWeapons destroyed with lock count 3
11:44:01 Class TransportMagazines destroyed with lock count 3
11:44:01 Class SoundEnvironExt destroyed with lock count 3
11:44:01 Class SoundEquipment destroyed with lock count 3
11:44:01 Class SoundGear destroyed with lock count 3
11:44:01 Class SoundBreath destroyed with lock count 3
11:44:01 Class SoundBreathSwimming destroyed with lock count 3
11:44:01 Class SoundBreathInjured destroyed with lock count 3
11:44:01 Class SoundHitScream destroyed with lock count 3
11:44:01 Class SoundInjured destroyed with lock count 3
11:44:01 Class SoundBreathAutomatic destroyed with lock count 3
11:44:01 Class SoundDrown destroyed with lock count 3
11:44:01 Class SoundChoke destroyed with lock count 3
11:44:01 Class SoundRecovered destroyed with lock count 3
11:44:01 Class SoundBurning destroyed with lock count 3
11:44:01 Class PulsationSound destroyed with lock count 3
11:44:01 Class SoundDrowning destroyed with lock count 3
11:44:01 Class Reflectors destroyed with lock count 3
11:44:01 Class FxExplo destroyed with lock count 3
11:44:01 Class AnimationSources destroyed with lock count 3
11:44:01 Class GunFire destroyed with lock count 3
11:44:01 Class GunClouds destroyed with lock count 3
11:44:01 Class MGunClouds destroyed with lock count 3
11:44:01 Class Damage destroyed with lock count 3
11:44:01 Class DestructionEffects destroyed with lock count 3
11:44:01 Class Light1 destroyed with lock count 3
11:44:01 Class Smoke1 destroyed with lock count 3
11:44:01 Class Fire1 destroyed with lock count 3
11:44:01 Class Sparks1 destroyed with lock count 3
11:44:01 Class Sound destroyed with lock count 3
11:44:01 Class Light2 destroyed with lock count 3
11:44:01 Class Fire2 destroyed with lock count 3
11:44:01 Class Smoke1_2 destroyed with lock count 3
11:44:01 Class camShakeGForce destroyed with lock count 3
11:44:01 Class camShakeDamage destroyed with lock count 3
11:44:01 Class SpeechVariants destroyed with lock count 3
11:44:01 Class Default destroyed with lock count 3
11:44:01 Class Static destroyed with lock count 2
11:44:01 Class DestructionEffects destroyed with lock count 2
11:44:01 Class EventHandlers destroyed with lock count 2
11:44:01 Class CBA_Extended_EventHandlers destroyed with lock count 2
11:44:01 Class CBA_NamespaceDummy destroyed with lock count 1
11:44:01 Class CBA_Extended_EventHandlers_base destroyed with lock count 3
