20:37:57 Game Port: 2312, Steam Query Port: 2313
20:37:57 Host identity created.
20:41:59 SSG G.Nagy uses modified data file
20:41:59 Mission Zeus_Chernarus_TF.chernarus_summer read from bank.
20:42:00 Player SSG G.Nagy connecting.
20:42:03 Player SSG G.Nagy connected (id=76561198042596091).
20:42:03 Roles assigned.
20:42:03 Reading mission ...
20:42:03 No entry 'bin\config.bin/CfgMarkers.Third_Marker_3rdID'
20:42:03 Mission Zeus_Chernarus_TF.chernarus_summer read from bank.
20:42:03 Roles assigned.
20:42:03 Reading mission ...
20:42:03 No entry 'bin\config.bin/CfgMarkers.Third_Marker_3rdID'
20:42:03 Mission Zeus_Chernarus_TF.chernarus_summer read from bank.
20:42:03 Roles assigned.
20:42:03 Reading mission ...
20:42:03 No entry 'bin\config.bin/CfgMarkers.Third_Marker_3rdID'
20:42:03 Mission Zeus_Chernarus_TF.chernarus_summer read from bank.
20:42:03 Roles assigned.
20:42:03 Reading mission ...
20:42:03 No entry 'bin\config.bin/CfgMarkers.Third_Marker_3rdID'
20:42:03 Mission Zeus_Chernarus_TF.chernarus_summer read from bank.
20:42:04 Roles assigned.
20:42:04 Reading mission ...
20:42:04 No entry 'bin\config.bin/CfgMarkers.Third_Marker_3rdID'
20:42:04 Mission Zeus_Chernarus_TF.chernarus_summer read from bank.
20:42:04 Roles assigned.
20:42:04 Reading mission ...
20:42:04 No entry 'bin\config.bin/CfgMarkers.Third_Marker_3rdID'
20:42:04 Mission Zeus_Chernarus_TF.chernarus_summer read from bank.
20:42:04 Roles assigned.
20:42:04 Reading mission ...
20:42:04 No entry 'bin\config.bin/CfgMarkers.Third_Marker_3rdID'
20:42:04 Mission Zeus_Chernarus_TF.chernarus_summer read from bank.
20:42:04 Roles assigned.
20:42:04 Reading mission ...
20:42:04 No entry 'bin\config.bin/CfgMarkers.Third_Marker_3rdID'
20:42:04 Mission Zeus_Chernarus_TF.chernarus_summer read from bank.
20:42:05 Roles assigned.
20:42:05 Reading mission ...
20:42:05 No entry 'bin\config.bin/CfgMarkers.Third_Marker_3rdID'
20:42:05 Mission Zeus_Chernarus_TF.chernarus_summer read from bank.
20:42:05 Roles assigned.
20:42:05 Reading mission ...
20:42:05 No entry 'bin\config.bin/CfgMarkers.Third_Marker_3rdID'
20:42:05 Mission Zeus_Chernarus_TF.chernarus_summer read from bank.
20:42:05 Roles assigned.
20:42:05 Reading mission ...
20:42:05 No entry 'bin\config.bin/CfgMarkers.Third_Marker_3rdID'
20:42:05 Mission Zeus_Chernarus_TF.chernarus_summer read from bank.
20:42:06 Roles assigned.
20:42:06 Reading mission ...
20:42:06 No entry 'bin\config.bin/CfgMarkers.Third_Marker_3rdID'
20:42:06 Mission Zeus_Chernarus_TF.chernarus_summer read from bank.
20:42:06 Roles assigned.
20:42:06 Reading mission ...
20:42:06 No entry 'bin\config.bin/CfgMarkers.Third_Marker_3rdID'
20:42:06 Mission Zeus_Chernarus_TF.chernarus_summer read from bank.
20:42:06 Roles assigned.
20:42:06 Reading mission ...
20:42:06 No entry 'bin\config.bin/CfgMarkers.Third_Marker_3rdID'
20:42:06 Mission Zeus_Chernarus_TF.chernarus_summer read from bank.
20:42:06 Roles assigned.
20:42:06 Reading mission ...
20:42:06 No entry 'bin\config.bin/CfgMarkers.Third_Marker_3rdID'
20:42:06 Mission Zeus_Chernarus_TF.chernarus_summer read from bank.
20:42:07 Roles assigned.
20:42:07 Reading mission ...
20:42:07 No entry 'bin\config.bin/CfgMarkers.Third_Marker_3rdID'
20:42:07 Mission Zeus_Chernarus_TF.chernarus_summer read from bank.
20:42:07 Roles assigned.
20:42:07 Reading mission ...
20:42:07 No entry 'bin\config.bin/CfgMarkers.Third_Marker_3rdID'
20:42:07 Mission Zeus_Chernarus_TF.chernarus_summer read from bank.
20:42:07 Roles assigned.
20:42:07 Reading mission ...
20:42:07 No entry 'bin\config.bin/CfgMarkers.Third_Marker_3rdID'
20:42:07 Mission Zeus_Chernarus_TF.chernarus_summer read from bank.
20:42:08 Roles assigned.
20:42:08 Reading mission ...
20:42:08 No entry 'bin\config.bin/CfgMarkers.Third_Marker_3rdID'
20:42:08 Mission Zeus_Chernarus_TF.chernarus_summer read from bank.
20:42:08 Roles assigned.
20:42:08 Reading mission ...
20:42:08 No entry 'bin\config.bin/CfgMarkers.Third_Marker_3rdID'
20:42:08 Mission Zeus_Chernarus_TF.chernarus_summer read from bank.
20:42:08 Roles assigned.
20:42:08 Reading mission ...
20:42:08 No entry 'bin\config.bin/CfgMarkers.Third_Marker_3rdID'
20:42:08 Mission Zeus_Chernarus_TF.chernarus_summer read from bank.
20:42:08 Roles assigned.
20:42:08 Reading mission ...
20:42:08 No entry 'bin\config.bin/CfgMarkers.Third_Marker_3rdID'
20:42:08 Mission Zeus_Chernarus_TF.chernarus_summer read from bank.
20:42:09 Roles assigned.
20:42:09 Reading mission ...
20:42:09 No entry 'bin\config.bin/CfgMarkers.Third_Marker_3rdID'
20:42:09 Mission Zeus_Chernarus_TF.chernarus_summer read from bank.
20:42:09 Roles assigned.
20:42:09 Reading mission ...
20:42:09 No entry 'bin\config.bin/CfgMarkers.Third_Marker_3rdID'
20:42:09 Mission Zeus_Chernarus_TF.chernarus_summer read from bank.
20:42:09 Roles assigned.
20:42:09 Reading mission ...
20:42:09 No entry 'bin\config.bin/CfgMarkers.Third_Marker_3rdID'
20:42:09 Mission Zeus_Chernarus_TF.chernarus_summer read from bank.
20:42:09 Roles assigned.
20:42:09 Reading mission ...
20:42:10 No entry 'bin\config.bin/CfgMarkers.Third_Marker_3rdID'
20:42:10 Mission Zeus_Chernarus_TF.chernarus_summer read from bank.
20:42:10 Roles assigned.
20:42:10 Reading mission ...
20:42:10 No entry 'bin\config.bin/CfgMarkers.Third_Marker_3rdID'
20:42:10 Mission Zeus_Chernarus_TF.chernarus_summer read from bank.
20:42:10 Roles assigned.
20:42:10 Reading mission ...
20:42:10 No entry 'bin\config.bin/CfgMarkers.Third_Marker_3rdID'
20:42:10 Mission Zeus_Chernarus_TF.chernarus_summer read from bank.
20:42:10 Roles assigned.
20:42:10 Reading mission ...
20:42:10 No entry 'bin\config.bin/CfgMarkers.Third_Marker_3rdID'
20:42:10 Mission Zeus_Chernarus_TF.chernarus_summer read from bank.
20:42:11 Roles assigned.
20:42:11 Reading mission ...
20:42:11 No entry 'bin\config.bin/CfgMarkers.Third_Marker_3rdID'
20:42:11 Mission Zeus_Chernarus_TF.chernarus_summer read from bank.
20:42:11 Roles assigned.
20:42:11 Reading mission ...
20:42:11 No entry 'bin\config.bin/CfgMarkers.Third_Marker_3rdID'
20:42:11 Mission Zeus_Chernarus_TF.chernarus_summer read from bank.
20:42:11 Roles assigned.
20:42:11 Reading mission ...
20:42:11 No entry 'bin\config.bin/CfgMarkers.Third_Marker_3rdID'
20:42:11 Mission Zeus_Chernarus_TF.chernarus_summer read from bank.
20:42:11 Roles assigned.
20:42:11 Reading mission ...
20:42:11 No entry 'bin\config.bin/CfgMarkers.Third_Marker_3rdID'
20:42:11 Mission Zeus_Chernarus_TF.chernarus_summer read from bank.
20:42:12 Roles assigned.
20:42:12 Reading mission ...
20:42:12 No entry 'bin\config.bin/CfgMarkers.Third_Marker_3rdID'
20:42:12 Mission Zeus_Chernarus_TF.chernarus_summer read from bank.
20:42:12 Roles assigned.
20:42:12 Reading mission ...
20:42:12 No entry 'bin\config.bin/CfgMarkers.Third_Marker_3rdID'
20:42:12 Mission Zeus_Chernarus_TF.chernarus_summer read from bank.
20:42:12 Roles assigned.
20:42:12 Reading mission ...
20:42:12 No entry 'bin\config.bin/CfgMarkers.Third_Marker_3rdID'
20:42:12 Mission Zeus_Chernarus_TF.chernarus_summer read from bank.
20:42:13 Roles assigned.
20:42:13 Reading mission ...
20:42:13 No entry 'bin\config.bin/CfgMarkers.Third_Marker_3rdID'
20:42:13 Mission Zeus_Chernarus_TF.chernarus_summer read from bank.
20:42:13 Roles assigned.
20:42:13 Reading mission ...
20:42:13 No entry 'bin\config.bin/CfgMarkers.Third_Marker_3rdID'
20:42:13 Mission Zeus_Chernarus_TF.chernarus_summer read from bank.
20:42:13 Roles assigned.
20:42:13 Reading mission ...
20:42:13 No entry 'bin\config.bin/CfgMarkers.Third_Marker_3rdID'
20:42:13 Mission Zeus_Chernarus_TF.chernarus_summer read from bank.
20:42:13 Roles assigned.
20:42:13 Reading mission ...
20:42:13 No entry 'bin\config.bin/CfgMarkers.Third_Marker_3rdID'
20:42:13 Mission Zeus_Chernarus_TF.chernarus_summer read from bank.
20:42:14 Roles assigned.
20:42:14 Reading mission ...
20:42:14 No entry 'bin\config.bin/CfgMarkers.Third_Marker_3rdID'
20:42:14 Mission Zeus_Chernarus_TF.chernarus_summer read from bank.
20:42:14 Roles assigned.
20:42:14 Reading mission ...
20:42:14 No entry 'bin\config.bin/CfgMarkers.Third_Marker_3rdID'
20:42:14 Mission Zeus_Chernarus_TF.chernarus_summer read from bank.
20:42:14 Roles assigned.
20:42:14 Reading mission ...
20:42:14 No entry 'bin\config.bin/CfgMarkers.Third_Marker_3rdID'
20:42:14 Mission Zeus_Chernarus_TF.chernarus_summer read from bank.
20:42:15 Roles assigned.
20:42:15 Reading mission ...
20:42:15 No entry 'bin\config.bin/CfgMarkers.Third_Marker_3rdID'
20:42:15 Mission Zeus_Chernarus_TF.chernarus_summer read from bank.
20:42:15 Roles assigned.
20:42:15 Reading mission ...
20:42:15 No entry 'bin\config.bin/CfgMarkers.Third_Marker_3rdID'
20:42:15 Mission Zeus_Chernarus_TF.chernarus_summer read from bank.
20:42:16 Roles assigned.
20:42:16 Reading mission ...
20:42:16 No entry 'bin\config.bin/CfgMarkers.Third_Marker_3rdID'
20:42:16 Mission Zeus_Chernarus_TF.chernarus_summer read from bank.
20:42:16 Roles assigned.
20:42:16 Reading mission ...
20:42:16 No entry 'bin\config.bin/CfgMarkers.Third_Marker_3rdID'
20:42:16 Mission Zeus_Chernarus_TF.chernarus_summer read from bank.
20:42:16 Roles assigned.
20:42:16 Reading mission ...
20:42:16 No entry 'bin\config.bin/CfgMarkers.Third_Marker_3rdID'
20:42:16 Mission Zeus_Chernarus_TF.chernarus_summer read from bank.
20:42:16 Roles assigned.
20:42:16 Reading mission ...
20:42:16 No entry 'bin\config.bin/CfgMarkers.Third_Marker_3rdID'
20:42:16 Mission Zeus_Chernarus_TF.chernarus_summer read from bank.
20:42:16 Roles assigned.
20:42:16 Reading mission ...
20:42:16 No entry 'bin\config.bin/CfgMarkers.Third_Marker_3rdID'
20:42:16 Mission Zeus_Chernarus_TF.chernarus_summer read from bank.
20:42:17 Roles assigned.
20:42:17 Reading mission ...
20:42:17 No entry 'bin\config.bin/CfgMarkers.Third_Marker_3rdID'
20:42:17 Mission Zeus_Chernarus_TF.chernarus_summer read from bank.
20:42:17 Roles assigned.
20:42:17 Reading mission ...
20:42:17 No entry 'bin\config.bin/CfgMarkers.Third_Marker_3rdID'
20:42:17 Mission Zeus_Chernarus_TF.chernarus_summer read from bank.
20:42:17 Roles assigned.
20:42:17 Reading mission ...
20:42:17 No entry 'bin\config.bin/CfgMarkers.Third_Marker_3rdID'
20:42:17 Mission Zeus_Chernarus_TF.chernarus_summer read from bank.
20:42:17 Roles assigned.
20:42:17 Reading mission ...
20:42:17 No entry 'bin\config.bin/CfgMarkers.Third_Marker_3rdID'
20:42:17 Mission Zeus_Chernarus_TF.chernarus_summer read from bank.
20:42:18 Roles assigned.
20:42:18 Reading mission ...
20:42:18 No entry 'bin\config.bin/CfgMarkers.Third_Marker_3rdID'
20:42:18 Mission Zeus_Chernarus_TF.chernarus_summer read from bank.
20:42:18 Roles assigned.
20:42:18 Reading mission ...
20:42:18 No entry 'bin\config.bin/CfgMarkers.Third_Marker_3rdID'
20:42:18 Mission Zeus_Chernarus_TF.chernarus_summer read from bank.
20:42:18 Roles assigned.
20:42:18 Reading mission ...
20:42:18 No entry 'bin\config.bin/CfgMarkers.Third_Marker_3rdID'
20:42:18 Mission Zeus_Chernarus_TF.chernarus_summer read from bank.
20:42:18 Roles assigned.
20:42:18 Reading mission ...
20:42:18 No entry 'bin\config.bin/CfgMarkers.Third_Marker_3rdID'
20:42:18 Mission Zeus_Chernarus_TF.chernarus_summer read from bank.
20:42:18 Roles assigned.
20:42:18 Reading mission ...
20:42:18 No entry 'bin\config.bin/CfgMarkers.Third_Marker_3rdID'
20:42:18 Mission Zeus_Chernarus_TF.chernarus_summer read from bank.
20:42:18 Roles assigned.
20:42:18 Reading mission ...
20:42:18 No entry 'bin\config.bin/CfgMarkers.Third_Marker_3rdID'
20:42:18 Mission Zeus_Chernarus_TF.chernarus_summer read from bank.
20:42:19 Roles assigned.
20:42:19 Reading mission ...
20:42:19 No entry 'bin\config.bin/CfgMarkers.Third_Marker_3rdID'
20:42:19 Mission Zeus_Chernarus_TF.chernarus_summer read from bank.
20:42:19 Roles assigned.
20:42:19 Reading mission ...
20:42:19 No entry 'bin\config.bin/CfgMarkers.Third_Marker_3rdID'
20:42:19 Mission Zeus_Chernarus_TF.chernarus_summer read from bank.
20:42:19 Roles assigned.
20:42:19 Reading mission ...
20:42:19 No entry 'bin\config.bin/CfgMarkers.Third_Marker_3rdID'
20:42:19 Mission Zeus_Chernarus_TF.chernarus_summer read from bank.
20:42:19 Roles assigned.
20:42:19 Reading mission ...
20:42:19 No entry 'bin\config.bin/CfgMarkers.Third_Marker_3rdID'
20:42:19 Mission Zeus_Chernarus_TF.chernarus_summer read from bank.
20:42:19 Roles assigned.
20:42:19 Reading mission ...
20:42:19 No entry 'bin\config.bin/CfgMarkers.Third_Marker_3rdID'
20:42:19 Mission Zeus_Chernarus_TF.chernarus_summer read from bank.
20:42:19 Roles assigned.
20:42:19 Reading mission ...
20:42:19 No entry 'bin\config.bin/CfgMarkers.Third_Marker_3rdID'
20:42:19 Mission Zeus_Chernarus_TF.chernarus_summer read from bank.
20:42:19 Roles assigned.
20:42:19 Reading mission ...
20:42:19 No entry 'bin\config.bin/CfgMarkers.Third_Marker_3rdID'
20:42:19 Mission Zeus_Chernarus_TF.chernarus_summer read from bank.
20:42:20 Roles assigned.
20:42:20 Reading mission ...
20:42:20 No entry 'bin\config.bin/CfgMarkers.Third_Marker_3rdID'
20:42:20 Mission Zeus_Chernarus_TF.chernarus_summer read from bank.
20:42:20 Roles assigned.
20:42:20 Reading mission ...
20:42:20 No entry 'bin\config.bin/CfgMarkers.Third_Marker_3rdID'
20:42:20 Mission Zeus_Chernarus_TF.chernarus_summer read from bank.
20:42:20 Roles assigned.
20:42:20 Reading mission ...
20:42:20 No entry 'bin\config.bin/CfgMarkers.Third_Marker_3rdID'
20:42:20 Mission Zeus_Chernarus_TF.chernarus_summer read from bank.
20:42:20 Roles assigned.
20:42:20 Reading mission ...
20:42:20 No entry 'bin\config.bin/CfgMarkers.Third_Marker_3rdID'
20:42:20 Mission Zeus_Chernarus_TF.chernarus_summer read from bank.
20:42:20 Roles assigned.
20:42:20 Reading mission ...
20:42:20 No entry 'bin\config.bin/CfgMarkers.Third_Marker_3rdID'
20:42:20 Mission Zeus_Chernarus_TF.chernarus_summer read from bank.
20:42:20 Roles assigned.
20:42:20 Reading mission ...
20:42:20 No entry 'bin\config.bin/CfgMarkers.Third_Marker_3rdID'
20:42:20 Mission Zeus_Chernarus_TF.chernarus_summer read from bank.
20:42:21 Roles assigned.
20:42:21 Reading mission ...
20:42:21 No entry 'bin\config.bin/CfgMarkers.Third_Marker_3rdID'
20:42:21 Mission Zeus_Chernarus_TF.chernarus_summer read from bank.
20:42:21 Roles assigned.
20:42:21 Reading mission ...
20:42:21 No entry 'bin\config.bin/CfgMarkers.Third_Marker_3rdID'
20:42:21 Mission Zeus_Chernarus_TF.chernarus_summer read from bank.
20:42:21 Roles assigned.
20:42:21 Reading mission ...
20:42:21 No entry 'bin\config.bin/CfgMarkers.Third_Marker_3rdID'
20:42:21 Mission Zeus_Chernarus_TF.chernarus_summer read from bank.
20:42:21 Roles assigned.
20:42:21 Reading mission ...
20:42:21 No entry 'bin\config.bin/CfgMarkers.Third_Marker_3rdID'
20:42:21 Mission Zeus_Chernarus_TF.chernarus_summer read from bank.
20:42:21 Roles assigned.
20:42:21 Reading mission ...
20:42:21 No entry 'bin\config.bin/CfgMarkers.Third_Marker_3rdID'
20:42:21 Mission Zeus_Chernarus_TF.chernarus_summer read from bank.
20:42:21 Roles assigned.
20:42:21 Reading mission ...
20:42:21 No entry 'bin\config.bin/CfgMarkers.Third_Marker_3rdID'
20:42:21 Mission Zeus_Chernarus_TF.chernarus_summer read from bank.
20:42:21 Roles assigned.
20:42:21 Reading mission ...
20:42:21 No entry 'bin\config.bin/CfgMarkers.Third_Marker_3rdID'
20:42:22 Mission Zeus_Chernarus_TF.chernarus_summer read from bank.
20:42:22 Roles assigned.
20:42:22 Reading mission ...
20:42:22 No entry 'bin\config.bin/CfgMarkers.Third_Marker_3rdID'
20:42:22 Mission Zeus_Chernarus_TF.chernarus_summer read from bank.
20:42:22 Roles assigned.
20:42:22 Reading mission ...
20:42:22 No entry 'bin\config.bin/CfgMarkers.Third_Marker_3rdID'
20:42:22 Mission Zeus_Chernarus_TF.chernarus_summer read from bank.
20:42:22 Roles assigned.
20:42:22 Reading mission ...
20:42:22 No entry 'bin\config.bin/CfgMarkers.Third_Marker_3rdID'
20:42:22 Mission Zeus_Chernarus_TF.chernarus_summer read from bank.
20:42:22 Roles assigned.
20:42:22 Reading mission ...
20:42:22 No entry 'bin\config.bin/CfgMarkers.Third_Marker_3rdID'
20:42:22 Mission Zeus_Chernarus_TF.chernarus_summer read from bank.
20:42:22 Roles assigned.
20:42:22 Reading mission ...
20:42:22 No entry 'bin\config.bin/CfgMarkers.Third_Marker_3rdID'
20:42:22 Mission Zeus_Chernarus_TF.chernarus_summer read from bank.
20:42:22 Roles assigned.
20:42:22 Reading mission ...
20:42:22 No entry 'bin\config.bin/CfgMarkers.Third_Marker_3rdID'
20:42:22 Mission Zeus_Chernarus_TF.chernarus_summer read from bank.
20:42:22 Roles assigned.
20:42:23 Reading mission ...
20:42:23 No entry 'bin\config.bin/CfgMarkers.Third_Marker_3rdID'
20:42:23 Mission Zeus_Chernarus_TF.chernarus_summer read from bank.
20:42:23 Roles assigned.
20:42:23 Reading mission ...
20:42:23 No entry 'bin\config.bin/CfgMarkers.Third_Marker_3rdID'
20:42:23 Mission Zeus_Chernarus_TF.chernarus_summer read from bank.
20:42:23 Roles assigned.
20:42:23 Reading mission ...
20:42:23 No entry 'bin\config.bin/CfgMarkers.Third_Marker_3rdID'
20:42:23 Mission Zeus_Chernarus_TF.chernarus_summer read from bank.
20:42:23 Roles assigned.
20:42:23 Reading mission ...
20:42:23 No entry 'bin\config.bin/CfgMarkers.Third_Marker_3rdID'
20:42:23 Mission Zeus_Chernarus_TF.chernarus_summer read from bank.
20:42:23 Roles assigned.
20:42:23 Reading mission ...
20:42:23 No entry 'bin\config.bin/CfgMarkers.Third_Marker_3rdID'
20:42:23 Mission Zeus_Chernarus_TF.chernarus_summer read from bank.
20:42:23 Roles assigned.
20:42:23 Reading mission ...
20:42:23 No entry 'bin\config.bin/CfgMarkers.Third_Marker_3rdID'
20:42:23 Mission Zeus_Chernarus_TF.chernarus_summer read from bank.
20:42:23 Roles assigned.
20:42:23 Reading mission ...
20:42:23 No entry 'bin\config.bin/CfgMarkers.Third_Marker_3rdID'
20:42:23 Mission Zeus_Chernarus_TF.chernarus_summer read from bank.
20:42:24 Roles assigned.
20:42:24 Reading mission ...
20:42:24 No entry 'bin\config.bin/CfgMarkers.Third_Marker_3rdID'
20:42:24 Mission Zeus_Chernarus_TF.chernarus_summer read from bank.
20:42:24 Roles assigned.
20:42:24 Reading mission ...
20:42:24 No entry 'bin\config.bin/CfgMarkers.Third_Marker_3rdID'
20:42:24 Mission Zeus_Chernarus_TF.chernarus_summer read from bank.
20:42:24 Roles assigned.
20:42:24 Reading mission ...
20:42:24 No entry 'bin\config.bin/CfgMarkers.Third_Marker_3rdID'
20:42:24 Mission Zeus_Chernarus_TF.chernarus_summer read from bank.
20:42:24 Roles assigned.
20:42:24 Reading mission ...
20:42:24 No entry 'bin\config.bin/CfgMarkers.Third_Marker_3rdID'
20:42:24 Mission Zeus_Chernarus_TF.chernarus_summer read from bank.
20:42:24 Roles assigned.
20:42:24 Reading mission ...
20:42:24 No entry 'bin\config.bin/CfgMarkers.Third_Marker_3rdID'
20:42:24 Mission Zeus_Chernarus_TF.chernarus_summer read from bank.
20:42:24 Roles assigned.
20:42:24 Reading mission ...
20:42:24 No entry 'bin\config.bin/CfgMarkers.Third_Marker_3rdID'
20:42:24 Mission Zeus_Chernarus_TF.chernarus_summer read from bank.
20:42:24 Roles assigned.
20:42:25 Reading mission ...
20:42:25 No entry 'bin\config.bin/CfgMarkers.Third_Marker_3rdID'
20:42:25 Mission Zeus_Chernarus_TF.chernarus_summer read from bank.
20:42:25 Roles assigned.
20:42:25 Reading mission ...
20:42:25 No entry 'bin\config.bin/CfgMarkers.Third_Marker_3rdID'
20:42:25 Mission Zeus_Chernarus_TF.chernarus_summer read from bank.
20:42:25 Roles assigned.
20:42:25 Reading mission ...
20:42:25 No entry 'bin\config.bin/CfgMarkers.Third_Marker_3rdID'
20:42:25 Mission Zeus_Chernarus_TF.chernarus_summer read from bank.
20:42:25 Roles assigned.
20:42:25 Reading mission ...
20:42:25 No entry 'bin\config.bin/CfgMarkers.Third_Marker_3rdID'
20:42:25 Mission Zeus_Chernarus_TF.chernarus_summer read from bank.
20:42:25 Roles assigned.
20:42:25 Reading mission ...
20:42:25 No entry 'bin\config.bin/CfgMarkers.Third_Marker_3rdID'
20:42:25 Mission Zeus_Chernarus_TF.chernarus_summer read from bank.
20:42:25 Roles assigned.
20:42:25 Reading mission ...
20:42:25 No entry 'bin\config.bin/CfgMarkers.Third_Marker_3rdID'
20:42:25 Mission Zeus_Chernarus_TF.chernarus_summer read from bank.
20:42:25 Roles assigned.
20:42:25 Reading mission ...
20:42:25 No entry 'bin\config.bin/CfgMarkers.Third_Marker_3rdID'
20:42:25 Mission Zeus_Chernarus_TF.chernarus_summer read from bank.
20:42:26 Roles assigned.
20:42:26 Reading mission ...
20:42:26 No entry 'bin\config.bin/CfgMarkers.Third_Marker_3rdID'
20:42:26 Mission Zeus_Chernarus_TF.chernarus_summer read from bank.
20:42:26 Roles assigned.
20:42:26 Reading mission ...
20:42:26 No entry 'bin\config.bin/CfgMarkers.Third_Marker_3rdID'
20:42:26 Mission Zeus_Chernarus_TF.chernarus_summer read from bank.
20:42:26 Roles assigned.
20:42:26 Reading mission ...
20:42:26 No entry 'bin\config.bin/CfgMarkers.Third_Marker_3rdID'
20:42:26 Mission Zeus_Chernarus_TF.chernarus_summer read from bank.
20:42:26 Roles assigned.
20:42:26 Reading mission ...
20:42:26 No entry 'bin\config.bin/CfgMarkers.Third_Marker_3rdID'
20:42:26 Mission Zeus_Chernarus_TF.chernarus_summer read from bank.
20:42:26 Roles assigned.
20:42:26 Reading mission ...
20:42:26 No entry 'bin\config.bin/CfgMarkers.Third_Marker_3rdID'
20:42:26 Mission Zeus_Chernarus_TF.chernarus_summer read from bank.
20:42:26 Roles assigned.
20:42:26 Reading mission ...
20:42:26 No entry 'bin\config.bin/CfgMarkers.Third_Marker_3rdID'
20:42:26 Mission Zeus_Chernarus_TF.chernarus_summer read from bank.
20:42:26 Roles assigned.
20:42:26 Reading mission ...
20:42:26 No entry 'bin\config.bin/CfgMarkers.Third_Marker_3rdID'
20:42:27 Mission Zeus_Chernarus_TF.chernarus_summer read from bank.
20:42:27 Roles assigned.
20:42:27 Reading mission ...
20:42:27 No entry 'bin\config.bin/CfgMarkers.Third_Marker_3rdID'
20:42:27 Mission Zeus_Chernarus_TF.chernarus_summer read from bank.
20:42:27 Roles assigned.
20:42:27 Reading mission ...
20:42:27 No entry 'bin\config.bin/CfgMarkers.Third_Marker_3rdID'
20:42:27 Mission Zeus_Chernarus_TF.chernarus_summer read from bank.
20:42:27 Roles assigned.
20:42:27 Reading mission ...
20:42:27 No entry 'bin\config.bin/CfgMarkers.Third_Marker_3rdID'
20:42:27 Mission Zeus_Chernarus_TF.chernarus_summer read from bank.
20:42:27 Roles assigned.
20:42:27 Reading mission ...
20:42:27 No entry 'bin\config.bin/CfgMarkers.Third_Marker_3rdID'
20:42:27 Mission Zeus_Chernarus_TF.chernarus_summer read from bank.
20:42:27 Roles assigned.
20:42:27 Reading mission ...
20:42:27 No entry 'bin\config.bin/CfgMarkers.Third_Marker_3rdID'
20:42:27 Mission Zeus_Chernarus_TF.chernarus_summer read from bank.
20:42:27 Roles assigned.
20:42:27 Reading mission ...
20:42:27 No entry 'bin\config.bin/CfgMarkers.Third_Marker_3rdID'
20:42:27 Mission Zeus_Chernarus_TF.chernarus_summer read from bank.
20:42:28 Roles assigned.
20:42:28 Reading mission ...
20:42:28 No entry 'bin\config.bin/CfgMarkers.Third_Marker_3rdID'
20:42:28 Mission Zeus_Chernarus_TF.chernarus_summer read from bank.
20:42:28 Roles assigned.
20:42:28 Reading mission ...
20:42:28 No entry 'bin\config.bin/CfgMarkers.Third_Marker_3rdID'
20:42:28 Mission Zeus_Chernarus_TF.chernarus_summer read from bank.
20:42:28 Roles assigned.
20:42:28 Reading mission ...
20:42:28 No entry 'bin\config.bin/CfgMarkers.Third_Marker_3rdID'
20:42:28 Mission Zeus_Chernarus_TF.chernarus_summer read from bank.
20:42:28 Roles assigned.
20:42:28 Reading mission ...
20:42:28 No entry 'bin\config.bin/CfgMarkers.Third_Marker_3rdID'
20:42:28 Mission Zeus_Chernarus_TF.chernarus_summer read from bank.
20:42:28 Roles assigned.
20:42:28 Reading mission ...
20:42:28 No entry 'bin\config.bin/CfgMarkers.Third_Marker_3rdID'
20:42:28 Mission Zeus_Chernarus_TF.chernarus_summer read from bank.
20:42:28 Roles assigned.
20:42:28 Reading mission ...
20:42:28 No entry 'bin\config.bin/CfgMarkers.Third_Marker_3rdID'
20:42:28 Mission Zeus_Chernarus_TF.chernarus_summer read from bank.
20:42:28 Roles assigned.
20:42:28 Reading mission ...
20:42:28 No entry 'bin\config.bin/CfgMarkers.Third_Marker_3rdID'
20:42:28 Mission Zeus_Chernarus_TF.chernarus_summer read from bank.
20:42:29 Roles assigned.
20:42:29 Reading mission ...
20:42:29 No entry 'bin\config.bin/CfgMarkers.Third_Marker_3rdID'
20:42:29 Mission Zeus_Chernarus_TF.chernarus_summer read from bank.
20:42:29 Roles assigned.
20:42:29 Reading mission ...
20:42:29 No entry 'bin\config.bin/CfgMarkers.Third_Marker_3rdID'
20:42:29 Mission Zeus_Chernarus_TF.chernarus_summer read from bank.
20:42:29 Roles assigned.
20:42:29 Reading mission ...
20:42:29 No entry 'bin\config.bin/CfgMarkers.Third_Marker_3rdID'
20:42:29 Mission Zeus_Chernarus_TF.chernarus_summer read from bank.
20:42:29 Roles assigned.
20:42:29 Reading mission ...
20:42:29 No entry 'bin\config.bin/CfgMarkers.Third_Marker_3rdID'
20:42:29 Mission Zeus_Chernarus_TF.chernarus_summer read from bank.
20:42:29 Roles assigned.
20:42:29 Reading mission ...
20:42:29 No entry 'bin\config.bin/CfgMarkers.Third_Marker_3rdID'
20:42:29 Mission Zeus_Chernarus_TF.chernarus_summer read from bank.
20:42:29 Roles assigned.
20:42:29 Reading mission ...
20:42:29 No entry 'bin\config.bin/CfgMarkers.Third_Marker_3rdID'
20:42:29 Mission Zeus_Chernarus_TF.chernarus_summer read from bank.
20:42:29 Roles assigned.
20:42:30 Reading mission ...
20:42:30 No entry 'bin\config.bin/CfgMarkers.Third_Marker_3rdID'
20:42:30 Mission Zeus_Chernarus_TF.chernarus_summer read from bank.
20:42:30 Roles assigned.
20:42:30 Reading mission ...
20:42:30 No entry 'bin\config.bin/CfgMarkers.Third_Marker_3rdID'
20:42:30 Mission Zeus_Chernarus_TF.chernarus_summer read from bank.
20:42:30 Roles assigned.
20:42:30 Reading mission ...
20:42:30 No entry 'bin\config.bin/CfgMarkers.Third_Marker_3rdID'
20:42:30 Mission Zeus_Chernarus_TF.chernarus_summer read from bank.
20:42:30 Roles assigned.
20:42:30 Reading mission ...
20:42:30 No entry 'bin\config.bin/CfgMarkers.Third_Marker_3rdID'
20:42:30 Mission Zeus_Chernarus_TF.chernarus_summer read from bank.
20:42:30 Roles assigned.
20:42:30 Reading mission ...
20:42:30 No entry 'bin\config.bin/CfgMarkers.Third_Marker_3rdID'
20:42:30 Mission Zeus_Chernarus_TF.chernarus_summer read from bank.
20:42:30 Roles assigned.
20:42:30 Reading mission ...
20:42:30 No entry 'bin\config.bin/CfgMarkers.Third_Marker_3rdID'
20:42:30 Mission Zeus_Chernarus_TF.chernarus_summer read from bank.
20:42:30 Roles assigned.
20:42:30 Reading mission ...
20:42:30 No entry 'bin\config.bin/CfgMarkers.Third_Marker_3rdID'
20:42:30 Mission Zeus_Chernarus_TF.chernarus_summer read from bank.
20:42:31 Roles assigned.
20:42:31 Reading mission ...
20:42:31 No entry 'bin\config.bin/CfgMarkers.Third_Marker_3rdID'
20:42:31 Mission Zeus_Chernarus_TF.chernarus_summer read from bank.
20:42:31 Roles assigned.
20:42:31 Reading mission ...
20:42:31 No entry 'bin\config.bin/CfgMarkers.Third_Marker_3rdID'
20:42:31 Mission Zeus_Chernarus_TF.chernarus_summer read from bank.
20:42:31 Roles assigned.
20:42:31 Reading mission ...
20:42:31 No entry 'bin\config.bin/CfgMarkers.Third_Marker_3rdID'
20:42:31 Mission Zeus_Chernarus_TF.chernarus_summer read from bank.
20:42:31 Roles assigned.
20:42:31 Reading mission ...
20:42:31 No entry 'bin\config.bin/CfgMarkers.Third_Marker_3rdID'
20:42:31 Mission Zeus_Chernarus_TF.chernarus_summer read from bank.
20:42:31 Roles assigned.
20:42:31 Reading mission ...
20:42:31 No entry 'bin\config.bin/CfgMarkers.Third_Marker_3rdID'
20:42:31 Mission Zeus_Chernarus_TF.chernarus_summer read from bank.
20:42:31 Roles assigned.
20:42:31 Reading mission ...
20:42:31 No entry 'bin\config.bin/CfgMarkers.Third_Marker_3rdID'
20:42:31 Mission Zeus_Chernarus_TF.chernarus_summer read from bank.
20:42:31 Roles assigned.
20:42:32 Reading mission ...
20:42:32 No entry 'bin\config.bin/CfgMarkers.Third_Marker_3rdID'
20:42:32 Mission Zeus_Chernarus_TF.chernarus_summer read from bank.
20:42:32 Roles assigned.
20:42:32 Reading mission ...
20:42:32 No entry 'bin\config.bin/CfgMarkers.Third_Marker_3rdID'
20:42:32 Mission Zeus_Chernarus_TF.chernarus_summer read from bank.
20:42:32 Roles assigned.
20:42:32 Reading mission ...
20:42:32 No entry 'bin\config.bin/CfgMarkers.Third_Marker_3rdID'
20:42:32 Mission Zeus_Chernarus_TF.chernarus_summer read from bank.
20:42:32 Roles assigned.
20:42:32 Reading mission ...
20:42:32 No entry 'bin\config.bin/CfgMarkers.Third_Marker_3rdID'
20:42:32 Mission Zeus_Chernarus_TF.chernarus_summer read from bank.
20:42:32 Roles assigned.
20:42:32 Reading mission ...
20:42:32 No entry 'bin\config.bin/CfgMarkers.Third_Marker_3rdID'
20:42:32 Mission Zeus_Chernarus_TF.chernarus_summer read from bank.
20:42:32 Roles assigned.
20:42:32 Reading mission ...
20:42:32 No entry 'bin\config.bin/CfgMarkers.Third_Marker_3rdID'
20:42:32 Mission Zeus_Chernarus_TF.chernarus_summer read from bank.
20:42:32 Roles assigned.
20:42:32 Reading mission ...
20:42:32 No entry 'bin\config.bin/CfgMarkers.Third_Marker_3rdID'
20:42:32 Mission Zeus_Chernarus_TF.chernarus_summer read from bank.
20:42:33 Roles assigned.
20:42:33 Reading mission ...
20:42:33 No entry 'bin\config.bin/CfgMarkers.Third_Marker_3rdID'
20:42:33 Mission Zeus_Chernarus_TF.chernarus_summer read from bank.
20:42:33 Roles assigned.
20:42:33 Reading mission ...
20:42:33 No entry 'bin\config.bin/CfgMarkers.Third_Marker_3rdID'
20:42:33 Mission Zeus_Chernarus_TF.chernarus_summer read from bank.
20:42:33 Roles assigned.
20:42:33 Reading mission ...
20:42:33 No entry 'bin\config.bin/CfgMarkers.Third_Marker_3rdID'
20:42:33 Mission Zeus_Chernarus_TF.chernarus_summer read from bank.
20:42:33 Roles assigned.
20:42:33 Reading mission ...
20:42:33 No entry 'bin\config.bin/CfgMarkers.Third_Marker_3rdID'
20:42:33 Mission Zeus_Chernarus_TF.chernarus_summer read from bank.
20:42:33 Roles assigned.
20:42:33 Reading mission ...
20:42:33 No entry 'bin\config.bin/CfgMarkers.Third_Marker_3rdID'
20:42:33 Mission Zeus_Chernarus_TF.chernarus_summer read from bank.
20:42:33 Roles assigned.
20:42:33 Reading mission ...
20:42:33 No entry 'bin\config.bin/CfgMarkers.Third_Marker_3rdID'
20:42:33 Mission Zeus_Chernarus_TF.chernarus_summer read from bank.
20:42:33 Roles assigned.
20:42:33 Reading mission ...
20:42:33 No entry 'bin\config.bin/CfgMarkers.Third_Marker_3rdID'
20:42:34 Mission Zeus_Chernarus_TF.chernarus_summer read from bank.
20:42:34 Roles assigned.
20:42:34 Reading mission ...
20:42:34 No entry 'bin\config.bin/CfgMarkers.Third_Marker_3rdID'
20:42:34 Mission Zeus_Chernarus_TF.chernarus_summer read from bank.
20:42:34 Roles assigned.
20:42:34 Reading mission ...
20:42:34 No entry 'bin\config.bin/CfgMarkers.Third_Marker_3rdID'
20:42:34 Mission Zeus_Chernarus_TF.chernarus_summer read from bank.
20:42:34 Roles assigned.
20:42:34 Reading mission ...
20:42:34 No entry 'bin\config.bin/CfgMarkers.Third_Marker_3rdID'
20:42:34 Mission Zeus_Chernarus_TF.chernarus_summer read from bank.
20:42:34 Roles assigned.
20:42:34 Reading mission ...
20:42:34 No entry 'bin\config.bin/CfgMarkers.Third_Marker_3rdID'
20:42:34 Mission Zeus_Chernarus_TF.chernarus_summer read from bank.
20:42:34 Roles assigned.
20:42:34 Reading mission ...
20:42:34 No entry 'bin\config.bin/CfgMarkers.Third_Marker_3rdID'
20:42:34 Mission Zeus_Chernarus_TF.chernarus_summer read from bank.
20:42:34 Roles assigned.
20:42:34 Reading mission ...
20:42:34 No entry 'bin\config.bin/CfgMarkers.Third_Marker_3rdID'
20:42:35 Mission Zeus_Chernarus_TF.chernarus_summer read from bank.
20:42:35 Roles assigned.
20:42:35 Reading mission ...
20:42:35 No entry 'bin\config.bin/CfgMarkers.Third_Marker_3rdID'
20:42:35 Mission Zeus_Chernarus_TF.chernarus_summer read from bank.
20:42:35 Roles assigned.
20:42:35 Reading mission ...
20:42:35 No entry 'bin\config.bin/CfgMarkers.Third_Marker_3rdID'
20:42:35 Mission Zeus_Chernarus_TF.chernarus_summer read from bank.
20:42:35 Roles assigned.
20:42:35 Reading mission ...
20:42:35 No entry 'bin\config.bin/CfgMarkers.Third_Marker_3rdID'
20:42:35 Mission Zeus_Chernarus_TF.chernarus_summer read from bank.
20:42:35 Roles assigned.
20:42:35 Reading mission ...
20:42:35 No entry 'bin\config.bin/CfgMarkers.Third_Marker_3rdID'
20:42:35 Mission Zeus_Chernarus_TF.chernarus_summer read from bank.
20:42:35 Roles assigned.
20:42:35 Reading mission ...
20:42:35 No entry 'bin\config.bin/CfgMarkers.Third_Marker_3rdID'
20:42:35 Mission Zeus_Chernarus_TF.chernarus_summer read from bank.
20:42:35 Roles assigned.
20:42:35 Reading mission ...
20:42:35 No entry 'bin\config.bin/CfgMarkers.Third_Marker_3rdID'
20:42:35 Mission Zeus_Chernarus_TF.chernarus_summer read from bank.
20:42:35 Roles assigned.
20:42:36 Reading mission ...
20:42:36 No entry 'bin\config.bin/CfgMarkers.Third_Marker_3rdID'
20:42:36 Mission Zeus_Chernarus_TF.chernarus_summer read from bank.
20:42:36 Roles assigned.
20:42:36 Reading mission ...
20:42:36 No entry 'bin\config.bin/CfgMarkers.Third_Marker_3rdID'
20:42:36 Mission Zeus_Chernarus_TF.chernarus_summer read from bank.
20:42:36 Roles assigned.
20:42:36 Reading mission ...
20:42:36 No entry 'bin\config.bin/CfgMarkers.Third_Marker_3rdID'
20:42:36 Mission Zeus_Chernarus_TF.chernarus_summer read from bank.
20:42:36 Roles assigned.
20:42:36 Reading mission ...
20:42:36 No entry 'bin\config.bin/CfgMarkers.Third_Marker_3rdID'
20:42:36 Mission Zeus_Chernarus_TF.chernarus_summer read from bank.
20:42:36 Roles assigned.
20:42:36 Reading mission ...
20:42:36 No entry 'bin\config.bin/CfgMarkers.Third_Marker_3rdID'
20:42:36 Mission Zeus_Chernarus_TF.chernarus_summer read from bank.
20:42:36 Roles assigned.
20:42:36 Reading mission ...
20:42:36 No entry 'bin\config.bin/CfgMarkers.Third_Marker_3rdID'
20:42:36 Mission Zeus_Chernarus_TF.chernarus_summer read from bank.
20:42:36 Roles assigned.
20:42:36 Reading mission ...
20:42:36 No entry 'bin\config.bin/CfgMarkers.Third_Marker_3rdID'
20:42:36 Mission Zeus_Chernarus_TF.chernarus_summer read from bank.
20:42:37 Roles assigned.
20:42:37 Reading mission ...
20:42:37 No entry 'bin\config.bin/CfgMarkers.Third_Marker_3rdID'
20:42:37 Mission Zeus_Chernarus_TF.chernarus_summer read from bank.
20:42:37 Roles assigned.
20:42:37 Reading mission ...
20:42:37 No entry 'bin\config.bin/CfgMarkers.Third_Marker_3rdID'
20:42:37 Mission Zeus_Chernarus_TF.chernarus_summer read from bank.
20:42:37 Roles assigned.
20:42:37 Reading mission ...
20:42:37 No entry 'bin\config.bin/CfgMarkers.Third_Marker_3rdID'
20:42:37 Mission Zeus_Chernarus_TF.chernarus_summer read from bank.
20:42:37 Roles assigned.
20:42:37 Reading mission ...
20:42:37 No entry 'bin\config.bin/CfgMarkers.Third_Marker_3rdID'
20:42:37 Mission Zeus_Chernarus_TF.chernarus_summer read from bank.
20:42:37 Roles assigned.
20:42:37 Reading mission ...
20:42:37 No entry 'bin\config.bin/CfgMarkers.Third_Marker_3rdID'
20:42:37 Mission Zeus_Chernarus_TF.chernarus_summer read from bank.
20:42:37 Roles assigned.
20:42:37 Reading mission ...
20:42:37 No entry 'bin\config.bin/CfgMarkers.Third_Marker_3rdID'
20:42:37 Mission Zeus_Chernarus_TF.chernarus_summer read from bank.
20:42:37 Roles assigned.
20:42:38 Reading mission ...
20:42:38 No entry 'bin\config.bin/CfgMarkers.Third_Marker_3rdID'
20:42:38 Mission Zeus_Chernarus_TF.chernarus_summer read from bank.
20:42:38 Roles assigned.
20:42:38 Reading mission ...
20:42:38 No entry 'bin\config.bin/CfgMarkers.Third_Marker_3rdID'
20:42:38 Mission Zeus_Chernarus_TF.chernarus_summer read from bank.
20:42:38 Roles assigned.
20:42:38 Reading mission ...
20:42:38 No entry 'bin\config.bin/CfgMarkers.Third_Marker_3rdID'
20:42:38 Mission Zeus_Chernarus_TF.chernarus_summer read from bank.
20:42:38 Roles assigned.
20:42:38 Reading mission ...
20:42:38 No entry 'bin\config.bin/CfgMarkers.Third_Marker_3rdID'
20:42:38 Mission Zeus_Chernarus_TF.chernarus_summer read from bank.
20:42:38 Roles assigned.
20:42:38 Reading mission ...
20:42:38 No entry 'bin\config.bin/CfgMarkers.Third_Marker_3rdID'
20:42:38 Mission Zeus_Chernarus_TF.chernarus_summer read from bank.
20:42:38 Roles assigned.
20:42:38 Reading mission ...
20:42:38 No entry 'bin\config.bin/CfgMarkers.Third_Marker_3rdID'
20:42:38 Mission Zeus_Chernarus_TF.chernarus_summer read from bank.
20:42:38 Roles assigned.
20:42:38 Reading mission ...
20:42:38 No entry 'bin\config.bin/CfgMarkers.Third_Marker_3rdID'
20:42:38 Mission Zeus_Chernarus_TF.chernarus_summer read from bank.
20:42:39 Roles assigned.
20:42:39 Reading mission ...
20:42:39 No entry 'bin\config.bin/CfgMarkers.Third_Marker_3rdID'
20:42:39 Mission Zeus_Chernarus_TF.chernarus_summer read from bank.
20:42:39 Roles assigned.
20:42:39 Reading mission ...
20:42:39 No entry 'bin\config.bin/CfgMarkers.Third_Marker_3rdID'
20:42:39 Mission Zeus_Chernarus_TF.chernarus_summer read from bank.
20:42:39 Roles assigned.
20:42:39 Reading mission ...
20:42:39 No entry 'bin\config.bin/CfgMarkers.Third_Marker_3rdID'
20:42:39 Mission Zeus_Chernarus_TF.chernarus_summer read from bank.
20:42:39 Roles assigned.
20:42:39 Reading mission ...
20:42:39 No entry 'bin\config.bin/CfgMarkers.Third_Marker_3rdID'
20:42:39 Mission Zeus_Chernarus_TF.chernarus_summer read from bank.
20:42:39 Roles assigned.
20:42:39 Reading mission ...
20:42:39 No entry 'bin\config.bin/CfgMarkers.Third_Marker_3rdID'
20:42:39 Mission Zeus_Chernarus_TF.chernarus_summer read from bank.
20:42:39 Roles assigned.
20:42:39 Reading mission ...
20:42:39 No entry 'bin\config.bin/CfgMarkers.Third_Marker_3rdID'
20:42:39 Mission Zeus_Chernarus_TF.chernarus_summer read from bank.
20:42:40 Roles assigned.
20:42:40 Reading mission ...
20:42:40 No entry 'bin\config.bin/CfgMarkers.Third_Marker_3rdID'
20:42:40 Mission Zeus_Chernarus_TF.chernarus_summer read from bank.
20:42:40 Roles assigned.
20:42:40 Reading mission ...
20:42:40 No entry 'bin\config.bin/CfgMarkers.Third_Marker_3rdID'
20:42:40 Mission Zeus_Chernarus_TF.chernarus_summer read from bank.
20:42:40 Roles assigned.
20:42:40 Reading mission ...
20:42:40 No entry 'bin\config.bin/CfgMarkers.Third_Marker_3rdID'
20:42:40 Mission Zeus_Chernarus_TF.chernarus_summer read from bank.
20:42:40 Roles assigned.
20:42:40 Reading mission ...
20:42:40 No entry 'bin\config.bin/CfgMarkers.Third_Marker_3rdID'
20:42:40 Mission Zeus_Chernarus_TF.chernarus_summer read from bank.
20:42:40 Roles assigned.
20:42:40 Reading mission ...
20:42:40 No entry 'bin\config.bin/CfgMarkers.Third_Marker_3rdID'
20:42:40 Mission Zeus_Chernarus_TF.chernarus_summer read from bank.
20:42:40 Roles assigned.
20:42:40 Reading mission ...
20:42:40 No entry 'bin\config.bin/CfgMarkers.Third_Marker_3rdID'
20:42:40 Mission Zeus_Chernarus_TF.chernarus_summer read from bank.
20:42:40 Roles assigned.
20:42:40 Reading mission ...
20:42:40 No entry 'bin\config.bin/CfgMarkers.Third_Marker_3rdID'
20:42:40 Mission Zeus_Chernarus_TF.chernarus_summer read from bank.
20:42:41 Roles assigned.
20:42:41 Reading mission ...
20:42:41 No entry 'bin\config.bin/CfgMarkers.Third_Marker_3rdID'
20:42:41 Mission Zeus_Chernarus_TF.chernarus_summer read from bank.
20:42:41 Roles assigned.
20:42:41 Reading mission ...
20:42:41 No entry 'bin\config.bin/CfgMarkers.Third_Marker_3rdID'
20:42:41 Mission Zeus_Chernarus_TF.chernarus_summer read from bank.
20:42:41 Roles assigned.
20:42:41 Reading mission ...
20:42:41 No entry 'bin\config.bin/CfgMarkers.Third_Marker_3rdID'
20:42:41 Mission Zeus_Chernarus_TF.chernarus_summer read from bank.
20:42:41 Roles assigned.
20:42:41 Reading mission ...
20:42:41 No entry 'bin\config.bin/CfgMarkers.Third_Marker_3rdID'
20:42:41 Mission Zeus_Chernarus_TF.chernarus_summer read from bank.
20:42:41 Roles assigned.
20:42:41 Reading mission ...
20:42:41 No entry 'bin\config.bin/CfgMarkers.Third_Marker_3rdID'
20:42:41 Mission Zeus_Chernarus_TF.chernarus_summer read from bank.
20:42:41 Roles assigned.
20:42:41 Reading mission ...
20:42:41 No entry 'bin\config.bin/CfgMarkers.Third_Marker_3rdID'
20:42:41 Mission Zeus_Chernarus_TF.chernarus_summer read from bank.
20:42:41 Roles assigned.
20:42:41 Reading mission ...
20:42:41 No entry 'bin\config.bin/CfgMarkers.Third_Marker_3rdID'
20:42:42 Mission Zeus_Chernarus_TF.chernarus_summer read from bank.
20:42:42 Roles assigned.
20:42:42 Reading mission ...
20:42:42 No entry 'bin\config.bin/CfgMarkers.Third_Marker_3rdID'
20:42:42 Mission Zeus_Chernarus_TF.chernarus_summer read from bank.
20:42:42 Roles assigned.
20:42:42 Reading mission ...
20:42:42 No entry 'bin\config.bin/CfgMarkers.Third_Marker_3rdID'
20:42:42 Mission Zeus_Chernarus_TF.chernarus_summer read from bank.
20:42:42 Roles assigned.
20:42:42 Reading mission ...
20:42:42 No entry 'bin\config.bin/CfgMarkers.Third_Marker_3rdID'
20:42:42 Mission Zeus_Chernarus_TF.chernarus_summer read from bank.
20:42:42 Roles assigned.
20:42:42 Reading mission ...
20:42:42 No entry 'bin\config.bin/CfgMarkers.Third_Marker_3rdID'
20:42:42 Mission Zeus_Chernarus_TF.chernarus_summer read from bank.
20:42:42 Roles assigned.
20:42:42 Reading mission ...
20:42:42 No entry 'bin\config.bin/CfgMarkers.Third_Marker_3rdID'
20:42:42 Mission Zeus_Chernarus_TF.chernarus_summer read from bank.
20:42:42 Roles assigned.
20:42:42 Reading mission ...
20:42:42 No entry 'bin\config.bin/CfgMarkers.Third_Marker_3rdID'
20:42:42 Mission Zeus_Chernarus_TF.chernarus_summer read from bank.
20:42:43 Roles assigned.
20:42:43 Reading mission ...
20:42:43 No entry 'bin\config.bin/CfgMarkers.Third_Marker_3rdID'
20:42:43 Mission Zeus_Chernarus_TF.chernarus_summer read from bank.
20:42:43 Roles assigned.
20:42:43 Reading mission ...
20:42:43 No entry 'bin\config.bin/CfgMarkers.Third_Marker_3rdID'
20:42:43 Mission Zeus_Chernarus_TF.chernarus_summer read from bank.
20:42:43 Roles assigned.
20:42:43 Reading mission ...
20:42:43 No entry 'bin\config.bin/CfgMarkers.Third_Marker_3rdID'
20:42:43 Mission Zeus_Chernarus_TF.chernarus_summer read from bank.
20:42:43 Roles assigned.
20:42:43 Reading mission ...
20:42:43 No entry 'bin\config.bin/CfgMarkers.Third_Marker_3rdID'
20:42:43 Mission Zeus_Chernarus_TF.chernarus_summer read from bank.
20:42:43 Roles assigned.
20:42:43 Reading mission ...
20:42:43 No entry 'bin\config.bin/CfgMarkers.Third_Marker_3rdID'
20:42:43 Mission Zeus_Chernarus_TF.chernarus_summer read from bank.
20:42:43 Roles assigned.
20:42:43 Reading mission ...
20:42:43 No entry 'bin\config.bin/CfgMarkers.Third_Marker_3rdID'
20:42:43 Mission Zeus_Chernarus_TF.chernarus_summer read from bank.
20:42:43 Roles assigned.
20:42:43 Reading mission ...
20:42:43 No entry 'bin\config.bin/CfgMarkers.Third_Marker_3rdID'
20:42:43 Mission Zeus_Chernarus_TF.chernarus_summer read from bank.
20:42:44 Roles assigned.
20:42:44 Reading mission ...
20:42:44 No entry 'bin\config.bin/CfgMarkers.Third_Marker_3rdID'
20:42:44 Mission Zeus_Chernarus_TF.chernarus_summer read from bank.
20:42:44 Roles assigned.
20:42:44 Reading mission ...
20:42:44 No entry 'bin\config.bin/CfgMarkers.Third_Marker_3rdID'
20:42:44 Mission Zeus_Chernarus_TF.chernarus_summer read from bank.
20:42:44 Roles assigned.
20:42:44 Reading mission ...
20:42:44 No entry 'bin\config.bin/CfgMarkers.Third_Marker_3rdID'
20:42:44 Mission Zeus_Chernarus_TF.chernarus_summer read from bank.
20:42:44 Roles assigned.
20:42:44 Reading mission ...
20:42:44 No entry 'bin\config.bin/CfgMarkers.Third_Marker_3rdID'
20:42:44 Mission Zeus_Chernarus_TF.chernarus_summer read from bank.
20:42:44 Roles assigned.
20:42:44 Reading mission ...
20:42:44 No entry 'bin\config.bin/CfgMarkers.Third_Marker_3rdID'
20:42:44 Mission Zeus_Chernarus_TF.chernarus_summer read from bank.
20:42:44 Roles assigned.
20:42:44 Reading mission ...
20:42:44 No entry 'bin\config.bin/CfgMarkers.Third_Marker_3rdID'
20:42:44 Mission Zeus_Chernarus_TF.chernarus_summer read from bank.
20:42:45 Roles assigned.
20:42:45 Reading mission ...
20:42:45 No entry 'bin\config.bin/CfgMarkers.Third_Marker_3rdID'
20:42:45 Mission Zeus_Chernarus_TF.chernarus_summer read from bank.
20:42:45 Roles assigned.
20:42:45 Reading mission ...
20:42:45 No entry 'bin\config.bin/CfgMarkers.Third_Marker_3rdID'
20:42:45 Mission Zeus_Chernarus_TF.chernarus_summer read from bank.
20:42:45 Roles assigned.
20:42:45 Reading mission ...
20:42:45 No entry 'bin\config.bin/CfgMarkers.Third_Marker_3rdID'
20:42:45 Mission Zeus_Chernarus_TF.chernarus_summer read from bank.
20:42:45 Roles assigned.
20:42:45 Reading mission ...
20:42:45 No entry 'bin\config.bin/CfgMarkers.Third_Marker_3rdID'
20:42:45 Mission Zeus_Chernarus_TF.chernarus_summer read from bank.
20:42:45 Roles assigned.
20:42:45 Reading mission ...
20:42:45 No entry 'bin\config.bin/CfgMarkers.Third_Marker_3rdID'
20:42:45 Mission Zeus_Chernarus_TF.chernarus_summer read from bank.
20:42:45 Roles assigned.
20:42:45 Reading mission ...
20:42:45 No entry 'bin\config.bin/CfgMarkers.Third_Marker_3rdID'
20:42:45 Mission Zeus_Chernarus_TF.chernarus_summer read from bank.
20:42:45 Roles assigned.
20:42:45 Reading mission ...
20:42:45 No entry 'bin\config.bin/CfgMarkers.Third_Marker_3rdID'
20:42:45 Mission Zeus_Chernarus_TF.chernarus_summer read from bank.
20:42:46 Roles assigned.
20:42:46 Reading mission ...
20:42:46 No entry 'bin\config.bin/CfgMarkers.Third_Marker_3rdID'
20:42:46 Mission Zeus_Chernarus_TF.chernarus_summer read from bank.
20:42:46 Roles assigned.
20:42:46 Reading mission ...
20:42:46 No entry 'bin\config.bin/CfgMarkers.Third_Marker_3rdID'
20:42:46 Mission Zeus_Chernarus_TF.chernarus_summer read from bank.
20:42:46 Roles assigned.
20:42:46 Reading mission ...
20:42:46 No entry 'bin\config.bin/CfgMarkers.Third_Marker_3rdID'
20:42:46 Mission Zeus_Chernarus_TF.chernarus_summer read from bank.
20:42:46 Roles assigned.
20:42:46 Reading mission ...
20:42:46 No entry 'bin\config.bin/CfgMarkers.Third_Marker_3rdID'
20:42:46 Mission Zeus_Chernarus_TF.chernarus_summer read from bank.
20:42:46 Roles assigned.
20:42:46 Reading mission ...
20:42:46 No entry 'bin\config.bin/CfgMarkers.Third_Marker_3rdID'
20:42:46 Mission Zeus_Chernarus_TF.chernarus_summer read from bank.
20:42:46 Roles assigned.
20:42:46 Reading mission ...
20:42:46 No entry 'bin\config.bin/CfgMarkers.Third_Marker_3rdID'
20:42:46 Mission Zeus_Chernarus_TF.chernarus_summer read from bank.
20:42:46 Roles assigned.
20:42:46 Reading mission ...
20:42:46 No entry 'bin\config.bin/CfgMarkers.Third_Marker_3rdID'
20:42:47 Mission Zeus_Chernarus_TF.chernarus_summer read from bank.
20:42:47 Roles assigned.
20:42:47 Reading mission ...
20:42:47 No entry 'bin\config.bin/CfgMarkers.Third_Marker_3rdID'
20:42:47 Mission Zeus_Chernarus_TF.chernarus_summer read from bank.
20:42:47 Roles assigned.
20:42:47 Reading mission ...
20:42:47 No entry 'bin\config.bin/CfgMarkers.Third_Marker_3rdID'
20:42:47 Mission Zeus_Chernarus_TF.chernarus_summer read from bank.
20:42:47 Roles assigned.
20:42:47 Reading mission ...
20:42:47 No entry 'bin\config.bin/CfgMarkers.Third_Marker_3rdID'
20:42:47 Mission Zeus_Chernarus_TF.chernarus_summer read from bank.
20:42:47 Roles assigned.
20:42:47 Reading mission ...
20:42:47 No entry 'bin\config.bin/CfgMarkers.Third_Marker_3rdID'
20:42:47 Mission Zeus_Chernarus_TF.chernarus_summer read from bank.
20:42:47 Roles assigned.
20:42:47 Reading mission ...
20:42:47 No entry 'bin\config.bin/CfgMarkers.Third_Marker_3rdID'
20:42:47 Mission Zeus_Chernarus_TF.chernarus_summer read from bank.
20:42:47 Roles assigned.
20:42:47 Reading mission ...
20:42:47 No entry 'bin\config.bin/CfgMarkers.Third_Marker_3rdID'
20:42:47 Mission Zeus_Chernarus_TF.chernarus_summer read from bank.
20:42:47 Roles assigned.
20:42:48 Reading mission ...
20:42:48 No entry 'bin\config.bin/CfgMarkers.Third_Marker_3rdID'
20:42:48 Mission Zeus_Chernarus_TF.chernarus_summer read from bank.
20:42:48 Roles assigned.
20:42:48 Reading mission ...
20:42:48 No entry 'bin\config.bin/CfgMarkers.Third_Marker_3rdID'
20:42:48 Mission Zeus_Chernarus_TF.chernarus_summer read from bank.
20:42:48 Roles assigned.
20:42:48 Reading mission ...
20:42:48 No entry 'bin\config.bin/CfgMarkers.Third_Marker_3rdID'
20:42:48 Mission Zeus_Chernarus_TF.chernarus_summer read from bank.
20:42:48 Roles assigned.
20:42:48 Reading mission ...
20:42:48 No entry 'bin\config.bin/CfgMarkers.Third_Marker_3rdID'
20:42:48 Mission Zeus_Chernarus_TF.chernarus_summer read from bank.
20:42:48 Roles assigned.
20:42:48 Reading mission ...
20:42:48 No entry 'bin\config.bin/CfgMarkers.Third_Marker_3rdID'
20:42:48 Mission Zeus_Chernarus_TF.chernarus_summer read from bank.
20:42:48 Roles assigned.
20:42:48 Reading mission ...
20:42:48 No entry 'bin\config.bin/CfgMarkers.Third_Marker_3rdID'
20:42:48 Mission Zeus_Chernarus_TF.chernarus_summer read from bank.
20:42:48 Roles assigned.
20:42:48 Reading mission ...
20:42:48 No entry 'bin\config.bin/CfgMarkers.Third_Marker_3rdID'
20:42:48 Mission Zeus_Chernarus_TF.chernarus_summer read from bank.
20:42:49 Roles assigned.
20:42:49 Reading mission ...
20:42:49 No entry 'bin\config.bin/CfgMarkers.Third_Marker_3rdID'
20:42:49 Mission Zeus_Chernarus_TF.chernarus_summer read from bank.
20:42:49 Roles assigned.
20:42:49 Reading mission ...
20:42:49 No entry 'bin\config.bin/CfgMarkers.Third_Marker_3rdID'
20:42:49 Mission Zeus_Chernarus_TF.chernarus_summer read from bank.
20:42:49 Roles assigned.
20:42:49 Reading mission ...
20:42:49 No entry 'bin\config.bin/CfgMarkers.Third_Marker_3rdID'
20:42:49 Mission Zeus_Chernarus_TF.chernarus_summer read from bank.
20:42:49 Roles assigned.
20:42:49 Reading mission ...
20:42:49 No entry 'bin\config.bin/CfgMarkers.Third_Marker_3rdID'
20:42:49 Mission Zeus_Chernarus_TF.chernarus_summer read from bank.
20:42:49 Roles assigned.
20:42:49 Reading mission ...
20:42:49 No entry 'bin\config.bin/CfgMarkers.Third_Marker_3rdID'
20:42:49 Mission Zeus_Chernarus_TF.chernarus_summer read from bank.
20:42:49 Roles assigned.
20:42:49 Reading mission ...
20:42:49 No entry 'bin\config.bin/CfgMarkers.Third_Marker_3rdID'
20:42:49 Mission Zeus_Chernarus_TF.chernarus_summer read from bank.
20:42:49 Roles assigned.
20:42:49 Reading mission ...
20:42:49 No entry 'bin\config.bin/CfgMarkers.Third_Marker_3rdID'
20:42:49 Mission Zeus_Chernarus_TF.chernarus_summer read from bank.
20:42:50 Roles assigned.
20:42:50 Reading mission ...
20:42:50 No entry 'bin\config.bin/CfgMarkers.Third_Marker_3rdID'
20:42:50 Mission Zeus_Chernarus_TF.chernarus_summer read from bank.
20:42:50 Roles assigned.
20:42:50 Reading mission ...
20:42:50 No entry 'bin\config.bin/CfgMarkers.Third_Marker_3rdID'
20:42:50 Mission Zeus_Chernarus_TF.chernarus_summer read from bank.
20:42:50 Roles assigned.
20:42:50 Reading mission ...
20:42:50 No entry 'bin\config.bin/CfgMarkers.Third_Marker_3rdID'
20:42:50 Mission Zeus_Chernarus_TF.chernarus_summer read from bank.
20:42:50 Roles assigned.
20:42:50 Reading mission ...
20:42:50 No entry 'bin\config.bin/CfgMarkers.Third_Marker_3rdID'
20:42:50 Mission Zeus_Chernarus_TF.chernarus_summer read from bank.
20:42:50 Roles assigned.
20:42:50 Reading mission ...
20:42:50 No entry 'bin\config.bin/CfgMarkers.Third_Marker_3rdID'
20:42:50 Mission Zeus_Chernarus_TF.chernarus_summer read from bank.
20:42:50 Roles assigned.
20:42:50 Reading mission ...
20:42:50 No entry 'bin\config.bin/CfgMarkers.Third_Marker_3rdID'
20:42:50 Mission Zeus_Chernarus_TF.chernarus_summer read from bank.
20:42:50 Roles assigned.
20:42:50 Reading mission ...
20:42:50 No entry 'bin\config.bin/CfgMarkers.Third_Marker_3rdID'
20:42:50 Mission Zeus_Chernarus_TF.chernarus_summer read from bank.
20:42:51 Roles assigned.
20:42:51 Reading mission ...
20:42:51 No entry 'bin\config.bin/CfgMarkers.Third_Marker_3rdID'
20:42:51 Mission Zeus_Chernarus_TF.chernarus_summer read from bank.
20:42:51 Roles assigned.
20:42:51 Reading mission ...
20:42:51 No entry 'bin\config.bin/CfgMarkers.Third_Marker_3rdID'
20:42:51 Mission Zeus_Chernarus_TF.chernarus_summer read from bank.
20:42:51 Roles assigned.
20:42:51 Reading mission ...
20:42:51 No entry 'bin\config.bin/CfgMarkers.Third_Marker_3rdID'
20:42:51 Mission Zeus_Chernarus_TF.chernarus_summer read from bank.
20:42:51 Roles assigned.
20:42:51 Reading mission ...
20:42:51 No entry 'bin\config.bin/CfgMarkers.Third_Marker_3rdID'
20:42:51 Mission Zeus_Chernarus_TF.chernarus_summer read from bank.
20:42:51 Roles assigned.
20:42:51 Reading mission ...
20:42:51 No entry 'bin\config.bin/CfgMarkers.Third_Marker_3rdID'
20:42:51 Mission Zeus_Chernarus_TF.chernarus_summer read from bank.
20:42:51 Roles assigned.
20:42:51 Reading mission ...
20:42:51 No entry 'bin\config.bin/CfgMarkers.Third_Marker_3rdID'
20:42:51 Mission Zeus_Chernarus_TF.chernarus_summer read from bank.
20:42:51 Roles assigned.
20:42:51 Reading mission ...
20:42:51 No entry 'bin\config.bin/CfgMarkers.Third_Marker_3rdID'
20:42:52 Mission Zeus_Chernarus_TF.chernarus_summer read from bank.
20:42:52 Roles assigned.
20:42:52 Reading mission ...
20:42:52 No entry 'bin\config.bin/CfgMarkers.Third_Marker_3rdID'
20:42:52 Mission Zeus_Chernarus_TF.chernarus_summer read from bank.
20:42:52 Roles assigned.
20:42:52 Reading mission ...
20:42:52 No entry 'bin\config.bin/CfgMarkers.Third_Marker_3rdID'
20:42:52 Mission Zeus_Chernarus_TF.chernarus_summer read from bank.
20:42:52 Roles assigned.
20:42:52 Reading mission ...
20:42:52 No entry 'bin\config.bin/CfgMarkers.Third_Marker_3rdID'
20:42:52 Mission Zeus_Chernarus_TF.chernarus_summer read from bank.
20:42:52 Roles assigned.
20:42:52 Reading mission ...
20:42:52 No entry 'bin\config.bin/CfgMarkers.Third_Marker_3rdID'
20:42:52 Mission Zeus_Chernarus_TF.chernarus_summer read from bank.
20:42:52 Roles assigned.
20:42:52 Reading mission ...
20:42:52 No entry 'bin\config.bin/CfgMarkers.Third_Marker_3rdID'
20:42:52 Mission Zeus_Chernarus_TF.chernarus_summer read from bank.
20:42:52 Roles assigned.
20:42:52 Reading mission ...
20:42:52 No entry 'bin\config.bin/CfgMarkers.Third_Marker_3rdID'
20:42:52 Mission Zeus_Chernarus_TF.chernarus_summer read from bank.
20:42:52 Roles assigned.
20:42:52 Reading mission ...
20:42:53 No entry 'bin\config.bin/CfgMarkers.Third_Marker_3rdID'
20:42:53 Mission Zeus_Chernarus_TF.chernarus_summer read from bank.
20:42:53 Roles assigned.
20:42:53 Reading mission ...
20:42:53 No entry 'bin\config.bin/CfgMarkers.Third_Marker_3rdID'
20:42:53 Mission Zeus_Chernarus_TF.chernarus_summer read from bank.
20:42:53 Roles assigned.
20:42:53 Reading mission ...
20:42:53 No entry 'bin\config.bin/CfgMarkers.Third_Marker_3rdID'
20:42:53 Mission Zeus_Chernarus_TF.chernarus_summer read from bank.
20:42:53 Roles assigned.
20:42:53 Reading mission ...
20:42:53 No entry 'bin\config.bin/CfgMarkers.Third_Marker_3rdID'
20:42:53 Mission Zeus_Chernarus_TF.chernarus_summer read from bank.
20:42:53 Roles assigned.
20:42:53 Reading mission ...
20:42:53 No entry 'bin\config.bin/CfgMarkers.Third_Marker_3rdID'
20:42:53 Mission Zeus_Chernarus_TF.chernarus_summer read from bank.
20:42:53 Roles assigned.
20:42:53 Reading mission ...
20:42:53 No entry 'bin\config.bin/CfgMarkers.Third_Marker_3rdID'
20:42:53 Mission Zeus_Chernarus_TF.chernarus_summer read from bank.
20:42:53 Roles assigned.
20:42:53 Reading mission ...
20:42:53 No entry 'bin\config.bin/CfgMarkers.Third_Marker_3rdID'
20:42:53 Mission Zeus_Chernarus_TF.chernarus_summer read from bank.
20:42:54 Roles assigned.
20:42:54 Reading mission ...
20:42:54 No entry 'bin\config.bin/CfgMarkers.Third_Marker_3rdID'
20:42:54 Mission Zeus_Chernarus_TF.chernarus_summer read from bank.
20:42:54 Roles assigned.
20:42:54 Reading mission ...
20:42:54 No entry 'bin\config.bin/CfgMarkers.Third_Marker_3rdID'
20:42:54 Mission Zeus_Chernarus_TF.chernarus_summer read from bank.
20:42:54 Roles assigned.
20:42:54 Reading mission ...
20:42:54 No entry 'bin\config.bin/CfgMarkers.Third_Marker_3rdID'
20:42:54 Mission Zeus_Chernarus_TF.chernarus_summer read from bank.
20:42:54 Roles assigned.
20:42:54 Reading mission ...
20:42:54 No entry 'bin\config.bin/CfgMarkers.Third_Marker_3rdID'
20:42:54 Mission Zeus_Chernarus_TF.chernarus_summer read from bank.
20:42:54 Roles assigned.
20:42:54 Reading mission ...
20:42:54 No entry 'bin\config.bin/CfgMarkers.Third_Marker_3rdID'
20:42:54 Mission Zeus_Chernarus_TF.chernarus_summer read from bank.
20:42:54 Roles assigned.
20:42:54 Reading mission ...
20:42:54 No entry 'bin\config.bin/CfgMarkers.Third_Marker_3rdID'
20:42:54 Mission Zeus_Chernarus_TF.chernarus_summer read from bank.
20:42:54 Roles assigned.
20:42:54 Reading mission ...
20:42:54 No entry 'bin\config.bin/CfgMarkers.Third_Marker_3rdID'
20:42:54 Mission Zeus_Chernarus_TF.chernarus_summer read from bank.
20:42:55 Roles assigned.
20:42:55 Reading mission ...
20:42:55 No entry 'bin\config.bin/CfgMarkers.Third_Marker_3rdID'
20:42:55 Mission Zeus_Chernarus_TF.chernarus_summer read from bank.
20:42:55 Roles assigned.
20:42:55 Reading mission ...
20:42:55 No entry 'bin\config.bin/CfgMarkers.Third_Marker_3rdID'
20:42:55 Mission Zeus_Chernarus_TF.chernarus_summer read from bank.
20:42:55 Roles assigned.
20:42:55 Reading mission ...
20:42:55 No entry 'bin\config.bin/CfgMarkers.Third_Marker_3rdID'
20:42:55 Mission Zeus_Chernarus_TF.chernarus_summer read from bank.
20:42:55 Roles assigned.
20:42:55 Reading mission ...
20:42:55 No entry 'bin\config.bin/CfgMarkers.Third_Marker_3rdID'
20:42:55 Mission Zeus_Chernarus_TF.chernarus_summer read from bank.
20:42:55 Roles assigned.
20:42:55 Reading mission ...
20:42:55 No entry 'bin\config.bin/CfgMarkers.Third_Marker_3rdID'
20:42:55 Mission Zeus_Chernarus_TF.chernarus_summer read from bank.
20:42:55 Roles assigned.
20:42:55 Reading mission ...
20:42:55 No entry 'bin\config.bin/CfgMarkers.Third_Marker_3rdID'
20:42:55 Mission Zeus_Chernarus_TF.chernarus_summer read from bank.
20:42:55 Roles assigned.
20:42:55 Reading mission ...
20:42:55 No entry 'bin\config.bin/CfgMarkers.Third_Marker_3rdID'
20:42:55 Mission Zeus_Chernarus_TF.chernarus_summer read from bank.
20:42:56 Roles assigned.
20:42:56 Reading mission ...
20:42:56 No entry 'bin\config.bin/CfgMarkers.Third_Marker_3rdID'
20:42:56 Mission Zeus_Chernarus_TF.chernarus_summer read from bank.
20:42:56 Roles assigned.
20:42:56 Reading mission ...
20:42:56 No entry 'bin\config.bin/CfgMarkers.Third_Marker_3rdID'
20:42:56 Mission Zeus_Chernarus_TF.chernarus_summer read from bank.
20:42:56 Roles assigned.
20:42:56 Reading mission ...
20:42:56 No entry 'bin\config.bin/CfgMarkers.Third_Marker_3rdID'
20:42:56 Mission Zeus_Chernarus_TF.chernarus_summer read from bank.
20:42:56 Roles assigned.
20:42:56 Reading mission ...
20:42:56 No entry 'bin\config.bin/CfgMarkers.Third_Marker_3rdID'
20:42:56 Mission Zeus_Chernarus_TF.chernarus_summer read from bank.
20:42:56 Roles assigned.
20:42:56 Reading mission ...
20:42:56 No entry 'bin\config.bin/CfgMarkers.Third_Marker_3rdID'
20:42:56 Mission Zeus_Chernarus_TF.chernarus_summer read from bank.
20:42:56 Roles assigned.
20:42:56 Reading mission ...
20:42:56 No entry 'bin\config.bin/CfgMarkers.Third_Marker_3rdID'
20:42:56 Mission Zeus_Chernarus_TF.chernarus_summer read from bank.
20:42:56 Roles assigned.
20:42:56 Reading mission ...
20:42:56 No entry 'bin\config.bin/CfgMarkers.Third_Marker_3rdID'
20:42:57 Mission Zeus_Chernarus_TF.chernarus_summer read from bank.
20:42:57 Roles assigned.
20:42:57 Reading mission ...
20:42:57 No entry 'bin\config.bin/CfgMarkers.Third_Marker_3rdID'
20:42:57 Mission Zeus_Chernarus_TF.chernarus_summer read from bank.
20:42:57 Roles assigned.
20:42:57 Reading mission ...
20:42:57 No entry 'bin\config.bin/CfgMarkers.Third_Marker_3rdID'
20:42:57 Mission Zeus_Chernarus_TF.chernarus_summer read from bank.
20:42:57 Roles assigned.
20:42:57 Reading mission ...
20:42:57 No entry 'bin\config.bin/CfgMarkers.Third_Marker_3rdID'
20:42:57 Mission Zeus_Chernarus_TF.chernarus_summer read from bank.
20:42:57 Roles assigned.
20:42:57 Reading mission ...
20:42:57 No entry 'bin\config.bin/CfgMarkers.Third_Marker_3rdID'
20:42:57 Mission Zeus_Chernarus_TF.chernarus_summer read from bank.
20:42:57 Roles assigned.
20:42:57 Reading mission ...
20:42:57 No entry 'bin\config.bin/CfgMarkers.Third_Marker_3rdID'
20:42:57 Mission Zeus_Chernarus_TF.chernarus_summer read from bank.
20:42:57 Roles assigned.
20:42:57 Reading mission ...
20:42:57 No entry 'bin\config.bin/CfgMarkers.Third_Marker_3rdID'
20:42:57 Mission Zeus_Chernarus_TF.chernarus_summer read from bank.
20:42:57 Roles assigned.
20:42:57 Reading mission ...
20:42:57 No entry 'bin\config.bin/CfgMarkers.Third_Marker_3rdID'
20:42:58 Mission Zeus_Chernarus_TF.chernarus_summer read from bank.
20:42:58 Roles assigned.
20:42:58 Reading mission ...
20:42:58 No entry 'bin\config.bin/CfgMarkers.Third_Marker_3rdID'
20:42:58 Mission Zeus_Chernarus_TF.chernarus_summer read from bank.
20:42:58 Roles assigned.
20:42:58 Reading mission ...
20:42:58 No entry 'bin\config.bin/CfgMarkers.Third_Marker_3rdID'
20:42:58 Mission Zeus_Chernarus_TF.chernarus_summer read from bank.
20:42:58 Roles assigned.
20:42:58 Reading mission ...
20:42:58 No entry 'bin\config.bin/CfgMarkers.Third_Marker_3rdID'
20:42:58 Mission Zeus_Chernarus_TF.chernarus_summer read from bank.
20:42:58 Roles assigned.
20:42:58 Reading mission ...
20:42:58 No entry 'bin\config.bin/CfgMarkers.Third_Marker_3rdID'
20:42:58 Mission Zeus_Chernarus_TF.chernarus_summer read from bank.
20:42:58 Roles assigned.
20:42:58 Reading mission ...
20:42:58 No entry 'bin\config.bin/CfgMarkers.Third_Marker_3rdID'
20:42:58 Mission Zeus_Chernarus_TF.chernarus_summer read from bank.
20:42:58 Roles assigned.
20:42:58 Reading mission ...
20:42:58 No entry 'bin\config.bin/CfgMarkers.Third_Marker_3rdID'
20:42:58 Mission Zeus_Chernarus_TF.chernarus_summer read from bank.
20:42:58 Roles assigned.
20:42:59 Reading mission ...
20:42:59 No entry 'bin\config.bin/CfgMarkers.Third_Marker_3rdID'
20:42:59 Mission Zeus_Chernarus_TF.chernarus_summer read from bank.
20:42:59 Roles assigned.
20:42:59 Reading mission ...
20:42:59 No entry 'bin\config.bin/CfgMarkers.Third_Marker_3rdID'
20:42:59 Mission Zeus_Chernarus_TF.chernarus_summer read from bank.
20:42:59 Roles assigned.
20:42:59 Reading mission ...
20:42:59 No entry 'bin\config.bin/CfgMarkers.Third_Marker_3rdID'
20:42:59 Mission Zeus_Chernarus_TF.chernarus_summer read from bank.
20:42:59 Roles assigned.
20:42:59 Reading mission ...
20:42:59 No entry 'bin\config.bin/CfgMarkers.Third_Marker_3rdID'
20:42:59 Mission Zeus_Chernarus_TF.chernarus_summer read from bank.
20:42:59 Roles assigned.
20:42:59 Reading mission ...
20:42:59 No entry 'bin\config.bin/CfgMarkers.Third_Marker_3rdID'
20:42:59 Mission Zeus_Chernarus_TF.chernarus_summer read from bank.
20:42:59 Roles assigned.
20:42:59 Reading mission ...
20:42:59 No entry 'bin\config.bin/CfgMarkers.Third_Marker_3rdID'
20:42:59 Mission Zeus_Chernarus_TF.chernarus_summer read from bank.
20:42:59 Roles assigned.
20:42:59 Reading mission ...
20:42:59 No entry 'bin\config.bin/CfgMarkers.Third_Marker_3rdID'
20:42:59 Mission Zeus_Chernarus_TF.chernarus_summer read from bank.
20:43:00 Roles assigned.
20:43:00 Reading mission ...
20:43:00 No entry 'bin\config.bin/CfgMarkers.Third_Marker_3rdID'
20:43:00 Mission Zeus_Chernarus_TF.chernarus_summer read from bank.
20:43:00 Roles assigned.
20:43:00 Reading mission ...
20:43:00 No entry 'bin\config.bin/CfgMarkers.Third_Marker_3rdID'
20:43:00 Mission Zeus_Chernarus_TF.chernarus_summer read from bank.
20:43:00 Roles assigned.
20:43:00 Reading mission ...
20:43:00 No entry 'bin\config.bin/CfgMarkers.Third_Marker_3rdID'
20:43:00 Mission Zeus_Chernarus_TF.chernarus_summer read from bank.
20:43:00 Roles assigned.
20:43:00 Reading mission ...
20:43:00 No entry 'bin\config.bin/CfgMarkers.Third_Marker_3rdID'
20:43:00 Mission Zeus_Chernarus_TF.chernarus_summer read from bank.
20:43:00 Roles assigned.
20:43:00 Reading mission ...
20:43:00 No entry 'bin\config.bin/CfgMarkers.Third_Marker_3rdID'
20:43:00 Mission Zeus_Chernarus_TF.chernarus_summer read from bank.
20:43:00 Roles assigned.
20:43:00 Reading mission ...
20:43:00 No entry 'bin\config.bin/CfgMarkers.Third_Marker_3rdID'
20:43:00 Mission Zeus_Chernarus_TF.chernarus_summer read from bank.
20:43:00 Roles assigned.
20:43:00 Reading mission ...
20:43:00 No entry 'bin\config.bin/CfgMarkers.Third_Marker_3rdID'
20:43:00 Mission Zeus_Chernarus_TF.chernarus_summer read from bank.
20:43:01 Roles assigned.
20:43:01 Reading mission ...
20:43:01 No entry 'bin\config.bin/CfgMarkers.Third_Marker_3rdID'
20:43:01 Mission Zeus_Chernarus_TF.chernarus_summer read from bank.
20:43:01 Roles assigned.
20:43:01 Reading mission ...
20:43:01 No entry 'bin\config.bin/CfgMarkers.Third_Marker_3rdID'
20:43:01 Mission Zeus_Chernarus_TF.chernarus_summer read from bank.
20:43:01 Roles assigned.
20:43:01 Reading mission ...
20:43:01 No entry 'bin\config.bin/CfgMarkers.Third_Marker_3rdID'
20:43:01 Mission Zeus_Chernarus_TF.chernarus_summer read from bank.
20:43:01 Roles assigned.
20:43:01 Reading mission ...
20:43:01 No entry 'bin\config.bin/CfgMarkers.Third_Marker_3rdID'
20:43:01 Mission Zeus_Chernarus_TF.chernarus_summer read from bank.
20:43:01 Roles assigned.
20:43:01 Reading mission ...
20:43:01 No entry 'bin\config.bin/CfgMarkers.Third_Marker_3rdID'
20:43:01 Mission Zeus_Chernarus_TF.chernarus_summer read from bank.
20:43:01 Roles assigned.
20:43:01 Reading mission ...
20:43:01 No entry 'bin\config.bin/CfgMarkers.Third_Marker_3rdID'
20:43:01 Mission Zeus_Chernarus_TF.chernarus_summer read from bank.
20:43:01 Roles assigned.
20:43:01 Reading mission ...
20:43:01 No entry 'bin\config.bin/CfgMarkers.Third_Marker_3rdID'
20:43:01 Mission Zeus_Chernarus_TF.chernarus_summer read from bank.
20:43:02 Roles assigned.
20:43:02 Reading mission ...
20:43:02 No entry 'bin\config.bin/CfgMarkers.Third_Marker_3rdID'
20:43:02 Mission Zeus_Chernarus_TF.chernarus_summer read from bank.
20:43:02 Roles assigned.
20:43:02 Reading mission ...
20:43:02 No entry 'bin\config.bin/CfgMarkers.Third_Marker_3rdID'
20:43:02 Mission Zeus_Chernarus_TF.chernarus_summer read from bank.
20:43:02 Roles assigned.
20:43:02 Reading mission ...
20:43:02 No entry 'bin\config.bin/CfgMarkers.Third_Marker_3rdID'
20:43:02 Mission Zeus_Chernarus_TF.chernarus_summer read from bank.
20:43:02 Roles assigned.
20:43:02 Reading mission ...
20:43:02 No entry 'bin\config.bin/CfgMarkers.Third_Marker_3rdID'
20:43:02 Mission Zeus_Chernarus_TF.chernarus_summer read from bank.
20:43:02 Roles assigned.
20:43:02 Reading mission ...
20:43:02 No entry 'bin\config.bin/CfgMarkers.Third_Marker_3rdID'
20:43:02 Mission Zeus_Chernarus_TF.chernarus_summer read from bank.
20:43:02 Roles assigned.
20:43:02 Reading mission ...
20:43:02 No entry 'bin\config.bin/CfgMarkers.Third_Marker_3rdID'
20:43:02 Mission Zeus_Chernarus_TF.chernarus_summer read from bank.
20:43:02 Roles assigned.
20:43:02 Reading mission ...
20:43:02 No entry 'bin\config.bin/CfgMarkers.Third_Marker_3rdID'
20:43:03 Mission Zeus_Chernarus_TF.chernarus_summer read from bank.
20:43:03 Roles assigned.
20:43:03 Reading mission ...
20:43:03 No entry 'bin\config.bin/CfgMarkers.Third_Marker_3rdID'
20:43:03 Mission Zeus_Chernarus_TF.chernarus_summer read from bank.
20:43:03 Roles assigned.
20:43:03 Reading mission ...
20:43:03 No entry 'bin\config.bin/CfgMarkers.Third_Marker_3rdID'
20:43:03 Mission Zeus_Chernarus_TF.chernarus_summer read from bank.
20:43:03 Roles assigned.
20:43:03 Reading mission ...
20:43:03 No entry 'bin\config.bin/CfgMarkers.Third_Marker_3rdID'
20:43:03 Mission Zeus_Chernarus_TF.chernarus_summer read from bank.
20:43:03 Roles assigned.
20:43:03 Reading mission ...
20:43:03 No entry 'bin\config.bin/CfgMarkers.Third_Marker_3rdID'
20:43:03 Mission Zeus_Chernarus_TF.chernarus_summer read from bank.
20:43:03 Roles assigned.
20:43:03 Reading mission ...
20:43:03 No entry 'bin\config.bin/CfgMarkers.Third_Marker_3rdID'
20:43:03 Mission Zeus_Chernarus_TF.chernarus_summer read from bank.
20:43:03 Roles assigned.
20:43:03 Reading mission ...
20:43:03 No entry 'bin\config.bin/CfgMarkers.Third_Marker_3rdID'
20:43:03 Mission Zeus_Chernarus_TF.chernarus_summer read from bank.
20:43:03 Roles assigned.
20:43:04 Reading mission ...
20:43:04 No entry 'bin\config.bin/CfgMarkers.Third_Marker_3rdID'
20:43:04 Mission Zeus_Chernarus_TF.chernarus_summer read from bank.
20:43:04 Roles assigned.
20:43:04 Reading mission ...
20:43:04 No entry 'bin\config.bin/CfgMarkers.Third_Marker_3rdID'
20:43:04 Mission Zeus_Chernarus_TF.chernarus_summer read from bank.
20:43:04 Roles assigned.
20:43:04 Reading mission ...
20:43:04 No entry 'bin\config.bin/CfgMarkers.Third_Marker_3rdID'
20:43:04 Mission Zeus_Chernarus_TF.chernarus_summer read from bank.
20:43:04 Roles assigned.
20:43:04 Reading mission ...
20:43:04 No entry 'bin\config.bin/CfgMarkers.Third_Marker_3rdID'
20:43:04 Mission Zeus_Chernarus_TF.chernarus_summer read from bank.
20:43:04 Roles assigned.
20:43:04 Reading mission ...
20:43:04 No entry 'bin\config.bin/CfgMarkers.Third_Marker_3rdID'
20:43:04 Mission Zeus_Chernarus_TF.chernarus_summer read from bank.
20:43:04 Roles assigned.
20:43:04 Reading mission ...
20:43:04 No entry 'bin\config.bin/CfgMarkers.Third_Marker_3rdID'
20:43:04 Mission Zeus_Chernarus_TF.chernarus_summer read from bank.
20:43:04 Roles assigned.
20:43:04 Reading mission ...
20:43:04 No entry 'bin\config.bin/CfgMarkers.Third_Marker_3rdID'
20:43:04 Mission Zeus_Chernarus_TF.chernarus_summer read from bank.
20:43:05 Roles assigned.
20:43:05 Reading mission ...
20:43:05 No entry 'bin\config.bin/CfgMarkers.Third_Marker_3rdID'
20:43:05 Mission Zeus_Chernarus_TF.chernarus_summer read from bank.
20:43:05 Roles assigned.
20:43:05 Reading mission ...
20:43:05 No entry 'bin\config.bin/CfgMarkers.Third_Marker_3rdID'
20:43:05 Mission Zeus_Chernarus_TF.chernarus_summer read from bank.
20:43:05 Roles assigned.
20:43:05 Reading mission ...
20:43:05 No entry 'bin\config.bin/CfgMarkers.Third_Marker_3rdID'
20:43:05 Mission Zeus_Chernarus_TF.chernarus_summer read from bank.
20:43:05 Roles assigned.
20:43:05 Reading mission ...
20:43:05 No entry 'bin\config.bin/CfgMarkers.Third_Marker_3rdID'
20:43:05 Mission Zeus_Chernarus_TF.chernarus_summer read from bank.
20:43:05 Roles assigned.
20:43:05 Reading mission ...
20:43:05 No entry 'bin\config.bin/CfgMarkers.Third_Marker_3rdID'
20:43:05 Mission Zeus_Chernarus_TF.chernarus_summer read from bank.
20:43:05 Roles assigned.
20:43:05 Reading mission ...
20:43:05 No entry 'bin\config.bin/CfgMarkers.Third_Marker_3rdID'
20:43:05 Mission Zeus_Chernarus_TF.chernarus_summer read from bank.
20:43:05 Roles assigned.
20:43:05 Reading mission ...
20:43:05 No entry 'bin\config.bin/CfgMarkers.Third_Marker_3rdID'
20:43:05 Mission Zeus_Chernarus_TF.chernarus_summer read from bank.
20:43:06 Roles assigned.
20:43:06 Reading mission ...
20:43:06 No entry 'bin\config.bin/CfgMarkers.Third_Marker_3rdID'
20:43:06 Mission Zeus_Chernarus_TF.chernarus_summer read from bank.
20:43:06 Roles assigned.
20:43:06 Reading mission ...
20:43:06 No entry 'bin\config.bin/CfgMarkers.Third_Marker_3rdID'
20:43:06 Mission Zeus_Chernarus_TF.chernarus_summer read from bank.
20:43:06 Roles assigned.
20:43:06 Reading mission ...
20:43:06 No entry 'bin\config.bin/CfgMarkers.Third_Marker_3rdID'
20:43:06 Mission Zeus_Chernarus_TF.chernarus_summer read from bank.
20:43:06 Roles assigned.
20:43:06 Reading mission ...
20:43:06 No entry 'bin\config.bin/CfgMarkers.Third_Marker_3rdID'
20:43:06 Mission Zeus_Chernarus_TF.chernarus_summer read from bank.
20:43:06 Roles assigned.
20:43:06 Reading mission ...
20:43:06 No entry 'bin\config.bin/CfgMarkers.Third_Marker_3rdID'
20:43:06 Mission Zeus_Chernarus_TF.chernarus_summer read from bank.
20:43:06 Roles assigned.
20:43:06 Reading mission ...
20:43:06 No entry 'bin\config.bin/CfgMarkers.Third_Marker_3rdID'
20:43:06 Mission Zeus_Chernarus_TF.chernarus_summer read from bank.
20:43:06 Roles assigned.
20:43:06 Reading mission ...
20:43:06 No entry 'bin\config.bin/CfgMarkers.Third_Marker_3rdID'
20:43:06 Mission Zeus_Chernarus_TF.chernarus_summer read from bank.
20:43:07 Roles assigned.
20:43:07 Reading mission ...
20:43:07 No entry 'bin\config.bin/CfgMarkers.Third_Marker_3rdID'
20:43:07 Mission Zeus_Chernarus_TF.chernarus_summer read from bank.
20:43:07 Roles assigned.
20:43:07 Reading mission ...
20:43:07 No entry 'bin\config.bin/CfgMarkers.Third_Marker_3rdID'
20:43:07 Mission Zeus_Chernarus_TF.chernarus_summer read from bank.
20:43:07 Roles assigned.
20:43:07 Reading mission ...
20:43:07 No entry 'bin\config.bin/CfgMarkers.Third_Marker_3rdID'
20:43:07 Mission Zeus_Chernarus_TF.chernarus_summer read from bank.
20:43:07 Roles assigned.
20:43:07 Reading mission ...
20:43:07 No entry 'bin\config.bin/CfgMarkers.Third_Marker_3rdID'
20:43:07 Mission Zeus_Chernarus_TF.chernarus_summer read from bank.
20:43:07 Roles assigned.
20:43:07 Reading mission ...
20:43:07 No entry 'bin\config.bin/CfgMarkers.Third_Marker_3rdID'
20:43:07 Mission Zeus_Chernarus_TF.chernarus_summer read from bank.
20:43:07 Roles assigned.
20:43:07 Reading mission ...
20:43:07 No entry 'bin\config.bin/CfgMarkers.Third_Marker_3rdID'
20:43:07 Mission Zeus_Chernarus_TF.chernarus_summer read from bank.
20:43:07 Roles assigned.
20:43:07 Reading mission ...
20:43:07 No entry 'bin\config.bin/CfgMarkers.Third_Marker_3rdID'
20:43:07 Mission Zeus_Chernarus_TF.chernarus_summer read from bank.
20:43:08 Roles assigned.
20:43:08 Reading mission ...
20:43:08 No entry 'bin\config.bin/CfgMarkers.Third_Marker_3rdID'
20:43:08 Mission Zeus_Chernarus_TF.chernarus_summer read from bank.
20:43:08 Roles assigned.
20:43:08 Reading mission ...
20:43:08 No entry 'bin\config.bin/CfgMarkers.Third_Marker_3rdID'
20:43:08 Mission Zeus_Chernarus_TF.chernarus_summer read from bank.
20:43:08 Roles assigned.
20:43:08 Reading mission ...
20:43:08 No entry 'bin\config.bin/CfgMarkers.Third_Marker_3rdID'
20:43:08 Mission Zeus_Chernarus_TF.chernarus_summer read from bank.
20:43:08 Roles assigned.
20:43:08 Reading mission ...
20:43:08 No entry 'bin\config.bin/CfgMarkers.Third_Marker_3rdID'
20:43:08 Mission Zeus_Chernarus_TF.chernarus_summer read from bank.
20:43:08 Roles assigned.
20:43:08 Reading mission ...
20:43:08 No entry 'bin\config.bin/CfgMarkers.Third_Marker_3rdID'
20:43:08 Mission Zeus_Chernarus_TF.chernarus_summer read from bank.
20:43:08 Roles assigned.
20:43:08 Reading mission ...
20:43:08 No entry 'bin\config.bin/CfgMarkers.Third_Marker_3rdID'
20:43:08 Mission Zeus_Chernarus_TF.chernarus_summer read from bank.
20:43:08 Roles assigned.
20:43:08 Reading mission ...
20:43:08 No entry 'bin\config.bin/CfgMarkers.Third_Marker_3rdID'
20:43:09 Mission Zeus_Chernarus_TF.chernarus_summer read from bank.
20:43:09 Roles assigned.
20:43:09 Reading mission ...
20:43:09 No entry 'bin\config.bin/CfgMarkers.Third_Marker_3rdID'
20:43:09 Mission Zeus_Chernarus_TF.chernarus_summer read from bank.
20:43:09 Roles assigned.
20:43:09 Reading mission ...
20:43:09 No entry 'bin\config.bin/CfgMarkers.Third_Marker_3rdID'
20:43:09 Mission Zeus_Chernarus_TF.chernarus_summer read from bank.
20:43:09 Roles assigned.
20:43:09 Reading mission ...
20:43:09 No entry 'bin\config.bin/CfgMarkers.Third_Marker_3rdID'
20:43:09 Mission Zeus_Chernarus_TF.chernarus_summer read from bank.
20:43:09 Roles assigned.
20:43:09 Reading mission ...
20:43:09 No entry 'bin\config.bin/CfgMarkers.Third_Marker_3rdID'
20:43:09 Mission Zeus_Chernarus_TF.chernarus_summer read from bank.
20:43:09 Roles assigned.
20:43:09 Reading mission ...
20:43:09 No entry 'bin\config.bin/CfgMarkers.Third_Marker_3rdID'
20:43:09 Mission Zeus_Chernarus_TF.chernarus_summer read from bank.
20:43:09 Roles assigned.
20:43:09 Reading mission ...
20:43:09 No entry 'bin\config.bin/CfgMarkers.Third_Marker_3rdID'
20:43:09 Mission Zeus_Chernarus_TF.chernarus_summer read from bank.
20:43:09 Roles assigned.
20:43:10 Reading mission ...
20:43:10 No entry 'bin\config.bin/CfgMarkers.Third_Marker_3rdID'
20:43:10 Mission Zeus_Chernarus_TF.chernarus_summer read from bank.
20:43:10 Roles assigned.
20:43:10 Reading mission ...
20:43:10 No entry 'bin\config.bin/CfgMarkers.Third_Marker_3rdID'
20:43:10 Mission Zeus_Chernarus_TF.chernarus_summer read from bank.
20:43:10 Roles assigned.
20:43:10 Reading mission ...
20:43:10 No entry 'bin\config.bin/CfgMarkers.Third_Marker_3rdID'
20:43:10 Mission Zeus_Chernarus_TF.chernarus_summer read from bank.
20:43:10 Roles assigned.
20:43:10 Reading mission ...
20:43:10 No entry 'bin\config.bin/CfgMarkers.Third_Marker_3rdID'
20:43:10 Mission Zeus_Chernarus_TF.chernarus_summer read from bank.
20:43:10 Roles assigned.
20:43:10 Reading mission ...
20:43:10 No entry 'bin\config.bin/CfgMarkers.Third_Marker_3rdID'
20:43:10 Mission Zeus_Chernarus_TF.chernarus_summer read from bank.
20:43:10 Roles assigned.
20:43:10 Reading mission ...
20:43:10 No entry 'bin\config.bin/CfgMarkers.Third_Marker_3rdID'
20:43:10 Mission Zeus_Chernarus_TF.chernarus_summer read from bank.
20:43:10 Roles assigned.
20:43:10 Reading mission ...
20:43:10 No entry 'bin\config.bin/CfgMarkers.Third_Marker_3rdID'
20:43:10 Mission Zeus_Chernarus_TF.chernarus_summer read from bank.
20:43:11 Roles assigned.
20:43:11 Reading mission ...
20:43:11 No entry 'bin\config.bin/CfgMarkers.Third_Marker_3rdID'
20:43:11 Mission Zeus_Chernarus_TF.chernarus_summer read from bank.
20:43:11 Roles assigned.
20:43:11 Reading mission ...
20:43:11 No entry 'bin\config.bin/CfgMarkers.Third_Marker_3rdID'
20:43:11 Mission Zeus_Chernarus_TF.chernarus_summer read from bank.
20:43:11 Roles assigned.
20:43:11 Reading mission ...
20:43:11 No entry 'bin\config.bin/CfgMarkers.Third_Marker_3rdID'
20:43:11 Mission Zeus_Chernarus_TF.chernarus_summer read from bank.
20:43:11 Roles assigned.
20:43:11 Reading mission ...
20:43:11 No entry 'bin\config.bin/CfgMarkers.Third_Marker_3rdID'
20:43:11 Mission Zeus_Chernarus_TF.chernarus_summer read from bank.
20:43:11 Roles assigned.
20:43:11 Reading mission ...
20:43:11 No entry 'bin\config.bin/CfgMarkers.Third_Marker_3rdID'
20:43:11 Mission Zeus_Chernarus_TF.chernarus_summer read from bank.
20:43:11 Roles assigned.
20:43:11 Reading mission ...
20:43:11 No entry 'bin\config.bin/CfgMarkers.Third_Marker_3rdID'
20:43:11 Mission Zeus_Chernarus_TF.chernarus_summer read from bank.
20:43:11 Roles assigned.
20:43:11 Reading mission ...
20:43:11 No entry 'bin\config.bin/CfgMarkers.Third_Marker_3rdID'
20:43:11 Mission Zeus_Chernarus_TF.chernarus_summer read from bank.
20:43:12 Roles assigned.
20:43:12 Reading mission ...
20:43:12 No entry 'bin\config.bin/CfgMarkers.Third_Marker_3rdID'
20:43:12 Mission Zeus_Chernarus_TF.chernarus_summer read from bank.
20:43:12 Roles assigned.
20:43:12 Reading mission ...
20:43:12 No entry 'bin\config.bin/CfgMarkers.Third_Marker_3rdID'
20:43:12 Mission Zeus_Chernarus_TF.chernarus_summer read from bank.
20:43:12 Roles assigned.
20:43:12 Reading mission ...
20:43:12 No entry 'bin\config.bin/CfgMarkers.Third_Marker_3rdID'
20:43:12 Mission Zeus_Chernarus_TF.chernarus_summer read from bank.
20:43:12 Roles assigned.
20:43:12 Reading mission ...
20:43:12 No entry 'bin\config.bin/CfgMarkers.Third_Marker_3rdID'
20:43:12 Mission Zeus_Chernarus_TF.chernarus_summer read from bank.
20:43:12 Roles assigned.
20:43:12 Reading mission ...
20:43:12 No entry 'bin\config.bin/CfgMarkers.Third_Marker_3rdID'
20:43:12 Mission Zeus_Chernarus_TF.chernarus_summer read from bank.
20:43:12 Roles assigned.
20:43:12 Reading mission ...
20:43:12 No entry 'bin\config.bin/CfgMarkers.Third_Marker_3rdID'
20:43:12 Mission Zeus_Chernarus_TF.chernarus_summer read from bank.
20:43:12 Roles assigned.
20:43:12 Reading mission ...
20:43:12 No entry 'bin\config.bin/CfgMarkers.Third_Marker_3rdID'
20:43:12 Mission Zeus_Chernarus_TF.chernarus_summer read from bank.
20:43:13 Roles assigned.
20:43:13 Reading mission ...
20:43:13 No entry 'bin\config.bin/CfgMarkers.Third_Marker_3rdID'
20:43:13 Mission Zeus_Chernarus_TF.chernarus_summer read from bank.
20:43:13 Roles assigned.
20:43:13 Reading mission ...
20:43:13 No entry 'bin\config.bin/CfgMarkers.Third_Marker_3rdID'
20:43:13 Mission Zeus_Chernarus_TF.chernarus_summer read from bank.
20:43:13 Roles assigned.
20:43:13 Reading mission ...
20:43:13 No entry 'bin\config.bin/CfgMarkers.Third_Marker_3rdID'
20:43:13 Mission Zeus_Chernarus_TF.chernarus_summer read from bank.
20:43:13 Roles assigned.
20:43:13 Reading mission ...
20:43:13 No entry 'bin\config.bin/CfgMarkers.Third_Marker_3rdID'
20:43:13 Mission Zeus_Chernarus_TF.chernarus_summer read from bank.
20:43:13 Roles assigned.
20:43:13 Reading mission ...
20:43:13 No entry 'bin\config.bin/CfgMarkers.Third_Marker_3rdID'
20:43:13 Mission Zeus_Chernarus_TF.chernarus_summer read from bank.
20:43:13 Roles assigned.
20:43:13 Reading mission ...
20:43:13 No entry 'bin\config.bin/CfgMarkers.Third_Marker_3rdID'
20:43:13 Mission Zeus_Chernarus_TF.chernarus_summer read from bank.
20:43:13 Roles assigned.
20:43:13 Reading mission ...
20:43:13 No entry 'bin\config.bin/CfgMarkers.Third_Marker_3rdID'
20:43:14 Mission Zeus_Chernarus_TF.chernarus_summer read from bank.
20:43:14 Roles assigned.
20:43:14 Reading mission ...
20:43:14 No entry 'bin\config.bin/CfgMarkers.Third_Marker_3rdID'
20:43:14 Mission Zeus_Chernarus_TF.chernarus_summer read from bank.
20:43:14 Roles assigned.
20:43:14 Reading mission ...
20:43:14 No entry 'bin\config.bin/CfgMarkers.Third_Marker_3rdID'
20:43:14 Mission Zeus_Chernarus_TF.chernarus_summer read from bank.
20:43:14 Roles assigned.
20:43:14 Reading mission ...
20:43:14 No entry 'bin\config.bin/CfgMarkers.Third_Marker_3rdID'
20:43:14 Mission Zeus_Chernarus_TF.chernarus_summer read from bank.
20:43:14 Roles assigned.
20:43:14 Reading mission ...
20:43:14 No entry 'bin\config.bin/CfgMarkers.Third_Marker_3rdID'
20:43:14 Mission Zeus_Chernarus_TF.chernarus_summer read from bank.
20:43:14 Roles assigned.
20:43:14 Reading mission ...
20:43:14 No entry 'bin\config.bin/CfgMarkers.Third_Marker_3rdID'
20:43:14 Mission Zeus_Chernarus_TF.chernarus_summer read from bank.
20:43:14 Roles assigned.
20:43:14 Reading mission ...
20:43:14 No entry 'bin\config.bin/CfgMarkers.Third_Marker_3rdID'
20:43:14 Mission Zeus_Chernarus_TF.chernarus_summer read from bank.
20:43:14 Roles assigned.
20:43:15 Reading mission ...
20:43:15 No entry 'bin\config.bin/CfgMarkers.Third_Marker_3rdID'
20:43:15 Mission Zeus_Chernarus_TF.chernarus_summer read from bank.
20:43:15 Roles assigned.
20:43:15 Reading mission ...
20:43:15 No entry 'bin\config.bin/CfgMarkers.Third_Marker_3rdID'
20:43:15 Mission Zeus_Chernarus_TF.chernarus_summer read from bank.
20:43:15 Roles assigned.
20:43:15 Reading mission ...
20:43:15 No entry 'bin\config.bin/CfgMarkers.Third_Marker_3rdID'
20:43:15 Mission Zeus_Chernarus_TF.chernarus_summer read from bank.
20:43:15 Roles assigned.
20:43:15 Reading mission ...
20:43:15 No entry 'bin\config.bin/CfgMarkers.Third_Marker_3rdID'
20:43:15 Mission Zeus_Chernarus_TF.chernarus_summer read from bank.
20:43:15 Roles assigned.
20:43:15 Reading mission ...
20:43:15 No entry 'bin\config.bin/CfgMarkers.Third_Marker_3rdID'
20:43:15 Mission Zeus_Chernarus_TF.chernarus_summer read from bank.
20:43:15 Roles assigned.
20:43:15 Reading mission ...
20:43:15 No entry 'bin\config.bin/CfgMarkers.Third_Marker_3rdID'
20:43:15 Mission Zeus_Chernarus_TF.chernarus_summer read from bank.
20:43:15 Roles assigned.
20:43:15 Reading mission ...
20:43:15 No entry 'bin\config.bin/CfgMarkers.Third_Marker_3rdID'
20:43:15 Mission Zeus_Chernarus_TF.chernarus_summer read from bank.
20:43:16 Roles assigned.
20:43:16 Reading mission ...
20:43:16 No entry 'bin\config.bin/CfgMarkers.Third_Marker_3rdID'
20:43:16 Mission Zeus_Chernarus_TF.chernarus_summer read from bank.
20:43:16 Roles assigned.
20:43:16 Reading mission ...
20:43:16 No entry 'bin\config.bin/CfgMarkers.Third_Marker_3rdID'
20:43:16 Mission Zeus_Chernarus_TF.chernarus_summer read from bank.
20:43:16 Roles assigned.
20:43:16 Reading mission ...
20:43:16 No entry 'bin\config.bin/CfgMarkers.Third_Marker_3rdID'
20:43:16 Mission Zeus_Chernarus_TF.chernarus_summer read from bank.
20:43:16 Roles assigned.
20:43:16 Reading mission ...
20:43:16 No entry 'bin\config.bin/CfgMarkers.Third_Marker_3rdID'
20:43:16 Mission Zeus_Chernarus_TF.chernarus_summer read from bank.
20:43:16 Roles assigned.
20:43:16 Reading mission ...
20:43:16 No entry 'bin\config.bin/CfgMarkers.Third_Marker_3rdID'
20:43:16 Mission Zeus_Chernarus_TF.chernarus_summer read from bank.
20:43:16 Roles assigned.
20:43:16 Reading mission ...
20:43:16 No entry 'bin\config.bin/CfgMarkers.Third_Marker_3rdID'
20:43:16 Mission Zeus_Chernarus_TF.chernarus_summer read from bank.
20:43:16 Roles assigned.
20:43:16 Reading mission ...
20:43:16 No entry 'bin\config.bin/CfgMarkers.Third_Marker_3rdID'
20:43:16 Mission Zeus_Chernarus_TF.chernarus_summer read from bank.
20:43:17 Roles assigned.
20:43:17 Reading mission ...
20:43:17 No entry 'bin\config.bin/CfgMarkers.Third_Marker_3rdID'
20:43:17 Mission Zeus_Chernarus_TF.chernarus_summer read from bank.
20:43:17 Roles assigned.
20:43:17 Reading mission ...
20:43:17 No entry 'bin\config.bin/CfgMarkers.Third_Marker_3rdID'
20:43:17 Mission Zeus_Chernarus_TF.chernarus_summer read from bank.
20:43:17 Roles assigned.
20:43:17 Reading mission ...
20:43:17 No entry 'bin\config.bin/CfgMarkers.Third_Marker_3rdID'
20:43:17 Mission Zeus_Chernarus_TF.chernarus_summer read from bank.
20:43:17 Roles assigned.
20:43:17 Reading mission ...
20:43:17 No entry 'bin\config.bin/CfgMarkers.Third_Marker_3rdID'
20:43:17 Mission Zeus_Chernarus_TF.chernarus_summer read from bank.
20:43:17 Roles assigned.
20:43:17 Reading mission ...
20:43:17 No entry 'bin\config.bin/CfgMarkers.Third_Marker_3rdID'
20:43:17 Mission Zeus_Chernarus_TF.chernarus_summer read from bank.
20:43:17 Roles assigned.
20:43:17 Reading mission ...
20:43:17 No entry 'bin\config.bin/CfgMarkers.Third_Marker_3rdID'
20:43:17 Mission Zeus_Chernarus_TF.chernarus_summer read from bank.
20:43:17 Roles assigned.
20:43:17 Reading mission ...
20:43:17 No entry 'bin\config.bin/CfgMarkers.Third_Marker_3rdID'
20:43:17 Mission Zeus_Chernarus_TF.chernarus_summer read from bank.
20:43:18 Roles assigned.
20:43:18 Reading mission ...
20:43:18 No entry 'bin\config.bin/CfgMarkers.Third_Marker_3rdID'
20:43:18 Mission Zeus_Chernarus_TF.chernarus_summer read from bank.
20:43:18 Roles assigned.
20:43:18 Reading mission ...
20:43:18 No entry 'bin\config.bin/CfgMarkers.Third_Marker_3rdID'
20:43:18 Mission Zeus_Chernarus_TF.chernarus_summer read from bank.
20:43:18 Roles assigned.
20:43:18 Reading mission ...
20:43:18 No entry 'bin\config.bin/CfgMarkers.Third_Marker_3rdID'
20:43:18 Mission Zeus_Chernarus_TF.chernarus_summer read from bank.
20:43:18 Roles assigned.
20:43:18 Reading mission ...
20:43:18 No entry 'bin\config.bin/CfgMarkers.Third_Marker_3rdID'
20:43:18 Mission Zeus_Chernarus_TF.chernarus_summer read from bank.
20:43:18 Roles assigned.
20:43:18 Reading mission ...
20:43:18 No entry 'bin\config.bin/CfgMarkers.Third_Marker_3rdID'
20:43:18 Mission Zeus_Chernarus_TF.chernarus_summer read from bank.
20:43:18 Roles assigned.
20:43:18 Reading mission ...
20:43:18 No entry 'bin\config.bin/CfgMarkers.Third_Marker_3rdID'
20:43:18 Mission Zeus_Chernarus_TF.chernarus_summer read from bank.
20:43:18 Roles assigned.
20:43:18 Reading mission ...
20:43:18 No entry 'bin\config.bin/CfgMarkers.Third_Marker_3rdID'
20:43:19 Mission Zeus_Chernarus_TF.chernarus_summer read from bank.
20:43:19 Roles assigned.
20:43:19 Reading mission ...
20:43:19 No entry 'bin\config.bin/CfgMarkers.Third_Marker_3rdID'
20:43:19 Mission Zeus_Chernarus_TF.chernarus_summer read from bank.
20:43:19 Roles assigned.
20:43:19 Reading mission ...
20:43:19 No entry 'bin\config.bin/CfgMarkers.Third_Marker_3rdID'
20:43:19 Mission Zeus_Chernarus_TF.chernarus_summer read from bank.
20:43:19 Roles assigned.
20:43:19 Reading mission ...
20:43:19 No entry 'bin\config.bin/CfgMarkers.Third_Marker_3rdID'
20:43:19 Mission Zeus_Chernarus_TF.chernarus_summer read from bank.
20:43:19 Roles assigned.
20:43:19 Reading mission ...
20:43:19 No entry 'bin\config.bin/CfgMarkers.Third_Marker_3rdID'
20:43:19 Mission Zeus_Chernarus_TF.chernarus_summer read from bank.
20:43:19 Roles assigned.
20:43:19 Reading mission ...
20:43:19 No entry 'bin\config.bin/CfgMarkers.Third_Marker_3rdID'
20:43:19 Mission Zeus_Chernarus_TF.chernarus_summer read from bank.
20:43:19 Roles assigned.
20:43:19 Reading mission ...
20:43:19 No entry 'bin\config.bin/CfgMarkers.Third_Marker_3rdID'
20:43:19 Mission Zeus_Chernarus_TF.chernarus_summer read from bank.
20:43:19 Roles assigned.
20:43:20 Reading mission ...
20:43:20 No entry 'bin\config.bin/CfgMarkers.Third_Marker_3rdID'
20:43:20 Mission Zeus_Chernarus_TF.chernarus_summer read from bank.
20:43:20 Roles assigned.
20:43:20 Reading mission ...
20:43:20 No entry 'bin\config.bin/CfgMarkers.Third_Marker_3rdID'
20:43:20 Mission Zeus_Chernarus_TF.chernarus_summer read from bank.
20:43:20 Roles assigned.
20:43:20 Reading mission ...
20:43:20 No entry 'bin\config.bin/CfgMarkers.Third_Marker_3rdID'
20:43:20 Mission Zeus_Chernarus_TF.chernarus_summer read from bank.
20:43:20 Roles assigned.
20:43:20 Reading mission ...
20:43:20 No entry 'bin\config.bin/CfgMarkers.Third_Marker_3rdID'
20:43:20 Mission Zeus_Chernarus_TF.chernarus_summer read from bank.
20:43:20 Roles assigned.
20:43:20 Reading mission ...
20:43:20 No entry 'bin\config.bin/CfgMarkers.Third_Marker_3rdID'
20:43:20 Mission Zeus_Chernarus_TF.chernarus_summer read from bank.
20:43:20 Roles assigned.
20:43:20 Reading mission ...
20:43:20 No entry 'bin\config.bin/CfgMarkers.Third_Marker_3rdID'
20:43:20 Mission Zeus_Chernarus_TF.chernarus_summer read from bank.
20:43:20 Roles assigned.
20:43:20 Reading mission ...
20:43:20 No entry 'bin\config.bin/CfgMarkers.Third_Marker_3rdID'
20:43:20 Mission Zeus_Chernarus_TF.chernarus_summer read from bank.
20:43:21 Roles assigned.
20:43:21 Reading mission ...
20:43:21 No entry 'bin\config.bin/CfgMarkers.Third_Marker_3rdID'
20:43:21 Mission Zeus_Chernarus_TF.chernarus_summer read from bank.
20:43:21 Roles assigned.
20:43:21 Reading mission ...
20:43:21 No entry 'bin\config.bin/CfgMarkers.Third_Marker_3rdID'
20:43:21 Mission Zeus_Chernarus_TF.chernarus_summer read from bank.
20:43:21 Roles assigned.
20:43:21 Reading mission ...
20:43:21 No entry 'bin\config.bin/CfgMarkers.Third_Marker_3rdID'
20:43:21 Mission Zeus_Chernarus_TF.chernarus_summer read from bank.
20:43:21 Roles assigned.
20:43:21 Reading mission ...
20:43:21 No entry 'bin\config.bin/CfgMarkers.Third_Marker_3rdID'
20:43:21 Mission Zeus_Chernarus_TF.chernarus_summer read from bank.
20:43:21 Roles assigned.
20:43:21 Reading mission ...
20:43:21 No entry 'bin\config.bin/CfgMarkers.Third_Marker_3rdID'
20:43:21 Mission Zeus_Chernarus_TF.chernarus_summer read from bank.
20:43:21 Roles assigned.
20:43:21 Reading mission ...
20:43:21 No entry 'bin\config.bin/CfgMarkers.Third_Marker_3rdID'
20:43:21 Mission Zeus_Chernarus_TF.chernarus_summer read from bank.
20:43:21 Roles assigned.
20:43:21 Reading mission ...
20:43:21 No entry 'bin\config.bin/CfgMarkers.Third_Marker_3rdID'
20:43:21 Mission Zeus_Chernarus_TF.chernarus_summer read from bank.
20:43:22 Roles assigned.
20:43:22 Reading mission ...
20:43:22 No entry 'bin\config.bin/CfgMarkers.Third_Marker_3rdID'
20:43:22 Mission Zeus_Chernarus_TF.chernarus_summer read from bank.
20:43:22 Roles assigned.
20:43:22 Reading mission ...
20:43:22 No entry 'bin\config.bin/CfgMarkers.Third_Marker_3rdID'
20:43:22 Mission Zeus_Chernarus_TF.chernarus_summer read from bank.
20:43:22 Roles assigned.
20:43:22 Reading mission ...
20:43:22 No entry 'bin\config.bin/CfgMarkers.Third_Marker_3rdID'
20:43:22 Mission Zeus_Chernarus_TF.chernarus_summer read from bank.
20:43:22 Roles assigned.
20:43:22 Reading mission ...
20:43:22 No entry 'bin\config.bin/CfgMarkers.Third_Marker_3rdID'
20:43:22 Mission Zeus_Chernarus_TF.chernarus_summer read from bank.
20:43:22 Roles assigned.
20:43:22 Reading mission ...
20:43:22 No entry 'bin\config.bin/CfgMarkers.Third_Marker_3rdID'
20:43:22 Mission Zeus_Chernarus_TF.chernarus_summer read from bank.
20:43:22 Roles assigned.
20:43:22 Reading mission ...
20:43:22 No entry 'bin\config.bin/CfgMarkers.Third_Marker_3rdID'
20:43:22 Mission Zeus_Chernarus_TF.chernarus_summer read from bank.
20:43:22 Roles assigned.
20:43:22 Reading mission ...
20:43:22 No entry 'bin\config.bin/CfgMarkers.Third_Marker_3rdID'
20:43:22 Mission Zeus_Chernarus_TF.chernarus_summer read from bank.
20:43:23 Roles assigned.
20:43:23 Reading mission ...
20:43:23 No entry 'bin\config.bin/CfgMarkers.Third_Marker_3rdID'
20:43:23 Mission Zeus_Chernarus_TF.chernarus_summer read from bank.
20:43:23 Roles assigned.
20:43:23 Reading mission ...
20:43:23 No entry 'bin\config.bin/CfgMarkers.Third_Marker_3rdID'
20:43:23 Mission Zeus_Chernarus_TF.chernarus_summer read from bank.
20:43:23 Roles assigned.
20:43:23 Reading mission ...
20:43:23 No entry 'bin\config.bin/CfgMarkers.Third_Marker_3rdID'
20:43:23 Mission Zeus_Chernarus_TF.chernarus_summer read from bank.
20:43:23 Roles assigned.
20:43:23 Reading mission ...
20:43:23 No entry 'bin\config.bin/CfgMarkers.Third_Marker_3rdID'
20:43:23 Mission Zeus_Chernarus_TF.chernarus_summer read from bank.
20:43:23 Roles assigned.
20:43:23 Reading mission ...
20:43:23 No entry 'bin\config.bin/CfgMarkers.Third_Marker_3rdID'
20:43:23 Mission Zeus_Chernarus_TF.chernarus_summer read from bank.
20:43:23 Roles assigned.
20:43:23 Reading mission ...
20:43:23 No entry 'bin\config.bin/CfgMarkers.Third_Marker_3rdID'
20:43:23 Mission Zeus_Chernarus_TF.chernarus_summer read from bank.
20:43:23 Roles assigned.
20:43:23 Reading mission ...
20:43:23 No entry 'bin\config.bin/CfgMarkers.Third_Marker_3rdID'
20:43:23 Mission Zeus_Chernarus_TF.chernarus_summer read from bank.
20:43:24 Roles assigned.
20:43:24 Reading mission ...
20:43:24 No entry 'bin\config.bin/CfgMarkers.Third_Marker_3rdID'
20:43:24 Mission Zeus_Chernarus_TF.chernarus_summer read from bank.
20:43:24 Roles assigned.
20:43:24 Reading mission ...
20:43:24 No entry 'bin\config.bin/CfgMarkers.Third_Marker_3rdID'
20:43:24 Mission Zeus_Chernarus_TF.chernarus_summer read from bank.
20:43:24 Roles assigned.
20:43:24 Reading mission ...
20:43:24 No entry 'bin\config.bin/CfgMarkers.Third_Marker_3rdID'
20:43:24 Mission Zeus_Chernarus_TF.chernarus_summer read from bank.
20:43:24 Roles assigned.
20:43:24 Reading mission ...
20:43:24 No entry 'bin\config.bin/CfgMarkers.Third_Marker_3rdID'
20:43:24 Mission Zeus_Chernarus_TF.chernarus_summer read from bank.
20:43:24 Roles assigned.
20:43:24 Reading mission ...
20:43:24 No entry 'bin\config.bin/CfgMarkers.Third_Marker_3rdID'
20:43:24 Mission Zeus_Chernarus_TF.chernarus_summer read from bank.
20:43:24 Roles assigned.
20:43:24 Reading mission ...
20:43:24 No entry 'bin\config.bin/CfgMarkers.Third_Marker_3rdID'
20:43:24 Mission Zeus_Chernarus_TF.chernarus_summer read from bank.
20:43:24 Roles assigned.
20:43:24 Reading mission ...
20:43:24 No entry 'bin\config.bin/CfgMarkers.Third_Marker_3rdID'
20:43:25 Mission Zeus_Chernarus_TF.chernarus_summer read from bank.
20:43:25 Roles assigned.
20:43:25 Reading mission ...
20:43:25 No entry 'bin\config.bin/CfgMarkers.Third_Marker_3rdID'
20:43:25 Mission Zeus_Chernarus_TF.chernarus_summer read from bank.
20:43:25 Roles assigned.
20:43:25 Reading mission ...
20:43:25 No entry 'bin\config.bin/CfgMarkers.Third_Marker_3rdID'
20:43:25 Mission Zeus_Chernarus_TF.chernarus_summer read from bank.
20:43:25 Roles assigned.
20:43:25 Reading mission ...
20:43:25 No entry 'bin\config.bin/CfgMarkers.Third_Marker_3rdID'
20:43:25 Mission Zeus_Chernarus_TF.chernarus_summer read from bank.
20:43:25 Roles assigned.
20:43:25 Reading mission ...
20:43:25 No entry 'bin\config.bin/CfgMarkers.Third_Marker_3rdID'
20:43:25 Mission Zeus_Chernarus_TF.chernarus_summer read from bank.
20:43:25 Roles assigned.
20:43:25 Reading mission ...
20:43:25 No entry 'bin\config.bin/CfgMarkers.Third_Marker_3rdID'
20:43:25 Mission Zeus_Chernarus_TF.chernarus_summer read from bank.
20:43:25 Roles assigned.
20:43:25 Reading mission ...
20:43:25 No entry 'bin\config.bin/CfgMarkers.Third_Marker_3rdID'
20:43:25 Mission Zeus_Chernarus_TF.chernarus_summer read from bank.
20:43:25 Roles assigned.
20:43:26 Reading mission ...
20:43:26 No entry 'bin\config.bin/CfgMarkers.Third_Marker_3rdID'
20:43:26 Mission Zeus_Chernarus_TF.chernarus_summer read from bank.
20:43:26 Roles assigned.
20:43:26 Reading mission ...
20:43:26 No entry 'bin\config.bin/CfgMarkers.Third_Marker_3rdID'
20:43:26 Mission Zeus_Chernarus_TF.chernarus_summer read from bank.
20:43:26 Roles assigned.
20:43:26 Reading mission ...
20:43:26 No entry 'bin\config.bin/CfgMarkers.Third_Marker_3rdID'
20:43:26 Mission Zeus_Chernarus_TF.chernarus_summer read from bank.
20:43:26 Roles assigned.
20:43:26 Reading mission ...
20:43:26 No entry 'bin\config.bin/CfgMarkers.Third_Marker_3rdID'
20:43:26 Mission Zeus_Chernarus_TF.chernarus_summer read from bank.
20:43:26 Roles assigned.
20:43:26 Reading mission ...
20:43:26 No entry 'bin\config.bin/CfgMarkers.Third_Marker_3rdID'
20:43:26 Mission Zeus_Chernarus_TF.chernarus_summer read from bank.
20:43:26 Roles assigned.
20:43:26 Reading mission ...
20:43:26 No entry 'bin\config.bin/CfgMarkers.Third_Marker_3rdID'
20:43:26 Mission Zeus_Chernarus_TF.chernarus_summer read from bank.
20:43:26 Roles assigned.
20:43:26 Reading mission ...
20:43:26 No entry 'bin\config.bin/CfgMarkers.Third_Marker_3rdID'
20:43:26 Mission Zeus_Chernarus_TF.chernarus_summer read from bank.
20:43:27 Roles assigned.
20:43:27 Reading mission ...
20:43:27 No entry 'bin\config.bin/CfgMarkers.Third_Marker_3rdID'
20:43:27 Mission Zeus_Chernarus_TF.chernarus_summer read from bank.
20:43:27 Roles assigned.
20:43:27 Reading mission ...
20:43:27 No entry 'bin\config.bin/CfgMarkers.Third_Marker_3rdID'
20:43:27 Mission Zeus_Chernarus_TF.chernarus_summer read from bank.
20:43:27 Roles assigned.
20:43:27 Reading mission ...
20:43:27 No entry 'bin\config.bin/CfgMarkers.Third_Marker_3rdID'
20:43:27 Mission Zeus_Chernarus_TF.chernarus_summer read from bank.
20:43:27 Roles assigned.
20:43:27 Reading mission ...
20:43:27 No entry 'bin\config.bin/CfgMarkers.Third_Marker_3rdID'
20:43:27 Mission Zeus_Chernarus_TF.chernarus_summer read from bank.
20:43:27 Roles assigned.
20:43:27 Reading mission ...
20:43:27 No entry 'bin\config.bin/CfgMarkers.Third_Marker_3rdID'
20:43:27 Mission Zeus_Chernarus_TF.chernarus_summer read from bank.
20:43:27 Roles assigned.
20:43:27 Reading mission ...
20:43:27 No entry 'bin\config.bin/CfgMarkers.Third_Marker_3rdID'
20:43:27 Mission Zeus_Chernarus_TF.chernarus_summer read from bank.
20:43:27 Roles assigned.
20:43:27 Reading mission ...
20:43:27 No entry 'bin\config.bin/CfgMarkers.Third_Marker_3rdID'
20:43:27 Mission Zeus_Chernarus_TF.chernarus_summer read from bank.
20:43:28 Roles assigned.
20:43:28 Reading mission ...
20:43:28 No entry 'bin\config.bin/CfgMarkers.Third_Marker_3rdID'
20:43:28 Mission Zeus_Chernarus_TF.chernarus_summer read from bank.
20:43:28 Roles assigned.
20:43:28 Reading mission ...
20:43:28 No entry 'bin\config.bin/CfgMarkers.Third_Marker_3rdID'
20:43:28 Mission Zeus_Chernarus_TF.chernarus_summer read from bank.
20:43:28 Roles assigned.
20:43:28 Reading mission ...
20:43:28 No entry 'bin\config.bin/CfgMarkers.Third_Marker_3rdID'
20:43:28 Mission Zeus_Chernarus_TF.chernarus_summer read from bank.
20:43:28 Roles assigned.
20:43:28 Reading mission ...
20:43:28 No entry 'bin\config.bin/CfgMarkers.Third_Marker_3rdID'
20:43:28 Mission Zeus_Chernarus_TF.chernarus_summer read from bank.
20:43:28 Roles assigned.
20:43:28 Reading mission ...
20:43:28 No entry 'bin\config.bin/CfgMarkers.Third_Marker_3rdID'
20:43:28 Mission Zeus_Chernarus_TF.chernarus_summer read from bank.
20:43:28 Roles assigned.
20:43:28 Reading mission ...
20:43:28 No entry 'bin\config.bin/CfgMarkers.Third_Marker_3rdID'
20:43:28 Mission Zeus_Chernarus_TF.chernarus_summer read from bank.
20:43:28 Roles assigned.
20:43:28 Reading mission ...
20:43:28 No entry 'bin\config.bin/CfgMarkers.Third_Marker_3rdID'
20:43:28 Mission Zeus_Chernarus_TF.chernarus_summer read from bank.
20:43:29 Roles assigned.
20:43:29 Reading mission ...
20:43:29 No entry 'bin\config.bin/CfgMarkers.Third_Marker_3rdID'
20:43:29 Mission Zeus_Chernarus_TF.chernarus_summer read from bank.
20:43:29 Roles assigned.
20:43:29 Reading mission ...
20:43:29 No entry 'bin\config.bin/CfgMarkers.Third_Marker_3rdID'
20:43:29 Mission Zeus_Chernarus_TF.chernarus_summer read from bank.
20:43:29 Roles assigned.
20:43:29 Reading mission ...
20:43:29 No entry 'bin\config.bin/CfgMarkers.Third_Marker_3rdID'
20:43:29 Mission Zeus_Chernarus_TF.chernarus_summer read from bank.
20:43:29 Roles assigned.
20:43:29 Reading mission ...
20:43:29 No entry 'bin\config.bin/CfgMarkers.Third_Marker_3rdID'
20:43:29 Mission Zeus_Chernarus_TF.chernarus_summer read from bank.
20:43:29 Roles assigned.
20:43:29 Reading mission ...
20:43:29 No entry 'bin\config.bin/CfgMarkers.Third_Marker_3rdID'
20:43:29 Mission Zeus_Chernarus_TF.chernarus_summer read from bank.
20:43:29 Roles assigned.
20:43:29 Reading mission ...
20:43:29 No entry 'bin\config.bin/CfgMarkers.Third_Marker_3rdID'
20:43:29 Mission Zeus_Chernarus_TF.chernarus_summer read from bank.
20:43:29 Roles assigned.
20:43:29 Reading mission ...
20:43:29 No entry 'bin\config.bin/CfgMarkers.Third_Marker_3rdID'
20:43:30 Mission Zeus_Chernarus_TF.chernarus_summer read from bank.
20:43:30 Roles assigned.
20:43:30 Reading mission ...
20:43:30 No entry 'bin\config.bin/CfgMarkers.Third_Marker_3rdID'
20:43:30 Mission Zeus_Chernarus_TF.chernarus_summer read from bank.
20:43:30 Roles assigned.
20:43:30 Reading mission ...
20:43:30 No entry 'bin\config.bin/CfgMarkers.Third_Marker_3rdID'
20:43:30 Mission Zeus_Chernarus_TF.chernarus_summer read from bank.
20:43:30 Roles assigned.
20:43:30 Reading mission ...
20:43:30 No entry 'bin\config.bin/CfgMarkers.Third_Marker_3rdID'
20:43:30 Mission Zeus_Chernarus_TF.chernarus_summer read from bank.
20:43:30 Roles assigned.
20:43:30 Reading mission ...
20:43:30 No entry 'bin\config.bin/CfgMarkers.Third_Marker_3rdID'
20:43:30 Mission Zeus_Chernarus_TF.chernarus_summer read from bank.
20:43:30 Roles assigned.
20:43:30 Reading mission ...
20:43:30 No entry 'bin\config.bin/CfgMarkers.Third_Marker_3rdID'
20:43:30 Mission Zeus_Chernarus_TF.chernarus_summer read from bank.
20:43:30 Roles assigned.
20:43:30 Reading mission ...
20:43:30 No entry 'bin\config.bin/CfgMarkers.Third_Marker_3rdID'
20:43:30 Mission Zeus_Chernarus_TF.chernarus_summer read from bank.
20:43:30 Roles assigned.
20:43:31 Reading mission ...
20:43:31 No entry 'bin\config.bin/CfgMarkers.Third_Marker_3rdID'
20:43:31 Mission Zeus_Chernarus_TF.chernarus_summer read from bank.
20:43:31 Roles assigned.
20:43:31 Reading mission ...
20:43:31 No entry 'bin\config.bin/CfgMarkers.Third_Marker_3rdID'
20:43:31 Mission Zeus_Chernarus_TF.chernarus_summer read from bank.
20:43:31 Roles assigned.
20:43:31 Reading mission ...
20:43:31 No entry 'bin\config.bin/CfgMarkers.Third_Marker_3rdID'
20:43:31 Mission Zeus_Chernarus_TF.chernarus_summer read from bank.
20:43:31 Roles assigned.
20:43:31 Reading mission ...
20:43:31 No entry 'bin\config.bin/CfgMarkers.Third_Marker_3rdID'
20:43:31 Mission Zeus_Chernarus_TF.chernarus_summer read from bank.
20:43:31 Roles assigned.
20:43:31 Reading mission ...
20:43:31 No entry 'bin\config.bin/CfgMarkers.Third_Marker_3rdID'
20:43:31 Mission Zeus_Chernarus_TF.chernarus_summer read from bank.
20:43:31 Roles assigned.
20:43:31 Reading mission ...
20:43:31 No entry 'bin\config.bin/CfgMarkers.Third_Marker_3rdID'
20:43:31 Mission Zeus_Chernarus_TF.chernarus_summer read from bank.
20:43:31 Roles assigned.
20:43:31 Reading mission ...
20:43:31 No entry 'bin\config.bin/CfgMarkers.Third_Marker_3rdID'
20:43:31 Mission Zeus_Chernarus_TF.chernarus_summer read from bank.
20:43:32 Roles assigned.
20:43:32 Reading mission ...
20:43:32 No entry 'bin\config.bin/CfgMarkers.Third_Marker_3rdID'
20:43:32 Mission Zeus_Chernarus_TF.chernarus_summer read from bank.
20:43:32 Roles assigned.
20:43:32 Reading mission ...
20:43:32 No entry 'bin\config.bin/CfgMarkers.Third_Marker_3rdID'
20:43:32 Mission Zeus_Chernarus_TF.chernarus_summer read from bank.
20:43:32 Roles assigned.
20:43:32 Reading mission ...
20:43:32 No entry 'bin\config.bin/CfgMarkers.Third_Marker_3rdID'
20:43:32 Mission Zeus_Chernarus_TF.chernarus_summer read from bank.
20:43:32 Roles assigned.
20:43:32 Reading mission ...
20:43:32 No entry 'bin\config.bin/CfgMarkers.Third_Marker_3rdID'
20:43:32 Mission Zeus_Chernarus_TF.chernarus_summer read from bank.
20:43:32 Roles assigned.
20:43:32 Reading mission ...
20:43:32 No entry 'bin\config.bin/CfgMarkers.Third_Marker_3rdID'
20:43:32 Mission Zeus_Chernarus_TF.chernarus_summer read from bank.
20:43:32 Roles assigned.
20:43:32 Reading mission ...
20:43:32 No entry 'bin\config.bin/CfgMarkers.Third_Marker_3rdID'
20:43:32 Mission Zeus_Chernarus_TF.chernarus_summer read from bank.
20:43:32 Roles assigned.
20:43:32 Reading mission ...
20:43:32 No entry 'bin\config.bin/CfgMarkers.Third_Marker_3rdID'
20:43:32 Mission Zeus_Chernarus_TF.chernarus_summer read from bank.
20:43:33 Roles assigned.
20:43:33 Reading mission ...
20:43:33 No entry 'bin\config.bin/CfgMarkers.Third_Marker_3rdID'
20:43:33 Mission Zeus_Chernarus_TF.chernarus_summer read from bank.
20:43:33 Roles assigned.
20:43:33 Reading mission ...
20:43:33 No entry 'bin\config.bin/CfgMarkers.Third_Marker_3rdID'
20:43:33 Mission Zeus_Chernarus_TF.chernarus_summer read from bank.
20:43:33 Roles assigned.
20:43:33 Reading mission ...
20:43:33 No entry 'bin\config.bin/CfgMarkers.Third_Marker_3rdID'
20:43:33 Mission Zeus_Chernarus_TF.chernarus_summer read from bank.
20:43:33 Roles assigned.
20:43:33 Reading mission ...
20:43:33 No entry 'bin\config.bin/CfgMarkers.Third_Marker_3rdID'
20:43:33 Mission Zeus_Chernarus_TF.chernarus_summer read from bank.
20:43:33 Roles assigned.
20:43:33 Reading mission ...
20:43:33 No entry 'bin\config.bin/CfgMarkers.Third_Marker_3rdID'
20:43:33 Mission Zeus_Chernarus_TF.chernarus_summer read from bank.
20:43:33 Roles assigned.
20:43:33 Reading mission ...
20:43:33 No entry 'bin\config.bin/CfgMarkers.Third_Marker_3rdID'
20:43:33 Mission Zeus_Chernarus_TF.chernarus_summer read from bank.
20:43:33 Roles assigned.
20:43:33 Reading mission ...
20:43:33 No entry 'bin\config.bin/CfgMarkers.Third_Marker_3rdID'
20:43:33 Mission Zeus_Chernarus_TF.chernarus_summer read from bank.
20:43:34 Roles assigned.
20:43:34 Reading mission ...
20:43:34 No entry 'bin\config.bin/CfgMarkers.Third_Marker_3rdID'
20:43:34 Mission Zeus_Chernarus_TF.chernarus_summer read from bank.
20:43:34 Roles assigned.
20:43:34 Reading mission ...
20:43:34 No entry 'bin\config.bin/CfgMarkers.Third_Marker_3rdID'
20:43:34 Mission Zeus_Chernarus_TF.chernarus_summer read from bank.
20:43:34 Roles assigned.
20:43:34 Reading mission ...
20:43:34 No entry 'bin\config.bin/CfgMarkers.Third_Marker_3rdID'
20:43:34 Mission Zeus_Chernarus_TF.chernarus_summer read from bank.
20:43:34 Roles assigned.
20:43:34 Reading mission ...
20:43:34 No entry 'bin\config.bin/CfgMarkers.Third_Marker_3rdID'
20:43:34 Mission Zeus_Chernarus_TF.chernarus_summer read from bank.
20:43:34 Roles assigned.
20:43:34 Reading mission ...
20:43:34 No entry 'bin\config.bin/CfgMarkers.Third_Marker_3rdID'
20:43:34 Mission Zeus_Chernarus_TF.chernarus_summer read from bank.
20:43:34 Roles assigned.
20:43:34 Reading mission ...
20:43:34 No entry 'bin\config.bin/CfgMarkers.Third_Marker_3rdID'
20:43:34 Mission Zeus_Chernarus_TF.chernarus_summer read from bank.
20:43:34 Roles assigned.
20:43:34 Reading mission ...
20:43:34 No entry 'bin\config.bin/CfgMarkers.Third_Marker_3rdID'
20:43:35 Mission Zeus_Chernarus_TF.chernarus_summer read from bank.
20:43:35 Roles assigned.
20:43:35 Reading mission ...
20:43:35 No entry 'bin\config.bin/CfgMarkers.Third_Marker_3rdID'
20:43:35 Mission Zeus_Chernarus_TF.chernarus_summer read from bank.
20:43:35 Roles assigned.
20:43:35 Reading mission ...
20:43:35 No entry 'bin\config.bin/CfgMarkers.Third_Marker_3rdID'
20:43:35 Mission Zeus_Chernarus_TF.chernarus_summer read from bank.
20:43:35 Roles assigned.
20:43:35 Reading mission ...
20:43:35 No entry 'bin\config.bin/CfgMarkers.Third_Marker_3rdID'
20:43:35 Mission Zeus_Chernarus_TF.chernarus_summer read from bank.
20:43:35 Roles assigned.
20:43:35 Reading mission ...
20:43:35 No entry 'bin\config.bin/CfgMarkers.Third_Marker_3rdID'
20:43:35 Mission Zeus_Chernarus_TF.chernarus_summer read from bank.
20:43:35 Roles assigned.
20:43:35 Reading mission ...
20:43:35 No entry 'bin\config.bin/CfgMarkers.Third_Marker_3rdID'
20:43:35 Mission Zeus_Chernarus_TF.chernarus_summer read from bank.
20:43:35 Roles assigned.
20:43:35 Reading mission ...
20:43:35 No entry 'bin\config.bin/CfgMarkers.Third_Marker_3rdID'
20:43:35 Mission Zeus_Chernarus_TF.chernarus_summer read from bank.
20:43:35 Roles assigned.
20:43:36 Reading mission ...
20:43:36 No entry 'bin\config.bin/CfgMarkers.Third_Marker_3rdID'
20:43:36 Mission Zeus_Chernarus_TF.chernarus_summer read from bank.
20:43:36 Roles assigned.
20:43:36 Reading mission ...
20:43:36 No entry 'bin\config.bin/CfgMarkers.Third_Marker_3rdID'
20:43:36 Mission Zeus_Chernarus_TF.chernarus_summer read from bank.
20:43:36 Roles assigned.
20:43:36 Reading mission ...
20:43:36 No entry 'bin\config.bin/CfgMarkers.Third_Marker_3rdID'
20:43:36 Mission Zeus_Chernarus_TF.chernarus_summer read from bank.
20:43:36 Roles assigned.
20:43:36 Reading mission ...
20:43:36 No entry 'bin\config.bin/CfgMarkers.Third_Marker_3rdID'
20:43:36 Mission Zeus_Chernarus_TF.chernarus_summer read from bank.
20:43:36 Roles assigned.
20:43:36 Reading mission ...
20:43:36 No entry 'bin\config.bin/CfgMarkers.Third_Marker_3rdID'
20:43:36 Mission Zeus_Chernarus_TF.chernarus_summer read from bank.
20:43:36 Roles assigned.
20:43:36 Reading mission ...
20:43:36 No entry 'bin\config.bin/CfgMarkers.Third_Marker_3rdID'
20:43:36 Mission Zeus_Chernarus_TF.chernarus_summer read from bank.
20:43:36 Roles assigned.
20:43:36 Reading mission ...
20:43:36 No entry 'bin\config.bin/CfgMarkers.Third_Marker_3rdID'
20:43:36 Mission Zeus_Chernarus_TF.chernarus_summer read from bank.
20:43:37 Roles assigned.
20:43:37 Reading mission ...
20:43:37 No entry 'bin\config.bin/CfgMarkers.Third_Marker_3rdID'
20:43:37 Mission Zeus_Chernarus_TF.chernarus_summer read from bank.
20:43:37 Roles assigned.
20:43:37 Reading mission ...
20:43:37 No entry 'bin\config.bin/CfgMarkers.Third_Marker_3rdID'
20:43:37 Mission Zeus_Chernarus_TF.chernarus_summer read from bank.
20:43:37 Roles assigned.
20:43:37 Reading mission ...
20:43:37 No entry 'bin\config.bin/CfgMarkers.Third_Marker_3rdID'
20:43:37 Mission Zeus_Chernarus_TF.chernarus_summer read from bank.
20:43:37 Roles assigned.
20:43:37 Reading mission ...
20:43:37 No entry 'bin\config.bin/CfgMarkers.Third_Marker_3rdID'
20:43:37 Mission Zeus_Chernarus_TF.chernarus_summer read from bank.
20:43:37 Roles assigned.
20:43:37 Reading mission ...
20:43:37 No entry 'bin\config.bin/CfgMarkers.Third_Marker_3rdID'
20:43:37 Mission Zeus_Chernarus_TF.chernarus_summer read from bank.
20:43:37 Roles assigned.
20:43:37 Reading mission ...
20:43:37 No entry 'bin\config.bin/CfgMarkers.Third_Marker_3rdID'
20:43:37 Mission Zeus_Chernarus_TF.chernarus_summer read from bank.
20:43:37 Roles assigned.
20:43:37 Reading mission ...
20:43:37 No entry 'bin\config.bin/CfgMarkers.Third_Marker_3rdID'
20:43:37 Mission Zeus_Chernarus_TF.chernarus_summer read from bank.
20:43:38 Roles assigned.
20:43:38 Reading mission ...
20:43:38 No entry 'bin\config.bin/CfgMarkers.Third_Marker_3rdID'
20:43:38 Mission Zeus_Chernarus_TF.chernarus_summer read from bank.
20:43:38 Roles assigned.
20:43:38 Reading mission ...
20:43:38 No entry 'bin\config.bin/CfgMarkers.Third_Marker_3rdID'
20:43:38 Mission Zeus_Chernarus_TF.chernarus_summer read from bank.
20:43:38 Roles assigned.
20:43:38 Reading mission ...
20:43:38 No entry 'bin\config.bin/CfgMarkers.Third_Marker_3rdID'
20:43:38 Mission Zeus_Chernarus_TF.chernarus_summer read from bank.
20:43:38 Roles assigned.
20:43:38 Reading mission ...
20:43:38 No entry 'bin\config.bin/CfgMarkers.Third_Marker_3rdID'
20:43:38 Mission Zeus_Chernarus_TF.chernarus_summer read from bank.
20:43:38 Roles assigned.
20:43:38 Reading mission ...
20:43:38 No entry 'bin\config.bin/CfgMarkers.Third_Marker_3rdID'
20:43:38 Mission Zeus_Chernarus_TF.chernarus_summer read from bank.
20:43:38 Roles assigned.
20:43:38 Reading mission ...
20:43:38 No entry 'bin\config.bin/CfgMarkers.Third_Marker_3rdID'
20:43:38 Mission Zeus_Chernarus_TF.chernarus_summer read from bank.
20:43:38 Roles assigned.
20:43:38 Reading mission ...
20:43:38 No entry 'bin\config.bin/CfgMarkers.Third_Marker_3rdID'
20:43:38 Mission Zeus_Chernarus_TF.chernarus_summer read from bank.
20:43:39 Roles assigned.
20:43:39 Reading mission ...
20:43:39 No entry 'bin\config.bin/CfgMarkers.Third_Marker_3rdID'
20:43:39 Mission Zeus_Chernarus_TF.chernarus_summer read from bank.
20:43:39 Roles assigned.
20:43:39 Reading mission ...
20:43:39 No entry 'bin\config.bin/CfgMarkers.Third_Marker_3rdID'
20:43:39 Mission Zeus_Chernarus_TF.chernarus_summer read from bank.
20:43:39 Roles assigned.
20:43:39 Reading mission ...
20:43:39 No entry 'bin\config.bin/CfgMarkers.Third_Marker_3rdID'
20:43:39 Mission Zeus_Chernarus_TF.chernarus_summer read from bank.
20:43:39 Roles assigned.
20:43:39 Reading mission ...
20:43:39 No entry 'bin\config.bin/CfgMarkers.Third_Marker_3rdID'
20:43:39 Mission Zeus_Chernarus_TF.chernarus_summer read from bank.
20:43:39 Roles assigned.
20:43:39 Reading mission ...
20:43:39 No entry 'bin\config.bin/CfgMarkers.Third_Marker_3rdID'
20:43:39 Mission Zeus_Chernarus_TF.chernarus_summer read from bank.
20:43:39 Roles assigned.
20:43:39 Reading mission ...
20:43:39 No entry 'bin\config.bin/CfgMarkers.Third_Marker_3rdID'
20:43:39 Mission Zeus_Chernarus_TF.chernarus_summer read from bank.
20:43:39 Roles assigned.
20:43:39 Reading mission ...
20:43:39 No entry 'bin\config.bin/CfgMarkers.Third_Marker_3rdID'
20:43:40 Mission Zeus_Chernarus_TF.chernarus_summer read from bank.
20:43:40 Roles assigned.
20:43:40 Reading mission ...
20:43:40 No entry 'bin\config.bin/CfgMarkers.Third_Marker_3rdID'
20:43:40 Mission Zeus_Chernarus_TF.chernarus_summer read from bank.
20:43:40 Roles assigned.
20:43:40 Reading mission ...
20:43:40 No entry 'bin\config.bin/CfgMarkers.Third_Marker_3rdID'
20:43:40 Mission Zeus_Chernarus_TF.chernarus_summer read from bank.
20:43:40 Roles assigned.
20:43:40 Reading mission ...
20:43:40 No entry 'bin\config.bin/CfgMarkers.Third_Marker_3rdID'
20:43:40 Mission Zeus_Chernarus_TF.chernarus_summer read from bank.
20:43:40 Roles assigned.
20:43:40 Reading mission ...
20:43:40 No entry 'bin\config.bin/CfgMarkers.Third_Marker_3rdID'
20:43:40 Mission Zeus_Chernarus_TF.chernarus_summer read from bank.
20:43:40 Roles assigned.
20:43:40 Reading mission ...
20:43:40 No entry 'bin\config.bin/CfgMarkers.Third_Marker_3rdID'
20:43:40 Mission Zeus_Chernarus_TF.chernarus_summer read from bank.
20:43:40 Roles assigned.
20:43:40 Reading mission ...
20:43:40 No entry 'bin\config.bin/CfgMarkers.Third_Marker_3rdID'
20:43:40 Mission Zeus_Chernarus_TF.chernarus_summer read from bank.
20:43:40 Roles assigned.
20:43:41 Reading mission ...
20:43:41 No entry 'bin\config.bin/CfgMarkers.Third_Marker_3rdID'
20:43:41 Mission Zeus_Chernarus_TF.chernarus_summer read from bank.
20:43:41 Roles assigned.
20:43:41 Reading mission ...
20:43:41 No entry 'bin\config.bin/CfgMarkers.Third_Marker_3rdID'
20:43:41 Mission Zeus_Chernarus_TF.chernarus_summer read from bank.
20:43:41 Roles assigned.
20:43:41 Reading mission ...
20:43:41 No entry 'bin\config.bin/CfgMarkers.Third_Marker_3rdID'
20:43:41 Mission Zeus_Chernarus_TF.chernarus_summer read from bank.
20:43:41 Roles assigned.
20:43:41 Reading mission ...
20:43:41 No entry 'bin\config.bin/CfgMarkers.Third_Marker_3rdID'
20:43:41 Mission Zeus_Chernarus_TF.chernarus_summer read from bank.
20:43:41 Roles assigned.
20:43:41 Reading mission ...
20:43:41 No entry 'bin\config.bin/CfgMarkers.Third_Marker_3rdID'
20:43:41 Mission Zeus_Chernarus_TF.chernarus_summer read from bank.
20:43:41 Roles assigned.
20:43:41 Reading mission ...
20:43:41 No entry 'bin\config.bin/CfgMarkers.Third_Marker_3rdID'
20:43:41 Mission Zeus_Chernarus_TF.chernarus_summer read from bank.
20:43:41 Roles assigned.
20:43:41 Reading mission ...
20:43:41 No entry 'bin\config.bin/CfgMarkers.Third_Marker_3rdID'
20:43:41 Mission Zeus_Chernarus_TF.chernarus_summer read from bank.
20:43:42 Roles assigned.
20:43:42 Reading mission ...
20:43:42 No entry 'bin\config.bin/CfgMarkers.Third_Marker_3rdID'
20:43:42 Mission Zeus_Chernarus_TF.chernarus_summer read from bank.
20:43:42 Roles assigned.
20:43:42 Reading mission ...
20:43:42 No entry 'bin\config.bin/CfgMarkers.Third_Marker_3rdID'
20:43:42 Mission Zeus_Chernarus_TF.chernarus_summer read from bank.
20:43:42 Roles assigned.
20:43:42 Reading mission ...
20:43:42 No entry 'bin\config.bin/CfgMarkers.Third_Marker_3rdID'
20:43:42 Mission Zeus_Chernarus_TF.chernarus_summer read from bank.
20:43:42 Roles assigned.
20:43:42 Reading mission ...
20:43:42 No entry 'bin\config.bin/CfgMarkers.Third_Marker_3rdID'
20:43:42 Mission Zeus_Chernarus_TF.chernarus_summer read from bank.
20:43:42 Roles assigned.
20:43:42 Reading mission ...
20:43:42 No entry 'bin\config.bin/CfgMarkers.Third_Marker_3rdID'
20:43:42 Mission Zeus_Chernarus_TF.chernarus_summer read from bank.
20:43:42 Roles assigned.
20:43:42 Reading mission ...
20:43:42 No entry 'bin\config.bin/CfgMarkers.Third_Marker_3rdID'
20:43:42 Mission Zeus_Chernarus_TF.chernarus_summer read from bank.
20:43:42 Roles assigned.
20:43:42 Reading mission ...
20:43:42 No entry 'bin\config.bin/CfgMarkers.Third_Marker_3rdID'
20:43:42 Mission Zeus_Chernarus_TF.chernarus_summer read from bank.
20:43:43 Roles assigned.
20:43:43 Reading mission ...
20:43:43 No entry 'bin\config.bin/CfgMarkers.Third_Marker_3rdID'
20:43:43 Mission Zeus_Chernarus_TF.chernarus_summer read from bank.
20:43:43 Roles assigned.
20:43:43 Reading mission ...
20:43:43 No entry 'bin\config.bin/CfgMarkers.Third_Marker_3rdID'
20:43:43 Mission Zeus_Chernarus_TF.chernarus_summer read from bank.
20:43:43 Roles assigned.
20:43:43 Reading mission ...
20:43:43 No entry 'bin\config.bin/CfgMarkers.Third_Marker_3rdID'
20:43:43 Mission Zeus_Chernarus_TF.chernarus_summer read from bank.
20:43:43 Roles assigned.
20:43:43 Reading mission ...
20:43:43 No entry 'bin\config.bin/CfgMarkers.Third_Marker_3rdID'
20:43:43 Mission Zeus_Chernarus_TF.chernarus_summer read from bank.
20:43:43 Roles assigned.
20:43:43 Reading mission ...
20:43:43 No entry 'bin\config.bin/CfgMarkers.Third_Marker_3rdID'
20:43:43 Mission Zeus_Chernarus_TF.chernarus_summer read from bank.
20:43:43 Roles assigned.
20:43:43 Reading mission ...
20:43:43 No entry 'bin\config.bin/CfgMarkers.Third_Marker_3rdID'
20:43:43 Mission Zeus_Chernarus_TF.chernarus_summer read from bank.
20:43:43 Roles assigned.
20:43:43 Reading mission ...
20:43:43 No entry 'bin\config.bin/CfgMarkers.Third_Marker_3rdID'
20:43:43 Mission Zeus_Chernarus_TF.chernarus_summer read from bank.
20:43:44 Roles assigned.
20:43:44 Reading mission ...
20:43:44 No entry 'bin\config.bin/CfgMarkers.Third_Marker_3rdID'
20:43:44 Mission Zeus_Chernarus_TF.chernarus_summer read from bank.
20:43:44 Roles assigned.
20:43:44 Reading mission ...
20:43:44 No entry 'bin\config.bin/CfgMarkers.Third_Marker_3rdID'
20:43:44 Mission Zeus_Chernarus_TF.chernarus_summer read from bank.
20:43:44 Roles assigned.
20:43:44 Reading mission ...
20:43:44 No entry 'bin\config.bin/CfgMarkers.Third_Marker_3rdID'
20:43:44 Mission Zeus_Chernarus_TF.chernarus_summer read from bank.
20:43:44 Roles assigned.
20:43:44 Reading mission ...
20:43:44 No entry 'bin\config.bin/CfgMarkers.Third_Marker_3rdID'
20:43:44 Mission Zeus_Chernarus_TF.chernarus_summer read from bank.
20:43:44 Roles assigned.
20:43:44 Reading mission ...
20:43:44 No entry 'bin\config.bin/CfgMarkers.Third_Marker_3rdID'
20:43:44 Mission Zeus_Chernarus_TF.chernarus_summer read from bank.
20:43:44 Roles assigned.
20:43:44 Reading mission ...
20:43:44 No entry 'bin\config.bin/CfgMarkers.Third_Marker_3rdID'
20:43:44 Mission Zeus_Chernarus_TF.chernarus_summer read from bank.
20:43:44 Roles assigned.
20:43:44 Reading mission ...
20:43:44 No entry 'bin\config.bin/CfgMarkers.Third_Marker_3rdID'
20:43:45 Mission Zeus_Chernarus_TF.chernarus_summer read from bank.
20:43:45 Roles assigned.
20:43:45 Reading mission ...
20:43:45 No entry 'bin\config.bin/CfgMarkers.Third_Marker_3rdID'
20:43:45 Mission Zeus_Chernarus_TF.chernarus_summer read from bank.
20:43:45 Roles assigned.
20:43:45 Reading mission ...
20:43:45 No entry 'bin\config.bin/CfgMarkers.Third_Marker_3rdID'
20:43:45 Mission Zeus_Chernarus_TF.chernarus_summer read from bank.
20:43:45 Roles assigned.
20:43:45 Reading mission ...
20:43:45 No entry 'bin\config.bin/CfgMarkers.Third_Marker_3rdID'
20:43:45 Mission Zeus_Chernarus_TF.chernarus_summer read from bank.
20:43:45 Roles assigned.
20:43:45 Reading mission ...
20:43:45 No entry 'bin\config.bin/CfgMarkers.Third_Marker_3rdID'
20:43:45 Mission Zeus_Chernarus_TF.chernarus_summer read from bank.
20:43:45 Roles assigned.
20:43:45 Reading mission ...
20:43:45 No entry 'bin\config.bin/CfgMarkers.Third_Marker_3rdID'
20:43:45 Mission Zeus_Chernarus_TF.chernarus_summer read from bank.
20:43:45 Roles assigned.
20:43:45 Reading mission ...
20:43:45 No entry 'bin\config.bin/CfgMarkers.Third_Marker_3rdID'
20:43:45 Mission Zeus_Chernarus_TF.chernarus_summer read from bank.
20:43:45 Roles assigned.
20:43:46 Reading mission ...
20:43:46 No entry 'bin\config.bin/CfgMarkers.Third_Marker_3rdID'
20:43:46 Mission Zeus_Chernarus_TF.chernarus_summer read from bank.
20:43:46 Roles assigned.
20:43:46 Reading mission ...
20:43:46 No entry 'bin\config.bin/CfgMarkers.Third_Marker_3rdID'
20:43:46 Mission Zeus_Chernarus_TF.chernarus_summer read from bank.
20:43:46 Roles assigned.
20:43:46 Reading mission ...
20:43:46 No entry 'bin\config.bin/CfgMarkers.Third_Marker_3rdID'
20:43:46 Mission Zeus_Chernarus_TF.chernarus_summer read from bank.
20:43:46 Roles assigned.
20:43:46 Reading mission ...
20:43:46 No entry 'bin\config.bin/CfgMarkers.Third_Marker_3rdID'
20:43:46 Mission Zeus_Chernarus_TF.chernarus_summer read from bank.
20:43:46 Roles assigned.
20:43:46 Reading mission ...
20:43:46 No entry 'bin\config.bin/CfgMarkers.Third_Marker_3rdID'
20:43:46 Mission Zeus_Chernarus_TF.chernarus_summer read from bank.
20:43:46 Roles assigned.
20:43:46 Reading mission ...
20:43:46 No entry 'bin\config.bin/CfgMarkers.Third_Marker_3rdID'
20:43:46 Mission Zeus_Chernarus_TF.chernarus_summer read from bank.
20:43:46 Roles assigned.
20:43:46 Reading mission ...
20:43:46 No entry 'bin\config.bin/CfgMarkers.Third_Marker_3rdID'
20:43:46 Mission Zeus_Chernarus_TF.chernarus_summer read from bank.
20:43:47 Roles assigned.
20:43:47 Reading mission ...
20:43:47 No entry 'bin\config.bin/CfgMarkers.Third_Marker_3rdID'
20:43:47 Mission Zeus_Chernarus_TF.chernarus_summer read from bank.
20:43:47 Roles assigned.
20:43:47 Reading mission ...
20:43:47 No entry 'bin\config.bin/CfgMarkers.Third_Marker_3rdID'
20:43:47 Mission Zeus_Chernarus_TF.chernarus_summer read from bank.
20:43:47 Roles assigned.
20:43:47 Reading mission ...
20:43:47 No entry 'bin\config.bin/CfgMarkers.Third_Marker_3rdID'
20:43:47 Mission Zeus_Chernarus_TF.chernarus_summer read from bank.
20:43:47 Roles assigned.
20:43:47 Reading mission ...
20:43:47 No entry 'bin\config.bin/CfgMarkers.Third_Marker_3rdID'
20:43:47 Mission Zeus_Chernarus_TF.chernarus_summer read from bank.
20:43:47 Roles assigned.
20:43:47 Reading mission ...
20:43:47 No entry 'bin\config.bin/CfgMarkers.Third_Marker_3rdID'
20:43:47 Mission Zeus_Chernarus_TF.chernarus_summer read from bank.
20:43:47 Roles assigned.
20:43:47 Reading mission ...
20:43:47 No entry 'bin\config.bin/CfgMarkers.Third_Marker_3rdID'
20:43:47 Mission Zeus_Chernarus_TF.chernarus_summer read from bank.
20:43:47 Roles assigned.
20:43:47 Reading mission ...
20:43:47 No entry 'bin\config.bin/CfgMarkers.Third_Marker_3rdID'
20:43:47 Mission Zeus_Chernarus_TF.chernarus_summer read from bank.
20:43:48 Roles assigned.
20:43:48 Reading mission ...
20:43:48 No entry 'bin\config.bin/CfgMarkers.Third_Marker_3rdID'
20:43:48 Mission Zeus_Chernarus_TF.chernarus_summer read from bank.
20:43:48 Roles assigned.
20:43:48 Reading mission ...
20:43:48 No entry 'bin\config.bin/CfgMarkers.Third_Marker_3rdID'
20:43:48 Mission Zeus_Chernarus_TF.chernarus_summer read from bank.
20:43:48 Roles assigned.
20:43:48 Reading mission ...
20:43:48 No entry 'bin\config.bin/CfgMarkers.Third_Marker_3rdID'
20:43:48 Mission Zeus_Chernarus_TF.chernarus_summer read from bank.
20:43:48 Roles assigned.
20:43:48 Reading mission ...
20:43:48 No entry 'bin\config.bin/CfgMarkers.Third_Marker_3rdID'
20:43:48 Mission Zeus_Chernarus_TF.chernarus_summer read from bank.
20:43:48 Roles assigned.
20:43:48 Reading mission ...
20:43:48 No entry 'bin\config.bin/CfgMarkers.Third_Marker_3rdID'
20:43:48 Mission Zeus_Chernarus_TF.chernarus_summer read from bank.
20:43:48 Roles assigned.
20:43:48 Reading mission ...
20:43:48 No entry 'bin\config.bin/CfgMarkers.Third_Marker_3rdID'
20:43:48 Mission Zeus_Chernarus_TF.chernarus_summer read from bank.
20:43:48 Roles assigned.
20:43:48 Reading mission ...
20:43:48 No entry 'bin\config.bin/CfgMarkers.Third_Marker_3rdID'
20:43:48 Mission Zeus_Chernarus_TF.chernarus_summer read from bank.
20:43:49 Roles assigned.
20:43:49 Reading mission ...
20:43:49 No entry 'bin\config.bin/CfgMarkers.Third_Marker_3rdID'
20:43:49 Mission Zeus_Chernarus_TF.chernarus_summer read from bank.
20:43:49 Roles assigned.
20:43:49 Reading mission ...
20:43:49 No entry 'bin\config.bin/CfgMarkers.Third_Marker_3rdID'
20:43:49 Mission Zeus_Chernarus_TF.chernarus_summer read from bank.
20:43:49 Roles assigned.
20:43:49 Reading mission ...
20:43:49 No entry 'bin\config.bin/CfgMarkers.Third_Marker_3rdID'
20:43:49 Mission Zeus_Chernarus_TF.chernarus_summer read from bank.
20:43:49 Roles assigned.
20:43:49 Reading mission ...
20:43:49 No entry 'bin\config.bin/CfgMarkers.Third_Marker_3rdID'
20:43:49 Mission Zeus_Chernarus_TF.chernarus_summer read from bank.
20:43:49 Roles assigned.
20:43:49 Reading mission ...
20:43:49 No entry 'bin\config.bin/CfgMarkers.Third_Marker_3rdID'
20:43:49 Mission Zeus_Chernarus_TF.chernarus_summer read from bank.
20:43:49 Roles assigned.
20:43:49 Reading mission ...
20:43:49 No entry 'bin\config.bin/CfgMarkers.Third_Marker_3rdID'
20:43:49 Mission Zeus_Chernarus_TF.chernarus_summer read from bank.
20:43:49 Roles assigned.
20:43:49 Reading mission ...
20:43:49 No entry 'bin\config.bin/CfgMarkers.Third_Marker_3rdID'
20:43:50 Mission Zeus_Chernarus_TF.chernarus_summer read from bank.
20:43:50 Roles assigned.
20:43:50 Reading mission ...
20:43:50 No entry 'bin\config.bin/CfgMarkers.Third_Marker_3rdID'
20:43:50 Mission Zeus_Chernarus_TF.chernarus_summer read from bank.
20:43:50 Roles assigned.
20:43:50 Reading mission ...
20:43:50 No entry 'bin\config.bin/CfgMarkers.Third_Marker_3rdID'
20:43:50 Mission Zeus_Chernarus_TF.chernarus_summer read from bank.
20:43:50 Roles assigned.
20:43:50 Reading mission ...
20:43:50 No entry 'bin\config.bin/CfgMarkers.Third_Marker_3rdID'
20:43:50 Mission Zeus_Chernarus_TF.chernarus_summer read from bank.
20:43:50 Roles assigned.
20:43:50 Reading mission ...
20:43:50 No entry 'bin\config.bin/CfgMarkers.Third_Marker_3rdID'
20:43:50 Mission Zeus_Chernarus_TF.chernarus_summer read from bank.
20:43:50 Roles assigned.
20:43:50 Reading mission ...
20:43:50 No entry 'bin\config.bin/CfgMarkers.Third_Marker_3rdID'
20:43:50 Mission Zeus_Chernarus_TF.chernarus_summer read from bank.
20:43:50 Roles assigned.
20:43:50 Reading mission ...
20:43:50 No entry 'bin\config.bin/CfgMarkers.Third_Marker_3rdID'
20:43:50 Mission Zeus_Chernarus_TF.chernarus_summer read from bank.
20:43:50 Roles assigned.
20:43:50 Reading mission ...
20:43:50 No entry 'bin\config.bin/CfgMarkers.Third_Marker_3rdID'
20:43:51 Mission Zeus_Chernarus_TF.chernarus_summer read from bank.
20:43:51 Roles assigned.
20:43:51 Reading mission ...
20:43:51 No entry 'bin\config.bin/CfgMarkers.Third_Marker_3rdID'
20:43:51 Mission Zeus_Chernarus_TF.chernarus_summer read from bank.
20:43:51 Roles assigned.
20:43:51 Reading mission ...
20:43:51 No entry 'bin\config.bin/CfgMarkers.Third_Marker_3rdID'
20:43:51 Mission Zeus_Chernarus_TF.chernarus_summer read from bank.
20:43:51 Roles assigned.
20:43:51 Reading mission ...
20:43:51 No entry 'bin\config.bin/CfgMarkers.Third_Marker_3rdID'
20:43:51 Mission Zeus_Chernarus_TF.chernarus_summer read from bank.
20:43:51 Roles assigned.
20:43:51 Reading mission ...
20:43:51 No entry 'bin\config.bin/CfgMarkers.Third_Marker_3rdID'
20:43:51 Mission Zeus_Chernarus_TF.chernarus_summer read from bank.
20:43:51 Roles assigned.
20:43:51 Reading mission ...
20:43:51 No entry 'bin\config.bin/CfgMarkers.Third_Marker_3rdID'
20:43:51 Mission Zeus_Chernarus_TF.chernarus_summer read from bank.
20:43:51 Roles assigned.
20:43:51 Reading mission ...
20:43:51 No entry 'bin\config.bin/CfgMarkers.Third_Marker_3rdID'
20:43:51 Mission Zeus_Chernarus_TF.chernarus_summer read from bank.
20:43:51 Roles assigned.
20:43:52 Reading mission ...
20:43:52 No entry 'bin\config.bin/CfgMarkers.Third_Marker_3rdID'
20:43:52 Mission Zeus_Chernarus_TF.chernarus_summer read from bank.
20:43:52 Roles assigned.
20:43:52 Reading mission ...
20:43:52 No entry 'bin\config.bin/CfgMarkers.Third_Marker_3rdID'
20:43:52 Mission Zeus_Chernarus_TF.chernarus_summer read from bank.
20:43:52 Roles assigned.
20:43:52 Reading mission ...
20:43:52 No entry 'bin\config.bin/CfgMarkers.Third_Marker_3rdID'
20:43:52 Mission Zeus_Chernarus_TF.chernarus_summer read from bank.
20:43:52 Roles assigned.
20:43:52 Reading mission ...
20:43:52 No entry 'bin\config.bin/CfgMarkers.Third_Marker_3rdID'
20:43:52 Mission Zeus_Chernarus_TF.chernarus_summer read from bank.
20:43:52 Roles assigned.
20:43:52 Reading mission ...
20:43:52 No entry 'bin\config.bin/CfgMarkers.Third_Marker_3rdID'
20:43:52 Mission Zeus_Chernarus_TF.chernarus_summer read from bank.
20:43:52 Roles assigned.
20:43:52 Reading mission ...
20:43:52 No entry 'bin\config.bin/CfgMarkers.Third_Marker_3rdID'
20:43:52 Mission Zeus_Chernarus_TF.chernarus_summer read from bank.
20:43:52 Roles assigned.
20:43:52 Reading mission ...
20:43:52 No entry 'bin\config.bin/CfgMarkers.Third_Marker_3rdID'
20:43:52 Mission Zeus_Chernarus_TF.chernarus_summer read from bank.
20:43:53 Roles assigned.
20:43:53 Reading mission ...
20:43:53 No entry 'bin\config.bin/CfgMarkers.Third_Marker_3rdID'
20:43:53 Mission Zeus_Chernarus_TF.chernarus_summer read from bank.
20:43:53 Roles assigned.
20:43:53 Reading mission ...
20:43:53 No entry 'bin\config.bin/CfgMarkers.Third_Marker_3rdID'
20:43:53 Mission Zeus_Chernarus_TF.chernarus_summer read from bank.
20:43:53 Roles assigned.
20:43:53 Reading mission ...
20:43:53 No entry 'bin\config.bin/CfgMarkers.Third_Marker_3rdID'
20:43:53 Mission Zeus_Chernarus_TF.chernarus_summer read from bank.
20:43:53 Roles assigned.
20:43:53 Reading mission ...
20:43:53 No entry 'bin\config.bin/CfgMarkers.Third_Marker_3rdID'
20:43:53 Mission Zeus_Chernarus_TF.chernarus_summer read from bank.
20:43:53 Roles assigned.
20:43:53 Reading mission ...
20:43:53 No entry 'bin\config.bin/CfgMarkers.Third_Marker_3rdID'
20:43:53 Mission Zeus_Chernarus_TF.chernarus_summer read from bank.
20:43:53 Roles assigned.
20:43:53 Reading mission ...
20:43:53 No entry 'bin\config.bin/CfgMarkers.Third_Marker_3rdID'
20:43:53 Mission Zeus_Chernarus_TF.chernarus_summer read from bank.
20:43:53 Roles assigned.
20:43:53 Reading mission ...
20:43:53 No entry 'bin\config.bin/CfgMarkers.Third_Marker_3rdID'
20:43:53 Mission Zeus_Chernarus_TF.chernarus_summer read from bank.
20:43:54 Roles assigned.
20:43:54 Reading mission ...
20:43:54 No entry 'bin\config.bin/CfgMarkers.Third_Marker_3rdID'
20:43:54 Mission Zeus_Chernarus_TF.chernarus_summer read from bank.
20:43:54 Roles assigned.
20:43:54 Reading mission ...
20:43:54 No entry 'bin\config.bin/CfgMarkers.Third_Marker_3rdID'
20:43:54 Mission Zeus_Chernarus_TF.chernarus_summer read from bank.
20:43:54 Roles assigned.
20:43:54 Reading mission ...
20:43:54 No entry 'bin\config.bin/CfgMarkers.Third_Marker_3rdID'
20:43:54 Mission Zeus_Chernarus_TF.chernarus_summer read from bank.
20:43:54 Roles assigned.
20:43:54 Reading mission ...
20:43:54 No entry 'bin\config.bin/CfgMarkers.Third_Marker_3rdID'
20:43:54 Mission Zeus_Chernarus_TF.chernarus_summer read from bank.
20:43:54 Roles assigned.
20:43:54 Reading mission ...
20:43:54 No entry 'bin\config.bin/CfgMarkers.Third_Marker_3rdID'
20:43:54 Mission Zeus_Chernarus_TF.chernarus_summer read from bank.
20:43:54 Roles assigned.
20:43:54 Reading mission ...
20:43:54 No entry 'bin\config.bin/CfgMarkers.Third_Marker_3rdID'
20:43:54 Mission Zeus_Chernarus_TF.chernarus_summer read from bank.
20:43:54 Roles assigned.
20:43:54 Reading mission ...
20:43:54 No entry 'bin\config.bin/CfgMarkers.Third_Marker_3rdID'
20:43:54 Mission Zeus_Chernarus_TF.chernarus_summer read from bank.
20:43:55 Roles assigned.
20:43:55 Reading mission ...
20:43:55 No entry 'bin\config.bin/CfgMarkers.Third_Marker_3rdID'
20:43:55 Mission Zeus_Chernarus_TF.chernarus_summer read from bank.
20:43:55 Roles assigned.
20:43:55 Reading mission ...
20:43:55 No entry 'bin\config.bin/CfgMarkers.Third_Marker_3rdID'
20:43:55 Mission Zeus_Chernarus_TF.chernarus_summer read from bank.
20:43:55 Roles assigned.
20:43:55 Reading mission ...
20:43:55 No entry 'bin\config.bin/CfgMarkers.Third_Marker_3rdID'
20:43:55 Mission Zeus_Chernarus_TF.chernarus_summer read from bank.
20:43:55 Roles assigned.
20:43:55 Reading mission ...
20:43:55 No entry 'bin\config.bin/CfgMarkers.Third_Marker_3rdID'
20:43:55 Mission Zeus_Chernarus_TF.chernarus_summer read from bank.
20:43:55 Roles assigned.
20:43:55 Reading mission ...
20:43:55 No entry 'bin\config.bin/CfgMarkers.Third_Marker_3rdID'
20:43:55 Mission Zeus_Chernarus_TF.chernarus_summer read from bank.
20:43:55 Roles assigned.
20:43:55 Reading mission ...
20:43:55 No entry 'bin\config.bin/CfgMarkers.Third_Marker_3rdID'
20:43:55 Mission Zeus_Chernarus_TF.chernarus_summer read from bank.
20:43:55 Roles assigned.
20:43:55 Reading mission ...
20:43:55 No entry 'bin\config.bin/CfgMarkers.Third_Marker_3rdID'
20:43:56 Mission Zeus_Chernarus_TF.chernarus_summer read from bank.
20:43:56 Roles assigned.
20:43:56 Reading mission ...
20:43:56 No entry 'bin\config.bin/CfgMarkers.Third_Marker_3rdID'
20:43:56 Mission Zeus_Chernarus_TF.chernarus_summer read from bank.
20:43:56 Roles assigned.
20:43:56 Reading mission ...
20:43:56 No entry 'bin\config.bin/CfgMarkers.Third_Marker_3rdID'
20:43:56 Mission Zeus_Chernarus_TF.chernarus_summer read from bank.
20:43:56 Roles assigned.
20:43:56 Reading mission ...
20:43:56 No entry 'bin\config.bin/CfgMarkers.Third_Marker_3rdID'
20:43:56 Mission Zeus_Chernarus_TF.chernarus_summer read from bank.
20:43:56 Roles assigned.
20:43:56 Reading mission ...
20:43:56 No entry 'bin\config.bin/CfgMarkers.Third_Marker_3rdID'
20:43:56 Mission Zeus_Chernarus_TF.chernarus_summer read from bank.
20:43:56 Roles assigned.
20:43:56 Reading mission ...
20:43:56 No entry 'bin\config.bin/CfgMarkers.Third_Marker_3rdID'
20:43:56 Mission Zeus_Chernarus_TF.chernarus_summer read from bank.
20:43:56 Roles assigned.
20:43:56 Reading mission ...
20:43:56 No entry 'bin\config.bin/CfgMarkers.Third_Marker_3rdID'
20:43:56 Mission Zeus_Chernarus_TF.chernarus_summer read from bank.
20:43:56 Roles assigned.
20:43:57 Reading mission ...
20:43:57 No entry 'bin\config.bin/CfgMarkers.Third_Marker_3rdID'
20:43:57 Mission Zeus_Chernarus_TF.chernarus_summer read from bank.
20:43:57 Roles assigned.
20:43:57 Reading mission ...
20:43:57 No entry 'bin\config.bin/CfgMarkers.Third_Marker_3rdID'
20:43:57 Mission Zeus_Chernarus_TF.chernarus_summer read from bank.
20:43:57 Roles assigned.
20:43:57 Reading mission ...
20:43:57 No entry 'bin\config.bin/CfgMarkers.Third_Marker_3rdID'
20:43:57 Mission Zeus_Chernarus_TF.chernarus_summer read from bank.
20:43:57 Roles assigned.
20:43:57 Reading mission ...
20:43:57 No entry 'bin\config.bin/CfgMarkers.Third_Marker_3rdID'
20:43:57 Mission Zeus_Chernarus_TF.chernarus_summer read from bank.
20:43:57 Roles assigned.
20:43:57 Reading mission ...
20:43:57 No entry 'bin\config.bin/CfgMarkers.Third_Marker_3rdID'
20:43:57 Mission Zeus_Chernarus_TF.chernarus_summer read from bank.
20:43:57 Roles assigned.
20:43:57 Reading mission ...
20:43:57 No entry 'bin\config.bin/CfgMarkers.Third_Marker_3rdID'
20:43:57 Mission Zeus_Chernarus_TF.chernarus_summer read from bank.
20:43:57 Roles assigned.
20:43:57 Reading mission ...
20:43:57 No entry 'bin\config.bin/CfgMarkers.Third_Marker_3rdID'
20:43:57 Mission Zeus_Chernarus_TF.chernarus_summer read from bank.
20:43:58 Roles assigned.
20:43:58 Reading mission ...
20:43:58 No entry 'bin\config.bin/CfgMarkers.Third_Marker_3rdID'
20:43:58 Mission Zeus_Chernarus_TF.chernarus_summer read from bank.
20:43:58 Roles assigned.
20:43:58 Reading mission ...
20:43:58 No entry 'bin\config.bin/CfgMarkers.Third_Marker_3rdID'
20:43:58 Mission Zeus_Chernarus_TF.chernarus_summer read from bank.
20:43:58 Roles assigned.
20:43:58 Reading mission ...
20:43:58 No entry 'bin\config.bin/CfgMarkers.Third_Marker_3rdID'
20:43:58 Mission Zeus_Chernarus_TF.chernarus_summer read from bank.
20:43:58 Roles assigned.
20:43:58 Reading mission ...
20:43:58 No entry 'bin\config.bin/CfgMarkers.Third_Marker_3rdID'
20:43:58 Mission Zeus_Chernarus_TF.chernarus_summer read from bank.
20:43:58 Roles assigned.
20:43:58 Reading mission ...
20:43:58 No entry 'bin\config.bin/CfgMarkers.Third_Marker_3rdID'
20:43:58 Mission Zeus_Chernarus_TF.chernarus_summer read from bank.
20:43:58 Roles assigned.
20:43:58 Reading mission ...
20:43:58 No entry 'bin\config.bin/CfgMarkers.Third_Marker_3rdID'
20:43:58 Mission Zeus_Chernarus_TF.chernarus_summer read from bank.
20:43:58 Roles assigned.
20:43:58 Reading mission ...
20:43:58 No entry 'bin\config.bin/CfgMarkers.Third_Marker_3rdID'
20:43:58 Mission Zeus_Chernarus_TF.chernarus_summer read from bank.
20:43:59 Roles assigned.
20:43:59 Reading mission ...
20:43:59 No entry 'bin\config.bin/CfgMarkers.Third_Marker_3rdID'
20:43:59 Mission Zeus_Chernarus_TF.chernarus_summer read from bank.
20:43:59 Roles assigned.
20:43:59 Reading mission ...
20:43:59 No entry 'bin\config.bin/CfgMarkers.Third_Marker_3rdID'
20:43:59 Mission Zeus_Chernarus_TF.chernarus_summer read from bank.
20:43:59 Roles assigned.
20:43:59 Reading mission ...
20:43:59 No entry 'bin\config.bin/CfgMarkers.Third_Marker_3rdID'
20:43:59 Mission Zeus_Chernarus_TF.chernarus_summer read from bank.
20:43:59 Roles assigned.
20:43:59 Reading mission ...
20:43:59 No entry 'bin\config.bin/CfgMarkers.Third_Marker_3rdID'
20:43:59 Mission Zeus_Chernarus_TF.chernarus_summer read from bank.
20:43:59 Roles assigned.
20:43:59 Reading mission ...
20:43:59 No entry 'bin\config.bin/CfgMarkers.Third_Marker_3rdID'
20:43:59 Mission Zeus_Chernarus_TF.chernarus_summer read from bank.
20:43:59 Roles assigned.
20:43:59 Reading mission ...
20:43:59 No entry 'bin\config.bin/CfgMarkers.Third_Marker_3rdID'
20:43:59 Mission Zeus_Chernarus_TF.chernarus_summer read from bank.
20:43:59 Roles assigned.
20:43:59 Reading mission ...
20:43:59 No entry 'bin\config.bin/CfgMarkers.Third_Marker_3rdID'
20:43:59 Mission Zeus_Chernarus_TF.chernarus_summer read from bank.
20:44:00 Roles assigned.
20:44:00 Reading mission ...
20:44:00 No entry 'bin\config.bin/CfgMarkers.Third_Marker_3rdID'
20:44:00 Mission Zeus_Chernarus_TF.chernarus_summer read from bank.
20:44:00 Roles assigned.
20:44:00 Reading mission ...
20:44:00 No entry 'bin\config.bin/CfgMarkers.Third_Marker_3rdID'
20:44:00 Mission Zeus_Chernarus_TF.chernarus_summer read from bank.
20:44:00 Roles assigned.
20:44:00 Reading mission ...
20:44:00 No entry 'bin\config.bin/CfgMarkers.Third_Marker_3rdID'
20:44:00 Mission Zeus_Chernarus_TF.chernarus_summer read from bank.
20:44:00 Roles assigned.
20:44:00 Reading mission ...
20:44:00 No entry 'bin\config.bin/CfgMarkers.Third_Marker_3rdID'
20:44:00 Mission Zeus_Chernarus_TF.chernarus_summer read from bank.
20:44:00 Roles assigned.
20:44:00 Reading mission ...
20:44:00 No entry 'bin\config.bin/CfgMarkers.Third_Marker_3rdID'
20:44:00 Mission Zeus_Chernarus_TF.chernarus_summer read from bank.
20:44:00 Roles assigned.
20:44:00 Reading mission ...
20:44:00 No entry 'bin\config.bin/CfgMarkers.Third_Marker_3rdID'
20:44:00 Mission Zeus_Chernarus_TF.chernarus_summer read from bank.
20:44:00 Roles assigned.
20:44:00 Reading mission ...
20:44:00 No entry 'bin\config.bin/CfgMarkers.Third_Marker_3rdID'
20:44:01 Mission Zeus_Chernarus_TF.chernarus_summer read from bank.
20:44:01 Roles assigned.
20:44:01 Reading mission ...
20:44:01 No entry 'bin\config.bin/CfgMarkers.Third_Marker_3rdID'
20:44:01 Mission Zeus_Chernarus_TF.chernarus_summer read from bank.
20:44:01 Roles assigned.
20:44:01 Reading mission ...
20:44:01 No entry 'bin\config.bin/CfgMarkers.Third_Marker_3rdID'
20:44:01 Mission Zeus_Chernarus_TF.chernarus_summer read from bank.
20:44:01 Roles assigned.
20:44:01 Reading mission ...
20:44:01 No entry 'bin\config.bin/CfgMarkers.Third_Marker_3rdID'
20:44:01 Mission Zeus_Chernarus_TF.chernarus_summer read from bank.
20:44:01 Roles assigned.
20:44:01 Reading mission ...
20:44:01 No entry 'bin\config.bin/CfgMarkers.Third_Marker_3rdID'
20:44:01 Mission Zeus_Chernarus_TF.chernarus_summer read from bank.
20:44:01 Roles assigned.
20:44:01 Reading mission ...
20:44:01 No entry 'bin\config.bin/CfgMarkers.Third_Marker_3rdID'
20:44:01 Mission Zeus_Chernarus_TF.chernarus_summer read from bank.
20:44:01 Roles assigned.
20:44:01 Reading mission ...
20:44:01 No entry 'bin\config.bin/CfgMarkers.Third_Marker_3rdID'
20:44:01 Mission Zeus_Chernarus_TF.chernarus_summer read from bank.
20:44:01 Roles assigned.
20:44:02 Reading mission ...
20:44:02 No entry 'bin\config.bin/CfgMarkers.Third_Marker_3rdID'
20:44:02 Mission Zeus_Chernarus_TF.chernarus_summer read from bank.
20:44:02 Roles assigned.
20:44:02 Reading mission ...
20:44:02 No entry 'bin\config.bin/CfgMarkers.Third_Marker_3rdID'
20:44:02 Mission Zeus_Chernarus_TF.chernarus_summer read from bank.
20:44:02 Roles assigned.
20:44:02 Reading mission ...
20:44:02 No entry 'bin\config.bin/CfgMarkers.Third_Marker_3rdID'
20:44:02 Mission Zeus_Chernarus_TF.chernarus_summer read from bank.
20:44:02 Roles assigned.
20:44:02 Reading mission ...
20:44:02 No entry 'bin\config.bin/CfgMarkers.Third_Marker_3rdID'
20:44:02 Mission Zeus_Chernarus_TF.chernarus_summer read from bank.
20:44:02 Roles assigned.
20:44:02 Reading mission ...
20:44:02 No entry 'bin\config.bin/CfgMarkers.Third_Marker_3rdID'
20:44:02 Mission Zeus_Chernarus_TF.chernarus_summer read from bank.
20:44:02 Roles assigned.
20:44:02 Reading mission ...
20:44:02 No entry 'bin\config.bin/CfgMarkers.Third_Marker_3rdID'
20:44:02 Mission Zeus_Chernarus_TF.chernarus_summer read from bank.
20:44:02 Roles assigned.
20:44:02 Reading mission ...
20:44:02 No entry 'bin\config.bin/CfgMarkers.Third_Marker_3rdID'
20:44:02 Mission Zeus_Chernarus_TF.chernarus_summer read from bank.
20:44:03 Roles assigned.
20:44:03 Reading mission ...
20:44:03 No entry 'bin\config.bin/CfgMarkers.Third_Marker_3rdID'
20:44:03 Mission Zeus_Chernarus_TF.chernarus_summer read from bank.
20:44:03 Roles assigned.
20:44:03 Reading mission ...
20:44:03 No entry 'bin\config.bin/CfgMarkers.Third_Marker_3rdID'
20:44:03 Mission Zeus_Chernarus_TF.chernarus_summer read from bank.
20:44:03 Roles assigned.
20:44:03 Reading mission ...
20:44:03 No entry 'bin\config.bin/CfgMarkers.Third_Marker_3rdID'
20:44:03 Mission Zeus_Chernarus_TF.chernarus_summer read from bank.
20:44:03 Roles assigned.
20:44:03 Reading mission ...
20:44:03 No entry 'bin\config.bin/CfgMarkers.Third_Marker_3rdID'
20:44:03 Mission Zeus_Chernarus_TF.chernarus_summer read from bank.
20:44:03 Roles assigned.
20:44:03 Reading mission ...
20:44:03 No entry 'bin\config.bin/CfgMarkers.Third_Marker_3rdID'
20:44:03 Mission Zeus_Chernarus_TF.chernarus_summer read from bank.
20:44:03 Roles assigned.
20:44:03 Reading mission ...
20:44:03 No entry 'bin\config.bin/CfgMarkers.Third_Marker_3rdID'
20:44:03 Mission Zeus_Chernarus_TF.chernarus_summer read from bank.
20:44:03 Roles assigned.
20:44:03 Reading mission ...
20:44:03 No entry 'bin\config.bin/CfgMarkers.Third_Marker_3rdID'
20:44:03 Mission Zeus_Chernarus_TF.chernarus_summer read from bank.
20:44:04 Roles assigned.
20:44:04 Reading mission ...
20:44:04 No entry 'bin\config.bin/CfgMarkers.Third_Marker_3rdID'
20:44:04 Mission Zeus_Chernarus_TF.chernarus_summer read from bank.
20:44:04 Roles assigned.
20:44:04 Reading mission ...
20:44:04 No entry 'bin\config.bin/CfgMarkers.Third_Marker_3rdID'
20:44:04 Mission Zeus_Chernarus_TF.chernarus_summer read from bank.
20:44:04 Roles assigned.
20:44:04 Reading mission ...
20:44:04 No entry 'bin\config.bin/CfgMarkers.Third_Marker_3rdID'
20:44:04 Mission Zeus_Chernarus_TF.chernarus_summer read from bank.
20:44:04 Roles assigned.
20:44:04 Reading mission ...
20:44:04 No entry 'bin\config.bin/CfgMarkers.Third_Marker_3rdID'
20:44:04 Mission Zeus_Chernarus_TF.chernarus_summer read from bank.
20:44:04 Roles assigned.
20:44:04 Reading mission ...
20:44:04 No entry 'bin\config.bin/CfgMarkers.Third_Marker_3rdID'
20:44:04 Mission Zeus_Chernarus_TF.chernarus_summer read from bank.
20:44:04 Roles assigned.
20:44:04 Reading mission ...
20:44:04 No entry 'bin\config.bin/CfgMarkers.Third_Marker_3rdID'
20:44:04 Mission Zeus_Chernarus_TF.chernarus_summer read from bank.
20:44:04 Roles assigned.
20:44:04 Reading mission ...
20:44:04 No entry 'bin\config.bin/CfgMarkers.Third_Marker_3rdID'
20:44:04 Mission Zeus_Chernarus_TF.chernarus_summer read from bank.
20:44:05 Roles assigned.
20:44:05 Reading mission ...
20:44:05 No entry 'bin\config.bin/CfgMarkers.Third_Marker_3rdID'
20:44:05 Mission Zeus_Chernarus_TF.chernarus_summer read from bank.
20:44:05 Roles assigned.
20:44:05 Reading mission ...
20:44:05 No entry 'bin\config.bin/CfgMarkers.Third_Marker_3rdID'
20:44:05 Mission Zeus_Chernarus_TF.chernarus_summer read from bank.
20:44:05 Roles assigned.
20:44:05 Reading mission ...
20:44:05 No entry 'bin\config.bin/CfgMarkers.Third_Marker_3rdID'
20:44:05 Mission Zeus_Chernarus_TF.chernarus_summer read from bank.
20:44:05 Roles assigned.
20:44:05 Reading mission ...
20:44:05 No entry 'bin\config.bin/CfgMarkers.Third_Marker_3rdID'
20:44:05 Mission Zeus_Chernarus_TF.chernarus_summer read from bank.
20:44:05 Roles assigned.
20:44:05 Reading mission ...
20:44:05 No entry 'bin\config.bin/CfgMarkers.Third_Marker_3rdID'
20:44:05 Mission Zeus_Chernarus_TF.chernarus_summer read from bank.
20:44:05 Roles assigned.
20:44:05 Reading mission ...
20:44:05 No entry 'bin\config.bin/CfgMarkers.Third_Marker_3rdID'
20:44:05 Mission Zeus_Chernarus_TF.chernarus_summer read from bank.
20:44:05 Roles assigned.
20:44:05 Reading mission ...
20:44:05 No entry 'bin\config.bin/CfgMarkers.Third_Marker_3rdID'
20:44:06 Mission Zeus_Chernarus_TF.chernarus_summer read from bank.
20:44:06 Roles assigned.
20:44:06 Reading mission ...
20:44:06 No entry 'bin\config.bin/CfgMarkers.Third_Marker_3rdID'
20:44:06 Mission Zeus_Chernarus_TF.chernarus_summer read from bank.
20:44:06 Roles assigned.
20:44:06 Reading mission ...
20:44:06 No entry 'bin\config.bin/CfgMarkers.Third_Marker_3rdID'
20:44:06 Mission Zeus_Chernarus_TF.chernarus_summer read from bank.
20:44:06 Roles assigned.
20:44:06 Reading mission ...
20:44:06 No entry 'bin\config.bin/CfgMarkers.Third_Marker_3rdID'
20:44:06 Mission Zeus_Chernarus_TF.chernarus_summer read from bank.
20:44:06 Roles assigned.
20:44:06 Reading mission ...
20:44:06 No entry 'bin\config.bin/CfgMarkers.Third_Marker_3rdID'
20:44:06 Mission Zeus_Chernarus_TF.chernarus_summer read from bank.
20:44:06 Roles assigned.
20:44:06 Reading mission ...
20:44:06 No entry 'bin\config.bin/CfgMarkers.Third_Marker_3rdID'
20:44:06 Mission Zeus_Chernarus_TF.chernarus_summer read from bank.
20:44:06 Roles assigned.
20:44:06 Reading mission ...
20:44:06 No entry 'bin\config.bin/CfgMarkers.Third_Marker_3rdID'
20:44:06 Mission Zeus_Chernarus_TF.chernarus_summer read from bank.
20:44:06 Roles assigned.
20:44:07 Reading mission ...
20:44:07 No entry 'bin\config.bin/CfgMarkers.Third_Marker_3rdID'
20:44:07 Mission Zeus_Chernarus_TF.chernarus_summer read from bank.
20:44:07 Roles assigned.
20:44:07 Reading mission ...
20:44:07 No entry 'bin\config.bin/CfgMarkers.Third_Marker_3rdID'
20:44:07 Mission Zeus_Chernarus_TF.chernarus_summer read from bank.
20:44:07 Roles assigned.
20:44:07 Reading mission ...
20:44:07 No entry 'bin\config.bin/CfgMarkers.Third_Marker_3rdID'
20:44:07 Mission Zeus_Chernarus_TF.chernarus_summer read from bank.
20:44:07 Roles assigned.
20:44:07 Reading mission ...
20:44:07 No entry 'bin\config.bin/CfgMarkers.Third_Marker_3rdID'
20:44:07 Mission Zeus_Chernarus_TF.chernarus_summer read from bank.
20:44:07 Roles assigned.
20:44:07 Reading mission ...
20:44:07 No entry 'bin\config.bin/CfgMarkers.Third_Marker_3rdID'
20:44:07 Mission Zeus_Chernarus_TF.chernarus_summer read from bank.
20:44:07 Roles assigned.
20:44:07 Reading mission ...
20:44:07 No entry 'bin\config.bin/CfgMarkers.Third_Marker_3rdID'
20:44:07 Mission Zeus_Chernarus_TF.chernarus_summer read from bank.
20:44:07 Roles assigned.
20:44:07 Reading mission ...
20:44:07 No entry 'bin\config.bin/CfgMarkers.Third_Marker_3rdID'
20:44:07 Mission Zeus_Chernarus_TF.chernarus_summer read from bank.
20:44:08 Roles assigned.
20:44:08 Reading mission ...
20:44:08 No entry 'bin\config.bin/CfgMarkers.Third_Marker_3rdID'
20:44:08 Mission Zeus_Chernarus_TF.chernarus_summer read from bank.
20:44:08 Roles assigned.
20:44:08 Reading mission ...
20:44:08 No entry 'bin\config.bin/CfgMarkers.Third_Marker_3rdID'
20:44:08 Mission Zeus_Chernarus_TF.chernarus_summer read from bank.
20:44:08 Roles assigned.
20:44:08 Reading mission ...
20:44:08 No entry 'bin\config.bin/CfgMarkers.Third_Marker_3rdID'
20:44:08 Mission Zeus_Chernarus_TF.chernarus_summer read from bank.
20:44:08 Roles assigned.
20:44:08 Reading mission ...
20:44:08 No entry 'bin\config.bin/CfgMarkers.Third_Marker_3rdID'
20:44:08 Mission Zeus_Chernarus_TF.chernarus_summer read from bank.
20:44:08 Roles assigned.
20:44:08 Reading mission ...
20:44:08 No entry 'bin\config.bin/CfgMarkers.Third_Marker_3rdID'
20:44:08 Mission Zeus_Chernarus_TF.chernarus_summer read from bank.
20:44:08 Roles assigned.
20:44:08 Reading mission ...
20:44:08 No entry 'bin\config.bin/CfgMarkers.Third_Marker_3rdID'
20:44:08 Mission Zeus_Chernarus_TF.chernarus_summer read from bank.
20:44:08 Roles assigned.
20:44:08 Reading mission ...
20:44:08 No entry 'bin\config.bin/CfgMarkers.Third_Marker_3rdID'
20:44:08 Mission Zeus_Chernarus_TF.chernarus_summer read from bank.
20:44:09 Roles assigned.
20:44:09 Reading mission ...
20:44:09 No entry 'bin\config.bin/CfgMarkers.Third_Marker_3rdID'
20:44:09 Mission Zeus_Chernarus_TF.chernarus_summer read from bank.
20:44:09 Roles assigned.
20:44:09 Reading mission ...
20:44:09 No entry 'bin\config.bin/CfgMarkers.Third_Marker_3rdID'
20:44:09 Mission Zeus_Chernarus_TF.chernarus_summer read from bank.
20:44:09 Roles assigned.
20:44:09 Reading mission ...
20:44:09 No entry 'bin\config.bin/CfgMarkers.Third_Marker_3rdID'
20:44:09 Mission Zeus_Chernarus_TF.chernarus_summer read from bank.
20:44:09 Roles assigned.
20:44:09 Reading mission ...
20:44:09 No entry 'bin\config.bin/CfgMarkers.Third_Marker_3rdID'
20:44:09 Mission Zeus_Chernarus_TF.chernarus_summer read from bank.
20:44:09 Roles assigned.
20:44:09 Reading mission ...
20:44:09 No entry 'bin\config.bin/CfgMarkers.Third_Marker_3rdID'
20:44:09 Mission Zeus_Chernarus_TF.chernarus_summer read from bank.
20:44:09 Roles assigned.
20:44:09 Reading mission ...
20:44:09 No entry 'bin\config.bin/CfgMarkers.Third_Marker_3rdID'
20:44:09 Mission Zeus_Chernarus_TF.chernarus_summer read from bank.
20:44:09 Roles assigned.
20:44:09 Reading mission ...
20:44:09 No entry 'bin\config.bin/CfgMarkers.Third_Marker_3rdID'
20:44:09 Mission Zeus_Chernarus_TF.chernarus_summer read from bank.
20:44:10 Roles assigned.
20:44:10 Reading mission ...
20:44:10 No entry 'bin\config.bin/CfgMarkers.Third_Marker_3rdID'
20:44:10 Mission Zeus_Chernarus_TF.chernarus_summer read from bank.
20:44:10 Roles assigned.
20:44:10 Reading mission ...
20:44:10 No entry 'bin\config.bin/CfgMarkers.Third_Marker_3rdID'
20:44:10 Mission Zeus_Chernarus_TF.chernarus_summer read from bank.
20:44:10 Roles assigned.
20:44:10 Reading mission ...
20:44:10 No entry 'bin\config.bin/CfgMarkers.Third_Marker_3rdID'
20:44:10 Mission Zeus_Chernarus_TF.chernarus_summer read from bank.
20:44:10 Roles assigned.
20:44:10 Reading mission ...
20:44:10 No entry 'bin\config.bin/CfgMarkers.Third_Marker_3rdID'
20:44:10 Mission Zeus_Chernarus_TF.chernarus_summer read from bank.
20:44:10 Roles assigned.
20:44:10 Reading mission ...
20:44:10 No entry 'bin\config.bin/CfgMarkers.Third_Marker_3rdID'
20:44:10 Mission Zeus_Chernarus_TF.chernarus_summer read from bank.
20:44:10 Roles assigned.
20:44:10 Reading mission ...
20:44:10 No entry 'bin\config.bin/CfgMarkers.Third_Marker_3rdID'
20:44:10 Mission Zeus_Chernarus_TF.chernarus_summer read from bank.
20:44:10 Roles assigned.
20:44:10 Reading mission ...
20:44:10 No entry 'bin\config.bin/CfgMarkers.Third_Marker_3rdID'
20:44:10 Mission Zeus_Chernarus_TF.chernarus_summer read from bank.
20:44:11 Roles assigned.
20:44:11 Reading mission ...
20:44:11 No entry 'bin\config.bin/CfgMarkers.Third_Marker_3rdID'
20:44:11 Mission Zeus_Chernarus_TF.chernarus_summer read from bank.
20:44:11 Roles assigned.
20:44:11 Reading mission ...
20:44:11 No entry 'bin\config.bin/CfgMarkers.Third_Marker_3rdID'
20:44:11 Mission Zeus_Chernarus_TF.chernarus_summer read from bank.
20:44:11 Roles assigned.
20:44:11 Reading mission ...
20:44:11 No entry 'bin\config.bin/CfgMarkers.Third_Marker_3rdID'
20:44:11 Mission Zeus_Chernarus_TF.chernarus_summer read from bank.
20:44:11 Roles assigned.
20:44:11 Reading mission ...
20:44:11 No entry 'bin\config.bin/CfgMarkers.Third_Marker_3rdID'
20:44:11 Mission Zeus_Chernarus_TF.chernarus_summer read from bank.
20:44:11 Roles assigned.
20:44:11 Reading mission ...
20:44:11 No entry 'bin\config.bin/CfgMarkers.Third_Marker_3rdID'
20:44:11 Mission Zeus_Chernarus_TF.chernarus_summer read from bank.
20:44:11 Roles assigned.
20:44:11 Reading mission ...
20:44:11 No entry 'bin\config.bin/CfgMarkers.Third_Marker_3rdID'
20:44:11 Mission Zeus_Chernarus_TF.chernarus_summer read from bank.
20:44:11 Roles assigned.
20:44:11 Reading mission ...
20:44:11 No entry 'bin\config.bin/CfgMarkers.Third_Marker_3rdID'
20:44:12 Mission Zeus_Chernarus_TF.chernarus_summer read from bank.
20:44:12 Roles assigned.
20:44:12 Reading mission ...
20:44:12 No entry 'bin\config.bin/CfgMarkers.Third_Marker_3rdID'
20:44:12 Mission Zeus_Chernarus_TF.chernarus_summer read from bank.
20:44:12 Roles assigned.
20:44:12 Reading mission ...
20:44:12 No entry 'bin\config.bin/CfgMarkers.Third_Marker_3rdID'
20:44:12 Mission Zeus_Chernarus_TF.chernarus_summer read from bank.
20:44:12 Roles assigned.
20:44:12 Reading mission ...
20:44:12 No entry 'bin\config.bin/CfgMarkers.Third_Marker_3rdID'
20:44:12 Mission Zeus_Chernarus_TF.chernarus_summer read from bank.
20:44:12 Roles assigned.
20:44:12 Reading mission ...
20:44:12 No entry 'bin\config.bin/CfgMarkers.Third_Marker_3rdID'
20:44:12 Mission Zeus_Chernarus_TF.chernarus_summer read from bank.
20:44:12 Roles assigned.
20:44:12 Reading mission ...
20:44:12 No entry 'bin\config.bin/CfgMarkers.Third_Marker_3rdID'
20:44:12 Mission Zeus_Chernarus_TF.chernarus_summer read from bank.
20:44:12 Roles assigned.
20:44:12 Reading mission ...
20:44:12 No entry 'bin\config.bin/CfgMarkers.Third_Marker_3rdID'
20:44:12 Mission Zeus_Chernarus_TF.chernarus_summer read from bank.
20:44:13 Roles assigned.
20:44:13 Reading mission ...
20:44:13 No entry 'bin\config.bin/CfgMarkers.Third_Marker_3rdID'
20:44:13 Mission Zeus_Chernarus_TF.chernarus_summer read from bank.
20:44:13 Roles assigned.
20:44:13 Reading mission ...
20:44:13 No entry 'bin\config.bin/CfgMarkers.Third_Marker_3rdID'
20:44:13 Mission Zeus_Chernarus_TF.chernarus_summer read from bank.
20:44:13 Roles assigned.
20:44:13 Reading mission ...
20:44:13 No entry 'bin\config.bin/CfgMarkers.Third_Marker_3rdID'
20:44:13 Mission Zeus_Chernarus_TF.chernarus_summer read from bank.
20:44:13 Roles assigned.
20:44:13 Reading mission ...
20:44:13 No entry 'bin\config.bin/CfgMarkers.Third_Marker_3rdID'
20:44:13 Mission Zeus_Chernarus_TF.chernarus_summer read from bank.
20:44:13 Roles assigned.
20:44:13 Reading mission ...
20:44:13 No entry 'bin\config.bin/CfgMarkers.Third_Marker_3rdID'
20:44:13 Mission Zeus_Chernarus_TF.chernarus_summer read from bank.
20:44:13 Roles assigned.
20:44:13 Reading mission ...
20:44:13 No entry 'bin\config.bin/CfgMarkers.Third_Marker_3rdID'
20:44:13 Mission Zeus_Chernarus_TF.chernarus_summer read from bank.
20:44:13 Roles assigned.
20:44:13 Reading mission ...
20:44:13 No entry 'bin\config.bin/CfgMarkers.Third_Marker_3rdID'
20:44:13 Mission Zeus_Chernarus_TF.chernarus_summer read from bank.
20:44:14 Roles assigned.
20:44:14 Reading mission ...
20:44:14 No entry 'bin\config.bin/CfgMarkers.Third_Marker_3rdID'
20:44:14 Mission Zeus_Chernarus_TF.chernarus_summer read from bank.
20:44:14 Roles assigned.
20:44:14 Reading mission ...
20:44:14 No entry 'bin\config.bin/CfgMarkers.Third_Marker_3rdID'
20:44:14 Mission Zeus_Chernarus_TF.chernarus_summer read from bank.
20:44:14 Roles assigned.
20:44:14 Reading mission ...
20:44:14 No entry 'bin\config.bin/CfgMarkers.Third_Marker_3rdID'
20:44:14 Mission Zeus_Chernarus_TF.chernarus_summer read from bank.
20:44:14 Roles assigned.
20:44:14 Reading mission ...
20:44:14 No entry 'bin\config.bin/CfgMarkers.Third_Marker_3rdID'
20:44:14 Mission Zeus_Chernarus_TF.chernarus_summer read from bank.
20:44:14 Roles assigned.
20:44:14 Reading mission ...
20:44:14 No entry 'bin\config.bin/CfgMarkers.Third_Marker_3rdID'
20:44:14 Mission Zeus_Chernarus_TF.chernarus_summer read from bank.
20:44:14 Roles assigned.
20:44:14 Reading mission ...
20:44:14 No entry 'bin\config.bin/CfgMarkers.Third_Marker_3rdID'
20:44:14 Mission Zeus_Chernarus_TF.chernarus_summer read from bank.
20:44:14 Roles assigned.
20:44:14 Reading mission ...
20:44:14 No entry 'bin\config.bin/CfgMarkers.Third_Marker_3rdID'
20:44:14 Mission Zeus_Chernarus_TF.chernarus_summer read from bank.
20:44:15 Roles assigned.
20:44:15 Reading mission ...
20:44:15 No entry 'bin\config.bin/CfgMarkers.Third_Marker_3rdID'
20:44:15 Mission Zeus_Chernarus_TF.chernarus_summer read from bank.
20:44:15 Roles assigned.
20:44:15 Reading mission ...
20:44:15 No entry 'bin\config.bin/CfgMarkers.Third_Marker_3rdID'
20:44:15 Mission Zeus_Chernarus_TF.chernarus_summer read from bank.
20:44:15 Roles assigned.
20:44:15 Reading mission ...
20:44:15 No entry 'bin\config.bin/CfgMarkers.Third_Marker_3rdID'
20:44:15 Mission Zeus_Chernarus_TF.chernarus_summer read from bank.
20:44:15 Roles assigned.
20:44:15 Reading mission ...
20:44:15 No entry 'bin\config.bin/CfgMarkers.Third_Marker_3rdID'
20:44:15 Mission Zeus_Chernarus_TF.chernarus_summer read from bank.
20:44:15 Roles assigned.
20:44:15 Reading mission ...
20:44:15 No entry 'bin\config.bin/CfgMarkers.Third_Marker_3rdID'
20:44:15 Mission Zeus_Chernarus_TF.chernarus_summer read from bank.
20:44:15 Roles assigned.
20:44:15 Reading mission ...
20:44:15 No entry 'bin\config.bin/CfgMarkers.Third_Marker_3rdID'
20:44:15 Mission Zeus_Chernarus_TF.chernarus_summer read from bank.
20:44:15 Roles assigned.
20:44:15 Reading mission ...
20:44:15 No entry 'bin\config.bin/CfgMarkers.Third_Marker_3rdID'
20:44:15 Mission Zeus_Chernarus_TF.chernarus_summer read from bank.
20:44:16 Roles assigned.
20:44:16 Reading mission ...
20:44:16 No entry 'bin\config.bin/CfgMarkers.Third_Marker_3rdID'
20:44:16 Mission Zeus_Chernarus_TF.chernarus_summer read from bank.
20:44:16 Roles assigned.
20:44:16 Reading mission ...
20:44:16 No entry 'bin\config.bin/CfgMarkers.Third_Marker_3rdID'
20:44:16 Mission Zeus_Chernarus_TF.chernarus_summer read from bank.
20:44:16 Roles assigned.
20:44:16 Reading mission ...
20:44:16 No entry 'bin\config.bin/CfgMarkers.Third_Marker_3rdID'
20:44:16 Mission Zeus_Chernarus_TF.chernarus_summer read from bank.
20:44:16 Roles assigned.
20:44:16 Reading mission ...
20:44:16 No entry 'bin\config.bin/CfgMarkers.Third_Marker_3rdID'
20:44:16 Mission Zeus_Chernarus_TF.chernarus_summer read from bank.
20:44:16 Roles assigned.
20:44:16 Reading mission ...
20:44:16 No entry 'bin\config.bin/CfgMarkers.Third_Marker_3rdID'
20:44:16 Mission Zeus_Chernarus_TF.chernarus_summer read from bank.
20:44:16 Roles assigned.
20:44:16 Reading mission ...
20:44:16 No entry 'bin\config.bin/CfgMarkers.Third_Marker_3rdID'
20:44:16 Mission Zeus_Chernarus_TF.chernarus_summer read from bank.
20:44:16 Roles assigned.
20:44:16 Reading mission ...
20:44:16 No entry 'bin\config.bin/CfgMarkers.Third_Marker_3rdID'
20:44:17 Mission Zeus_Chernarus_TF.chernarus_summer read from bank.
20:44:17 Roles assigned.
20:44:17 Reading mission ...
20:44:17 No entry 'bin\config.bin/CfgMarkers.Third_Marker_3rdID'
20:44:17 Mission Zeus_Chernarus_TF.chernarus_summer read from bank.
20:44:17 Roles assigned.
20:44:17 Reading mission ...
20:44:17 No entry 'bin\config.bin/CfgMarkers.Third_Marker_3rdID'
20:44:17 Mission Zeus_Chernarus_TF.chernarus_summer read from bank.
20:44:17 Roles assigned.
20:44:17 Reading mission ...
20:44:17 No entry 'bin\config.bin/CfgMarkers.Third_Marker_3rdID'
20:44:17 Mission Zeus_Chernarus_TF.chernarus_summer read from bank.
20:44:17 Roles assigned.
20:44:17 Reading mission ...
20:44:17 No entry 'bin\config.bin/CfgMarkers.Third_Marker_3rdID'
20:44:17 Mission Zeus_Chernarus_TF.chernarus_summer read from bank.
20:44:17 Roles assigned.
20:44:17 Reading mission ...
20:44:17 No entry 'bin\config.bin/CfgMarkers.Third_Marker_3rdID'
20:44:17 Mission Zeus_Chernarus_TF.chernarus_summer read from bank.
20:44:17 Roles assigned.
20:44:17 Reading mission ...
20:44:17 No entry 'bin\config.bin/CfgMarkers.Third_Marker_3rdID'
20:44:17 Mission Zeus_Chernarus_TF.chernarus_summer read from bank.
20:44:17 Roles assigned.
20:44:18 Reading mission ...
20:44:18 No entry 'bin\config.bin/CfgMarkers.Third_Marker_3rdID'
20:44:18 Mission Zeus_Chernarus_TF.chernarus_summer read from bank.
20:44:18 Roles assigned.
20:44:18 Reading mission ...
20:44:18 No entry 'bin\config.bin/CfgMarkers.Third_Marker_3rdID'
20:44:18 Mission Zeus_Chernarus_TF.chernarus_summer read from bank.
20:44:18 Roles assigned.
20:44:18 Reading mission ...
20:44:18 No entry 'bin\config.bin/CfgMarkers.Third_Marker_3rdID'
20:44:18 Mission Zeus_Chernarus_TF.chernarus_summer read from bank.
20:44:18 Roles assigned.
20:44:18 Reading mission ...
20:44:18 No entry 'bin\config.bin/CfgMarkers.Third_Marker_3rdID'
20:44:18 Mission Zeus_Chernarus_TF.chernarus_summer read from bank.
20:44:18 Roles assigned.
20:44:18 Reading mission ...
20:44:18 No entry 'bin\config.bin/CfgMarkers.Third_Marker_3rdID'
20:44:18 Mission Zeus_Chernarus_TF.chernarus_summer read from bank.
20:44:18 Roles assigned.
20:44:18 Reading mission ...
20:44:18 No entry 'bin\config.bin/CfgMarkers.Third_Marker_3rdID'
20:44:18 Mission Zeus_Chernarus_TF.chernarus_summer read from bank.
20:44:18 Roles assigned.
20:44:18 Reading mission ...
20:44:18 No entry 'bin\config.bin/CfgMarkers.Third_Marker_3rdID'
20:44:18 Mission Zeus_Chernarus_TF.chernarus_summer read from bank.
20:44:19 Roles assigned.
20:44:19 Reading mission ...
20:44:19 No entry 'bin\config.bin/CfgMarkers.Third_Marker_3rdID'
20:44:19 Mission Zeus_Chernarus_TF.chernarus_summer read from bank.
20:44:19 Roles assigned.
20:44:19 Reading mission ...
20:44:19 No entry 'bin\config.bin/CfgMarkers.Third_Marker_3rdID'
20:44:19 Mission Zeus_Chernarus_TF.chernarus_summer read from bank.
20:44:19 Roles assigned.
20:44:19 Reading mission ...
20:44:19 No entry 'bin\config.bin/CfgMarkers.Third_Marker_3rdID'
20:44:19 Mission Zeus_Chernarus_TF.chernarus_summer read from bank.
20:44:19 Roles assigned.
20:44:19 Reading mission ...
20:44:19 No entry 'bin\config.bin/CfgMarkers.Third_Marker_3rdID'
20:44:19 Mission Zeus_Chernarus_TF.chernarus_summer read from bank.
20:44:19 Roles assigned.
20:44:19 Reading mission ...
20:44:19 No entry 'bin\config.bin/CfgMarkers.Third_Marker_3rdID'
20:44:19 Mission Zeus_Chernarus_TF.chernarus_summer read from bank.
20:44:19 Roles assigned.
20:44:19 Reading mission ...
20:44:19 No entry 'bin\config.bin/CfgMarkers.Third_Marker_3rdID'
20:44:19 Mission Zeus_Chernarus_TF.chernarus_summer read from bank.
20:44:19 Roles assigned.
20:44:19 Reading mission ...
20:44:19 No entry 'bin\config.bin/CfgMarkers.Third_Marker_3rdID'
20:44:19 Mission Zeus_Chernarus_TF.chernarus_summer read from bank.
20:44:20 Roles assigned.
20:44:20 Reading mission ...
20:44:20 No entry 'bin\config.bin/CfgMarkers.Third_Marker_3rdID'
20:44:20 Mission Zeus_Chernarus_TF.chernarus_summer read from bank.
20:44:20 Roles assigned.
20:44:20 Reading mission ...
20:44:20 No entry 'bin\config.bin/CfgMarkers.Third_Marker_3rdID'
20:44:20 Mission Zeus_Chernarus_TF.chernarus_summer read from bank.
20:44:20 Roles assigned.
20:44:20 Reading mission ...
20:44:20 No entry 'bin\config.bin/CfgMarkers.Third_Marker_3rdID'
20:44:20 Mission Zeus_Chernarus_TF.chernarus_summer read from bank.
20:44:20 Roles assigned.
20:44:20 Reading mission ...
20:44:20 No entry 'bin\config.bin/CfgMarkers.Third_Marker_3rdID'
20:44:20 Mission Zeus_Chernarus_TF.chernarus_summer read from bank.
20:44:20 Roles assigned.
20:44:20 Reading mission ...
20:44:20 No entry 'bin\config.bin/CfgMarkers.Third_Marker_3rdID'
20:44:20 Mission Zeus_Chernarus_TF.chernarus_summer read from bank.
20:44:20 Roles assigned.
20:44:20 Reading mission ...
20:44:20 No entry 'bin\config.bin/CfgMarkers.Third_Marker_3rdID'
20:44:20 Mission Zeus_Chernarus_TF.chernarus_summer read from bank.
20:44:20 Roles assigned.
20:44:20 Reading mission ...
20:44:20 No entry 'bin\config.bin/CfgMarkers.Third_Marker_3rdID'
20:44:20 Mission Zeus_Chernarus_TF.chernarus_summer read from bank.
20:44:21 Roles assigned.
20:44:21 Reading mission ...
20:44:21 No entry 'bin\config.bin/CfgMarkers.Third_Marker_3rdID'
20:44:21 Mission Zeus_Chernarus_TF.chernarus_summer read from bank.
20:44:21 Roles assigned.
20:44:21 Reading mission ...
20:44:21 No entry 'bin\config.bin/CfgMarkers.Third_Marker_3rdID'
20:44:21 Mission Zeus_Chernarus_TF.chernarus_summer read from bank.
20:44:21 Roles assigned.
20:44:21 Reading mission ...
20:44:21 No entry 'bin\config.bin/CfgMarkers.Third_Marker_3rdID'
20:44:21 Mission Zeus_Chernarus_TF.chernarus_summer read from bank.
20:44:21 Roles assigned.
20:44:21 Reading mission ...
20:44:21 No entry 'bin\config.bin/CfgMarkers.Third_Marker_3rdID'
20:44:21 Mission Zeus_Chernarus_TF.chernarus_summer read from bank.
20:44:21 Roles assigned.
20:44:21 Reading mission ...
20:44:21 No entry 'bin\config.bin/CfgMarkers.Third_Marker_3rdID'
20:44:21 Mission Zeus_Chernarus_TF.chernarus_summer read from bank.
20:44:21 Roles assigned.
20:44:21 Reading mission ...
20:44:21 No entry 'bin\config.bin/CfgMarkers.Third_Marker_3rdID'
20:44:21 Mission Zeus_Chernarus_TF.chernarus_summer read from bank.
20:44:21 Roles assigned.
20:44:21 Reading mission ...
20:44:21 No entry 'bin\config.bin/CfgMarkers.Third_Marker_3rdID'
20:44:21 Mission Zeus_Chernarus_TF.chernarus_summer read from bank.
20:44:22 Roles assigned.
20:44:22 Reading mission ...
20:44:22 No entry 'bin\config.bin/CfgMarkers.Third_Marker_3rdID'
20:44:22 Mission Zeus_Chernarus_TF.chernarus_summer read from bank.
20:44:22 Roles assigned.
20:44:22 Reading mission ...
20:44:22 No entry 'bin\config.bin/CfgMarkers.Third_Marker_3rdID'
20:44:22 Mission Zeus_Chernarus_TF.chernarus_summer read from bank.
20:44:22 Roles assigned.
20:44:22 Reading mission ...
20:44:22 No entry 'bin\config.bin/CfgMarkers.Third_Marker_3rdID'
20:44:22 Mission Zeus_Chernarus_TF.chernarus_summer read from bank.
20:44:22 Roles assigned.
20:44:22 Reading mission ...
20:44:22 No entry 'bin\config.bin/CfgMarkers.Third_Marker_3rdID'
20:44:22 Mission Zeus_Chernarus_TF.chernarus_summer read from bank.
20:44:22 Roles assigned.
20:44:22 Reading mission ...
20:44:22 No entry 'bin\config.bin/CfgMarkers.Third_Marker_3rdID'
20:44:22 Mission Zeus_Chernarus_TF.chernarus_summer read from bank.
20:44:22 Roles assigned.
20:44:22 Reading mission ...
20:44:22 No entry 'bin\config.bin/CfgMarkers.Third_Marker_3rdID'
20:44:22 Mission Zeus_Chernarus_TF.chernarus_summer read from bank.
20:44:22 Roles assigned.
20:44:22 Reading mission ...
20:44:22 No entry 'bin\config.bin/CfgMarkers.Third_Marker_3rdID'
20:44:23 Mission Zeus_Chernarus_TF.chernarus_summer read from bank.
20:44:23 Roles assigned.
20:44:23 Reading mission ...
20:44:23 No entry 'bin\config.bin/CfgMarkers.Third_Marker_3rdID'
20:44:23 Mission Zeus_Chernarus_TF.chernarus_summer read from bank.
20:44:23 Roles assigned.
20:44:23 Reading mission ...
20:44:23 No entry 'bin\config.bin/CfgMarkers.Third_Marker_3rdID'
20:44:23 Mission Zeus_Chernarus_TF.chernarus_summer read from bank.
20:44:23 Roles assigned.
20:44:23 Reading mission ...
20:44:23 No entry 'bin\config.bin/CfgMarkers.Third_Marker_3rdID'
20:44:23 Mission Zeus_Chernarus_TF.chernarus_summer read from bank.
20:44:23 Roles assigned.
20:44:23 Reading mission ...
20:44:23 No entry 'bin\config.bin/CfgMarkers.Third_Marker_3rdID'
20:44:23 Mission Zeus_Chernarus_TF.chernarus_summer read from bank.
20:44:23 Roles assigned.
20:44:23 Reading mission ...
20:44:23 No entry 'bin\config.bin/CfgMarkers.Third_Marker_3rdID'
20:44:23 Mission Zeus_Chernarus_TF.chernarus_summer read from bank.
20:44:23 Roles assigned.
20:44:23 Reading mission ...
20:44:23 No entry 'bin\config.bin/CfgMarkers.Third_Marker_3rdID'
20:44:23 Mission Zeus_Chernarus_TF.chernarus_summer read from bank.
20:44:24 Roles assigned.
20:44:24 Reading mission ...
20:44:24 No entry 'bin\config.bin/CfgMarkers.Third_Marker_3rdID'
20:44:24 Mission Zeus_Chernarus_TF.chernarus_summer read from bank.
20:44:24 Roles assigned.
20:44:24 Reading mission ...
20:44:24 No entry 'bin\config.bin/CfgMarkers.Third_Marker_3rdID'
20:44:24 Mission Zeus_Chernarus_TF.chernarus_summer read from bank.
20:44:24 Roles assigned.
20:44:24 Reading mission ...
20:44:24 No entry 'bin\config.bin/CfgMarkers.Third_Marker_3rdID'
20:44:24 Mission Zeus_Chernarus_TF.chernarus_summer read from bank.
20:44:24 Roles assigned.
20:44:24 Reading mission ...
20:44:24 No entry 'bin\config.bin/CfgMarkers.Third_Marker_3rdID'
20:44:24 Mission Zeus_Chernarus_TF.chernarus_summer read from bank.
20:44:24 Roles assigned.
20:44:24 Reading mission ...
20:44:24 No entry 'bin\config.bin/CfgMarkers.Third_Marker_3rdID'
20:44:24 Mission Zeus_Chernarus_TF.chernarus_summer read from bank.
20:44:24 Roles assigned.
20:44:24 Reading mission ...
20:44:24 No entry 'bin\config.bin/CfgMarkers.Third_Marker_3rdID'
20:44:24 Mission Zeus_Chernarus_TF.chernarus_summer read from bank.
20:44:24 Roles assigned.
20:44:24 Reading mission ...
20:44:24 No entry 'bin\config.bin/CfgMarkers.Third_Marker_3rdID'
20:44:24 Mission Zeus_Chernarus_TF.chernarus_summer read from bank.
20:44:25 Roles assigned.
20:44:25 Reading mission ...
20:44:25 No entry 'bin\config.bin/CfgMarkers.Third_Marker_3rdID'
20:44:25 Mission Zeus_Chernarus_TF.chernarus_summer read from bank.
20:44:25 Roles assigned.
20:44:25 Reading mission ...
20:44:25 No entry 'bin\config.bin/CfgMarkers.Third_Marker_3rdID'
20:44:25 Mission Zeus_Chernarus_TF.chernarus_summer read from bank.
20:44:25 Roles assigned.
20:44:25 Reading mission ...
20:44:25 No entry 'bin\config.bin/CfgMarkers.Third_Marker_3rdID'
20:44:25 Mission Zeus_Chernarus_TF.chernarus_summer read from bank.
20:44:25 Roles assigned.
20:44:25 Reading mission ...
20:44:25 No entry 'bin\config.bin/CfgMarkers.Third_Marker_3rdID'
20:44:25 Mission Zeus_Chernarus_TF.chernarus_summer read from bank.
20:44:25 Roles assigned.
20:44:25 Reading mission ...
20:44:25 No entry 'bin\config.bin/CfgMarkers.Third_Marker_3rdID'
20:44:25 Mission Zeus_Chernarus_TF.chernarus_summer read from bank.
20:44:25 Roles assigned.
20:44:25 Reading mission ...
20:44:25 No entry 'bin\config.bin/CfgMarkers.Third_Marker_3rdID'
20:44:25 Mission Zeus_Chernarus_TF.chernarus_summer read from bank.
20:44:25 Roles assigned.
20:44:25 Reading mission ...
20:44:25 No entry 'bin\config.bin/CfgMarkers.Third_Marker_3rdID'
20:44:25 Mission Zeus_Chernarus_TF.chernarus_summer read from bank.
20:44:26 Roles assigned.
20:44:26 Reading mission ...
20:44:26 No entry 'bin\config.bin/CfgMarkers.Third_Marker_3rdID'
20:44:26 Mission Zeus_Chernarus_TF.chernarus_summer read from bank.
20:44:26 Roles assigned.
20:44:26 Reading mission ...
20:44:26 No entry 'bin\config.bin/CfgMarkers.Third_Marker_3rdID'
20:44:26 Mission Zeus_Chernarus_TF.chernarus_summer read from bank.
20:44:26 Roles assigned.
20:44:26 Reading mission ...
20:44:26 No entry 'bin\config.bin/CfgMarkers.Third_Marker_3rdID'
20:44:26 Mission Zeus_Chernarus_TF.chernarus_summer read from bank.
20:44:26 Roles assigned.
20:44:26 Reading mission ...
20:44:26 No entry 'bin\config.bin/CfgMarkers.Third_Marker_3rdID'
20:44:26 Mission Zeus_Chernarus_TF.chernarus_summer read from bank.
20:44:26 Roles assigned.
20:44:26 Reading mission ...
20:44:26 No entry 'bin\config.bin/CfgMarkers.Third_Marker_3rdID'
20:44:26 Mission Zeus_Chernarus_TF.chernarus_summer read from bank.
20:44:26 Roles assigned.
20:44:26 Reading mission ...
20:44:26 No entry 'bin\config.bin/CfgMarkers.Third_Marker_3rdID'
20:44:26 Mission Zeus_Chernarus_TF.chernarus_summer read from bank.
20:44:26 Roles assigned.
20:44:26 Reading mission ...
20:44:26 No entry 'bin\config.bin/CfgMarkers.Third_Marker_3rdID'
20:44:26 Mission Zeus_Chernarus_TF.chernarus_summer read from bank.
20:44:27 Roles assigned.
20:44:27 Reading mission ...
20:44:27 No entry 'bin\config.bin/CfgMarkers.Third_Marker_3rdID'
20:44:27 Mission Zeus_Chernarus_TF.chernarus_summer read from bank.
20:44:27 Roles assigned.
20:44:27 Reading mission ...
20:44:27 No entry 'bin\config.bin/CfgMarkers.Third_Marker_3rdID'
20:44:27 Mission Zeus_Chernarus_TF.chernarus_summer read from bank.
20:44:27 Roles assigned.
20:44:27 Reading mission ...
20:44:27 No entry 'bin\config.bin/CfgMarkers.Third_Marker_3rdID'
20:44:27 Mission Zeus_Chernarus_TF.chernarus_summer read from bank.
20:44:27 Roles assigned.
20:44:27 Reading mission ...
20:44:27 No entry 'bin\config.bin/CfgMarkers.Third_Marker_3rdID'
20:44:27 Mission Zeus_Chernarus_TF.chernarus_summer read from bank.
20:44:27 Roles assigned.
20:44:27 Reading mission ...
20:44:27 No entry 'bin\config.bin/CfgMarkers.Third_Marker_3rdID'
20:44:27 Mission Zeus_Chernarus_TF.chernarus_summer read from bank.
20:44:27 Roles assigned.
20:44:27 Reading mission ...
20:44:27 No entry 'bin\config.bin/CfgMarkers.Third_Marker_3rdID'
20:44:27 Mission Zeus_Chernarus_TF.chernarus_summer read from bank.
20:44:27 Roles assigned.
20:44:27 Reading mission ...
20:44:27 No entry 'bin\config.bin/CfgMarkers.Third_Marker_3rdID'
20:44:28 Mission Zeus_Chernarus_TF.chernarus_summer read from bank.
20:44:28 Roles assigned.
20:44:28 Reading mission ...
20:44:28 No entry 'bin\config.bin/CfgMarkers.Third_Marker_3rdID'
20:44:28 Mission Zeus_Chernarus_TF.chernarus_summer read from bank.
20:44:28 Roles assigned.
20:44:28 Reading mission ...
20:44:28 No entry 'bin\config.bin/CfgMarkers.Third_Marker_3rdID'
20:44:28 Mission Zeus_Chernarus_TF.chernarus_summer read from bank.
20:44:28 Roles assigned.
20:44:28 Reading mission ...
20:44:28 No entry 'bin\config.bin/CfgMarkers.Third_Marker_3rdID'
20:44:28 Mission Zeus_Chernarus_TF.chernarus_summer read from bank.
20:44:28 Roles assigned.
20:44:28 Reading mission ...
20:44:28 No entry 'bin\config.bin/CfgMarkers.Third_Marker_3rdID'
20:44:28 Mission Zeus_Chernarus_TF.chernarus_summer read from bank.
20:44:28 Roles assigned.
20:44:28 Reading mission ...
20:44:28 No entry 'bin\config.bin/CfgMarkers.Third_Marker_3rdID'
20:44:28 Mission Zeus_Chernarus_TF.chernarus_summer read from bank.
20:44:28 Roles assigned.
20:44:28 Reading mission ...
20:44:28 No entry 'bin\config.bin/CfgMarkers.Third_Marker_3rdID'
20:44:28 Mission Zeus_Chernarus_TF.chernarus_summer read from bank.
20:44:28 Roles assigned.
20:44:28 Reading mission ...
20:44:29 No entry 'bin\config.bin/CfgMarkers.Third_Marker_3rdID'
20:44:29 Mission Zeus_Chernarus_TF.chernarus_summer read from bank.
20:44:29 Roles assigned.
20:44:29 Reading mission ...
20:44:29 No entry 'bin\config.bin/CfgMarkers.Third_Marker_3rdID'
20:44:29 Mission Zeus_Chernarus_TF.chernarus_summer read from bank.
20:44:29 Roles assigned.
20:44:29 Reading mission ...
20:44:29 No entry 'bin\config.bin/CfgMarkers.Third_Marker_3rdID'
20:44:29 Mission Zeus_Chernarus_TF.chernarus_summer read from bank.
20:44:29 Roles assigned.
20:44:29 Reading mission ...
20:44:29 No entry 'bin\config.bin/CfgMarkers.Third_Marker_3rdID'
20:44:29 Mission Zeus_Chernarus_TF.chernarus_summer read from bank.
20:44:29 Roles assigned.
20:44:29 Reading mission ...
20:44:29 No entry 'bin\config.bin/CfgMarkers.Third_Marker_3rdID'
20:44:29 Mission Zeus_Chernarus_TF.chernarus_summer read from bank.
20:44:29 Roles assigned.
20:44:29 Reading mission ...
20:44:29 No entry 'bin\config.bin/CfgMarkers.Third_Marker_3rdID'
20:44:29 Mission Zeus_Chernarus_TF.chernarus_summer read from bank.
20:44:29 Roles assigned.
20:44:29 Reading mission ...
20:44:29 No entry 'bin\config.bin/CfgMarkers.Third_Marker_3rdID'
20:44:29 Mission Zeus_Chernarus_TF.chernarus_summer read from bank.
20:44:29 Roles assigned.
20:44:30 Reading mission ...
20:44:30 No entry 'bin\config.bin/CfgMarkers.Third_Marker_3rdID'
20:44:30 Mission Zeus_Chernarus_TF.chernarus_summer read from bank.
20:44:30 Roles assigned.
20:44:30 Reading mission ...
20:44:30 No entry 'bin\config.bin/CfgMarkers.Third_Marker_3rdID'
20:44:30 Mission Zeus_Chernarus_TF.chernarus_summer read from bank.
20:44:30 Roles assigned.
20:44:30 Reading mission ...
20:44:30 No entry 'bin\config.bin/CfgMarkers.Third_Marker_3rdID'
20:44:30 Mission Zeus_Chernarus_TF.chernarus_summer read from bank.
20:44:30 Roles assigned.
20:44:30 Reading mission ...
20:44:30 No entry 'bin\config.bin/CfgMarkers.Third_Marker_3rdID'
20:44:30 Mission Zeus_Chernarus_TF.chernarus_summer read from bank.
20:44:30 Roles assigned.
20:44:30 Reading mission ...
20:44:30 No entry 'bin\config.bin/CfgMarkers.Third_Marker_3rdID'
20:44:30 Mission Zeus_Chernarus_TF.chernarus_summer read from bank.
20:44:30 Roles assigned.
20:44:30 Reading mission ...
20:44:30 No entry 'bin\config.bin/CfgMarkers.Third_Marker_3rdID'
20:44:30 Mission Zeus_Chernarus_TF.chernarus_summer read from bank.
20:44:30 Roles assigned.
20:44:30 Reading mission ...
20:44:30 No entry 'bin\config.bin/CfgMarkers.Third_Marker_3rdID'
20:44:30 Mission Zeus_Chernarus_TF.chernarus_summer read from bank.
20:44:31 Roles assigned.
20:44:31 Reading mission ...
20:44:31 No entry 'bin\config.bin/CfgMarkers.Third_Marker_3rdID'
20:44:31 Mission Zeus_Chernarus_TF.chernarus_summer read from bank.
20:44:31 Roles assigned.
20:44:31 Reading mission ...
20:44:31 No entry 'bin\config.bin/CfgMarkers.Third_Marker_3rdID'
20:44:31 Mission Zeus_Chernarus_TF.chernarus_summer read from bank.
20:44:31 Roles assigned.
20:44:31 Reading mission ...
20:44:31 No entry 'bin\config.bin/CfgMarkers.Third_Marker_3rdID'
20:44:31 Mission Zeus_Chernarus_TF.chernarus_summer read from bank.
20:44:31 Roles assigned.
20:44:31 Reading mission ...
20:44:31 No entry 'bin\config.bin/CfgMarkers.Third_Marker_3rdID'
20:44:31 Mission Zeus_Chernarus_TF.chernarus_summer read from bank.
20:44:31 Roles assigned.
20:44:31 Reading mission ...
20:44:31 No entry 'bin\config.bin/CfgMarkers.Third_Marker_3rdID'
20:44:31 Mission Zeus_Chernarus_TF.chernarus_summer read from bank.
20:44:31 Roles assigned.
20:44:31 Reading mission ...
20:44:31 No entry 'bin\config.bin/CfgMarkers.Third_Marker_3rdID'
20:44:31 Mission Zeus_Chernarus_TF.chernarus_summer read from bank.
20:44:31 Roles assigned.
20:44:31 Reading mission ...
20:44:31 No entry 'bin\config.bin/CfgMarkers.Third_Marker_3rdID'
20:44:31 Mission Zeus_Chernarus_TF.chernarus_summer read from bank.
20:44:32 Roles assigned.
20:44:32 Reading mission ...
20:44:32 No entry 'bin\config.bin/CfgMarkers.Third_Marker_3rdID'
20:44:32 Mission Zeus_Chernarus_TF.chernarus_summer read from bank.
20:44:32 Roles assigned.
20:44:32 Reading mission ...
20:44:32 No entry 'bin\config.bin/CfgMarkers.Third_Marker_3rdID'
20:44:32 Mission Zeus_Chernarus_TF.chernarus_summer read from bank.
20:44:32 Roles assigned.
20:44:32 Reading mission ...
20:44:32 No entry 'bin\config.bin/CfgMarkers.Third_Marker_3rdID'
20:44:32 Mission Zeus_Chernarus_TF.chernarus_summer read from bank.
20:44:32 Roles assigned.
20:44:32 Reading mission ...
20:44:32 No entry 'bin\config.bin/CfgMarkers.Third_Marker_3rdID'
20:44:32 Mission Zeus_Chernarus_TF.chernarus_summer read from bank.
20:44:32 Roles assigned.
20:44:32 Reading mission ...
20:44:32 No entry 'bin\config.bin/CfgMarkers.Third_Marker_3rdID'
20:44:32 Mission Zeus_Chernarus_TF.chernarus_summer read from bank.
20:44:32 Roles assigned.
20:44:32 Reading mission ...
20:44:32 No entry 'bin\config.bin/CfgMarkers.Third_Marker_3rdID'
20:44:32 Mission Zeus_Chernarus_TF.chernarus_summer read from bank.
20:44:32 Roles assigned.
20:44:32 Reading mission ...
20:44:32 No entry 'bin\config.bin/CfgMarkers.Third_Marker_3rdID'
20:44:32 Mission Zeus_Chernarus_TF.chernarus_summer read from bank.
20:44:33 Roles assigned.
20:44:33 Reading mission ...
20:44:33 No entry 'bin\config.bin/CfgMarkers.Third_Marker_3rdID'
20:44:33 Mission Zeus_Chernarus_TF.chernarus_summer read from bank.
20:44:33 Roles assigned.
20:44:33 Reading mission ...
20:44:33 No entry 'bin\config.bin/CfgMarkers.Third_Marker_3rdID'
20:44:33 Mission Zeus_Chernarus_TF.chernarus_summer read from bank.
20:44:33 Roles assigned.
20:44:33 Reading mission ...
20:44:33 No entry 'bin\config.bin/CfgMarkers.Third_Marker_3rdID'
20:44:33 Mission Zeus_Chernarus_TF.chernarus_summer read from bank.
20:44:33 Roles assigned.
20:44:33 Reading mission ...
20:44:33 No entry 'bin\config.bin/CfgMarkers.Third_Marker_3rdID'
20:44:33 Mission Zeus_Chernarus_TF.chernarus_summer read from bank.
20:44:33 Roles assigned.
20:44:33 Reading mission ...
20:44:33 No entry 'bin\config.bin/CfgMarkers.Third_Marker_3rdID'
20:44:33 Mission Zeus_Chernarus_TF.chernarus_summer read from bank.
20:44:33 Roles assigned.
20:44:33 Reading mission ...
20:44:33 No entry 'bin\config.bin/CfgMarkers.Third_Marker_3rdID'
20:44:33 Mission Zeus_Chernarus_TF.chernarus_summer read from bank.
20:44:33 Roles assigned.
20:44:33 Reading mission ...
20:44:33 No entry 'bin\config.bin/CfgMarkers.Third_Marker_3rdID'
20:44:34 Mission Zeus_Chernarus_TF.chernarus_summer read from bank.
20:44:34 Roles assigned.
20:44:34 Reading mission ...
20:44:34 No entry 'bin\config.bin/CfgMarkers.Third_Marker_3rdID'
20:44:34 Mission Zeus_Chernarus_TF.chernarus_summer read from bank.
20:44:34 Roles assigned.
20:44:34 Reading mission ...
20:44:34 No entry 'bin\config.bin/CfgMarkers.Third_Marker_3rdID'
20:44:34 Mission Zeus_Chernarus_TF.chernarus_summer read from bank.
20:44:34 Roles assigned.
20:44:34 Reading mission ...
20:44:34 No entry 'bin\config.bin/CfgMarkers.Third_Marker_3rdID'
20:44:34 Mission Zeus_Chernarus_TF.chernarus_summer read from bank.
20:44:34 Roles assigned.
20:44:34 Reading mission ...
20:44:34 No entry 'bin\config.bin/CfgMarkers.Third_Marker_3rdID'
20:44:34 Mission Zeus_Chernarus_TF.chernarus_summer read from bank.
20:44:34 Roles assigned.
20:44:34 Reading mission ...
20:44:34 No entry 'bin\config.bin/CfgMarkers.Third_Marker_3rdID'
20:44:34 Mission Zeus_Chernarus_TF.chernarus_summer read from bank.
20:44:34 Roles assigned.
20:44:34 Reading mission ...
20:44:34 No entry 'bin\config.bin/CfgMarkers.Third_Marker_3rdID'
20:44:34 Mission Zeus_Chernarus_TF.chernarus_summer read from bank.
20:44:34 Roles assigned.
20:44:35 Reading mission ...
20:44:35 No entry 'bin\config.bin/CfgMarkers.Third_Marker_3rdID'
20:44:35 Mission Zeus_Chernarus_TF.chernarus_summer read from bank.
20:44:35 Roles assigned.
20:44:35 Reading mission ...
20:44:35 No entry 'bin\config.bin/CfgMarkers.Third_Marker_3rdID'
20:44:35 Mission Zeus_Chernarus_TF.chernarus_summer read from bank.
20:44:35 Roles assigned.
20:44:35 Reading mission ...
20:44:35 No entry 'bin\config.bin/CfgMarkers.Third_Marker_3rdID'
20:44:35 Mission Zeus_Chernarus_TF.chernarus_summer read from bank.
20:44:35 Roles assigned.
20:44:35 Reading mission ...
20:44:35 No entry 'bin\config.bin/CfgMarkers.Third_Marker_3rdID'
20:44:35 Mission Zeus_Chernarus_TF.chernarus_summer read from bank.
20:44:35 Roles assigned.
20:44:35 Reading mission ...
20:44:35 No entry 'bin\config.bin/CfgMarkers.Third_Marker_3rdID'
20:44:35 Mission Zeus_Chernarus_TF.chernarus_summer read from bank.
20:44:35 Roles assigned.
20:44:35 Reading mission ...
20:44:35 No entry 'bin\config.bin/CfgMarkers.Third_Marker_3rdID'
20:44:35 Mission Zeus_Chernarus_TF.chernarus_summer read from bank.
20:44:35 Roles assigned.
20:44:35 Reading mission ...
20:44:35 No entry 'bin\config.bin/CfgMarkers.Third_Marker_3rdID'
20:44:35 Mission Zeus_Chernarus_TF.chernarus_summer read from bank.
20:44:36 Roles assigned.
20:44:36 Reading mission ...
20:44:36 No entry 'bin\config.bin/CfgMarkers.Third_Marker_3rdID'
20:44:36 Mission Zeus_Chernarus_TF.chernarus_summer read from bank.
20:44:36 Roles assigned.
20:44:36 Reading mission ...
20:44:36 No entry 'bin\config.bin/CfgMarkers.Third_Marker_3rdID'
20:44:36 Mission Zeus_Chernarus_TF.chernarus_summer read from bank.
20:44:36 Roles assigned.
20:44:36 Reading mission ...
20:44:36 No entry 'bin\config.bin/CfgMarkers.Third_Marker_3rdID'
20:44:36 Mission Zeus_Chernarus_TF.chernarus_summer read from bank.
20:44:36 Roles assigned.
20:44:36 Reading mission ...
20:44:36 No entry 'bin\config.bin/CfgMarkers.Third_Marker_3rdID'
20:44:36 Mission Zeus_Chernarus_TF.chernarus_summer read from bank.
20:44:36 Roles assigned.
20:44:36 Reading mission ...
20:44:36 No entry 'bin\config.bin/CfgMarkers.Third_Marker_3rdID'
20:44:36 Mission Zeus_Chernarus_TF.chernarus_summer read from bank.
20:44:36 Roles assigned.
20:44:36 Reading mission ...
20:44:36 No entry 'bin\config.bin/CfgMarkers.Third_Marker_3rdID'
20:44:36 Mission Zeus_Chernarus_TF.chernarus_summer read from bank.
20:44:36 Roles assigned.
20:44:36 Reading mission ...
20:44:36 No entry 'bin\config.bin/CfgMarkers.Third_Marker_3rdID'
20:44:36 Mission Zeus_Chernarus_TF.chernarus_summer read from bank.
20:44:37 Roles assigned.
20:44:37 Reading mission ...
20:44:37 No entry 'bin\config.bin/CfgMarkers.Third_Marker_3rdID'
20:44:37 Mission Zeus_Chernarus_TF.chernarus_summer read from bank.
20:44:37 Roles assigned.
20:44:37 Reading mission ...
20:44:37 No entry 'bin\config.bin/CfgMarkers.Third_Marker_3rdID'
20:44:37 Mission Zeus_Chernarus_TF.chernarus_summer read from bank.
20:44:37 Roles assigned.
20:44:37 Reading mission ...
20:44:37 No entry 'bin\config.bin/CfgMarkers.Third_Marker_3rdID'
20:44:37 Mission Zeus_Chernarus_TF.chernarus_summer read from bank.
20:44:37 Roles assigned.
20:44:37 Reading mission ...
20:44:37 No entry 'bin\config.bin/CfgMarkers.Third_Marker_3rdID'
20:44:37 Mission Zeus_Chernarus_TF.chernarus_summer read from bank.
20:44:37 Roles assigned.
20:44:37 Reading mission ...
20:44:37 No entry 'bin\config.bin/CfgMarkers.Third_Marker_3rdID'
20:44:37 Mission Zeus_Chernarus_TF.chernarus_summer read from bank.
20:44:37 Roles assigned.
20:44:37 Reading mission ...
20:44:37 No entry 'bin\config.bin/CfgMarkers.Third_Marker_3rdID'
20:44:37 Mission Zeus_Chernarus_TF.chernarus_summer read from bank.
20:44:37 Roles assigned.
20:44:37 Reading mission ...
20:44:37 No entry 'bin\config.bin/CfgMarkers.Third_Marker_3rdID'
20:44:37 Mission Zeus_Chernarus_TF.chernarus_summer read from bank.
20:44:38 Roles assigned.
20:44:38 Reading mission ...
20:44:38 No entry 'bin\config.bin/CfgMarkers.Third_Marker_3rdID'
20:44:38 Mission Zeus_Chernarus_TF.chernarus_summer read from bank.
20:44:38 Roles assigned.
20:44:38 Reading mission ...
20:44:38 No entry 'bin\config.bin/CfgMarkers.Third_Marker_3rdID'
20:44:38 Mission Zeus_Chernarus_TF.chernarus_summer read from bank.
20:44:38 Roles assigned.
20:44:38 Reading mission ...
20:44:38 No entry 'bin\config.bin/CfgMarkers.Third_Marker_3rdID'
20:44:38 Mission Zeus_Chernarus_TF.chernarus_summer read from bank.
20:44:38 Roles assigned.
20:44:38 Reading mission ...
20:44:38 No entry 'bin\config.bin/CfgMarkers.Third_Marker_3rdID'
20:44:38 Mission Zeus_Chernarus_TF.chernarus_summer read from bank.
20:44:38 Roles assigned.
20:44:38 Reading mission ...
20:44:38 No entry 'bin\config.bin/CfgMarkers.Third_Marker_3rdID'
20:44:38 Mission Zeus_Chernarus_TF.chernarus_summer read from bank.
20:44:38 Roles assigned.
20:44:38 Reading mission ...
20:44:38 No entry 'bin\config.bin/CfgMarkers.Third_Marker_3rdID'
20:44:38 Mission Zeus_Chernarus_TF.chernarus_summer read from bank.
20:44:38 Roles assigned.
20:44:38 Reading mission ...
20:44:38 No entry 'bin\config.bin/CfgMarkers.Third_Marker_3rdID'
20:44:39 Mission Zeus_Chernarus_TF.chernarus_summer read from bank.
20:44:39 Roles assigned.
20:44:39 Reading mission ...
20:44:39 No entry 'bin\config.bin/CfgMarkers.Third_Marker_3rdID'
20:44:39 Mission Zeus_Chernarus_TF.chernarus_summer read from bank.
20:44:39 Roles assigned.
20:44:39 Reading mission ...
20:44:39 No entry 'bin\config.bin/CfgMarkers.Third_Marker_3rdID'
20:44:39 Mission Zeus_Chernarus_TF.chernarus_summer read from bank.
20:44:39 Roles assigned.
20:44:39 Reading mission ...
20:44:39 No entry 'bin\config.bin/CfgMarkers.Third_Marker_3rdID'
20:44:39 Mission Zeus_Chernarus_TF.chernarus_summer read from bank.
20:44:39 Roles assigned.
20:44:39 Reading mission ...
20:44:39 No entry 'bin\config.bin/CfgMarkers.Third_Marker_3rdID'
20:44:39 Mission Zeus_Chernarus_TF.chernarus_summer read from bank.
20:44:39 Roles assigned.
20:44:39 Reading mission ...
20:44:39 No entry 'bin\config.bin/CfgMarkers.Third_Marker_3rdID'
20:44:39 Mission Zeus_Chernarus_TF.chernarus_summer read from bank.
20:44:39 Roles assigned.
20:44:39 Reading mission ...
20:44:39 No entry 'bin\config.bin/CfgMarkers.Third_Marker_3rdID'
20:44:39 Mission Zeus_Chernarus_TF.chernarus_summer read from bank.
20:44:39 Roles assigned.
20:44:40 Reading mission ...
20:44:40 No entry 'bin\config.bin/CfgMarkers.Third_Marker_3rdID'
20:44:40 Mission Zeus_Chernarus_TF.chernarus_summer read from bank.
20:44:40 Roles assigned.
20:44:40 Reading mission ...
20:44:40 No entry 'bin\config.bin/CfgMarkers.Third_Marker_3rdID'
20:44:40 Mission Zeus_Chernarus_TF.chernarus_summer read from bank.
20:44:40 Roles assigned.
20:44:40 Reading mission ...
20:44:40 No entry 'bin\config.bin/CfgMarkers.Third_Marker_3rdID'
20:44:40 Mission Zeus_Chernarus_TF.chernarus_summer read from bank.
20:44:40 Roles assigned.
20:44:40 Reading mission ...
20:44:40 No entry 'bin\config.bin/CfgMarkers.Third_Marker_3rdID'
20:44:40 Mission Zeus_Chernarus_TF.chernarus_summer read from bank.
20:44:40 Roles assigned.
20:44:40 Reading mission ...
20:44:40 No entry 'bin\config.bin/CfgMarkers.Third_Marker_3rdID'
20:44:40 Mission Zeus_Chernarus_TF.chernarus_summer read from bank.
20:44:40 Roles assigned.
20:44:40 Reading mission ...
20:44:40 No entry 'bin\config.bin/CfgMarkers.Third_Marker_3rdID'
20:44:40 Mission Zeus_Chernarus_TF.chernarus_summer read from bank.
20:44:40 Roles assigned.
20:44:40 Reading mission ...
20:44:40 No entry 'bin\config.bin/CfgMarkers.Third_Marker_3rdID'
20:44:40 Mission Zeus_Chernarus_TF.chernarus_summer read from bank.
20:44:41 Roles assigned.
20:44:41 Reading mission ...
20:44:41 No entry 'bin\config.bin/CfgMarkers.Third_Marker_3rdID'
20:44:41 Mission Zeus_Chernarus_TF.chernarus_summer read from bank.
20:44:41 Roles assigned.
20:44:41 Reading mission ...
20:44:41 No entry 'bin\config.bin/CfgMarkers.Third_Marker_3rdID'
20:44:41 Mission Zeus_Chernarus_TF.chernarus_summer read from bank.
20:44:41 Roles assigned.
20:44:41 Reading mission ...
20:44:41 No entry 'bin\config.bin/CfgMarkers.Third_Marker_3rdID'
20:44:41 Mission Zeus_Chernarus_TF.chernarus_summer read from bank.
20:44:41 Roles assigned.
20:44:41 Reading mission ...
20:44:41 No entry 'bin\config.bin/CfgMarkers.Third_Marker_3rdID'
20:44:41 Mission Zeus_Chernarus_TF.chernarus_summer read from bank.
20:44:41 Roles assigned.
20:44:41 Reading mission ...
20:44:41 No entry 'bin\config.bin/CfgMarkers.Third_Marker_3rdID'
20:44:41 Mission Zeus_Chernarus_TF.chernarus_summer read from bank.
20:44:41 Roles assigned.
20:44:41 Reading mission ...
20:44:41 No entry 'bin\config.bin/CfgMarkers.Third_Marker_3rdID'
20:44:41 Mission Zeus_Chernarus_TF.chernarus_summer read from bank.
20:44:41 Roles assigned.
20:44:41 Reading mission ...
20:44:41 No entry 'bin\config.bin/CfgMarkers.Third_Marker_3rdID'
20:44:41 Mission Zeus_Chernarus_TF.chernarus_summer read from bank.
20:44:42 Roles assigned.
20:44:42 Reading mission ...
20:44:42 No entry 'bin\config.bin/CfgMarkers.Third_Marker_3rdID'
20:44:42 Mission Zeus_Chernarus_TF.chernarus_summer read from bank.
20:44:42 Roles assigned.
20:44:42 Reading mission ...
20:44:42 No entry 'bin\config.bin/CfgMarkers.Third_Marker_3rdID'
20:44:42 Mission Zeus_Chernarus_TF.chernarus_summer read from bank.
20:44:42 Roles assigned.
20:44:42 Reading mission ...
20:44:42 No entry 'bin\config.bin/CfgMarkers.Third_Marker_3rdID'
20:44:42 Mission Zeus_Chernarus_TF.chernarus_summer read from bank.
20:44:42 Roles assigned.
20:44:42 Reading mission ...
20:44:42 No entry 'bin\config.bin/CfgMarkers.Third_Marker_3rdID'
20:44:42 Mission Zeus_Chernarus_TF.chernarus_summer read from bank.
20:44:42 Roles assigned.
20:44:42 Reading mission ...
20:44:42 No entry 'bin\config.bin/CfgMarkers.Third_Marker_3rdID'
20:44:42 Mission Zeus_Chernarus_TF.chernarus_summer read from bank.
20:44:42 Roles assigned.
20:44:42 Reading mission ...
20:44:42 No entry 'bin\config.bin/CfgMarkers.Third_Marker_3rdID'
20:44:42 Mission Zeus_Chernarus_TF.chernarus_summer read from bank.
20:44:42 Roles assigned.
20:44:42 Reading mission ...
20:44:42 No entry 'bin\config.bin/CfgMarkers.Third_Marker_3rdID'
20:44:42 Mission Zeus_Chernarus_TF.chernarus_summer read from bank.
20:44:43 Roles assigned.
20:44:43 Reading mission ...
20:44:43 No entry 'bin\config.bin/CfgMarkers.Third_Marker_3rdID'
20:44:43 Mission Zeus_Chernarus_TF.chernarus_summer read from bank.
20:44:43 Roles assigned.
20:44:43 Reading mission ...
20:44:43 No entry 'bin\config.bin/CfgMarkers.Third_Marker_3rdID'
20:44:43 Mission Zeus_Chernarus_TF.chernarus_summer read from bank.
20:44:43 Roles assigned.
20:44:43 Reading mission ...
20:44:43 No entry 'bin\config.bin/CfgMarkers.Third_Marker_3rdID'
20:44:43 Mission Zeus_Chernarus_TF.chernarus_summer read from bank.
20:44:43 Roles assigned.
20:44:43 Reading mission ...
20:44:43 No entry 'bin\config.bin/CfgMarkers.Third_Marker_3rdID'
20:44:43 Mission Zeus_Chernarus_TF.chernarus_summer read from bank.
20:44:43 Roles assigned.
20:44:43 Reading mission ...
20:44:43 No entry 'bin\config.bin/CfgMarkers.Third_Marker_3rdID'
20:44:43 Mission Zeus_Chernarus_TF.chernarus_summer read from bank.
20:44:43 Roles assigned.
20:44:43 Reading mission ...
20:44:43 No entry 'bin\config.bin/CfgMarkers.Third_Marker_3rdID'
20:44:43 Mission Zeus_Chernarus_TF.chernarus_summer read from bank.
20:44:43 Roles assigned.
20:44:43 Reading mission ...
20:44:43 No entry 'bin\config.bin/CfgMarkers.Third_Marker_3rdID'
20:44:44 Mission Zeus_Chernarus_TF.chernarus_summer read from bank.
20:44:44 Roles assigned.
20:44:44 Reading mission ...
20:44:44 No entry 'bin\config.bin/CfgMarkers.Third_Marker_3rdID'
20:44:44 Mission Zeus_Chernarus_TF.chernarus_summer read from bank.
20:44:44 Roles assigned.
20:44:44 Reading mission ...
20:44:44 No entry 'bin\config.bin/CfgMarkers.Third_Marker_3rdID'
20:44:44 Mission Zeus_Chernarus_TF.chernarus_summer read from bank.
20:44:44 Roles assigned.
20:44:44 Reading mission ...
20:44:44 No entry 'bin\config.bin/CfgMarkers.Third_Marker_3rdID'
20:44:44 Mission Zeus_Chernarus_TF.chernarus_summer read from bank.
20:44:44 Roles assigned.
20:44:44 Reading mission ...
20:44:44 No entry 'bin\config.bin/CfgMarkers.Third_Marker_3rdID'
20:44:44 Mission Zeus_Chernarus_TF.chernarus_summer read from bank.
20:44:44 Roles assigned.
20:44:44 Reading mission ...
20:44:44 No entry 'bin\config.bin/CfgMarkers.Third_Marker_3rdID'
20:44:44 Mission Zeus_Chernarus_TF.chernarus_summer read from bank.
20:44:44 Roles assigned.
20:44:44 Reading mission ...
20:44:44 No entry 'bin\config.bin/CfgMarkers.Third_Marker_3rdID'
20:44:44 Mission Zeus_Chernarus_TF.chernarus_summer read from bank.
20:44:44 Roles assigned.
20:44:45 Reading mission ...
20:44:45 No entry 'bin\config.bin/CfgMarkers.Third_Marker_3rdID'
20:44:45 Mission Zeus_Chernarus_TF.chernarus_summer read from bank.
20:44:45 Roles assigned.
20:44:45 Reading mission ...
20:44:45 No entry 'bin\config.bin/CfgMarkers.Third_Marker_3rdID'
20:44:45 Mission Zeus_Chernarus_TF.chernarus_summer read from bank.
20:44:45 Roles assigned.
20:44:45 Reading mission ...
20:44:45 No entry 'bin\config.bin/CfgMarkers.Third_Marker_3rdID'
20:44:45 Mission Zeus_Chernarus_TF.chernarus_summer read from bank.
20:44:45 Roles assigned.
20:44:45 Reading mission ...
20:44:45 No entry 'bin\config.bin/CfgMarkers.Third_Marker_3rdID'
20:44:45 Mission Zeus_Chernarus_TF.chernarus_summer read from bank.
20:44:45 Roles assigned.
20:44:45 Reading mission ...
20:44:45 No entry 'bin\config.bin/CfgMarkers.Third_Marker_3rdID'
20:44:45 Mission Zeus_Chernarus_TF.chernarus_summer read from bank.
20:44:45 Roles assigned.
20:44:45 Reading mission ...
20:44:45 No entry 'bin\config.bin/CfgMarkers.Third_Marker_3rdID'
20:44:45 Mission Zeus_Chernarus_TF.chernarus_summer read from bank.
20:44:45 Roles assigned.
20:44:45 Reading mission ...
20:44:45 No entry 'bin\config.bin/CfgMarkers.Third_Marker_3rdID'
20:44:45 Mission Zeus_Chernarus_TF.chernarus_summer read from bank.
20:44:46 Roles assigned.
20:44:46 Reading mission ...
20:44:46 No entry 'bin\config.bin/CfgMarkers.Third_Marker_3rdID'
20:44:46 Mission Zeus_Chernarus_TF.chernarus_summer read from bank.
20:44:46 Roles assigned.
20:44:46 Reading mission ...
20:44:46 No entry 'bin\config.bin/CfgMarkers.Third_Marker_3rdID'
20:44:46 Mission Zeus_Chernarus_TF.chernarus_summer read from bank.
20:44:46 Roles assigned.
20:44:46 Reading mission ...
20:44:46 No entry 'bin\config.bin/CfgMarkers.Third_Marker_3rdID'
20:44:46 Mission Zeus_Chernarus_TF.chernarus_summer read from bank.
20:44:46 Roles assigned.
20:44:46 Reading mission ...
20:44:46 No entry 'bin\config.bin/CfgMarkers.Third_Marker_3rdID'
20:44:46 Mission Zeus_Chernarus_TF.chernarus_summer read from bank.
20:44:46 Roles assigned.
20:44:46 Reading mission ...
20:44:46 No entry 'bin\config.bin/CfgMarkers.Third_Marker_3rdID'
20:44:46 Mission Zeus_Chernarus_TF.chernarus_summer read from bank.
20:44:46 Roles assigned.
20:44:46 Reading mission ...
20:44:46 No entry 'bin\config.bin/CfgMarkers.Third_Marker_3rdID'
20:44:46 Mission Zeus_Chernarus_TF.chernarus_summer read from bank.
20:44:46 Roles assigned.
20:44:46 Reading mission ...
20:44:46 No entry 'bin\config.bin/CfgMarkers.Third_Marker_3rdID'
20:44:46 Mission Zeus_Chernarus_TF.chernarus_summer read from bank.
20:44:47 Roles assigned.
20:44:47 Reading mission ...
20:44:47 No entry 'bin\config.bin/CfgMarkers.Third_Marker_3rdID'
20:44:47 Mission Zeus_Chernarus_TF.chernarus_summer read from bank.
20:44:47 Roles assigned.
20:44:47 Reading mission ...
20:44:47 No entry 'bin\config.bin/CfgMarkers.Third_Marker_3rdID'
20:44:47 Mission Zeus_Chernarus_TF.chernarus_summer read from bank.
20:44:47 Roles assigned.
20:44:47 Reading mission ...
20:44:47 No entry 'bin\config.bin/CfgMarkers.Third_Marker_3rdID'
20:44:47 Mission Zeus_Chernarus_TF.chernarus_summer read from bank.
20:44:47 Roles assigned.
20:44:47 Reading mission ...
20:44:47 No entry 'bin\config.bin/CfgMarkers.Third_Marker_3rdID'
20:44:47 Mission Zeus_Chernarus_TF.chernarus_summer read from bank.
20:44:47 Roles assigned.
20:44:47 Reading mission ...
20:44:47 No entry 'bin\config.bin/CfgMarkers.Third_Marker_3rdID'
20:44:47 Mission Zeus_Chernarus_TF.chernarus_summer read from bank.
20:44:47 Roles assigned.
20:44:47 Reading mission ...
20:44:47 No entry 'bin\config.bin/CfgMarkers.Third_Marker_3rdID'
20:44:47 Mission Zeus_Chernarus_TF.chernarus_summer read from bank.
20:44:47 Roles assigned.
20:44:47 Reading mission ...
20:44:47 No entry 'bin\config.bin/CfgMarkers.Third_Marker_3rdID'
20:44:47 Mission Zeus_Chernarus_TF.chernarus_summer read from bank.
20:44:48 Roles assigned.
20:44:48 Reading mission ...
20:44:48 No entry 'bin\config.bin/CfgMarkers.Third_Marker_3rdID'
20:44:48 Mission Zeus_Chernarus_TF.chernarus_summer read from bank.
20:44:48 Roles assigned.
20:44:48 Reading mission ...
20:44:48 No entry 'bin\config.bin/CfgMarkers.Third_Marker_3rdID'
20:44:48 Mission Zeus_Chernarus_TF.chernarus_summer read from bank.
20:44:48 Roles assigned.
20:44:48 Reading mission ...
20:44:48 No entry 'bin\config.bin/CfgMarkers.Third_Marker_3rdID'
20:44:48 Mission Zeus_Chernarus_TF.chernarus_summer read from bank.
20:44:48 Roles assigned.
20:44:48 Reading mission ...
20:44:48 No entry 'bin\config.bin/CfgMarkers.Third_Marker_3rdID'
20:44:48 Mission Zeus_Chernarus_TF.chernarus_summer read from bank.
20:44:48 Roles assigned.
20:44:48 Reading mission ...
20:44:48 No entry 'bin\config.bin/CfgMarkers.Third_Marker_3rdID'
20:44:48 Mission Zeus_Chernarus_TF.chernarus_summer read from bank.
20:44:48 Roles assigned.
20:44:48 Reading mission ...
20:44:48 No entry 'bin\config.bin/CfgMarkers.Third_Marker_3rdID'
20:44:48 Mission Zeus_Chernarus_TF.chernarus_summer read from bank.
20:44:48 Roles assigned.
20:44:48 Reading mission ...
20:44:48 No entry 'bin\config.bin/CfgMarkers.Third_Marker_3rdID'
20:44:49 Mission Zeus_Chernarus_TF.chernarus_summer read from bank.
20:44:49 Roles assigned.
20:44:49 Reading mission ...
20:44:49 No entry 'bin\config.bin/CfgMarkers.Third_Marker_3rdID'
20:44:49 Mission Zeus_Chernarus_TF.chernarus_summer read from bank.
20:44:49 Roles assigned.
20:44:49 Reading mission ...
20:44:49 No entry 'bin\config.bin/CfgMarkers.Third_Marker_3rdID'
20:44:49 Mission Zeus_Chernarus_TF.chernarus_summer read from bank.
20:44:49 Roles assigned.
20:44:49 Reading mission ...
20:44:49 No entry 'bin\config.bin/CfgMarkers.Third_Marker_3rdID'
20:44:49 Mission Zeus_Chernarus_TF.chernarus_summer read from bank.
20:44:49 Roles assigned.
20:44:49 Reading mission ...
20:44:49 No entry 'bin\config.bin/CfgMarkers.Third_Marker_3rdID'
20:44:49 Mission Zeus_Chernarus_TF.chernarus_summer read from bank.
20:44:49 Roles assigned.
20:44:49 Reading mission ...
20:44:49 No entry 'bin\config.bin/CfgMarkers.Third_Marker_3rdID'
20:44:49 Mission Zeus_Chernarus_TF.chernarus_summer read from bank.
20:44:49 Roles assigned.
20:44:49 Reading mission ...
20:44:49 No entry 'bin\config.bin/CfgMarkers.Third_Marker_3rdID'
20:44:49 Mission Zeus_Chernarus_TF.chernarus_summer read from bank.
20:44:49 Roles assigned.
20:44:49 Reading mission ...
20:44:50 No entry 'bin\config.bin/CfgMarkers.Third_Marker_3rdID'
20:44:50 Mission Zeus_Chernarus_TF.chernarus_summer read from bank.
20:44:50 Roles assigned.
20:44:50 Reading mission ...
20:44:50 No entry 'bin\config.bin/CfgMarkers.Third_Marker_3rdID'
20:44:50 Mission Zeus_Chernarus_TF.chernarus_summer read from bank.
20:44:50 Roles assigned.
20:44:50 Reading mission ...
20:44:50 No entry 'bin\config.bin/CfgMarkers.Third_Marker_3rdID'
20:44:50 Mission Zeus_Chernarus_TF.chernarus_summer read from bank.
20:44:50 Roles assigned.
20:44:50 Reading mission ...
20:44:50 No entry 'bin\config.bin/CfgMarkers.Third_Marker_3rdID'
20:44:50 Mission Zeus_Chernarus_TF.chernarus_summer read from bank.
20:44:50 Roles assigned.
20:44:50 Reading mission ...
20:44:50 No entry 'bin\config.bin/CfgMarkers.Third_Marker_3rdID'
20:44:50 Mission Zeus_Chernarus_TF.chernarus_summer read from bank.
20:44:50 Roles assigned.
20:44:50 Reading mission ...
20:44:50 No entry 'bin\config.bin/CfgMarkers.Third_Marker_3rdID'
20:44:50 Mission Zeus_Chernarus_TF.chernarus_summer read from bank.
20:44:50 Roles assigned.
20:44:50 Reading mission ...
20:44:50 No entry 'bin\config.bin/CfgMarkers.Third_Marker_3rdID'
20:44:50 Mission Zeus_Chernarus_TF.chernarus_summer read from bank.
20:44:51 Roles assigned.
20:44:51 Reading mission ...
20:44:51 No entry 'bin\config.bin/CfgMarkers.Third_Marker_3rdID'
20:44:51 Mission Zeus_Chernarus_TF.chernarus_summer read from bank.
20:44:51 Roles assigned.
20:44:51 Reading mission ...
20:44:51 No entry 'bin\config.bin/CfgMarkers.Third_Marker_3rdID'
20:44:51 Mission Zeus_Chernarus_TF.chernarus_summer read from bank.
20:44:51 Roles assigned.
20:44:51 Reading mission ...
20:44:51 No entry 'bin\config.bin/CfgMarkers.Third_Marker_3rdID'
20:44:51 Mission Zeus_Chernarus_TF.chernarus_summer read from bank.
20:44:51 Roles assigned.
20:44:51 Reading mission ...
20:44:51 No entry 'bin\config.bin/CfgMarkers.Third_Marker_3rdID'
20:44:51 Mission Zeus_Chernarus_TF.chernarus_summer read from bank.
20:44:51 Roles assigned.
20:44:51 Reading mission ...
20:44:51 No entry 'bin\config.bin/CfgMarkers.Third_Marker_3rdID'
20:44:51 Mission Zeus_Chernarus_TF.chernarus_summer read from bank.
20:44:51 Roles assigned.
20:44:51 Reading mission ...
20:44:51 No entry 'bin\config.bin/CfgMarkers.Third_Marker_3rdID'
20:44:51 Mission Zeus_Chernarus_TF.chernarus_summer read from bank.
20:44:51 Roles assigned.
20:44:51 Reading mission ...
20:44:51 No entry 'bin\config.bin/CfgMarkers.Third_Marker_3rdID'
20:44:51 Mission Zeus_Chernarus_TF.chernarus_summer read from bank.
20:44:52 Roles assigned.
20:44:52 Reading mission ...
20:44:52 No entry 'bin\config.bin/CfgMarkers.Third_Marker_3rdID'
20:44:52 Mission Zeus_Chernarus_TF.chernarus_summer read from bank.
20:44:52 Roles assigned.
20:44:52 Reading mission ...
20:44:52 No entry 'bin\config.bin/CfgMarkers.Third_Marker_3rdID'
20:44:52 Mission Zeus_Chernarus_TF.chernarus_summer read from bank.
20:44:52 Roles assigned.
20:44:52 Reading mission ...
20:44:52 No entry 'bin\config.bin/CfgMarkers.Third_Marker_3rdID'
20:44:52 Mission Zeus_Chernarus_TF.chernarus_summer read from bank.
20:44:52 Roles assigned.
20:44:52 Reading mission ...
20:44:52 No entry 'bin\config.bin/CfgMarkers.Third_Marker_3rdID'
20:44:52 Mission Zeus_Chernarus_TF.chernarus_summer read from bank.
20:44:52 Roles assigned.
20:44:52 Reading mission ...
20:44:52 No entry 'bin\config.bin/CfgMarkers.Third_Marker_3rdID'
20:44:52 Mission Zeus_Chernarus_TF.chernarus_summer read from bank.
20:44:52 Roles assigned.
20:44:52 Reading mission ...
20:44:52 No entry 'bin\config.bin/CfgMarkers.Third_Marker_3rdID'
20:44:52 Mission Zeus_Chernarus_TF.chernarus_summer read from bank.
20:44:52 Roles assigned.
20:44:52 Reading mission ...
20:44:52 No entry 'bin\config.bin/CfgMarkers.Third_Marker_3rdID'
20:44:52 Mission Zeus_Chernarus_TF.chernarus_summer read from bank.
20:44:53 Roles assigned.
20:44:53 Reading mission ...
20:44:53 No entry 'bin\config.bin/CfgMarkers.Third_Marker_3rdID'
20:44:53 Mission Zeus_Chernarus_TF.chernarus_summer read from bank.
20:44:53 Roles assigned.
20:44:53 Reading mission ...
20:44:53 No entry 'bin\config.bin/CfgMarkers.Third_Marker_3rdID'
20:44:53 Mission Zeus_Chernarus_TF.chernarus_summer read from bank.
20:44:53 Roles assigned.
20:44:53 Reading mission ...
20:44:53 No entry 'bin\config.bin/CfgMarkers.Third_Marker_3rdID'
20:44:53 Mission Zeus_Chernarus_TF.chernarus_summer read from bank.
20:44:53 Roles assigned.
20:44:53 Reading mission ...
20:44:53 No entry 'bin\config.bin/CfgMarkers.Third_Marker_3rdID'
20:44:53 Mission Zeus_Chernarus_TF.chernarus_summer read from bank.
20:44:53 Roles assigned.
20:44:53 Reading mission ...
20:44:53 No entry 'bin\config.bin/CfgMarkers.Third_Marker_3rdID'
20:44:53 Mission Zeus_Chernarus_TF.chernarus_summer read from bank.
20:44:53 Roles assigned.
20:44:53 Reading mission ...
20:44:53 No entry 'bin\config.bin/CfgMarkers.Third_Marker_3rdID'
20:44:53 Mission Zeus_Chernarus_TF.chernarus_summer read from bank.
20:44:53 Roles assigned.
20:44:53 Reading mission ...
20:44:53 No entry 'bin\config.bin/CfgMarkers.Third_Marker_3rdID'
20:44:54 Mission Zeus_Chernarus_TF.chernarus_summer read from bank.
20:44:54 Roles assigned.
20:44:54 Reading mission ...
20:44:54 No entry 'bin\config.bin/CfgMarkers.Third_Marker_3rdID'
20:44:54 Mission Zeus_Chernarus_TF.chernarus_summer read from bank.
20:44:54 Roles assigned.
20:44:54 Reading mission ...
20:44:54 No entry 'bin\config.bin/CfgMarkers.Third_Marker_3rdID'
20:44:54 Mission Zeus_Chernarus_TF.chernarus_summer read from bank.
20:44:54 Roles assigned.
20:44:54 Reading mission ...
20:44:54 No entry 'bin\config.bin/CfgMarkers.Third_Marker_3rdID'
20:44:54 Mission Zeus_Chernarus_TF.chernarus_summer read from bank.
20:44:54 Roles assigned.
20:44:54 Reading mission ...
20:44:54 No entry 'bin\config.bin/CfgMarkers.Third_Marker_3rdID'
20:44:54 Mission Zeus_Chernarus_TF.chernarus_summer read from bank.
20:44:54 Roles assigned.
20:44:54 Reading mission ...
20:44:54 No entry 'bin\config.bin/CfgMarkers.Third_Marker_3rdID'
20:44:54 Mission Zeus_Chernarus_TF.chernarus_summer read from bank.
20:44:54 Roles assigned.
20:44:54 Reading mission ...
20:44:54 No entry 'bin\config.bin/CfgMarkers.Third_Marker_3rdID'
20:44:54 Mission Zeus_Chernarus_TF.chernarus_summer read from bank.
20:44:54 Roles assigned.
20:44:55 Reading mission ...
20:44:55 No entry 'bin\config.bin/CfgMarkers.Third_Marker_3rdID'
20:44:55 Mission Zeus_Chernarus_TF.chernarus_summer read from bank.
20:44:55 Roles assigned.
20:44:55 Reading mission ...
20:44:55 No entry 'bin\config.bin/CfgMarkers.Third_Marker_3rdID'
20:44:55 Mission Zeus_Chernarus_TF.chernarus_summer read from bank.
20:44:55 Roles assigned.
20:44:55 Reading mission ...
20:44:55 No entry 'bin\config.bin/CfgMarkers.Third_Marker_3rdID'
20:44:55 Mission Zeus_Chernarus_TF.chernarus_summer read from bank.
20:44:55 Roles assigned.
20:44:55 Reading mission ...
20:44:55 No entry 'bin\config.bin/CfgMarkers.Third_Marker_3rdID'
20:44:55 Mission Zeus_Chernarus_TF.chernarus_summer read from bank.
20:44:55 Roles assigned.
20:44:55 Reading mission ...
20:44:55 No entry 'bin\config.bin/CfgMarkers.Third_Marker_3rdID'
20:44:55 Mission Zeus_Chernarus_TF.chernarus_summer read from bank.
20:44:55 Roles assigned.
20:44:55 Reading mission ...
20:44:55 No entry 'bin\config.bin/CfgMarkers.Third_Marker_3rdID'
20:44:55 Mission Zeus_Chernarus_TF.chernarus_summer read from bank.
20:44:55 Roles assigned.
20:44:55 Reading mission ...
20:44:55 No entry 'bin\config.bin/CfgMarkers.Third_Marker_3rdID'
20:44:55 Mission Zeus_Chernarus_TF.chernarus_summer read from bank.
20:44:56 Roles assigned.
20:44:56 Reading mission ...
20:44:56 No entry 'bin\config.bin/CfgMarkers.Third_Marker_3rdID'
20:44:56 Mission Zeus_Chernarus_TF.chernarus_summer read from bank.
20:44:56 Roles assigned.
20:44:56 Reading mission ...
20:44:56 No entry 'bin\config.bin/CfgMarkers.Third_Marker_3rdID'
20:44:56 Mission Zeus_Chernarus_TF.chernarus_summer read from bank.
20:44:56 Roles assigned.
20:44:56 Reading mission ...
20:44:56 No entry 'bin\config.bin/CfgMarkers.Third_Marker_3rdID'
20:44:56 Mission Zeus_Chernarus_TF.chernarus_summer read from bank.
20:44:56 Roles assigned.
20:44:56 Reading mission ...
20:44:56 No entry 'bin\config.bin/CfgMarkers.Third_Marker_3rdID'
20:44:56 Mission Zeus_Chernarus_TF.chernarus_summer read from bank.
20:44:56 Roles assigned.
20:44:56 Reading mission ...
20:44:56 No entry 'bin\config.bin/CfgMarkers.Third_Marker_3rdID'
20:44:56 Mission Zeus_Chernarus_TF.chernarus_summer read from bank.
20:44:56 Roles assigned.
20:44:56 Reading mission ...
20:44:56 No entry 'bin\config.bin/CfgMarkers.Third_Marker_3rdID'
20:44:56 Mission Zeus_Chernarus_TF.chernarus_summer read from bank.
20:44:56 Roles assigned.
20:44:56 Reading mission ...
20:44:56 No entry 'bin\config.bin/CfgMarkers.Third_Marker_3rdID'
20:44:56 Mission Zeus_Chernarus_TF.chernarus_summer read from bank.
20:44:57 Roles assigned.
20:44:57 Reading mission ...
20:44:57 No entry 'bin\config.bin/CfgMarkers.Third_Marker_3rdID'
20:44:57 Mission Zeus_Chernarus_TF.chernarus_summer read from bank.
20:44:57 Roles assigned.
20:44:57 Reading mission ...
20:44:57 No entry 'bin\config.bin/CfgMarkers.Third_Marker_3rdID'
20:44:57 Mission Zeus_Chernarus_TF.chernarus_summer read from bank.
20:44:57 Roles assigned.
20:44:57 Reading mission ...
20:44:57 No entry 'bin\config.bin/CfgMarkers.Third_Marker_3rdID'
20:44:57 Mission Zeus_Chernarus_TF.chernarus_summer read from bank.
20:44:57 Roles assigned.
20:44:57 Reading mission ...
20:44:57 No entry 'bin\config.bin/CfgMarkers.Third_Marker_3rdID'
20:44:57 Mission Zeus_Chernarus_TF.chernarus_summer read from bank.
20:44:57 Roles assigned.
20:44:57 Reading mission ...
20:44:57 No entry 'bin\config.bin/CfgMarkers.Third_Marker_3rdID'
20:44:57 Mission Zeus_Chernarus_TF.chernarus_summer read from bank.
20:44:57 Roles assigned.
20:44:57 Reading mission ...
20:44:57 No entry 'bin\config.bin/CfgMarkers.Third_Marker_3rdID'
20:44:57 Mission Zeus_Chernarus_TF.chernarus_summer read from bank.
20:44:57 Roles assigned.
20:44:57 Reading mission ...
20:44:57 No entry 'bin\config.bin/CfgMarkers.Third_Marker_3rdID'
20:44:57 Mission Zeus_Chernarus_TF.chernarus_summer read from bank.
20:44:58 Roles assigned.
20:44:58 Reading mission ...
20:44:58 No entry 'bin\config.bin/CfgMarkers.Third_Marker_3rdID'
20:44:58 Mission Zeus_Chernarus_TF.chernarus_summer read from bank.
20:44:58 Roles assigned.
20:44:58 Reading mission ...
20:44:58 No entry 'bin\config.bin/CfgMarkers.Third_Marker_3rdID'
20:44:58 Mission Zeus_Chernarus_TF.chernarus_summer read from bank.
20:44:58 Roles assigned.
20:44:58 Reading mission ...
20:44:58 No entry 'bin\config.bin/CfgMarkers.Third_Marker_3rdID'
20:44:58 Mission Zeus_Chernarus_TF.chernarus_summer read from bank.
20:44:58 Roles assigned.
20:44:58 Reading mission ...
20:44:58 No entry 'bin\config.bin/CfgMarkers.Third_Marker_3rdID'
20:44:58 Mission Zeus_Chernarus_TF.chernarus_summer read from bank.
20:44:58 Roles assigned.
20:44:58 Reading mission ...
20:44:58 No entry 'bin\config.bin/CfgMarkers.Third_Marker_3rdID'
20:44:58 Mission Zeus_Chernarus_TF.chernarus_summer read from bank.
20:44:58 Roles assigned.
20:44:58 Reading mission ...
20:44:58 No entry 'bin\config.bin/CfgMarkers.Third_Marker_3rdID'
20:44:58 Mission Zeus_Chernarus_TF.chernarus_summer read from bank.
20:44:58 Roles assigned.
20:44:58 Reading mission ...
20:44:58 No entry 'bin\config.bin/CfgMarkers.Third_Marker_3rdID'
20:44:58 Mission Zeus_Chernarus_TF.chernarus_summer read from bank.
20:44:59 Roles assigned.
20:44:59 Reading mission ...
20:44:59 No entry 'bin\config.bin/CfgMarkers.Third_Marker_3rdID'
20:44:59 Mission Zeus_Chernarus_TF.chernarus_summer read from bank.
20:44:59 Roles assigned.
20:44:59 Reading mission ...
20:44:59 No entry 'bin\config.bin/CfgMarkers.Third_Marker_3rdID'
20:44:59 Mission Zeus_Chernarus_TF.chernarus_summer read from bank.
20:44:59 Roles assigned.
20:44:59 Reading mission ...
20:44:59 No entry 'bin\config.bin/CfgMarkers.Third_Marker_3rdID'
20:44:59 Mission Zeus_Chernarus_TF.chernarus_summer read from bank.
20:44:59 Roles assigned.
20:44:59 Reading mission ...
20:44:59 No entry 'bin\config.bin/CfgMarkers.Third_Marker_3rdID'
20:44:59 Mission Zeus_Chernarus_TF.chernarus_summer read from bank.
20:44:59 Roles assigned.
20:44:59 Reading mission ...
20:44:59 No entry 'bin\config.bin/CfgMarkers.Third_Marker_3rdID'
20:44:59 Mission Zeus_Chernarus_TF.chernarus_summer read from bank.
20:44:59 Roles assigned.
20:44:59 Reading mission ...
20:44:59 No entry 'bin\config.bin/CfgMarkers.Third_Marker_3rdID'
20:44:59 Mission Zeus_Chernarus_TF.chernarus_summer read from bank.
20:44:59 Roles assigned.
20:44:59 Reading mission ...
20:44:59 No entry 'bin\config.bin/CfgMarkers.Third_Marker_3rdID'
20:45:00 Mission Zeus_Chernarus_TF.chernarus_summer read from bank.
20:45:00 Roles assigned.
20:45:00 Reading mission ...
20:45:00 No entry 'bin\config.bin/CfgMarkers.Third_Marker_3rdID'
20:45:00 Mission Zeus_Chernarus_TF.chernarus_summer read from bank.
20:45:00 Roles assigned.
20:45:00 Reading mission ...
20:45:00 No entry 'bin\config.bin/CfgMarkers.Third_Marker_3rdID'
20:45:00 Mission Zeus_Chernarus_TF.chernarus_summer read from bank.
20:45:00 Roles assigned.
20:45:00 Reading mission ...
20:45:00 No entry 'bin\config.bin/CfgMarkers.Third_Marker_3rdID'
20:45:00 Mission Zeus_Chernarus_TF.chernarus_summer read from bank.
20:45:00 Roles assigned.
20:45:00 Reading mission ...
20:45:00 No entry 'bin\config.bin/CfgMarkers.Third_Marker_3rdID'
20:45:00 Mission Zeus_Chernarus_TF.chernarus_summer read from bank.
20:45:00 Roles assigned.
20:45:00 Reading mission ...
20:45:00 No entry 'bin\config.bin/CfgMarkers.Third_Marker_3rdID'
20:45:00 Mission Zeus_Chernarus_TF.chernarus_summer read from bank.
20:45:00 Roles assigned.
20:45:00 Reading mission ...
20:45:00 No entry 'bin\config.bin/CfgMarkers.Third_Marker_3rdID'
20:45:00 Mission Zeus_Chernarus_TF.chernarus_summer read from bank.
20:45:00 Roles assigned.
20:45:01 Reading mission ...
20:45:01 No entry 'bin\config.bin/CfgMarkers.Third_Marker_3rdID'
20:45:01 Mission Zeus_Chernarus_TF.chernarus_summer read from bank.
20:45:01 Roles assigned.
20:45:01 Reading mission ...
20:45:01 No entry 'bin\config.bin/CfgMarkers.Third_Marker_3rdID'
20:45:01 Mission Zeus_Chernarus_TF.chernarus_summer read from bank.
20:45:01 Roles assigned.
20:45:01 Reading mission ...
20:45:01 No entry 'bin\config.bin/CfgMarkers.Third_Marker_3rdID'
20:45:01 Mission Zeus_Chernarus_TF.chernarus_summer read from bank.
20:45:01 Roles assigned.
20:45:01 Reading mission ...
20:45:01 No entry 'bin\config.bin/CfgMarkers.Third_Marker_3rdID'
20:45:01 Mission Zeus_Chernarus_TF.chernarus_summer read from bank.
20:45:01 Roles assigned.
20:45:01 Reading mission ...
20:45:01 No entry 'bin\config.bin/CfgMarkers.Third_Marker_3rdID'
20:45:01 Mission Zeus_Chernarus_TF.chernarus_summer read from bank.
20:45:01 Roles assigned.
20:45:01 Reading mission ...
20:45:01 No entry 'bin\config.bin/CfgMarkers.Third_Marker_3rdID'
20:45:01 Mission Zeus_Chernarus_TF.chernarus_summer read from bank.
20:45:01 Roles assigned.
20:45:01 Reading mission ...
20:45:01 No entry 'bin\config.bin/CfgMarkers.Third_Marker_3rdID'
20:45:01 Mission Zeus_Chernarus_TF.chernarus_summer read from bank.
20:45:02 Roles assigned.
20:45:02 Reading mission ...
20:45:02 No entry 'bin\config.bin/CfgMarkers.Third_Marker_3rdID'
20:45:02 Mission Zeus_Chernarus_TF.chernarus_summer read from bank.
20:45:02 Roles assigned.
20:45:02 Reading mission ...
20:45:02 No entry 'bin\config.bin/CfgMarkers.Third_Marker_3rdID'
20:45:02 Mission Zeus_Chernarus_TF.chernarus_summer read from bank.
20:45:02 Roles assigned.
20:45:02 Reading mission ...
20:45:02 No entry 'bin\config.bin/CfgMarkers.Third_Marker_3rdID'
20:45:02 Mission Zeus_Chernarus_TF.chernarus_summer read from bank.
20:45:02 Roles assigned.
20:45:02 Reading mission ...
20:45:02 No entry 'bin\config.bin/CfgMarkers.Third_Marker_3rdID'
20:45:02 Mission Zeus_Chernarus_TF.chernarus_summer read from bank.
20:45:02 Roles assigned.
20:45:02 Reading mission ...
20:45:02 No entry 'bin\config.bin/CfgMarkers.Third_Marker_3rdID'
20:45:02 Mission Zeus_Chernarus_TF.chernarus_summer read from bank.
20:45:02 Roles assigned.
20:45:02 Reading mission ...
20:45:02 No entry 'bin\config.bin/CfgMarkers.Third_Marker_3rdID'
20:45:02 Mission Zeus_Chernarus_TF.chernarus_summer read from bank.
20:45:02 Roles assigned.
20:45:02 Reading mission ...
20:45:02 No entry 'bin\config.bin/CfgMarkers.Third_Marker_3rdID'
20:45:02 Mission Zeus_Chernarus_TF.chernarus_summer read from bank.
20:45:03 Roles assigned.
20:45:03 Reading mission ...
20:45:03 No entry 'bin\config.bin/CfgMarkers.Third_Marker_3rdID'
20:45:03 Mission Zeus_Chernarus_TF.chernarus_summer read from bank.
20:45:03 Roles assigned.
20:45:03 Reading mission ...
20:45:03 No entry 'bin\config.bin/CfgMarkers.Third_Marker_3rdID'
20:45:03 Mission Zeus_Chernarus_TF.chernarus_summer read from bank.
20:45:03 Roles assigned.
20:45:03 Reading mission ...
20:45:03 No entry 'bin\config.bin/CfgMarkers.Third_Marker_3rdID'
20:45:03 Mission Zeus_Chernarus_TF.chernarus_summer read from bank.
20:45:03 Roles assigned.
20:45:03 Reading mission ...
20:45:03 No entry 'bin\config.bin/CfgMarkers.Third_Marker_3rdID'
20:45:03 Mission Zeus_Chernarus_TF.chernarus_summer read from bank.
20:45:03 Roles assigned.
20:45:03 Reading mission ...
20:45:03 No entry 'bin\config.bin/CfgMarkers.Third_Marker_3rdID'
20:45:03 Mission Zeus_Chernarus_TF.chernarus_summer read from bank.
20:45:03 Roles assigned.
20:45:03 Reading mission ...
20:45:03 No entry 'bin\config.bin/CfgMarkers.Third_Marker_3rdID'
20:45:03 Mission Zeus_Chernarus_TF.chernarus_summer read from bank.
20:45:03 Roles assigned.
20:45:03 Reading mission ...
20:45:03 No entry 'bin\config.bin/CfgMarkers.Third_Marker_3rdID'
20:45:03 Mission Zeus_Chernarus_TF.chernarus_summer read from bank.
20:45:04 Roles assigned.
20:45:04 Reading mission ...
20:45:04 No entry 'bin\config.bin/CfgMarkers.Third_Marker_3rdID'
20:45:04 Mission Zeus_Chernarus_TF.chernarus_summer read from bank.
20:45:04 Roles assigned.
20:45:04 Reading mission ...
20:45:04 No entry 'bin\config.bin/CfgMarkers.Third_Marker_3rdID'
20:45:04 Mission Zeus_Chernarus_TF.chernarus_summer read from bank.
20:45:04 Roles assigned.
20:45:04 Reading mission ...
20:45:04 No entry 'bin\config.bin/CfgMarkers.Third_Marker_3rdID'
20:45:04 Mission Zeus_Chernarus_TF.chernarus_summer read from bank.
20:45:04 Roles assigned.
20:45:04 Reading mission ...
20:45:04 No entry 'bin\config.bin/CfgMarkers.Third_Marker_3rdID'
20:45:04 Mission Zeus_Chernarus_TF.chernarus_summer read from bank.
20:45:04 Roles assigned.
20:45:04 Reading mission ...
20:45:04 No entry 'bin\config.bin/CfgMarkers.Third_Marker_3rdID'
20:45:04 Mission Zeus_Chernarus_TF.chernarus_summer read from bank.
20:45:04 Roles assigned.
20:45:04 Reading mission ...
20:45:04 No entry 'bin\config.bin/CfgMarkers.Third_Marker_3rdID'
20:45:04 Mission Zeus_Chernarus_TF.chernarus_summer read from bank.
20:45:04 Roles assigned.
20:45:04 Reading mission ...
20:45:04 No entry 'bin\config.bin/CfgMarkers.Third_Marker_3rdID'
20:45:05 Mission Zeus_Chernarus_TF.chernarus_summer read from bank.
20:45:05 Roles assigned.
20:45:05 Reading mission ...
20:45:05 No entry 'bin\config.bin/CfgMarkers.Third_Marker_3rdID'
20:45:05 Mission Zeus_Chernarus_TF.chernarus_summer read from bank.
20:45:05 Roles assigned.
20:45:05 Reading mission ...
20:45:05 No entry 'bin\config.bin/CfgMarkers.Third_Marker_3rdID'
20:45:05 Mission Zeus_Chernarus_TF.chernarus_summer read from bank.
20:45:05 Roles assigned.
20:45:05 Reading mission ...
20:45:05 No entry 'bin\config.bin/CfgMarkers.Third_Marker_3rdID'
20:45:05 Mission Zeus_Chernarus_TF.chernarus_summer read from bank.
20:45:05 Roles assigned.
20:45:05 Reading mission ...
20:45:05 No entry 'bin\config.bin/CfgMarkers.Third_Marker_3rdID'
20:45:05 Mission Zeus_Chernarus_TF.chernarus_summer read from bank.
20:45:05 Roles assigned.
20:45:05 Reading mission ...
20:45:05 No entry 'bin\config.bin/CfgMarkers.Third_Marker_3rdID'
20:45:05 Mission Zeus_Chernarus_TF.chernarus_summer read from bank.
20:45:05 Roles assigned.
20:45:05 Reading mission ...
20:45:05 No entry 'bin\config.bin/CfgMarkers.Third_Marker_3rdID'
20:45:05 Mission Zeus_Chernarus_TF.chernarus_summer read from bank.
20:45:05 Roles assigned.
20:45:06 Reading mission ...
20:45:06 No entry 'bin\config.bin/CfgMarkers.Third_Marker_3rdID'
20:45:06 Mission Zeus_Chernarus_TF.chernarus_summer read from bank.
20:45:06 Roles assigned.
20:45:06 Reading mission ...
20:45:06 No entry 'bin\config.bin/CfgMarkers.Third_Marker_3rdID'
20:45:06 Mission Zeus_Chernarus_TF.chernarus_summer read from bank.
20:45:06 Roles assigned.
20:45:06 Reading mission ...
20:45:06 No entry 'bin\config.bin/CfgMarkers.Third_Marker_3rdID'
20:45:06 Mission Zeus_Chernarus_TF.chernarus_summer read from bank.
20:45:06 Roles assigned.
20:45:06 Reading mission ...
20:45:06 No entry 'bin\config.bin/CfgMarkers.Third_Marker_3rdID'
20:45:06 Mission Zeus_Chernarus_TF.chernarus_summer read from bank.
20:45:06 Roles assigned.
20:45:06 Reading mission ...
20:45:06 No entry 'bin\config.bin/CfgMarkers.Third_Marker_3rdID'
20:45:06 Mission Zeus_Chernarus_TF.chernarus_summer read from bank.
20:45:06 Roles assigned.
20:45:06 Reading mission ...
20:45:06 No entry 'bin\config.bin/CfgMarkers.Third_Marker_3rdID'
20:45:06 Mission Zeus_Chernarus_TF.chernarus_summer read from bank.
20:45:06 Roles assigned.
20:45:06 Reading mission ...
20:45:06 No entry 'bin\config.bin/CfgMarkers.Third_Marker_3rdID'
20:45:06 Mission Zeus_Chernarus_TF.chernarus_summer read from bank.
20:45:07 Roles assigned.
20:45:07 Reading mission ...
20:45:07 No entry 'bin\config.bin/CfgMarkers.Third_Marker_3rdID'
20:45:07 Mission Zeus_Chernarus_TF.chernarus_summer read from bank.
20:45:07 Roles assigned.
20:45:07 Reading mission ...
20:45:07 No entry 'bin\config.bin/CfgMarkers.Third_Marker_3rdID'
20:45:07 Mission Zeus_Chernarus_TF.chernarus_summer read from bank.
20:45:07 Roles assigned.
20:45:07 Reading mission ...
20:45:07 No entry 'bin\config.bin/CfgMarkers.Third_Marker_3rdID'
20:45:07 Mission Zeus_Chernarus_TF.chernarus_summer read from bank.
20:45:07 Roles assigned.
20:45:07 Reading mission ...
20:45:07 No entry 'bin\config.bin/CfgMarkers.Third_Marker_3rdID'
20:45:07 Mission Zeus_Chernarus_TF.chernarus_summer read from bank.
20:45:07 Roles assigned.
20:45:07 Reading mission ...
20:45:07 No entry 'bin\config.bin/CfgMarkers.Third_Marker_3rdID'
20:45:07 Mission Zeus_Chernarus_TF.chernarus_summer read from bank.
20:45:07 Roles assigned.
20:45:07 Reading mission ...
20:45:07 No entry 'bin\config.bin/CfgMarkers.Third_Marker_3rdID'
20:45:07 Mission Zeus_Chernarus_TF.chernarus_summer read from bank.
20:45:07 Roles assigned.
20:45:07 Reading mission ...
20:45:07 No entry 'bin\config.bin/CfgMarkers.Third_Marker_3rdID'
20:45:07 Mission Zeus_Chernarus_TF.chernarus_summer read from bank.
20:45:08 Roles assigned.
20:45:08 Reading mission ...
20:45:08 No entry 'bin\config.bin/CfgMarkers.Third_Marker_3rdID'
20:45:08 Mission Zeus_Chernarus_TF.chernarus_summer read from bank.
20:45:08 Roles assigned.
20:45:08 Reading mission ...
20:45:08 No entry 'bin\config.bin/CfgMarkers.Third_Marker_3rdID'
20:45:08 Mission Zeus_Chernarus_TF.chernarus_summer read from bank.
20:45:08 Roles assigned.
20:45:08 Reading mission ...
20:45:08 No entry 'bin\config.bin/CfgMarkers.Third_Marker_3rdID'
20:45:08 Mission Zeus_Chernarus_TF.chernarus_summer read from bank.
20:45:08 Roles assigned.
20:45:08 Reading mission ...
20:45:08 No entry 'bin\config.bin/CfgMarkers.Third_Marker_3rdID'
20:45:08 Mission Zeus_Chernarus_TF.chernarus_summer read from bank.
20:45:08 Roles assigned.
20:45:08 Reading mission ...
20:45:08 No entry 'bin\config.bin/CfgMarkers.Third_Marker_3rdID'
20:45:08 Mission Zeus_Chernarus_TF.chernarus_summer read from bank.
20:45:08 Roles assigned.
20:45:08 Reading mission ...
20:45:08 No entry 'bin\config.bin/CfgMarkers.Third_Marker_3rdID'
20:45:08 Mission Zeus_Chernarus_TF.chernarus_summer read from bank.
20:45:08 Roles assigned.
20:45:08 Reading mission ...
20:45:08 No entry 'bin\config.bin/CfgMarkers.Third_Marker_3rdID'
20:45:08 Mission Zeus_Chernarus_TF.chernarus_summer read from bank.
20:45:09 Roles assigned.
20:45:09 Reading mission ...
20:45:09 No entry 'bin\config.bin/CfgMarkers.Third_Marker_3rdID'
20:45:09 Mission Zeus_Chernarus_TF.chernarus_summer read from bank.
20:45:09 Roles assigned.
20:45:09 Reading mission ...
20:45:09 No entry 'bin\config.bin/CfgMarkers.Third_Marker_3rdID'
20:45:09 Mission Zeus_Chernarus_TF.chernarus_summer read from bank.
20:45:09 Roles assigned.
20:45:09 Reading mission ...
20:45:09 No entry 'bin\config.bin/CfgMarkers.Third_Marker_3rdID'
20:45:09 Mission Zeus_Chernarus_TF.chernarus_summer read from bank.
20:45:09 Roles assigned.
20:45:09 Reading mission ...
20:45:09 No entry 'bin\config.bin/CfgMarkers.Third_Marker_3rdID'
20:45:09 Mission Zeus_Chernarus_TF.chernarus_summer read from bank.
20:45:09 Roles assigned.
20:45:09 Reading mission ...
20:45:09 No entry 'bin\config.bin/CfgMarkers.Third_Marker_3rdID'
20:45:09 Mission Zeus_Chernarus_TF.chernarus_summer read from bank.
20:45:09 Roles assigned.
20:45:09 Reading mission ...
20:45:09 No entry 'bin\config.bin/CfgMarkers.Third_Marker_3rdID'
20:45:09 Mission Zeus_Chernarus_TF.chernarus_summer read from bank.
20:45:09 Roles assigned.
20:45:09 Reading mission ...
20:45:09 No entry 'bin\config.bin/CfgMarkers.Third_Marker_3rdID'
20:45:09 Mission Zeus_Chernarus_TF.chernarus_summer read from bank.
20:45:10 Roles assigned.
20:45:10 Reading mission ...
20:45:10 No entry 'bin\config.bin/CfgMarkers.Third_Marker_3rdID'
20:45:10 Mission Zeus_Chernarus_TF.chernarus_summer read from bank.
20:45:10 Roles assigned.
20:45:10 Reading mission ...
20:45:10 No entry 'bin\config.bin/CfgMarkers.Third_Marker_3rdID'
20:45:10 Mission Zeus_Chernarus_TF.chernarus_summer read from bank.
20:45:10 Roles assigned.
20:45:10 Reading mission ...
20:45:10 No entry 'bin\config.bin/CfgMarkers.Third_Marker_3rdID'
20:45:10 Mission Zeus_Chernarus_TF.chernarus_summer read from bank.
20:45:10 Roles assigned.
20:45:10 Reading mission ...
20:45:10 No entry 'bin\config.bin/CfgMarkers.Third_Marker_3rdID'
20:45:10 Mission Zeus_Chernarus_TF.chernarus_summer read from bank.
20:45:10 Roles assigned.
20:45:10 Reading mission ...
20:45:10 No entry 'bin\config.bin/CfgMarkers.Third_Marker_3rdID'
20:45:10 Mission Zeus_Chernarus_TF.chernarus_summer read from bank.
20:45:10 Roles assigned.
20:45:10 Reading mission ...
20:45:10 No entry 'bin\config.bin/CfgMarkers.Third_Marker_3rdID'
20:45:10 Mission Zeus_Chernarus_TF.chernarus_summer read from bank.
20:45:10 Roles assigned.
20:45:10 Reading mission ...
20:45:10 No entry 'bin\config.bin/CfgMarkers.Third_Marker_3rdID'
20:45:11 Mission Zeus_Chernarus_TF.chernarus_summer read from bank.
20:45:11 Roles assigned.
20:45:11 Reading mission ...
20:45:11 No entry 'bin\config.bin/CfgMarkers.Third_Marker_3rdID'
20:45:11 Mission Zeus_Chernarus_TF.chernarus_summer read from bank.
20:45:11 Roles assigned.
20:45:11 Reading mission ...
20:45:11 No entry 'bin\config.bin/CfgMarkers.Third_Marker_3rdID'
20:45:11 Mission Zeus_Chernarus_TF.chernarus_summer read from bank.
20:45:11 Roles assigned.
20:45:11 Reading mission ...
20:45:11 No entry 'bin\config.bin/CfgMarkers.Third_Marker_3rdID'
20:45:11 Mission Zeus_Chernarus_TF.chernarus_summer read from bank.
20:45:11 Roles assigned.
20:45:11 Reading mission ...
20:45:11 No entry 'bin\config.bin/CfgMarkers.Third_Marker_3rdID'
20:45:11 Mission Zeus_Chernarus_TF.chernarus_summer read from bank.
20:45:11 Roles assigned.
20:45:11 Reading mission ...
20:45:11 No entry 'bin\config.bin/CfgMarkers.Third_Marker_3rdID'
20:45:11 Mission Zeus_Chernarus_TF.chernarus_summer read from bank.
20:45:11 Roles assigned.
20:45:11 Reading mission ...
20:45:11 No entry 'bin\config.bin/CfgMarkers.Third_Marker_3rdID'
20:45:11 Mission Zeus_Chernarus_TF.chernarus_summer read from bank.
20:45:11 Roles assigned.
20:45:12 Reading mission ...
20:45:12 No entry 'bin\config.bin/CfgMarkers.Third_Marker_3rdID'
20:45:12 Mission Zeus_Chernarus_TF.chernarus_summer read from bank.
20:45:12 Roles assigned.
20:45:12 Reading mission ...
20:45:12 No entry 'bin\config.bin/CfgMarkers.Third_Marker_3rdID'
20:45:12 Mission Zeus_Chernarus_TF.chernarus_summer read from bank.
20:45:12 Roles assigned.
20:45:12 Reading mission ...
20:45:12 No entry 'bin\config.bin/CfgMarkers.Third_Marker_3rdID'
20:45:12 Mission Zeus_Chernarus_TF.chernarus_summer read from bank.
20:45:12 Roles assigned.
20:45:12 Reading mission ...
20:45:12 No entry 'bin\config.bin/CfgMarkers.Third_Marker_3rdID'
20:45:12 Mission Zeus_Chernarus_TF.chernarus_summer read from bank.
20:45:12 Roles assigned.
20:45:12 Reading mission ...
20:45:12 No entry 'bin\config.bin/CfgMarkers.Third_Marker_3rdID'
20:45:12 Mission Zeus_Chernarus_TF.chernarus_summer read from bank.
20:45:12 Roles assigned.
20:45:12 Reading mission ...
20:45:12 No entry 'bin\config.bin/CfgMarkers.Third_Marker_3rdID'
20:45:12 Mission Zeus_Chernarus_TF.chernarus_summer read from bank.
20:45:12 Roles assigned.
20:45:12 Reading mission ...
20:45:12 No entry 'bin\config.bin/CfgMarkers.Third_Marker_3rdID'
20:45:12 Mission Zeus_Chernarus_TF.chernarus_summer read from bank.
20:45:13 Roles assigned.
20:45:13 Reading mission ...
20:45:13 No entry 'bin\config.bin/CfgMarkers.Third_Marker_3rdID'
20:45:13 Mission Zeus_Chernarus_TF.chernarus_summer read from bank.
20:45:13 Roles assigned.
20:45:13 Reading mission ...
20:45:13 No entry 'bin\config.bin/CfgMarkers.Third_Marker_3rdID'
20:45:13 Mission Zeus_Chernarus_TF.chernarus_summer read from bank.
20:45:13 Roles assigned.
20:45:13 Reading mission ...
20:45:13 No entry 'bin\config.bin/CfgMarkers.Third_Marker_3rdID'
20:45:13 Mission Zeus_Chernarus_TF.chernarus_summer read from bank.
20:45:13 Roles assigned.
20:45:13 Reading mission ...
20:45:13 No entry 'bin\config.bin/CfgMarkers.Third_Marker_3rdID'
20:45:13 Mission Zeus_Chernarus_TF.chernarus_summer read from bank.
20:45:13 Roles assigned.
20:45:13 Reading mission ...
20:45:13 No entry 'bin\config.bin/CfgMarkers.Third_Marker_3rdID'
20:45:13 Mission Zeus_Chernarus_TF.chernarus_summer read from bank.
20:45:13 Roles assigned.
20:45:13 Reading mission ...
20:45:13 No entry 'bin\config.bin/CfgMarkers.Third_Marker_3rdID'
20:45:13 Mission Zeus_Chernarus_TF.chernarus_summer read from bank.
20:45:13 Roles assigned.
20:45:13 Reading mission ...
20:45:13 No entry 'bin\config.bin/CfgMarkers.Third_Marker_3rdID'
20:45:13 Mission Zeus_Chernarus_TF.chernarus_summer read from bank.
20:45:14 Roles assigned.
20:45:14 Reading mission ...
20:45:14 No entry 'bin\config.bin/CfgMarkers.Third_Marker_3rdID'
20:45:14 Mission Zeus_Chernarus_TF.chernarus_summer read from bank.
20:45:14 Roles assigned.
20:45:14 Reading mission ...
20:45:14 No entry 'bin\config.bin/CfgMarkers.Third_Marker_3rdID'
20:45:14 Mission Zeus_Chernarus_TF.chernarus_summer read from bank.
20:45:14 Roles assigned.
20:45:14 Reading mission ...
20:45:14 No entry 'bin\config.bin/CfgMarkers.Third_Marker_3rdID'
20:45:14 Mission Zeus_Chernarus_TF.chernarus_summer read from bank.
20:45:14 Roles assigned.
20:45:14 Reading mission ...
20:45:14 No entry 'bin\config.bin/CfgMarkers.Third_Marker_3rdID'
20:45:14 Mission Zeus_Chernarus_TF.chernarus_summer read from bank.
20:45:14 Roles assigned.
20:45:14 Reading mission ...
20:45:14 No entry 'bin\config.bin/CfgMarkers.Third_Marker_3rdID'
20:45:14 Mission Zeus_Chernarus_TF.chernarus_summer read from bank.
20:45:14 Roles assigned.
20:45:14 Reading mission ...
20:45:14 No entry 'bin\config.bin/CfgMarkers.Third_Marker_3rdID'
20:45:14 Mission Zeus_Chernarus_TF.chernarus_summer read from bank.
20:45:14 Roles assigned.
20:45:14 Reading mission ...
20:45:14 No entry 'bin\config.bin/CfgMarkers.Third_Marker_3rdID'
20:45:14 Mission Zeus_Chernarus_TF.chernarus_summer read from bank.
20:45:15 Roles assigned.
20:45:15 Reading mission ...
20:45:15 No entry 'bin\config.bin/CfgMarkers.Third_Marker_3rdID'
20:45:15 Mission Zeus_Chernarus_TF.chernarus_summer read from bank.
20:45:15 Roles assigned.
20:45:15 Reading mission ...
20:45:15 No entry 'bin\config.bin/CfgMarkers.Third_Marker_3rdID'
20:45:15 Mission Zeus_Chernarus_TF.chernarus_summer read from bank.
20:45:15 Roles assigned.
20:45:15 Reading mission ...
20:45:15 No entry 'bin\config.bin/CfgMarkers.Third_Marker_3rdID'
20:45:15 Mission Zeus_Chernarus_TF.chernarus_summer read from bank.
20:45:15 Roles assigned.
20:45:15 Reading mission ...
20:45:15 No entry 'bin\config.bin/CfgMarkers.Third_Marker_3rdID'
20:45:15 Mission Zeus_Chernarus_TF.chernarus_summer read from bank.
20:45:15 Roles assigned.
20:45:15 Reading mission ...
20:45:15 No entry 'bin\config.bin/CfgMarkers.Third_Marker_3rdID'
20:45:15 Mission Zeus_Chernarus_TF.chernarus_summer read from bank.
20:45:15 Roles assigned.
20:45:15 Reading mission ...
20:45:15 No entry 'bin\config.bin/CfgMarkers.Third_Marker_3rdID'
20:45:15 Mission Zeus_Chernarus_TF.chernarus_summer read from bank.
20:45:15 Roles assigned.
20:45:15 Reading mission ...
20:45:15 No entry 'bin\config.bin/CfgMarkers.Third_Marker_3rdID'
20:45:15 Mission Zeus_Chernarus_TF.chernarus_summer read from bank.
20:45:16 Roles assigned.
20:45:16 Reading mission ...
20:45:16 No entry 'bin\config.bin/CfgMarkers.Third_Marker_3rdID'
20:45:16 Mission Zeus_Chernarus_TF.chernarus_summer read from bank.
20:45:16 Roles assigned.
20:45:16 Reading mission ...
20:45:16 No entry 'bin\config.bin/CfgMarkers.Third_Marker_3rdID'
20:45:16 Mission Zeus_Chernarus_TF.chernarus_summer read from bank.
20:45:16 Roles assigned.
20:45:16 Reading mission ...
20:45:16 No entry 'bin\config.bin/CfgMarkers.Third_Marker_3rdID'
20:45:16 Mission Zeus_Chernarus_TF.chernarus_summer read from bank.
20:45:16 Roles assigned.
20:45:16 Reading mission ...
20:45:16 No entry 'bin\config.bin/CfgMarkers.Third_Marker_3rdID'
20:45:16 Mission Zeus_Chernarus_TF.chernarus_summer read from bank.
20:45:16 Roles assigned.
20:45:16 Reading mission ...
20:45:16 No entry 'bin\config.bin/CfgMarkers.Third_Marker_3rdID'
20:45:16 Mission Zeus_Chernarus_TF.chernarus_summer read from bank.
20:45:16 Roles assigned.
20:45:16 Reading mission ...
20:45:16 No entry 'bin\config.bin/CfgMarkers.Third_Marker_3rdID'
20:45:16 Mission Zeus_Chernarus_TF.chernarus_summer read from bank.
20:45:16 Roles assigned.
20:45:16 Reading mission ...
20:45:16 No entry 'bin\config.bin/CfgMarkers.Third_Marker_3rdID'
20:45:17 Mission Zeus_Chernarus_TF.chernarus_summer read from bank.
20:45:17 Roles assigned.
20:45:17 Reading mission ...
20:45:17 No entry 'bin\config.bin/CfgMarkers.Third_Marker_3rdID'
20:45:17 Mission Zeus_Chernarus_TF.chernarus_summer read from bank.
20:45:17 Roles assigned.
20:45:17 Reading mission ...
20:45:17 No entry 'bin\config.bin/CfgMarkers.Third_Marker_3rdID'
20:45:17 Mission Zeus_Chernarus_TF.chernarus_summer read from bank.
20:45:17 Roles assigned.
20:45:17 Reading mission ...
20:45:17 No entry 'bin\config.bin/CfgMarkers.Third_Marker_3rdID'
20:45:17 Mission Zeus_Chernarus_TF.chernarus_summer read from bank.
20:45:17 Roles assigned.
20:45:17 Reading mission ...
20:45:17 No entry 'bin\config.bin/CfgMarkers.Third_Marker_3rdID'
20:45:17 Mission Zeus_Chernarus_TF.chernarus_summer read from bank.
20:45:17 Roles assigned.
20:45:17 Reading mission ...
20:45:17 No entry 'bin\config.bin/CfgMarkers.Third_Marker_3rdID'
20:45:17 Mission Zeus_Chernarus_TF.chernarus_summer read from bank.
20:45:17 Roles assigned.
20:45:17 Reading mission ...
20:45:17 No entry 'bin\config.bin/CfgMarkers.Third_Marker_3rdID'
20:45:17 Mission Zeus_Chernarus_TF.chernarus_summer read from bank.
20:45:18 Roles assigned.
20:45:18 Reading mission ...
20:45:18 No entry 'bin\config.bin/CfgMarkers.Third_Marker_3rdID'
20:45:18 Mission Zeus_Chernarus_TF.chernarus_summer read from bank.
20:45:18 Roles assigned.
20:45:18 Reading mission ...
20:45:18 No entry 'bin\config.bin/CfgMarkers.Third_Marker_3rdID'
20:45:18 Mission Zeus_Chernarus_TF.chernarus_summer read from bank.
20:45:18 Roles assigned.
20:45:18 Reading mission ...
20:45:18 No entry 'bin\config.bin/CfgMarkers.Third_Marker_3rdID'
20:45:18 Mission Zeus_Chernarus_TF.chernarus_summer read from bank.
20:45:18 Roles assigned.
20:45:18 Reading mission ...
20:45:18 No entry 'bin\config.bin/CfgMarkers.Third_Marker_3rdID'
20:45:18 Mission Zeus_Chernarus_TF.chernarus_summer read from bank.
20:45:18 Roles assigned.
20:45:18 Reading mission ...
20:45:18 No entry 'bin\config.bin/CfgMarkers.Third_Marker_3rdID'
20:45:18 Mission Zeus_Chernarus_TF.chernarus_summer read from bank.
20:45:18 Roles assigned.
20:45:18 Reading mission ...
20:45:18 No entry 'bin\config.bin/CfgMarkers.Third_Marker_3rdID'
20:45:18 Mission Zeus_Chernarus_TF.chernarus_summer read from bank.
20:45:18 Roles assigned.
20:45:18 Reading mission ...
20:45:18 No entry 'bin\config.bin/CfgMarkers.Third_Marker_3rdID'
20:45:18 Mission Zeus_Chernarus_TF.chernarus_summer read from bank.
20:45:19 Roles assigned.
20:45:19 Reading mission ...
20:45:19 No entry 'bin\config.bin/CfgMarkers.Third_Marker_3rdID'
20:45:19 Mission Zeus_Chernarus_TF.chernarus_summer read from bank.
20:45:19 Roles assigned.
20:45:19 Reading mission ...
20:45:19 No entry 'bin\config.bin/CfgMarkers.Third_Marker_3rdID'
20:45:19 Mission Zeus_Chernarus_TF.chernarus_summer read from bank.
20:45:19 Roles assigned.
20:45:19 Reading mission ...
20:45:19 No entry 'bin\config.bin/CfgMarkers.Third_Marker_3rdID'
20:45:19 Mission Zeus_Chernarus_TF.chernarus_summer read from bank.
20:45:19 Roles assigned.
20:45:19 Reading mission ...
20:45:19 No entry 'bin\config.bin/CfgMarkers.Third_Marker_3rdID'
20:45:19 Mission Zeus_Chernarus_TF.chernarus_summer read from bank.
20:45:19 Roles assigned.
20:45:19 Reading mission ...
20:45:19 No entry 'bin\config.bin/CfgMarkers.Third_Marker_3rdID'
20:45:19 Mission Zeus_Chernarus_TF.chernarus_summer read from bank.
20:45:19 Roles assigned.
20:45:19 Reading mission ...
20:45:19 No entry 'bin\config.bin/CfgMarkers.Third_Marker_3rdID'
20:45:19 Mission Zeus_Chernarus_TF.chernarus_summer read from bank.
20:45:19 Roles assigned.
20:45:19 Reading mission ...
20:45:19 No entry 'bin\config.bin/CfgMarkers.Third_Marker_3rdID'
20:45:19 Mission Zeus_Chernarus_TF.chernarus_summer read from bank.
20:45:20 Roles assigned.
20:45:20 Reading mission ...
20:45:20 No entry 'bin\config.bin/CfgMarkers.Third_Marker_3rdID'
20:45:20 Mission Zeus_Chernarus_TF.chernarus_summer read from bank.
20:45:20 Roles assigned.
20:45:20 Reading mission ...
20:45:20 No entry 'bin\config.bin/CfgMarkers.Third_Marker_3rdID'
20:45:20 Mission Zeus_Chernarus_TF.chernarus_summer read from bank.
20:45:20 Roles assigned.
20:45:20 Reading mission ...
20:45:20 No entry 'bin\config.bin/CfgMarkers.Third_Marker_3rdID'
20:45:20 Mission Zeus_Chernarus_TF.chernarus_summer read from bank.
20:45:20 Roles assigned.
20:45:20 Reading mission ...
20:45:20 No entry 'bin\config.bin/CfgMarkers.Third_Marker_3rdID'
20:45:20 Mission Zeus_Chernarus_TF.chernarus_summer read from bank.
20:45:20 Roles assigned.
20:45:20 Reading mission ...
20:45:20 No entry 'bin\config.bin/CfgMarkers.Third_Marker_3rdID'
20:45:20 Mission Zeus_Chernarus_TF.chernarus_summer read from bank.
20:45:20 Roles assigned.
20:45:20 Reading mission ...
20:45:20 No entry 'bin\config.bin/CfgMarkers.Third_Marker_3rdID'
20:45:20 Mission Zeus_Chernarus_TF.chernarus_summer read from bank.
20:45:20 Roles assigned.
20:45:20 Reading mission ...
20:45:20 No entry 'bin\config.bin/CfgMarkers.Third_Marker_3rdID'
20:45:20 Mission Zeus_Chernarus_TF.chernarus_summer read from bank.
20:45:21 Roles assigned.
20:45:21 Reading mission ...
20:45:21 No entry 'bin\config.bin/CfgMarkers.Third_Marker_3rdID'
20:45:21 Mission Zeus_Chernarus_TF.chernarus_summer read from bank.
20:45:21 Roles assigned.
20:45:21 Reading mission ...
20:45:21 No entry 'bin\config.bin/CfgMarkers.Third_Marker_3rdID'
20:45:21 Mission Zeus_Chernarus_TF.chernarus_summer read from bank.
20:45:21 Roles assigned.
20:45:21 Reading mission ...
20:45:21 No entry 'bin\config.bin/CfgMarkers.Third_Marker_3rdID'
20:45:21 Mission Zeus_Chernarus_TF.chernarus_summer read from bank.
20:45:21 Roles assigned.
20:45:21 Reading mission ...
20:45:21 No entry 'bin\config.bin/CfgMarkers.Third_Marker_3rdID'
20:45:21 Mission Zeus_Chernarus_TF.chernarus_summer read from bank.
20:45:21 Roles assigned.
20:45:21 Reading mission ...
20:45:21 No entry 'bin\config.bin/CfgMarkers.Third_Marker_3rdID'
20:45:21 Mission Zeus_Chernarus_TF.chernarus_summer read from bank.
20:45:21 Roles assigned.
20:45:21 Reading mission ...
20:45:21 No entry 'bin\config.bin/CfgMarkers.Third_Marker_3rdID'
20:45:21 Mission Zeus_Chernarus_TF.chernarus_summer read from bank.
20:45:21 Roles assigned.
20:45:21 Reading mission ...
20:45:21 No entry 'bin\config.bin/CfgMarkers.Third_Marker_3rdID'
20:45:22 Mission Zeus_Chernarus_TF.chernarus_summer read from bank.
20:45:22 Roles assigned.
20:45:22 Reading mission ...
20:45:22 No entry 'bin\config.bin/CfgMarkers.Third_Marker_3rdID'
20:45:22 Mission Zeus_Chernarus_TF.chernarus_summer read from bank.
20:45:22 Roles assigned.
20:45:22 Reading mission ...
20:45:22 No entry 'bin\config.bin/CfgMarkers.Third_Marker_3rdID'
20:45:22 Mission Zeus_Chernarus_TF.chernarus_summer read from bank.
20:45:22 Roles assigned.
20:45:22 Reading mission ...
20:45:22 No entry 'bin\config.bin/CfgMarkers.Third_Marker_3rdID'
20:45:22 Mission Zeus_Chernarus_TF.chernarus_summer read from bank.
20:45:22 Roles assigned.
20:45:22 Reading mission ...
20:45:22 No entry 'bin\config.bin/CfgMarkers.Third_Marker_3rdID'
20:45:22 Mission Zeus_Chernarus_TF.chernarus_summer read from bank.
20:45:22 Roles assigned.
20:45:22 Reading mission ...
20:45:22 No entry 'bin\config.bin/CfgMarkers.Third_Marker_3rdID'
20:45:22 Mission Zeus_Chernarus_TF.chernarus_summer read from bank.
20:45:22 Roles assigned.
20:45:22 Reading mission ...
20:45:22 No entry 'bin\config.bin/CfgMarkers.Third_Marker_3rdID'
20:45:22 Mission Zeus_Chernarus_TF.chernarus_summer read from bank.
20:45:22 Roles assigned.
20:45:23 Reading mission ...
20:45:23 No entry 'bin\config.bin/CfgMarkers.Third_Marker_3rdID'
20:45:23 Mission Zeus_Chernarus_TF.chernarus_summer read from bank.
20:45:23 Roles assigned.
20:45:23 Reading mission ...
20:45:23 No entry 'bin\config.bin/CfgMarkers.Third_Marker_3rdID'
20:45:23 Mission Zeus_Chernarus_TF.chernarus_summer read from bank.
20:45:23 Roles assigned.
20:45:23 Reading mission ...
20:45:23 No entry 'bin\config.bin/CfgMarkers.Third_Marker_3rdID'
20:45:23 Mission Zeus_Chernarus_TF.chernarus_summer read from bank.
20:45:23 Roles assigned.
20:45:23 Reading mission ...
20:45:23 No entry 'bin\config.bin/CfgMarkers.Third_Marker_3rdID'
20:45:23 Mission Zeus_Chernarus_TF.chernarus_summer read from bank.
20:45:23 Roles assigned.
20:45:23 Reading mission ...
20:45:23 No entry 'bin\config.bin/CfgMarkers.Third_Marker_3rdID'
20:45:23 Mission Zeus_Chernarus_TF.chernarus_summer read from bank.
20:45:23 Roles assigned.
20:45:23 Reading mission ...
20:45:23 No entry 'bin\config.bin/CfgMarkers.Third_Marker_3rdID'
20:45:23 Mission Zeus_Chernarus_TF.chernarus_summer read from bank.
20:45:23 Roles assigned.
20:45:23 Reading mission ...
20:45:23 No entry 'bin\config.bin/CfgMarkers.Third_Marker_3rdID'
20:45:23 Mission Zeus_Chernarus_TF.chernarus_summer read from bank.
20:45:24 Roles assigned.
20:45:24 Reading mission ...
20:45:24 No entry 'bin\config.bin/CfgMarkers.Third_Marker_3rdID'
20:45:24 Mission Zeus_Chernarus_TF.chernarus_summer read from bank.
20:45:24 Roles assigned.
20:45:24 Reading mission ...
20:45:24 No entry 'bin\config.bin/CfgMarkers.Third_Marker_3rdID'
20:45:24 Mission Zeus_Chernarus_TF.chernarus_summer read from bank.
20:45:24 Roles assigned.
20:45:24 Reading mission ...
20:45:24 No entry 'bin\config.bin/CfgMarkers.Third_Marker_3rdID'
20:45:24 Mission Zeus_Chernarus_TF.chernarus_summer read from bank.
20:45:24 Roles assigned.
20:45:24 Reading mission ...
20:45:24 No entry 'bin\config.bin/CfgMarkers.Third_Marker_3rdID'
20:45:24 Mission Zeus_Chernarus_TF.chernarus_summer read from bank.
20:45:24 Roles assigned.
20:45:24 Reading mission ...
20:45:24 No entry 'bin\config.bin/CfgMarkers.Third_Marker_3rdID'
20:45:24 Mission Zeus_Chernarus_TF.chernarus_summer read from bank.
20:45:24 Roles assigned.
20:45:24 Reading mission ...
20:45:24 No entry 'bin\config.bin/CfgMarkers.Third_Marker_3rdID'
20:45:24 Mission Zeus_Chernarus_TF.chernarus_summer read from bank.
20:45:24 Roles assigned.
20:45:24 Reading mission ...
20:45:24 No entry 'bin\config.bin/CfgMarkers.Third_Marker_3rdID'
20:45:24 Mission Zeus_Chernarus_TF.chernarus_summer read from bank.
20:45:25 Roles assigned.
20:45:25 Reading mission ...
20:45:25 No entry 'bin\config.bin/CfgMarkers.Third_Marker_3rdID'
20:45:25 Mission Zeus_Chernarus_TF.chernarus_summer read from bank.
20:45:25 Roles assigned.
20:45:25 Reading mission ...
20:45:25 No entry 'bin\config.bin/CfgMarkers.Third_Marker_3rdID'
20:45:25 Mission Zeus_Chernarus_TF.chernarus_summer read from bank.
20:45:25 Roles assigned.
20:45:25 Reading mission ...
20:45:25 No entry 'bin\config.bin/CfgMarkers.Third_Marker_3rdID'
20:45:25 Mission Zeus_Chernarus_TF.chernarus_summer read from bank.
20:45:25 Roles assigned.
20:45:25 Reading mission ...
20:45:25 No entry 'bin\config.bin/CfgMarkers.Third_Marker_3rdID'
20:45:25 Mission Zeus_Chernarus_TF.chernarus_summer read from bank.
20:45:25 Roles assigned.
20:45:25 Reading mission ...
20:45:25 No entry 'bin\config.bin/CfgMarkers.Third_Marker_3rdID'
20:45:25 Mission Zeus_Chernarus_TF.chernarus_summer read from bank.
20:45:25 Roles assigned.
20:45:25 Reading mission ...
20:45:25 No entry 'bin\config.bin/CfgMarkers.Third_Marker_3rdID'
20:45:25 Mission Zeus_Chernarus_TF.chernarus_summer read from bank.
20:45:25 Roles assigned.
20:45:25 Reading mission ...
20:45:25 No entry 'bin\config.bin/CfgMarkers.Third_Marker_3rdID'
20:45:25 Mission Zeus_Chernarus_TF.chernarus_summer read from bank.
20:45:26 Roles assigned.
20:45:26 Reading mission ...
20:45:26 No entry 'bin\config.bin/CfgMarkers.Third_Marker_3rdID'
20:45:26 Mission Zeus_Chernarus_TF.chernarus_summer read from bank.
20:45:26 Roles assigned.
20:45:26 Reading mission ...
20:45:26 No entry 'bin\config.bin/CfgMarkers.Third_Marker_3rdID'
20:45:26 Mission Zeus_Chernarus_TF.chernarus_summer read from bank.
20:45:26 Roles assigned.
20:45:26 Reading mission ...
20:45:26 No entry 'bin\config.bin/CfgMarkers.Third_Marker_3rdID'
20:45:26 Mission Zeus_Chernarus_TF.chernarus_summer read from bank.
20:45:26 Roles assigned.
20:45:26 Reading mission ...
20:45:26 No entry 'bin\config.bin/CfgMarkers.Third_Marker_3rdID'
20:45:26 Mission Zeus_Chernarus_TF.chernarus_summer read from bank.
20:45:26 Roles assigned.
20:45:26 Reading mission ...
20:45:26 No entry 'bin\config.bin/CfgMarkers.Third_Marker_3rdID'
20:45:26 Mission Zeus_Chernarus_TF.chernarus_summer read from bank.
20:45:26 Roles assigned.
20:45:26 Reading mission ...
20:45:26 No entry 'bin\config.bin/CfgMarkers.Third_Marker_3rdID'
20:45:26 Mission Zeus_Chernarus_TF.chernarus_summer read from bank.
20:45:26 Roles assigned.
20:45:26 Reading mission ...
20:45:26 No entry 'bin\config.bin/CfgMarkers.Third_Marker_3rdID'
20:45:27 Mission Zeus_Chernarus_TF.chernarus_summer read from bank.
20:45:27 Roles assigned.
20:45:27 Reading mission ...
20:45:27 No entry 'bin\config.bin/CfgMarkers.Third_Marker_3rdID'
20:45:27 Mission Zeus_Chernarus_TF.chernarus_summer read from bank.
20:45:27 Roles assigned.
20:45:27 Reading mission ...
20:45:27 No entry 'bin\config.bin/CfgMarkers.Third_Marker_3rdID'
20:45:27 Mission Zeus_Chernarus_TF.chernarus_summer read from bank.
20:45:27 Roles assigned.
20:45:27 Reading mission ...
20:45:27 No entry 'bin\config.bin/CfgMarkers.Third_Marker_3rdID'
20:45:27 Mission Zeus_Chernarus_TF.chernarus_summer read from bank.
20:45:27 Roles assigned.
20:45:27 Reading mission ...
20:45:27 No entry 'bin\config.bin/CfgMarkers.Third_Marker_3rdID'
20:45:27 Mission Zeus_Chernarus_TF.chernarus_summer read from bank.
20:45:27 Roles assigned.
20:45:27 Reading mission ...
20:45:27 No entry 'bin\config.bin/CfgMarkers.Third_Marker_3rdID'
20:45:27 Mission Zeus_Chernarus_TF.chernarus_summer read from bank.
20:45:27 Roles assigned.
20:45:27 Reading mission ...
20:45:27 No entry 'bin\config.bin/CfgMarkers.Third_Marker_3rdID'
20:45:27 Mission Zeus_Chernarus_TF.chernarus_summer read from bank.
20:45:27 Roles assigned.
20:45:28 Reading mission ...
20:45:28 No entry 'bin\config.bin/CfgMarkers.Third_Marker_3rdID'
20:45:28 Mission Zeus_Chernarus_TF.chernarus_summer read from bank.
20:45:28 Roles assigned.
20:45:28 Reading mission ...
20:45:28 No entry 'bin\config.bin/CfgMarkers.Third_Marker_3rdID'
20:45:28 Mission Zeus_Chernarus_TF.chernarus_summer read from bank.
20:45:28 Roles assigned.
20:45:28 Reading mission ...
20:45:28 No entry 'bin\config.bin/CfgMarkers.Third_Marker_3rdID'
20:45:28 Mission Zeus_Chernarus_TF.chernarus_summer read from bank.
20:45:28 Roles assigned.
20:45:28 Reading mission ...
20:45:28 No entry 'bin\config.bin/CfgMarkers.Third_Marker_3rdID'
20:45:28 Mission Zeus_Chernarus_TF.chernarus_summer read from bank.
20:45:28 Roles assigned.
20:45:28 Reading mission ...
20:45:28 No entry 'bin\config.bin/CfgMarkers.Third_Marker_3rdID'
20:45:28 Mission Zeus_Chernarus_TF.chernarus_summer read from bank.
20:45:28 Roles assigned.
20:45:28 Reading mission ...
20:45:28 No entry 'bin\config.bin/CfgMarkers.Third_Marker_3rdID'
20:45:28 Mission Zeus_Chernarus_TF.chernarus_summer read from bank.
20:45:28 Roles assigned.
20:45:28 Reading mission ...
20:45:28 No entry 'bin\config.bin/CfgMarkers.Third_Marker_3rdID'
20:45:28 Mission Zeus_Chernarus_TF.chernarus_summer read from bank.
20:45:29 Roles assigned.
20:45:29 Reading mission ...
20:45:29 No entry 'bin\config.bin/CfgMarkers.Third_Marker_3rdID'
20:45:29 Mission Zeus_Chernarus_TF.chernarus_summer read from bank.
20:45:29 Roles assigned.
20:45:29 Reading mission ...
20:45:29 No entry 'bin\config.bin/CfgMarkers.Third_Marker_3rdID'
20:45:29 Mission Zeus_Chernarus_TF.chernarus_summer read from bank.
20:45:29 Roles assigned.
20:45:29 Reading mission ...
20:45:29 No entry 'bin\config.bin/CfgMarkers.Third_Marker_3rdID'
20:45:29 Mission Zeus_Chernarus_TF.chernarus_summer read from bank.
20:45:29 Roles assigned.
20:45:29 Reading mission ...
20:45:29 No entry 'bin\config.bin/CfgMarkers.Third_Marker_3rdID'
20:45:29 Mission Zeus_Chernarus_TF.chernarus_summer read from bank.
20:45:29 Roles assigned.
20:45:29 Reading mission ...
20:45:29 No entry 'bin\config.bin/CfgMarkers.Third_Marker_3rdID'
20:45:29 Mission Zeus_Chernarus_TF.chernarus_summer read from bank.
20:45:29 Roles assigned.
20:45:29 Reading mission ...
20:45:29 No entry 'bin\config.bin/CfgMarkers.Third_Marker_3rdID'
20:45:29 Mission Zeus_Chernarus_TF.chernarus_summer read from bank.
20:45:29 Roles assigned.
20:45:29 Reading mission ...
20:45:29 No entry 'bin\config.bin/CfgMarkers.Third_Marker_3rdID'
20:45:29 Mission Zeus_Chernarus_TF.chernarus_summer read from bank.
20:45:30 Roles assigned.
20:45:30 Reading mission ...
20:45:30 No entry 'bin\config.bin/CfgMarkers.Third_Marker_3rdID'
20:45:30 Mission Zeus_Chernarus_TF.chernarus_summer read from bank.
20:45:30 Roles assigned.
20:45:30 Reading mission ...
20:45:30 No entry 'bin\config.bin/CfgMarkers.Third_Marker_3rdID'
20:45:30 Mission Zeus_Chernarus_TF.chernarus_summer read from bank.
20:45:30 Roles assigned.
20:45:30 Reading mission ...
20:45:30 No entry 'bin\config.bin/CfgMarkers.Third_Marker_3rdID'
20:45:30 Mission Zeus_Chernarus_TF.chernarus_summer read from bank.
20:45:30 Roles assigned.
20:45:30 Reading mission ...
20:45:30 No entry 'bin\config.bin/CfgMarkers.Third_Marker_3rdID'
20:45:30 Mission Zeus_Chernarus_TF.chernarus_summer read from bank.
20:45:30 Roles assigned.
20:45:30 Reading mission ...
20:45:30 No entry 'bin\config.bin/CfgMarkers.Third_Marker_3rdID'
20:45:30 Mission Zeus_Chernarus_TF.chernarus_summer read from bank.
20:45:30 Roles assigned.
20:45:30 Reading mission ...
20:45:30 No entry 'bin\config.bin/CfgMarkers.Third_Marker_3rdID'
20:45:30 Mission Zeus_Chernarus_TF.chernarus_summer read from bank.
20:45:30 Roles assigned.
20:45:30 Reading mission ...
20:45:30 No entry 'bin\config.bin/CfgMarkers.Third_Marker_3rdID'
20:45:30 Mission Zeus_Chernarus_TF.chernarus_summer read from bank.
20:45:31 Roles assigned.
20:45:31 Reading mission ...
20:45:31 No entry 'bin\config.bin/CfgMarkers.Third_Marker_3rdID'
20:45:31 Mission Zeus_Chernarus_TF.chernarus_summer read from bank.
20:45:31 Roles assigned.
20:45:31 Reading mission ...
20:45:31 No entry 'bin\config.bin/CfgMarkers.Third_Marker_3rdID'
20:45:31 Mission Zeus_Chernarus_TF.chernarus_summer read from bank.
20:45:31 Roles assigned.
20:45:31 Reading mission ...
20:45:31 No entry 'bin\config.bin/CfgMarkers.Third_Marker_3rdID'
20:45:31 Mission Zeus_Chernarus_TF.chernarus_summer read from bank.
20:45:31 Roles assigned.
20:45:31 Reading mission ...
20:45:31 No entry 'bin\config.bin/CfgMarkers.Third_Marker_3rdID'
20:45:31 Mission Zeus_Chernarus_TF.chernarus_summer read from bank.
20:45:31 Roles assigned.
20:45:31 Reading mission ...
20:45:31 No entry 'bin\config.bin/CfgMarkers.Third_Marker_3rdID'
20:45:31 Mission Zeus_Chernarus_TF.chernarus_summer read from bank.
20:45:31 Roles assigned.
20:45:31 Reading mission ...
20:45:31 No entry 'bin\config.bin/CfgMarkers.Third_Marker_3rdID'
20:45:31 Mission Zeus_Chernarus_TF.chernarus_summer read from bank.
20:45:31 Roles assigned.
20:45:31 Reading mission ...
20:45:31 No entry 'bin\config.bin/CfgMarkers.Third_Marker_3rdID'
20:45:32 Mission Zeus_Chernarus_TF.chernarus_summer read from bank.
20:45:32 Roles assigned.
20:45:32 Reading mission ...
20:45:32 No entry 'bin\config.bin/CfgMarkers.Third_Marker_3rdID'
20:45:32 Mission Zeus_Chernarus_TF.chernarus_summer read from bank.
20:45:32 Roles assigned.
20:45:32 Reading mission ...
20:45:32 No entry 'bin\config.bin/CfgMarkers.Third_Marker_3rdID'
20:45:32 Mission Zeus_Chernarus_TF.chernarus_summer read from bank.
20:45:32 Roles assigned.
20:45:32 Reading mission ...
20:45:32 No entry 'bin\config.bin/CfgMarkers.Third_Marker_3rdID'
20:45:32 Mission Zeus_Chernarus_TF.chernarus_summer read from bank.
20:45:32 Roles assigned.
20:45:32 Reading mission ...
20:45:32 No entry 'bin\config.bin/CfgMarkers.Third_Marker_3rdID'
20:45:32 Mission Zeus_Chernarus_TF.chernarus_summer read from bank.
20:45:32 Roles assigned.
20:45:32 Reading mission ...
20:45:32 No entry 'bin\config.bin/CfgMarkers.Third_Marker_3rdID'
20:45:32 Mission Zeus_Chernarus_TF.chernarus_summer read from bank.
20:45:32 Roles assigned.
20:45:32 Reading mission ...
20:45:32 No entry 'bin\config.bin/CfgMarkers.Third_Marker_3rdID'
20:45:32 Mission Zeus_Chernarus_TF.chernarus_summer read from bank.
20:45:32 Roles assigned.
20:45:33 Reading mission ...
20:45:33 No entry 'bin\config.bin/CfgMarkers.Third_Marker_3rdID'
20:45:33 Mission Zeus_Chernarus_TF.chernarus_summer read from bank.
20:45:33 Roles assigned.
20:45:33 Reading mission ...
20:45:33 No entry 'bin\config.bin/CfgMarkers.Third_Marker_3rdID'
20:45:33 Mission Zeus_Chernarus_TF.chernarus_summer read from bank.
20:45:33 Roles assigned.
20:45:33 Reading mission ...
20:45:33 No entry 'bin\config.bin/CfgMarkers.Third_Marker_3rdID'
20:45:33 Mission Zeus_Chernarus_TF.chernarus_summer read from bank.
20:45:33 Roles assigned.
20:45:33 Reading mission ...
20:45:33 No entry 'bin\config.bin/CfgMarkers.Third_Marker_3rdID'
20:45:33 Mission Zeus_Chernarus_TF.chernarus_summer read from bank.
20:45:33 Roles assigned.
20:45:33 Reading mission ...
20:45:33 No entry 'bin\config.bin/CfgMarkers.Third_Marker_3rdID'
20:45:33 Mission Zeus_Chernarus_TF.chernarus_summer read from bank.
20:45:33 Roles assigned.
20:45:33 Reading mission ...
20:45:33 No entry 'bin\config.bin/CfgMarkers.Third_Marker_3rdID'
20:45:33 Mission Zeus_Chernarus_TF.chernarus_summer read from bank.
20:45:33 Roles assigned.
20:45:33 Reading mission ...
20:45:33 No entry 'bin\config.bin/CfgMarkers.Third_Marker_3rdID'
20:45:33 Mission Zeus_Chernarus_TF.chernarus_summer read from bank.
20:45:34 Roles assigned.
20:45:34 Reading mission ...
20:45:34 No entry 'bin\config.bin/CfgMarkers.Third_Marker_3rdID'
20:45:34 Mission Zeus_Chernarus_TF.chernarus_summer read from bank.
20:45:34 Roles assigned.
20:45:34 Reading mission ...
20:45:34 No entry 'bin\config.bin/CfgMarkers.Third_Marker_3rdID'
20:45:34 Mission Zeus_Chernarus_TF.chernarus_summer read from bank.
20:45:34 Roles assigned.
20:45:34 Reading mission ...
20:45:34 No entry 'bin\config.bin/CfgMarkers.Third_Marker_3rdID'
20:45:34 Mission Zeus_Chernarus_TF.chernarus_summer read from bank.
20:45:34 Roles assigned.
20:45:34 Reading mission ...
20:45:34 No entry 'bin\config.bin/CfgMarkers.Third_Marker_3rdID'
20:45:34 Mission Zeus_Chernarus_TF.chernarus_summer read from bank.
20:45:34 Roles assigned.
20:45:34 Reading mission ...
20:45:34 No entry 'bin\config.bin/CfgMarkers.Third_Marker_3rdID'
20:45:34 Mission Zeus_Chernarus_TF.chernarus_summer read from bank.
20:45:34 Roles assigned.
20:45:34 Reading mission ...
20:45:34 No entry 'bin\config.bin/CfgMarkers.Third_Marker_3rdID'
20:45:34 Mission Zeus_Chernarus_TF.chernarus_summer read from bank.
20:45:34 Roles assigned.
20:45:34 Reading mission ...
20:45:34 No entry 'bin\config.bin/CfgMarkers.Third_Marker_3rdID'
20:45:34 Mission Zeus_Chernarus_TF.chernarus_summer read from bank.
20:45:35 Roles assigned.
20:45:35 Reading mission ...
20:45:35 No entry 'bin\config.bin/CfgMarkers.Third_Marker_3rdID'
20:45:35 Mission Zeus_Chernarus_TF.chernarus_summer read from bank.
20:45:35 Roles assigned.
20:45:35 Reading mission ...
20:45:35 No entry 'bin\config.bin/CfgMarkers.Third_Marker_3rdID'
20:45:35 Mission Zeus_Chernarus_TF.chernarus_summer read from bank.
20:45:35 Roles assigned.
20:45:35 Reading mission ...
20:45:35 No entry 'bin\config.bin/CfgMarkers.Third_Marker_3rdID'
20:45:35 Mission Zeus_Chernarus_TF.chernarus_summer read from bank.
20:45:35 Roles assigned.
20:45:35 Reading mission ...
20:45:35 No entry 'bin\config.bin/CfgMarkers.Third_Marker_3rdID'
20:45:35 Mission Zeus_Chernarus_TF.chernarus_summer read from bank.
20:45:35 Roles assigned.
20:45:35 Reading mission ...
20:45:35 No entry 'bin\config.bin/CfgMarkers.Third_Marker_3rdID'
20:45:35 Mission Zeus_Chernarus_TF.chernarus_summer read from bank.
20:45:35 Roles assigned.
20:45:35 Reading mission ...
20:45:35 No entry 'bin\config.bin/CfgMarkers.Third_Marker_3rdID'
20:45:35 Mission Zeus_Chernarus_TF.chernarus_summer read from bank.
20:45:35 Roles assigned.
20:45:35 Reading mission ...
20:45:35 No entry 'bin\config.bin/CfgMarkers.Third_Marker_3rdID'
20:45:35 Mission Zeus_Chernarus_TF.chernarus_summer read from bank.
20:45:36 Roles assigned.
20:45:36 Reading mission ...
20:45:36 No entry 'bin\config.bin/CfgMarkers.Third_Marker_3rdID'
20:45:36 Mission Zeus_Chernarus_TF.chernarus_summer read from bank.
20:45:36 Roles assigned.
20:45:36 Reading mission ...
20:45:36 No entry 'bin\config.bin/CfgMarkers.Third_Marker_3rdID'
20:45:36 Mission Zeus_Chernarus_TF.chernarus_summer read from bank.
20:45:36 Roles assigned.
20:45:36 Reading mission ...
20:45:36 No entry 'bin\config.bin/CfgMarkers.Third_Marker_3rdID'
20:45:36 Mission Zeus_Chernarus_TF.chernarus_summer read from bank.
20:45:36 Roles assigned.
20:45:36 Reading mission ...
20:45:36 No entry 'bin\config.bin/CfgMarkers.Third_Marker_3rdID'
20:45:36 Mission Zeus_Chernarus_TF.chernarus_summer read from bank.
20:45:36 Roles assigned.
20:45:36 Reading mission ...
20:45:36 No entry 'bin\config.bin/CfgMarkers.Third_Marker_3rdID'
20:45:36 Mission Zeus_Chernarus_TF.chernarus_summer read from bank.
20:45:36 Roles assigned.
20:45:36 Reading mission ...
20:45:36 No entry 'bin\config.bin/CfgMarkers.Third_Marker_3rdID'
20:45:36 Mission Zeus_Chernarus_TF.chernarus_summer read from bank.
20:45:36 Roles assigned.
20:45:36 Reading mission ...
20:45:36 No entry 'bin\config.bin/CfgMarkers.Third_Marker_3rdID'
20:45:37 Mission Zeus_Chernarus_TF.chernarus_summer read from bank.
20:45:37 Roles assigned.
20:45:37 Reading mission ...
20:45:37 No entry 'bin\config.bin/CfgMarkers.Third_Marker_3rdID'
20:45:37 Mission Zeus_Chernarus_TF.chernarus_summer read from bank.
20:45:37 Roles assigned.
20:45:37 Reading mission ...
20:45:37 No entry 'bin\config.bin/CfgMarkers.Third_Marker_3rdID'
20:45:37 Mission Zeus_Chernarus_TF.chernarus_summer read from bank.
20:45:37 Roles assigned.
20:45:37 Reading mission ...
20:45:37 No entry 'bin\config.bin/CfgMarkers.Third_Marker_3rdID'
20:45:37 Mission Zeus_Chernarus_TF.chernarus_summer read from bank.
20:45:37 Roles assigned.
20:45:37 Reading mission ...
20:45:37 No entry 'bin\config.bin/CfgMarkers.Third_Marker_3rdID'
20:45:37 Mission Zeus_Chernarus_TF.chernarus_summer read from bank.
20:45:37 Roles assigned.
20:45:37 Reading mission ...
20:45:37 No entry 'bin\config.bin/CfgMarkers.Third_Marker_3rdID'
20:45:37 Mission Zeus_Chernarus_TF.chernarus_summer read from bank.
20:45:37 Roles assigned.
20:45:37 Reading mission ...
20:45:37 No entry 'bin\config.bin/CfgMarkers.Third_Marker_3rdID'
20:45:37 Mission Zeus_Chernarus_TF.chernarus_summer read from bank.
20:45:37 Roles assigned.
20:45:38 Reading mission ...
20:45:38 No entry 'bin\config.bin/CfgMarkers.Third_Marker_3rdID'
20:45:38 Mission Zeus_Chernarus_TF.chernarus_summer read from bank.
20:45:38 Roles assigned.
20:45:38 Reading mission ...
20:45:38 No entry 'bin\config.bin/CfgMarkers.Third_Marker_3rdID'
20:45:38 Mission Zeus_Chernarus_TF.chernarus_summer read from bank.
20:45:38 Roles assigned.
20:45:38 Reading mission ...
20:45:38 No entry 'bin\config.bin/CfgMarkers.Third_Marker_3rdID'
20:45:38 Mission Zeus_Chernarus_TF.chernarus_summer read from bank.
20:45:38 Roles assigned.
20:45:38 Reading mission ...
20:45:38 No entry 'bin\config.bin/CfgMarkers.Third_Marker_3rdID'
20:45:38 Mission Zeus_Chernarus_TF.chernarus_summer read from bank.
20:45:38 Roles assigned.
20:45:38 Reading mission ...
20:45:38 No entry 'bin\config.bin/CfgMarkers.Third_Marker_3rdID'
20:45:38 Mission Zeus_Chernarus_TF.chernarus_summer read from bank.
20:45:38 Roles assigned.
20:45:38 Reading mission ...
20:45:38 No entry 'bin\config.bin/CfgMarkers.Third_Marker_3rdID'
20:45:38 Mission Zeus_Chernarus_TF.chernarus_summer read from bank.
20:45:38 Roles assigned.
20:45:38 Reading mission ...
20:45:38 No entry 'bin\config.bin/CfgMarkers.Third_Marker_3rdID'
20:45:38 Mission Zeus_Chernarus_TF.chernarus_summer read from bank.
20:45:39 Roles assigned.
20:45:39 Reading mission ...
20:45:39 No entry 'bin\config.bin/CfgMarkers.Third_Marker_3rdID'
20:45:39 Mission Zeus_Chernarus_TF.chernarus_summer read from bank.
20:45:39 Roles assigned.
20:45:39 Reading mission ...
20:45:39 No entry 'bin\config.bin/CfgMarkers.Third_Marker_3rdID'
20:45:39 Mission Zeus_Chernarus_TF.chernarus_summer read from bank.
20:45:39 Roles assigned.
20:45:39 Reading mission ...
20:45:39 No entry 'bin\config.bin/CfgMarkers.Third_Marker_3rdID'
20:45:39 Mission Zeus_Chernarus_TF.chernarus_summer read from bank.
20:45:39 Roles assigned.
20:45:39 Reading mission ...
20:45:39 No entry 'bin\config.bin/CfgMarkers.Third_Marker_3rdID'
20:45:39 Mission Zeus_Chernarus_TF.chernarus_summer read from bank.
20:45:39 Roles assigned.
20:45:39 Reading mission ...
20:45:39 No entry 'bin\config.bin/CfgMarkers.Third_Marker_3rdID'
20:45:39 Mission Zeus_Chernarus_TF.chernarus_summer read from bank.
20:45:39 Roles assigned.
20:45:39 Reading mission ...
20:45:39 No entry 'bin\config.bin/CfgMarkers.Third_Marker_3rdID'
20:45:39 Mission Zeus_Chernarus_TF.chernarus_summer read from bank.
20:45:39 Roles assigned.
20:45:39 Reading mission ...
20:45:39 No entry 'bin\config.bin/CfgMarkers.Third_Marker_3rdID'
20:45:39 Mission Zeus_Chernarus_TF.chernarus_summer read from bank.
20:45:40 Roles assigned.
20:45:40 Reading mission ...
20:45:40 No entry 'bin\config.bin/CfgMarkers.Third_Marker_3rdID'
20:45:40 Mission Zeus_Chernarus_TF.chernarus_summer read from bank.
20:45:40 Roles assigned.
20:45:40 Reading mission ...
20:45:40 No entry 'bin\config.bin/CfgMarkers.Third_Marker_3rdID'
20:45:40 Mission Zeus_Chernarus_TF.chernarus_summer read from bank.
20:45:40 Roles assigned.
20:45:40 Reading mission ...
20:45:40 No entry 'bin\config.bin/CfgMarkers.Third_Marker_3rdID'
20:45:40 Mission Zeus_Chernarus_TF.chernarus_summer read from bank.
20:45:40 Roles assigned.
20:45:40 Reading mission ...
20:45:40 No entry 'bin\config.bin/CfgMarkers.Third_Marker_3rdID'
20:45:40 Mission Zeus_Chernarus_TF.chernarus_summer read from bank.
20:45:40 Roles assigned.
20:45:40 Reading mission ...
20:45:40 No entry 'bin\config.bin/CfgMarkers.Third_Marker_3rdID'
20:45:40 Mission Zeus_Chernarus_TF.chernarus_summer read from bank.
20:45:40 Roles assigned.
20:45:40 Reading mission ...
20:45:40 No entry 'bin\config.bin/CfgMarkers.Third_Marker_3rdID'
20:45:40 Mission Zeus_Chernarus_TF.chernarus_summer read from bank.
20:45:40 Roles assigned.
20:45:40 Reading mission ...
20:45:40 No entry 'bin\config.bin/CfgMarkers.Third_Marker_3rdID'
20:45:40 Mission Zeus_Chernarus_TF.chernarus_summer read from bank.
20:45:41 Roles assigned.
20:45:41 Reading mission ...
20:45:41 No entry 'bin\config.bin/CfgMarkers.Third_Marker_3rdID'
20:45:41 Mission Zeus_Chernarus_TF.chernarus_summer read from bank.
20:45:41 Roles assigned.
20:45:41 Reading mission ...
20:45:41 No entry 'bin\config.bin/CfgMarkers.Third_Marker_3rdID'
20:45:41 Mission Zeus_Chernarus_TF.chernarus_summer read from bank.
20:45:41 Roles assigned.
20:45:41 Reading mission ...
20:45:41 No entry 'bin\config.bin/CfgMarkers.Third_Marker_3rdID'
20:45:41 Mission Zeus_Chernarus_TF.chernarus_summer read from bank.
20:45:41 Roles assigned.
20:45:41 Reading mission ...
20:45:41 No entry 'bin\config.bin/CfgMarkers.Third_Marker_3rdID'
20:45:41 Mission Zeus_Chernarus_TF.chernarus_summer read from bank.
20:45:41 Roles assigned.
20:45:41 Reading mission ...
20:45:41 No entry 'bin\config.bin/CfgMarkers.Third_Marker_3rdID'
20:45:41 Mission Zeus_Chernarus_TF.chernarus_summer read from bank.
20:45:41 Roles assigned.
20:45:41 Reading mission ...
20:45:41 No entry 'bin\config.bin/CfgMarkers.Third_Marker_3rdID'
20:45:41 Mission Zeus_Chernarus_TF.chernarus_summer read from bank.
20:45:41 Roles assigned.
20:45:41 Reading mission ...
20:45:41 No entry 'bin\config.bin/CfgMarkers.Third_Marker_3rdID'
20:45:41 Mission Zeus_Chernarus_TF.chernarus_summer read from bank.
20:45:42 Roles assigned.
20:45:42 Reading mission ...
20:45:42 No entry 'bin\config.bin/CfgMarkers.Third_Marker_3rdID'
20:45:42 Mission Zeus_Chernarus_TF.chernarus_summer read from bank.
20:45:42 Roles assigned.
20:45:42 Reading mission ...
20:45:42 No entry 'bin\config.bin/CfgMarkers.Third_Marker_3rdID'
20:45:42 Mission Zeus_Chernarus_TF.chernarus_summer read from bank.
20:45:42 Roles assigned.
20:45:42 Reading mission ...
20:45:42 No entry 'bin\config.bin/CfgMarkers.Third_Marker_3rdID'
20:45:42 Mission Zeus_Chernarus_TF.chernarus_summer read from bank.
20:45:42 Roles assigned.
20:45:42 Reading mission ...
20:45:42 No entry 'bin\config.bin/CfgMarkers.Third_Marker_3rdID'
20:45:42 Mission Zeus_Chernarus_TF.chernarus_summer read from bank.
20:45:42 Roles assigned.
20:45:42 Reading mission ...
20:45:42 No entry 'bin\config.bin/CfgMarkers.Third_Marker_3rdID'
20:45:42 Mission Zeus_Chernarus_TF.chernarus_summer read from bank.
20:45:42 Roles assigned.
20:45:42 Reading mission ...
20:45:42 No entry 'bin\config.bin/CfgMarkers.Third_Marker_3rdID'
20:45:42 Mission Zeus_Chernarus_TF.chernarus_summer read from bank.
20:45:42 Roles assigned.
20:45:42 Reading mission ...
20:45:42 No entry 'bin\config.bin/CfgMarkers.Third_Marker_3rdID'
20:45:43 Mission Zeus_Chernarus_TF.chernarus_summer read from bank.
20:45:43 Roles assigned.
20:45:43 Reading mission ...
20:45:43 No entry 'bin\config.bin/CfgMarkers.Third_Marker_3rdID'
20:45:43 Mission Zeus_Chernarus_TF.chernarus_summer read from bank.
20:45:43 Roles assigned.
20:45:43 Reading mission ...
20:45:43 No entry 'bin\config.bin/CfgMarkers.Third_Marker_3rdID'
20:45:43 Mission Zeus_Chernarus_TF.chernarus_summer read from bank.
20:45:43 Roles assigned.
20:45:43 Reading mission ...
20:45:43 No entry 'bin\config.bin/CfgMarkers.Third_Marker_3rdID'
20:45:43 Mission Zeus_Chernarus_TF.chernarus_summer read from bank.
20:45:43 Roles assigned.
20:45:43 Reading mission ...
20:45:43 No entry 'bin\config.bin/CfgMarkers.Third_Marker_3rdID'
20:45:43 Mission Zeus_Chernarus_TF.chernarus_summer read from bank.
20:45:43 Roles assigned.
20:45:43 Reading mission ...
20:45:43 No entry 'bin\config.bin/CfgMarkers.Third_Marker_3rdID'
20:45:43 Mission Zeus_Chernarus_TF.chernarus_summer read from bank.
20:45:43 Roles assigned.
20:45:43 Reading mission ...
20:45:43 No entry 'bin\config.bin/CfgMarkers.Third_Marker_3rdID'
20:45:43 Mission Zeus_Chernarus_TF.chernarus_summer read from bank.
20:45:43 Roles assigned.
20:45:44 Reading mission ...
20:45:44 No entry 'bin\config.bin/CfgMarkers.Third_Marker_3rdID'
20:45:44 Mission Zeus_Chernarus_TF.chernarus_summer read from bank.
20:45:44 Roles assigned.
20:45:44 Reading mission ...
20:45:44 No entry 'bin\config.bin/CfgMarkers.Third_Marker_3rdID'
20:45:44 Mission Zeus_Chernarus_TF.chernarus_summer read from bank.
20:45:44 Roles assigned.
20:45:44 Reading mission ...
20:45:44 No entry 'bin\config.bin/CfgMarkers.Third_Marker_3rdID'
20:45:44 Mission Zeus_Chernarus_TF.chernarus_summer read from bank.
20:45:44 Roles assigned.
20:45:44 Reading mission ...
20:45:44 No entry 'bin\config.bin/CfgMarkers.Third_Marker_3rdID'
20:45:44 Mission Zeus_Chernarus_TF.chernarus_summer read from bank.
20:45:44 Roles assigned.
20:45:44 Reading mission ...
20:45:44 No entry 'bin\config.bin/CfgMarkers.Third_Marker_3rdID'
20:45:44 Mission Zeus_Chernarus_TF.chernarus_summer read from bank.
20:45:44 Roles assigned.
20:45:44 Reading mission ...
20:45:44 No entry 'bin\config.bin/CfgMarkers.Third_Marker_3rdID'
20:45:44 Mission Zeus_Chernarus_TF.chernarus_summer read from bank.
20:45:44 Roles assigned.
20:45:44 Reading mission ...
20:45:44 No entry 'bin\config.bin/CfgMarkers.Third_Marker_3rdID'
20:45:44 Mission Zeus_Chernarus_TF.chernarus_summer read from bank.
20:45:45 Roles assigned.
20:45:45 Reading mission ...
20:45:45 No entry 'bin\config.bin/CfgMarkers.Third_Marker_3rdID'
20:45:45 Mission Zeus_Chernarus_TF.chernarus_summer read from bank.
20:45:45 Roles assigned.
20:45:45 Reading mission ...
20:45:45 No entry 'bin\config.bin/CfgMarkers.Third_Marker_3rdID'
20:45:45 Mission Zeus_Chernarus_TF.chernarus_summer read from bank.
20:45:45 Roles assigned.
20:45:45 Reading mission ...
20:45:45 No entry 'bin\config.bin/CfgMarkers.Third_Marker_3rdID'
20:45:45 Mission Zeus_Chernarus_TF.chernarus_summer read from bank.
20:45:45 Roles assigned.
20:45:45 Reading mission ...
20:45:45 No entry 'bin\config.bin/CfgMarkers.Third_Marker_3rdID'
20:45:45 Mission Zeus_Chernarus_TF.chernarus_summer read from bank.
20:45:45 Roles assigned.
20:45:45 Reading mission ...
20:45:45 No entry 'bin\config.bin/CfgMarkers.Third_Marker_3rdID'
20:45:45 Mission Zeus_Chernarus_TF.chernarus_summer read from bank.
20:45:45 Roles assigned.
20:45:45 Reading mission ...
20:45:45 No entry 'bin\config.bin/CfgMarkers.Third_Marker_3rdID'
20:45:45 Mission Zeus_Chernarus_TF.chernarus_summer read from bank.
20:45:45 Roles assigned.
20:45:45 Reading mission ...
20:45:45 No entry 'bin\config.bin/CfgMarkers.Third_Marker_3rdID'
20:45:45 Mission Zeus_Chernarus_TF.chernarus_summer read from bank.
20:45:46 Roles assigned.
20:45:46 Reading mission ...
20:45:46 No entry 'bin\config.bin/CfgMarkers.Third_Marker_3rdID'
20:45:46 Mission Zeus_Chernarus_TF.chernarus_summer read from bank.
20:45:46 Roles assigned.
20:45:46 Reading mission ...
20:45:46 No entry 'bin\config.bin/CfgMarkers.Third_Marker_3rdID'
20:45:46 Mission Zeus_Chernarus_TF.chernarus_summer read from bank.
20:45:46 Roles assigned.
20:45:46 Reading mission ...
20:45:46 No entry 'bin\config.bin/CfgMarkers.Third_Marker_3rdID'
20:45:46 Mission Zeus_Chernarus_TF.chernarus_summer read from bank.
20:45:46 Roles assigned.
20:45:46 Reading mission ...
20:45:46 No entry 'bin\config.bin/CfgMarkers.Third_Marker_3rdID'
20:45:46 Mission Zeus_Chernarus_TF.chernarus_summer read from bank.
20:45:46 Roles assigned.
20:45:46 Reading mission ...
20:45:46 No entry 'bin\config.bin/CfgMarkers.Third_Marker_3rdID'
20:45:46 Mission Zeus_Chernarus_TF.chernarus_summer read from bank.
20:45:46 Roles assigned.
20:45:46 Reading mission ...
20:45:46 No entry 'bin\config.bin/CfgMarkers.Third_Marker_3rdID'
20:45:46 Mission Zeus_Chernarus_TF.chernarus_summer read from bank.
20:45:46 Roles assigned.
20:45:46 Reading mission ...
20:45:46 No entry 'bin\config.bin/CfgMarkers.Third_Marker_3rdID'
20:45:46 Mission Zeus_Chernarus_TF.chernarus_summer read from bank.
20:45:47 Roles assigned.
20:45:47 Reading mission ...
20:45:47 No entry 'bin\config.bin/CfgMarkers.Third_Marker_3rdID'
20:45:47 Mission Zeus_Chernarus_TF.chernarus_summer read from bank.
20:45:47 Roles assigned.
20:45:47 Reading mission ...
20:45:47 No entry 'bin\config.bin/CfgMarkers.Third_Marker_3rdID'
20:45:47 Mission Zeus_Chernarus_TF.chernarus_summer read from bank.
20:45:47 Roles assigned.
20:45:47 Reading mission ...
20:45:47 No entry 'bin\config.bin/CfgMarkers.Third_Marker_3rdID'
20:45:47 Mission Zeus_Chernarus_TF.chernarus_summer read from bank.
20:45:47 Roles assigned.
20:45:47 Reading mission ...
20:45:47 No entry 'bin\config.bin/CfgMarkers.Third_Marker_3rdID'
20:45:47 Mission Zeus_Chernarus_TF.chernarus_summer read from bank.
20:45:47 Roles assigned.
20:45:47 Reading mission ...
20:45:47 No entry 'bin\config.bin/CfgMarkers.Third_Marker_3rdID'
20:45:47 Mission Zeus_Chernarus_TF.chernarus_summer read from bank.
20:45:47 Roles assigned.
20:45:47 Reading mission ...
20:45:47 No entry 'bin\config.bin/CfgMarkers.Third_Marker_3rdID'
20:45:47 Mission Zeus_Chernarus_TF.chernarus_summer read from bank.
20:45:47 Roles assigned.
20:45:47 Reading mission ...
20:45:47 No entry 'bin\config.bin/CfgMarkers.Third_Marker_3rdID'
20:45:47 Mission Zeus_Chernarus_TF.chernarus_summer read from bank.
20:45:48 Roles assigned.
20:45:48 Reading mission ...
20:45:48 No entry 'bin\config.bin/CfgMarkers.Third_Marker_3rdID'
20:45:48 Mission Zeus_Chernarus_TF.chernarus_summer read from bank.
20:45:48 Roles assigned.
20:45:48 Reading mission ...
20:45:48 No entry 'bin\config.bin/CfgMarkers.Third_Marker_3rdID'
20:45:48 Mission Zeus_Chernarus_TF.chernarus_summer read from bank.
20:45:48 Roles assigned.
20:45:48 Reading mission ...
20:45:48 No entry 'bin\config.bin/CfgMarkers.Third_Marker_3rdID'
20:45:48 Mission Zeus_Chernarus_TF.chernarus_summer read from bank.
20:45:48 Roles assigned.
20:45:48 Reading mission ...
20:45:48 No entry 'bin\config.bin/CfgMarkers.Third_Marker_3rdID'
20:45:48 Mission Zeus_Chernarus_TF.chernarus_summer read from bank.
20:45:48 Roles assigned.
20:45:48 Reading mission ...
20:45:48 No entry 'bin\config.bin/CfgMarkers.Third_Marker_3rdID'
20:45:48 Mission Zeus_Chernarus_TF.chernarus_summer read from bank.
20:45:48 Roles assigned.
20:45:48 Reading mission ...
20:45:48 No entry 'bin\config.bin/CfgMarkers.Third_Marker_3rdID'
20:45:48 Mission Zeus_Chernarus_TF.chernarus_summer read from bank.
20:45:49 Roles assigned.
20:45:49 Reading mission ...
20:45:49 No entry 'bin\config.bin/CfgMarkers.Third_Marker_3rdID'
20:45:49 Mission Zeus_Chernarus_TF.chernarus_summer read from bank.
20:45:49 Roles assigned.
20:45:49 Reading mission ...
20:45:49 No entry 'bin\config.bin/CfgMarkers.Third_Marker_3rdID'
20:45:49 Mission Zeus_Chernarus_TF.chernarus_summer read from bank.
20:45:49 Roles assigned.
20:45:49 Reading mission ...
20:45:49 No entry 'bin\config.bin/CfgMarkers.Third_Marker_3rdID'
20:45:49 Mission Zeus_Chernarus_TF.chernarus_summer read from bank.
20:45:49 Roles assigned.
20:45:49 Reading mission ...
20:45:49 No entry 'bin\config.bin/CfgMarkers.Third_Marker_3rdID'
20:45:49 Mission Zeus_Chernarus_TF.chernarus_summer read from bank.
20:45:49 Roles assigned.
20:45:49 Reading mission ...
20:45:49 No entry 'bin\config.bin/CfgMarkers.Third_Marker_3rdID'
20:45:49 Mission Zeus_Chernarus_TF.chernarus_summer read from bank.
20:45:49 Roles assigned.
20:45:49 Reading mission ...
20:45:49 No entry 'bin\config.bin/CfgMarkers.Third_Marker_3rdID'
20:45:49 Mission Zeus_Chernarus_TF.chernarus_summer read from bank.
20:45:49 Roles assigned.
20:45:49 Reading mission ...
20:45:49 No entry 'bin\config.bin/CfgMarkers.Third_Marker_3rdID'
20:45:49 Mission Zeus_Chernarus_TF.chernarus_summer read from bank.
20:45:50 Roles assigned.
20:45:50 Reading mission ...
20:45:50 No entry 'bin\config.bin/CfgMarkers.Third_Marker_3rdID'
20:45:50 Mission Zeus_Chernarus_TF.chernarus_summer read from bank.
20:45:50 Roles assigned.
20:45:50 Reading mission ...
20:45:50 No entry 'bin\config.bin/CfgMarkers.Third_Marker_3rdID'
20:45:50 Mission Zeus_Chernarus_TF.chernarus_summer read from bank.
20:45:50 Roles assigned.
20:45:50 Reading mission ...
20:45:50 No entry 'bin\config.bin/CfgMarkers.Third_Marker_3rdID'
20:45:50 Mission Zeus_Chernarus_TF.chernarus_summer read from bank.
20:45:50 Roles assigned.
20:45:50 Reading mission ...
20:45:50 No entry 'bin\config.bin/CfgMarkers.Third_Marker_3rdID'
20:45:50 Mission Zeus_Chernarus_TF.chernarus_summer read from bank.
20:45:50 Roles assigned.
20:45:50 Reading mission ...
20:45:50 No entry 'bin\config.bin/CfgMarkers.Third_Marker_3rdID'
20:45:50 Mission Zeus_Chernarus_TF.chernarus_summer read from bank.
20:45:50 Roles assigned.
20:45:50 Reading mission ...
20:45:50 No entry 'bin\config.bin/CfgMarkers.Third_Marker_3rdID'
20:45:50 Mission Zeus_Chernarus_TF.chernarus_summer read from bank.
20:45:50 Roles assigned.
20:45:50 Reading mission ...
20:45:50 No entry 'bin\config.bin/CfgMarkers.Third_Marker_3rdID'
20:45:50 Mission Zeus_Chernarus_TF.chernarus_summer read from bank.
20:45:51 Roles assigned.
20:45:51 Reading mission ...
20:45:51 No entry 'bin\config.bin/CfgMarkers.Third_Marker_3rdID'
20:45:51 Mission Zeus_Chernarus_TF.chernarus_summer read from bank.
20:45:51 Roles assigned.
20:45:51 Reading mission ...
20:45:51 No entry 'bin\config.bin/CfgMarkers.Third_Marker_3rdID'
20:45:51 Mission Zeus_Chernarus_TF.chernarus_summer read from bank.
20:45:51 Roles assigned.
20:45:51 Reading mission ...
20:45:51 No entry 'bin\config.bin/CfgMarkers.Third_Marker_3rdID'
20:45:51 Mission Zeus_Chernarus_TF.chernarus_summer read from bank.
20:45:51 Roles assigned.
20:45:51 Reading mission ...
20:45:51 No entry 'bin\config.bin/CfgMarkers.Third_Marker_3rdID'
20:45:51 Mission Zeus_Chernarus_TF.chernarus_summer read from bank.
20:45:51 Roles assigned.
20:45:51 Reading mission ...
20:45:51 No entry 'bin\config.bin/CfgMarkers.Third_Marker_3rdID'
20:45:51 Mission Zeus_Chernarus_TF.chernarus_summer read from bank.
20:45:51 Roles assigned.
20:45:51 Reading mission ...
20:45:51 No entry 'bin\config.bin/CfgMarkers.Third_Marker_3rdID'
20:45:51 Mission Zeus_Chernarus_TF.chernarus_summer read from bank.
20:45:51 Roles assigned.
20:45:51 Reading mission ...
20:45:51 No entry 'bin\config.bin/CfgMarkers.Third_Marker_3rdID'
20:45:52 Mission Zeus_Chernarus_TF.chernarus_summer read from bank.
20:45:52 Roles assigned.
20:45:52 Reading mission ...
20:45:52 No entry 'bin\config.bin/CfgMarkers.Third_Marker_3rdID'
20:45:52 Mission Zeus_Chernarus_TF.chernarus_summer read from bank.
20:45:52 Roles assigned.
20:45:52 Reading mission ...
20:45:52 No entry 'bin\config.bin/CfgMarkers.Third_Marker_3rdID'
20:45:52 Mission Zeus_Chernarus_TF.chernarus_summer read from bank.
20:45:52 Roles assigned.
20:45:52 Reading mission ...
20:45:52 No entry 'bin\config.bin/CfgMarkers.Third_Marker_3rdID'
20:45:52 Mission Zeus_Chernarus_TF.chernarus_summer read from bank.
20:45:52 Roles assigned.
20:45:52 Reading mission ...
20:45:52 No entry 'bin\config.bin/CfgMarkers.Third_Marker_3rdID'
20:45:52 Mission Zeus_Chernarus_TF.chernarus_summer read from bank.
20:45:52 Roles assigned.
20:45:52 Reading mission ...
20:45:52 No entry 'bin\config.bin/CfgMarkers.Third_Marker_3rdID'
20:45:52 Mission Zeus_Chernarus_TF.chernarus_summer read from bank.
20:45:52 Roles assigned.
20:45:52 Reading mission ...
20:45:52 No entry 'bin\config.bin/CfgMarkers.Third_Marker_3rdID'
20:45:52 Mission Zeus_Chernarus_TF.chernarus_summer read from bank.
20:45:52 Roles assigned.
20:45:53 Reading mission ...
20:45:53 No entry 'bin\config.bin/CfgMarkers.Third_Marker_3rdID'
20:45:53 Mission Zeus_Chernarus_TF.chernarus_summer read from bank.
20:45:53 Roles assigned.
20:45:53 Reading mission ...
20:45:53 No entry 'bin\config.bin/CfgMarkers.Third_Marker_3rdID'
20:45:53 Mission Zeus_Chernarus_TF.chernarus_summer read from bank.
20:45:53 Roles assigned.
20:45:53 Reading mission ...
20:45:53 No entry 'bin\config.bin/CfgMarkers.Third_Marker_3rdID'
20:45:53 Mission Zeus_Chernarus_TF.chernarus_summer read from bank.
20:45:53 Roles assigned.
20:45:53 Reading mission ...
20:45:53 No entry 'bin\config.bin/CfgMarkers.Third_Marker_3rdID'
20:45:53 Mission Zeus_Chernarus_TF.chernarus_summer read from bank.
20:45:53 Roles assigned.
20:45:53 Reading mission ...
20:45:53 No entry 'bin\config.bin/CfgMarkers.Third_Marker_3rdID'
20:45:53 Mission Zeus_Chernarus_TF.chernarus_summer read from bank.
20:45:53 Roles assigned.
20:45:53 Reading mission ...
20:45:53 No entry 'bin\config.bin/CfgMarkers.Third_Marker_3rdID'
20:45:53 Mission Zeus_Chernarus_TF.chernarus_summer read from bank.
20:45:53 Roles assigned.
20:45:53 Reading mission ...
20:45:53 No entry 'bin\config.bin/CfgMarkers.Third_Marker_3rdID'
20:45:53 Mission Zeus_Chernarus_TF.chernarus_summer read from bank.
20:45:54 Roles assigned.
20:45:54 Reading mission ...
20:45:54 No entry 'bin\config.bin/CfgMarkers.Third_Marker_3rdID'
20:45:54 Mission Zeus_Chernarus_TF.chernarus_summer read from bank.
20:45:54 Roles assigned.
20:45:54 Reading mission ...
20:45:54 No entry 'bin\config.bin/CfgMarkers.Third_Marker_3rdID'
20:45:54 Mission Zeus_Chernarus_TF.chernarus_summer read from bank.
20:45:54 Roles assigned.
20:45:54 Reading mission ...
20:45:54 No entry 'bin\config.bin/CfgMarkers.Third_Marker_3rdID'
20:45:54 Mission Zeus_Chernarus_TF.chernarus_summer read from bank.
20:45:54 Roles assigned.
20:45:54 Reading mission ...
20:45:54 No entry 'bin\config.bin/CfgMarkers.Third_Marker_3rdID'
20:45:54 Mission Zeus_Chernarus_TF.chernarus_summer read from bank.
20:45:54 Roles assigned.
20:45:54 Reading mission ...
20:45:54 No entry 'bin\config.bin/CfgMarkers.Third_Marker_3rdID'
20:45:54 Mission Zeus_Chernarus_TF.chernarus_summer read from bank.
20:45:54 Roles assigned.
20:45:54 Reading mission ...
20:45:54 No entry 'bin\config.bin/CfgMarkers.Third_Marker_3rdID'
20:45:54 Mission Zeus_Chernarus_TF.chernarus_summer read from bank.
20:45:54 Roles assigned.
20:45:54 Reading mission ...
20:45:54 No entry 'bin\config.bin/CfgMarkers.Third_Marker_3rdID'
20:45:54 Mission Zeus_Chernarus_TF.chernarus_summer read from bank.
20:45:55 Roles assigned.
20:45:55 Reading mission ...
20:45:55 No entry 'bin\config.bin/CfgMarkers.Third_Marker_3rdID'
20:45:55 Mission Zeus_Chernarus_TF.chernarus_summer read from bank.
20:45:55 Roles assigned.
20:45:55 Reading mission ...
20:45:55 No entry 'bin\config.bin/CfgMarkers.Third_Marker_3rdID'
20:45:55 Mission Zeus_Chernarus_TF.chernarus_summer read from bank.
20:45:55 Roles assigned.
20:45:55 Reading mission ...
20:45:55 No entry 'bin\config.bin/CfgMarkers.Third_Marker_3rdID'
20:45:55 Mission Zeus_Chernarus_TF.chernarus_summer read from bank.
20:45:55 Roles assigned.
20:45:55 Reading mission ...
20:45:55 No entry 'bin\config.bin/CfgMarkers.Third_Marker_3rdID'
20:45:55 Mission Zeus_Chernarus_TF.chernarus_summer read from bank.
20:45:55 Roles assigned.
20:45:55 Reading mission ...
20:45:55 No entry 'bin\config.bin/CfgMarkers.Third_Marker_3rdID'
20:45:55 Mission Zeus_Chernarus_TF.chernarus_summer read from bank.
20:45:55 Roles assigned.
20:45:55 Reading mission ...
20:45:55 No entry 'bin\config.bin/CfgMarkers.Third_Marker_3rdID'
20:45:55 Mission Zeus_Chernarus_TF.chernarus_summer read from bank.
20:45:55 Roles assigned.
20:45:55 Reading mission ...
20:45:55 No entry 'bin\config.bin/CfgMarkers.Third_Marker_3rdID'
20:45:55 Mission Zeus_Chernarus_TF.chernarus_summer read from bank.
20:45:56 Roles assigned.
20:45:56 Reading mission ...
20:45:56 No entry 'bin\config.bin/CfgMarkers.Third_Marker_3rdID'
20:45:56 Mission Zeus_Chernarus_TF.chernarus_summer read from bank.
20:45:56 Roles assigned.
20:45:56 Reading mission ...
20:45:56 No entry 'bin\config.bin/CfgMarkers.Third_Marker_3rdID'
20:45:56 Mission Zeus_Chernarus_TF.chernarus_summer read from bank.
20:45:56 Roles assigned.
20:45:56 Reading mission ...
20:45:56 No entry 'bin\config.bin/CfgMarkers.Third_Marker_3rdID'
20:45:56 Mission Zeus_Chernarus_TF.chernarus_summer read from bank.
20:45:56 Roles assigned.
20:45:56 Reading mission ...
20:45:56 No entry 'bin\config.bin/CfgMarkers.Third_Marker_3rdID'
20:45:56 Mission Zeus_Chernarus_TF.chernarus_summer read from bank.
20:45:56 Roles assigned.
20:45:56 Reading mission ...
20:45:56 No entry 'bin\config.bin/CfgMarkers.Third_Marker_3rdID'
20:45:56 Mission Zeus_Chernarus_TF.chernarus_summer read from bank.
20:45:56 Roles assigned.
20:45:56 Reading mission ...
20:45:56 No entry 'bin\config.bin/CfgMarkers.Third_Marker_3rdID'
20:45:56 Mission Zeus_Chernarus_TF.chernarus_summer read from bank.
20:45:56 Roles assigned.
20:45:56 Reading mission ...
20:45:56 No entry 'bin\config.bin/CfgMarkers.Third_Marker_3rdID'
20:45:57 Mission Zeus_Chernarus_TF.chernarus_summer read from bank.
20:45:57 Roles assigned.
20:45:57 Reading mission ...
20:45:57 No entry 'bin\config.bin/CfgMarkers.Third_Marker_3rdID'
20:45:57 Mission Zeus_Chernarus_TF.chernarus_summer read from bank.
20:45:57 Roles assigned.
20:45:57 Reading mission ...
20:45:57 No entry 'bin\config.bin/CfgMarkers.Third_Marker_3rdID'
20:45:57 Mission Zeus_Chernarus_TF.chernarus_summer read from bank.
20:45:57 Roles assigned.
20:45:57 Reading mission ...
20:45:57 No entry 'bin\config.bin/CfgMarkers.Third_Marker_3rdID'
20:45:57 Mission Zeus_Chernarus_TF.chernarus_summer read from bank.
20:45:57 Roles assigned.
20:45:57 Reading mission ...
20:45:57 No entry 'bin\config.bin/CfgMarkers.Third_Marker_3rdID'
20:45:57 Mission Zeus_Chernarus_TF.chernarus_summer read from bank.
20:45:57 Roles assigned.
20:45:57 Reading mission ...
20:45:57 No entry 'bin\config.bin/CfgMarkers.Third_Marker_3rdID'
20:45:57 Mission Zeus_Chernarus_TF.chernarus_summer read from bank.
20:45:57 Roles assigned.
20:45:57 Reading mission ...
20:45:57 No entry 'bin\config.bin/CfgMarkers.Third_Marker_3rdID'
20:45:57 Mission Zeus_Chernarus_TF.chernarus_summer read from bank.
20:45:57 Roles assigned.
20:45:57 Reading mission ...
20:45:57 No entry 'bin\config.bin/CfgMarkers.Third_Marker_3rdID'
20:45:58 Mission Zeus_Chernarus_TF.chernarus_summer read from bank.
20:45:58 Roles assigned.
20:45:58 Reading mission ...
20:45:58 No entry 'bin\config.bin/CfgMarkers.Third_Marker_3rdID'
20:45:58 Mission Zeus_Chernarus_TF.chernarus_summer read from bank.
20:45:58 Roles assigned.
20:45:58 Reading mission ...
20:45:58 No entry 'bin\config.bin/CfgMarkers.Third_Marker_3rdID'
20:45:58 Mission Zeus_Chernarus_TF.chernarus_summer read from bank.
20:45:58 Roles assigned.
20:45:58 Reading mission ...
20:45:58 No entry 'bin\config.bin/CfgMarkers.Third_Marker_3rdID'
20:45:58 Mission Zeus_Chernarus_TF.chernarus_summer read from bank.
20:45:58 Roles assigned.
20:45:58 Reading mission ...
20:45:58 No entry 'bin\config.bin/CfgMarkers.Third_Marker_3rdID'
20:45:58 Mission Zeus_Chernarus_TF.chernarus_summer read from bank.
20:45:58 Roles assigned.
20:45:58 Reading mission ...
20:45:58 No entry 'bin\config.bin/CfgMarkers.Third_Marker_3rdID'
20:45:58 Mission Zeus_Chernarus_TF.chernarus_summer read from bank.
20:45:58 Roles assigned.
20:45:58 Reading mission ...
20:45:58 No entry 'bin\config.bin/CfgMarkers.Third_Marker_3rdID'
20:45:58 Mission Zeus_Chernarus_TF.chernarus_summer read from bank.
20:45:58 Roles assigned.
20:45:59 Reading mission ...
20:45:59 No entry 'bin\config.bin/CfgMarkers.Third_Marker_3rdID'
20:45:59 Mission Zeus_Chernarus_TF.chernarus_summer read from bank.
20:45:59 Roles assigned.
20:45:59 Reading mission ...
20:45:59 No entry 'bin\config.bin/CfgMarkers.Third_Marker_3rdID'
20:45:59 Mission Zeus_Chernarus_TF.chernarus_summer read from bank.
20:45:59 Roles assigned.
20:45:59 Reading mission ...
20:45:59 No entry 'bin\config.bin/CfgMarkers.Third_Marker_3rdID'
20:45:59 Mission Zeus_Chernarus_TF.chernarus_summer read from bank.
20:45:59 Roles assigned.
20:45:59 Reading mission ...
20:45:59 No entry 'bin\config.bin/CfgMarkers.Third_Marker_3rdID'
20:45:59 Mission Zeus_Chernarus_TF.chernarus_summer read from bank.
20:45:59 Roles assigned.
20:45:59 Reading mission ...
20:45:59 No entry 'bin\config.bin/CfgMarkers.Third_Marker_3rdID'
20:45:59 Mission Zeus_Chernarus_TF.chernarus_summer read from bank.
20:45:59 Roles assigned.
20:45:59 Reading mission ...
20:45:59 No entry 'bin\config.bin/CfgMarkers.Third_Marker_3rdID'
20:45:59 Mission Zeus_Chernarus_TF.chernarus_summer read from bank.
20:45:59 Roles assigned.
20:45:59 Reading mission ...
20:45:59 No entry 'bin\config.bin/CfgMarkers.Third_Marker_3rdID'
20:45:59 Mission Zeus_Chernarus_TF.chernarus_summer read from bank.
20:46:00 Roles assigned.
20:46:00 Reading mission ...
20:46:00 No entry 'bin\config.bin/CfgMarkers.Third_Marker_3rdID'
20:46:00 Mission Zeus_Chernarus_TF.chernarus_summer read from bank.
20:46:00 Roles assigned.
20:46:00 Reading mission ...
20:46:00 No entry 'bin\config.bin/CfgMarkers.Third_Marker_3rdID'
20:46:00 Mission Zeus_Chernarus_TF.chernarus_summer read from bank.
20:46:00 Roles assigned.
20:46:00 Reading mission ...
20:46:00 No entry 'bin\config.bin/CfgMarkers.Third_Marker_3rdID'
20:46:00 Mission Zeus_Chernarus_TF.chernarus_summer read from bank.
20:46:00 Roles assigned.
20:46:00 Reading mission ...
20:46:00 No entry 'bin\config.bin/CfgMarkers.Third_Marker_3rdID'
20:46:00 Mission Zeus_Chernarus_TF.chernarus_summer read from bank.
20:46:00 Roles assigned.
20:46:00 Reading mission ...
20:46:00 No entry 'bin\config.bin/CfgMarkers.Third_Marker_3rdID'
20:46:00 Mission Zeus_Chernarus_TF.chernarus_summer read from bank.
20:46:00 Roles assigned.
20:46:00 Reading mission ...
20:46:00 No entry 'bin\config.bin/CfgMarkers.Third_Marker_3rdID'
20:46:00 Mission Zeus_Chernarus_TF.chernarus_summer read from bank.
20:46:00 Roles assigned.
20:46:00 Reading mission ...
20:46:00 No entry 'bin\config.bin/CfgMarkers.Third_Marker_3rdID'
20:46:00 Mission Zeus_Chernarus_TF.chernarus_summer read from bank.
20:46:01 Roles assigned.
20:46:01 Reading mission ...
20:46:01 No entry 'bin\config.bin/CfgMarkers.Third_Marker_3rdID'
20:46:01 Mission Zeus_Chernarus_TF.chernarus_summer read from bank.
20:46:01 Roles assigned.
20:46:01 Reading mission ...
20:46:01 No entry 'bin\config.bin/CfgMarkers.Third_Marker_3rdID'
20:46:01 Mission Zeus_Chernarus_TF.chernarus_summer read from bank.
20:46:01 Roles assigned.
20:46:01 Reading mission ...
20:46:01 No entry 'bin\config.bin/CfgMarkers.Third_Marker_3rdID'
20:46:01 Mission Zeus_Chernarus_TF.chernarus_summer read from bank.
20:46:01 Roles assigned.
20:46:01 Reading mission ...
20:46:01 No entry 'bin\config.bin/CfgMarkers.Third_Marker_3rdID'
20:46:01 Mission Zeus_Chernarus_TF.chernarus_summer read from bank.
20:46:01 Roles assigned.
20:46:01 Reading mission ...
20:46:01 No entry 'bin\config.bin/CfgMarkers.Third_Marker_3rdID'
20:46:01 Mission Zeus_Chernarus_TF.chernarus_summer read from bank.
20:46:01 Roles assigned.
20:46:01 Reading mission ...
20:46:01 No entry 'bin\config.bin/CfgMarkers.Third_Marker_3rdID'
20:46:01 Mission Zeus_Chernarus_TF.chernarus_summer read from bank.
20:46:01 Roles assigned.
20:46:01 Reading mission ...
20:46:01 No entry 'bin\config.bin/CfgMarkers.Third_Marker_3rdID'
20:46:01 Mission Zeus_Chernarus_TF.chernarus_summer read from bank.
20:46:02 Roles assigned.
20:46:02 Reading mission ...
20:46:02 No entry 'bin\config.bin/CfgMarkers.Third_Marker_3rdID'
20:46:02 Mission Zeus_Chernarus_TF.chernarus_summer read from bank.
20:46:02 Roles assigned.
20:46:02 Reading mission ...
20:46:02 No entry 'bin\config.bin/CfgMarkers.Third_Marker_3rdID'
20:46:02 Mission Zeus_Chernarus_TF.chernarus_summer read from bank.
20:46:02 Roles assigned.
20:46:02 Reading mission ...
20:46:02 No entry 'bin\config.bin/CfgMarkers.Third_Marker_3rdID'
20:46:02 Mission Zeus_Chernarus_TF.chernarus_summer read from bank.
20:46:02 Roles assigned.
20:46:02 Reading mission ...
20:46:02 No entry 'bin\config.bin/CfgMarkers.Third_Marker_3rdID'
20:46:02 Mission Zeus_Chernarus_TF.chernarus_summer read from bank.
20:46:02 Roles assigned.
20:46:02 Reading mission ...
20:46:02 No entry 'bin\config.bin/CfgMarkers.Third_Marker_3rdID'
20:46:02 Mission Zeus_Chernarus_TF.chernarus_summer read from bank.
20:46:02 Roles assigned.
20:46:02 Reading mission ...
20:46:02 No entry 'bin\config.bin/CfgMarkers.Third_Marker_3rdID'
20:46:02 Mission Zeus_Chernarus_TF.chernarus_summer read from bank.
20:46:02 Roles assigned.
20:46:02 Reading mission ...
20:46:02 No entry 'bin\config.bin/CfgMarkers.Third_Marker_3rdID'
20:46:03 Mission Zeus_Chernarus_TF.chernarus_summer read from bank.
20:46:03 Roles assigned.
20:46:03 Reading mission ...
20:46:03 No entry 'bin\config.bin/CfgMarkers.Third_Marker_3rdID'
20:46:03 Mission Zeus_Chernarus_TF.chernarus_summer read from bank.
20:46:03 Roles assigned.
20:46:03 Reading mission ...
20:46:03 No entry 'bin\config.bin/CfgMarkers.Third_Marker_3rdID'
20:46:03 Mission Zeus_Chernarus_TF.chernarus_summer read from bank.
20:46:03 Roles assigned.
20:46:03 Reading mission ...
20:46:03 No entry 'bin\config.bin/CfgMarkers.Third_Marker_3rdID'
20:46:03 Mission Zeus_Chernarus_TF.chernarus_summer read from bank.
20:46:03 Roles assigned.
20:46:03 Reading mission ...
20:46:03 No entry 'bin\config.bin/CfgMarkers.Third_Marker_3rdID'
20:46:03 Mission Zeus_Chernarus_TF.chernarus_summer read from bank.
20:46:03 Roles assigned.
20:46:03 Reading mission ...
20:46:03 No entry 'bin\config.bin/CfgMarkers.Third_Marker_3rdID'
20:46:03 Mission Zeus_Chernarus_TF.chernarus_summer read from bank.
20:46:03 Roles assigned.
20:46:03 Reading mission ...
20:46:03 No entry 'bin\config.bin/CfgMarkers.Third_Marker_3rdID'
20:46:03 Mission Zeus_Chernarus_TF.chernarus_summer read from bank.
20:46:03 Roles assigned.
20:46:03 Reading mission ...
20:46:03 No entry 'bin\config.bin/CfgMarkers.Third_Marker_3rdID'
20:46:04 Mission Zeus_Chernarus_TF.chernarus_summer read from bank.
20:46:04 Roles assigned.
20:46:04 Reading mission ...
20:46:04 No entry 'bin\config.bin/CfgMarkers.Third_Marker_3rdID'
20:46:04 Mission Zeus_Chernarus_TF.chernarus_summer read from bank.
20:46:04 Roles assigned.
20:46:04 Reading mission ...
20:46:04 No entry 'bin\config.bin/CfgMarkers.Third_Marker_3rdID'
20:46:04 Mission Zeus_Chernarus_TF.chernarus_summer read from bank.
20:46:04 Roles assigned.
20:46:04 Reading mission ...
20:46:04 No entry 'bin\config.bin/CfgMarkers.Third_Marker_3rdID'
20:46:04 Mission Zeus_Chernarus_TF.chernarus_summer read from bank.
20:46:04 Roles assigned.
20:46:04 Reading mission ...
20:46:04 No entry 'bin\config.bin/CfgMarkers.Third_Marker_3rdID'
20:46:04 Mission Zeus_Chernarus_TF.chernarus_summer read from bank.
20:46:04 Roles assigned.
20:46:04 Reading mission ...
20:46:04 No entry 'bin\config.bin/CfgMarkers.Third_Marker_3rdID'
20:46:04 Mission Zeus_Chernarus_TF.chernarus_summer read from bank.
20:46:04 Roles assigned.
20:46:04 Reading mission ...
20:46:04 No entry 'bin\config.bin/CfgMarkers.Third_Marker_3rdID'
20:46:04 Mission Zeus_Chernarus_TF.chernarus_summer read from bank.
20:46:05 Roles assigned.
20:46:05 Reading mission ...
20:46:05 No entry 'bin\config.bin/CfgMarkers.Third_Marker_3rdID'
20:46:05 Mission Zeus_Chernarus_TF.chernarus_summer read from bank.
20:46:05 Roles assigned.
20:46:05 Reading mission ...
20:46:05 No entry 'bin\config.bin/CfgMarkers.Third_Marker_3rdID'
20:46:05 Mission Zeus_Chernarus_TF.chernarus_summer read from bank.
20:46:05 Roles assigned.
20:46:05 Reading mission ...
20:46:05 No entry 'bin\config.bin/CfgMarkers.Third_Marker_3rdID'
20:46:05 Mission Zeus_Chernarus_TF.chernarus_summer read from bank.
20:46:05 Roles assigned.
20:46:05 Reading mission ...
20:46:05 No entry 'bin\config.bin/CfgMarkers.Third_Marker_3rdID'
20:46:05 Mission Zeus_Chernarus_TF.chernarus_summer read from bank.
20:46:05 Roles assigned.
20:46:05 Reading mission ...
20:46:05 No entry 'bin\config.bin/CfgMarkers.Third_Marker_3rdID'
20:46:05 Mission Zeus_Chernarus_TF.chernarus_summer read from bank.
20:46:05 Roles assigned.
20:46:05 Reading mission ...
20:46:05 No entry 'bin\config.bin/CfgMarkers.Third_Marker_3rdID'
20:46:05 Mission Zeus_Chernarus_TF.chernarus_summer read from bank.
20:46:05 Roles assigned.
20:46:05 Reading mission ...
20:46:05 No entry 'bin\config.bin/CfgMarkers.Third_Marker_3rdID'
20:46:05 Mission Zeus_Chernarus_TF.chernarus_summer read from bank.
20:46:06 Roles assigned.
20:46:06 Reading mission ...
20:46:06 No entry 'bin\config.bin/CfgMarkers.Third_Marker_3rdID'
20:46:06 Mission Zeus_Chernarus_TF.chernarus_summer read from bank.
20:46:06 Roles assigned.
20:46:06 Reading mission ...
20:46:06 No entry 'bin\config.bin/CfgMarkers.Third_Marker_3rdID'
20:46:06 Mission Zeus_Chernarus_TF.chernarus_summer read from bank.
20:46:06 Roles assigned.
20:46:06 Reading mission ...
20:46:06 No entry 'bin\config.bin/CfgMarkers.Third_Marker_3rdID'
20:46:06 Mission Zeus_Chernarus_TF.chernarus_summer read from bank.
20:46:06 Roles assigned.
20:46:06 Reading mission ...
20:46:06 No entry 'bin\config.bin/CfgMarkers.Third_Marker_3rdID'
20:46:06 Mission Zeus_Chernarus_TF.chernarus_summer read from bank.
20:46:06 Roles assigned.
20:46:06 Reading mission ...
20:46:06 No entry 'bin\config.bin/CfgMarkers.Third_Marker_3rdID'
20:46:06 Mission Zeus_Chernarus_TF.chernarus_summer read from bank.
20:46:06 Roles assigned.
20:46:06 Reading mission ...
20:46:06 No entry 'bin\config.bin/CfgMarkers.Third_Marker_3rdID'
20:46:06 Mission Zeus_Chernarus_TF.chernarus_summer read from bank.
20:46:06 Roles assigned.
20:46:06 Reading mission ...
20:46:06 No entry 'bin\config.bin/CfgMarkers.Third_Marker_3rdID'
20:46:06 Mission Zeus_Chernarus_TF.chernarus_summer read from bank.
20:46:07 Roles assigned.
20:46:07 Reading mission ...
20:46:07 No entry 'bin\config.bin/CfgMarkers.Third_Marker_3rdID'
20:46:07 Mission Zeus_Chernarus_TF.chernarus_summer read from bank.
20:46:07 Roles assigned.
20:46:07 Reading mission ...
20:46:07 No entry 'bin\config.bin/CfgMarkers.Third_Marker_3rdID'
20:46:07 Mission Zeus_Chernarus_TF.chernarus_summer read from bank.
20:46:07 Roles assigned.
20:46:07 Reading mission ...
20:46:07 No entry 'bin\config.bin/CfgMarkers.Third_Marker_3rdID'
20:46:07 Mission Zeus_Chernarus_TF.chernarus_summer read from bank.
20:46:07 Roles assigned.
20:46:07 Reading mission ...
20:46:07 No entry 'bin\config.bin/CfgMarkers.Third_Marker_3rdID'
20:46:07 Mission Zeus_Chernarus_TF.chernarus_summer read from bank.
20:46:07 Roles assigned.
20:46:07 Reading mission ...
20:46:07 No entry 'bin\config.bin/CfgMarkers.Third_Marker_3rdID'
20:46:07 Mission Zeus_Chernarus_TF.chernarus_summer read from bank.
20:46:07 Roles assigned.
20:46:07 Reading mission ...
20:46:07 No entry 'bin\config.bin/CfgMarkers.Third_Marker_3rdID'
20:46:07 Mission Zeus_Chernarus_TF.chernarus_summer read from bank.
20:46:07 Roles assigned.
20:46:07 Reading mission ...
20:46:07 No entry 'bin\config.bin/CfgMarkers.Third_Marker_3rdID'
20:46:07 Mission Zeus_Chernarus_TF.chernarus_summer read from bank.
20:46:08 Roles assigned.
20:46:08 Reading mission ...
20:46:08 No entry 'bin\config.bin/CfgMarkers.Third_Marker_3rdID'
20:46:08 Mission Zeus_Chernarus_TF.chernarus_summer read from bank.
20:46:08 Roles assigned.
20:46:08 Reading mission ...
20:46:08 No entry 'bin\config.bin/CfgMarkers.Third_Marker_3rdID'
20:46:08 Mission Zeus_Chernarus_TF.chernarus_summer read from bank.
20:46:08 Roles assigned.
20:46:08 Reading mission ...
20:46:08 No entry 'bin\config.bin/CfgMarkers.Third_Marker_3rdID'
20:46:08 Mission Zeus_Chernarus_TF.chernarus_summer read from bank.
20:46:08 Roles assigned.
20:46:08 Reading mission ...
20:46:08 No entry 'bin\config.bin/CfgMarkers.Third_Marker_3rdID'
20:46:08 Mission Zeus_Chernarus_TF.chernarus_summer read from bank.
20:46:08 Roles assigned.
20:46:08 Reading mission ...
20:46:08 No entry 'bin\config.bin/CfgMarkers.Third_Marker_3rdID'
20:46:08 Mission Zeus_Chernarus_TF.chernarus_summer read from bank.
20:46:08 Roles assigned.
20:46:08 Reading mission ...
20:46:08 No entry 'bin\config.bin/CfgMarkers.Third_Marker_3rdID'
20:46:08 Mission Zeus_Chernarus_TF.chernarus_summer read from bank.
20:46:08 Roles assigned.
20:46:08 Reading mission ...
20:46:08 No entry 'bin\config.bin/CfgMarkers.Third_Marker_3rdID'
20:46:09 Mission Zeus_Chernarus_TF.chernarus_summer read from bank.
20:46:09 Roles assigned.
20:46:09 Reading mission ...
20:46:09 No entry 'bin\config.bin/CfgMarkers.Third_Marker_3rdID'
20:46:09 Mission Zeus_Chernarus_TF.chernarus_summer read from bank.
20:46:09 Roles assigned.
20:46:09 Reading mission ...
20:46:09 No entry 'bin\config.bin/CfgMarkers.Third_Marker_3rdID'
20:46:09 Mission Zeus_Chernarus_TF.chernarus_summer read from bank.
20:46:09 Roles assigned.
20:46:09 Reading mission ...
20:46:09 No entry 'bin\config.bin/CfgMarkers.Third_Marker_3rdID'
20:46:09 Mission Zeus_Chernarus_TF.chernarus_summer read from bank.
20:46:09 Roles assigned.
20:46:09 Reading mission ...
20:46:09 No entry 'bin\config.bin/CfgMarkers.Third_Marker_3rdID'
20:46:09 Mission Zeus_Chernarus_TF.chernarus_summer read from bank.
20:46:09 Roles assigned.
20:46:09 Reading mission ...
20:46:09 No entry 'bin\config.bin/CfgMarkers.Third_Marker_3rdID'
20:46:09 Mission Zeus_Chernarus_TF.chernarus_summer read from bank.
20:46:09 Roles assigned.
20:46:09 Reading mission ...
20:46:09 No entry 'bin\config.bin/CfgMarkers.Third_Marker_3rdID'
20:46:09 Mission Zeus_Chernarus_TF.chernarus_summer read from bank.
20:46:09 Roles assigned.
20:46:09 Reading mission ...
20:46:09 No entry 'bin\config.bin/CfgMarkers.Third_Marker_3rdID'
20:46:10 Mission Zeus_Chernarus_TF.chernarus_summer read from bank.
20:46:10 Roles assigned.
20:46:10 Reading mission ...
20:46:10 No entry 'bin\config.bin/CfgMarkers.Third_Marker_3rdID'
20:46:10 Mission Zeus_Chernarus_TF.chernarus_summer read from bank.
20:46:10 Roles assigned.
20:46:10 Reading mission ...
20:46:10 No entry 'bin\config.bin/CfgMarkers.Third_Marker_3rdID'
20:46:10 Mission Zeus_Chernarus_TF.chernarus_summer read from bank.
20:46:10 Roles assigned.
20:46:10 Reading mission ...
20:46:10 No entry 'bin\config.bin/CfgMarkers.Third_Marker_3rdID'
20:46:10 Mission Zeus_Chernarus_TF.chernarus_summer read from bank.
20:46:10 Roles assigned.
20:46:10 Reading mission ...
20:46:10 No entry 'bin\config.bin/CfgMarkers.Third_Marker_3rdID'
20:46:10 Mission Zeus_Chernarus_TF.chernarus_summer read from bank.
20:46:10 Roles assigned.
20:46:10 Reading mission ...
20:46:10 No entry 'bin\config.bin/CfgMarkers.Third_Marker_3rdID'
20:46:10 Mission Zeus_Chernarus_TF.chernarus_summer read from bank.
20:46:10 Roles assigned.
20:46:10 Reading mission ...
20:46:10 No entry 'bin\config.bin/CfgMarkers.Third_Marker_3rdID'
20:46:10 Mission Zeus_Chernarus_TF.chernarus_summer read from bank.
20:46:10 Roles assigned.
20:46:11 Reading mission ...
20:46:11 No entry 'bin\config.bin/CfgMarkers.Third_Marker_3rdID'
20:46:11 Mission Zeus_Chernarus_TF.chernarus_summer read from bank.
20:46:11 Roles assigned.
20:46:11 Reading mission ...
20:46:11 No entry 'bin\config.bin/CfgMarkers.Third_Marker_3rdID'
20:46:11 Mission Zeus_Chernarus_TF.chernarus_summer read from bank.
20:46:11 Roles assigned.
20:46:11 Reading mission ...
20:46:11 No entry 'bin\config.bin/CfgMarkers.Third_Marker_3rdID'
20:46:11 Mission Zeus_Chernarus_TF.chernarus_summer read from bank.
20:46:11 Roles assigned.
20:46:11 Reading mission ...
20:46:11 No entry 'bin\config.bin/CfgMarkers.Third_Marker_3rdID'
20:46:11 Mission Zeus_Chernarus_TF.chernarus_summer read from bank.
20:46:11 Roles assigned.
20:46:11 Reading mission ...
20:46:11 No entry 'bin\config.bin/CfgMarkers.Third_Marker_3rdID'
20:46:11 Mission Zeus_Chernarus_TF.chernarus_summer read from bank.
20:46:11 Roles assigned.
20:46:11 Reading mission ...
20:46:11 No entry 'bin\config.bin/CfgMarkers.Third_Marker_3rdID'
20:46:11 Mission Zeus_Chernarus_TF.chernarus_summer read from bank.
20:46:11 Roles assigned.
20:46:11 Reading mission ...
20:46:11 No entry 'bin\config.bin/CfgMarkers.Third_Marker_3rdID'
20:46:11 Mission Zeus_Chernarus_TF.chernarus_summer read from bank.
20:46:12 Roles assigned.
20:46:12 Reading mission ...
20:46:12 No entry 'bin\config.bin/CfgMarkers.Third_Marker_3rdID'
20:46:12 Mission Zeus_Chernarus_TF.chernarus_summer read from bank.
20:46:12 Roles assigned.
20:46:12 Reading mission ...
20:46:12 No entry 'bin\config.bin/CfgMarkers.Third_Marker_3rdID'
20:46:12 Mission Zeus_Chernarus_TF.chernarus_summer read from bank.
20:46:12 Roles assigned.
20:46:12 Reading mission ...
20:46:12 No entry 'bin\config.bin/CfgMarkers.Third_Marker_3rdID'
20:46:12 Mission Zeus_Chernarus_TF.chernarus_summer read from bank.
20:46:12 Roles assigned.
20:46:12 Reading mission ...
20:46:12 No entry 'bin\config.bin/CfgMarkers.Third_Marker_3rdID'
20:46:12 Mission Zeus_Chernarus_TF.chernarus_summer read from bank.
20:46:12 Roles assigned.
20:46:12 Reading mission ...
20:46:12 No entry 'bin\config.bin/CfgMarkers.Third_Marker_3rdID'
20:46:12 Mission Zeus_Chernarus_TF.chernarus_summer read from bank.
20:46:12 Roles assigned.
20:46:12 Reading mission ...
20:46:12 No entry 'bin\config.bin/CfgMarkers.Third_Marker_3rdID'
20:46:12 Mission Zeus_Chernarus_TF.chernarus_summer read from bank.
20:46:12 Roles assigned.
20:46:12 Reading mission ...
20:46:12 No entry 'bin\config.bin/CfgMarkers.Third_Marker_3rdID'
20:46:12 Mission Zeus_Chernarus_TF.chernarus_summer read from bank.
20:46:13 Roles assigned.
20:46:13 Reading mission ...
20:46:13 No entry 'bin\config.bin/CfgMarkers.Third_Marker_3rdID'
20:46:13 Mission Zeus_Chernarus_TF.chernarus_summer read from bank.
20:46:13 Roles assigned.
20:46:13 Reading mission ...
20:46:13 No entry 'bin\config.bin/CfgMarkers.Third_Marker_3rdID'
20:46:13 Mission Zeus_Chernarus_TF.chernarus_summer read from bank.
20:46:13 Roles assigned.
20:46:13 Reading mission ...
20:46:13 No entry 'bin\config.bin/CfgMarkers.Third_Marker_3rdID'
20:46:13 Mission Zeus_Chernarus_TF.chernarus_summer read from bank.
20:46:13 Roles assigned.
20:46:13 Reading mission ...
20:46:13 No entry 'bin\config.bin/CfgMarkers.Third_Marker_3rdID'
20:46:13 Mission Zeus_Chernarus_TF.chernarus_summer read from bank.
20:46:13 Roles assigned.
20:46:13 Reading mission ...
20:46:13 No entry 'bin\config.bin/CfgMarkers.Third_Marker_3rdID'
20:46:13 Mission Zeus_Chernarus_TF.chernarus_summer read from bank.
20:46:13 Roles assigned.
20:46:13 Reading mission ...
20:46:13 No entry 'bin\config.bin/CfgMarkers.Third_Marker_3rdID'
20:46:13 Mission Zeus_Chernarus_TF.chernarus_summer read from bank.
20:46:13 Roles assigned.
20:46:13 Reading mission ...
20:46:13 No entry 'bin\config.bin/CfgMarkers.Third_Marker_3rdID'
20:46:13 Mission Zeus_Chernarus_TF.chernarus_summer read from bank.
20:46:14 Roles assigned.
20:46:14 Reading mission ...
20:46:14 No entry 'bin\config.bin/CfgMarkers.Third_Marker_3rdID'
20:46:14 Mission Zeus_Chernarus_TF.chernarus_summer read from bank.
20:46:14 Roles assigned.
20:46:14 Reading mission ...
20:46:14 No entry 'bin\config.bin/CfgMarkers.Third_Marker_3rdID'
20:46:14 Mission Zeus_Chernarus_TF.chernarus_summer read from bank.
20:46:14 Roles assigned.
20:46:14 Reading mission ...
20:46:14 No entry 'bin\config.bin/CfgMarkers.Third_Marker_3rdID'
20:46:14 Mission Zeus_Chernarus_TF.chernarus_summer read from bank.
20:46:14 Roles assigned.
20:46:14 Reading mission ...
20:46:14 No entry 'bin\config.bin/CfgMarkers.Third_Marker_3rdID'
20:46:14 Mission Zeus_Chernarus_TF.chernarus_summer read from bank.
20:46:14 Roles assigned.
20:46:14 Reading mission ...
20:46:14 No entry 'bin\config.bin/CfgMarkers.Third_Marker_3rdID'
20:46:14 Mission Zeus_Chernarus_TF.chernarus_summer read from bank.
20:46:14 Roles assigned.
20:46:14 Reading mission ...
20:46:14 No entry 'bin\config.bin/CfgMarkers.Third_Marker_3rdID'
20:46:14 Mission Zeus_Chernarus_TF.chernarus_summer read from bank.
20:46:14 Roles assigned.
20:46:14 Reading mission ...
20:46:14 No entry 'bin\config.bin/CfgMarkers.Third_Marker_3rdID'
20:46:14 Mission Zeus_Chernarus_TF.chernarus_summer read from bank.
20:46:15 Roles assigned.
20:46:15 Reading mission ...
20:46:15 No entry 'bin\config.bin/CfgMarkers.Third_Marker_3rdID'
20:46:15 Mission Zeus_Chernarus_TF.chernarus_summer read from bank.
20:46:15 Roles assigned.
20:46:15 Reading mission ...
20:46:15 No entry 'bin\config.bin/CfgMarkers.Third_Marker_3rdID'
20:46:15 Mission Zeus_Chernarus_TF.chernarus_summer read from bank.
20:46:15 Roles assigned.
20:46:15 Reading mission ...
20:46:15 No entry 'bin\config.bin/CfgMarkers.Third_Marker_3rdID'
20:46:15 Mission Zeus_Chernarus_TF.chernarus_summer read from bank.
20:46:15 Roles assigned.
20:46:15 Reading mission ...
20:46:15 No entry 'bin\config.bin/CfgMarkers.Third_Marker_3rdID'
20:46:15 Mission Zeus_Chernarus_TF.chernarus_summer read from bank.
20:46:15 Roles assigned.
20:46:15 Reading mission ...
20:46:15 No entry 'bin\config.bin/CfgMarkers.Third_Marker_3rdID'
20:46:15 Mission Zeus_Chernarus_TF.chernarus_summer read from bank.
20:46:15 Roles assigned.
20:46:15 Reading mission ...
20:46:15 No entry 'bin\config.bin/CfgMarkers.Third_Marker_3rdID'
20:46:15 Mission Zeus_Chernarus_TF.chernarus_summer read from bank.
20:46:15 Roles assigned.
20:46:15 Reading mission ...
20:46:15 No entry 'bin\config.bin/CfgMarkers.Third_Marker_3rdID'
20:46:16 Mission Zeus_Chernarus_TF.chernarus_summer read from bank.
20:46:16 Roles assigned.
20:46:16 Reading mission ...
20:46:16 No entry 'bin\config.bin/CfgMarkers.Third_Marker_3rdID'
20:46:16 Mission Zeus_Chernarus_TF.chernarus_summer read from bank.
20:46:16 Roles assigned.
20:46:16 Reading mission ...
20:46:16 No entry 'bin\config.bin/CfgMarkers.Third_Marker_3rdID'
20:46:16 Mission Zeus_Chernarus_TF.chernarus_summer read from bank.
20:46:16 Roles assigned.
20:46:16 Reading mission ...
20:46:16 No entry 'bin\config.bin/CfgMarkers.Third_Marker_3rdID'
20:46:16 Mission Zeus_Chernarus_TF.chernarus_summer read from bank.
20:46:16 Roles assigned.
20:46:16 Reading mission ...
20:46:16 No entry 'bin\config.bin/CfgMarkers.Third_Marker_3rdID'
20:46:16 Mission Zeus_Chernarus_TF.chernarus_summer read from bank.
20:46:16 Roles assigned.
20:46:16 Reading mission ...
20:46:16 No entry 'bin\config.bin/CfgMarkers.Third_Marker_3rdID'
20:46:16 Mission Zeus_Chernarus_TF.chernarus_summer read from bank.
20:46:16 Roles assigned.
20:46:16 Reading mission ...
20:46:16 No entry 'bin\config.bin/CfgMarkers.Third_Marker_3rdID'
20:46:16 Mission Zeus_Chernarus_TF.chernarus_summer read from bank.
20:46:16 Roles assigned.
20:46:17 Reading mission ...
20:46:17 No entry 'bin\config.bin/CfgMarkers.Third_Marker_3rdID'
20:46:17 Mission Zeus_Chernarus_TF.chernarus_summer read from bank.
20:46:17 Roles assigned.
20:46:17 Reading mission ...
20:46:17 No entry 'bin\config.bin/CfgMarkers.Third_Marker_3rdID'
20:46:17 Mission Zeus_Chernarus_TF.chernarus_summer read from bank.
20:46:17 Roles assigned.
20:46:17 Reading mission ...
20:46:17 No entry 'bin\config.bin/CfgMarkers.Third_Marker_3rdID'
20:46:17 Mission Zeus_Chernarus_TF.chernarus_summer read from bank.
20:46:17 Roles assigned.
20:46:17 Reading mission ...
20:46:17 No entry 'bin\config.bin/CfgMarkers.Third_Marker_3rdID'
20:46:17 Mission Zeus_Chernarus_TF.chernarus_summer read from bank.
20:46:17 Roles assigned.
20:46:17 Reading mission ...
20:46:17 No entry 'bin\config.bin/CfgMarkers.Third_Marker_3rdID'
20:46:17 Mission Zeus_Chernarus_TF.chernarus_summer read from bank.
20:46:17 Roles assigned.
20:46:17 Reading mission ...
20:46:17 No entry 'bin\config.bin/CfgMarkers.Third_Marker_3rdID'
20:46:17 Mission Zeus_Chernarus_TF.chernarus_summer read from bank.
20:46:17 Roles assigned.
20:46:17 Reading mission ...
20:46:17 No entry 'bin\config.bin/CfgMarkers.Third_Marker_3rdID'
20:46:17 Mission Zeus_Chernarus_TF.chernarus_summer read from bank.
20:46:18 Roles assigned.
20:46:18 Reading mission ...
20:46:18 No entry 'bin\config.bin/CfgMarkers.Third_Marker_3rdID'
20:46:18 Mission Zeus_Chernarus_TF.chernarus_summer read from bank.
20:46:18 Roles assigned.
20:46:18 Reading mission ...
20:46:18 No entry 'bin\config.bin/CfgMarkers.Third_Marker_3rdID'
20:46:18 Mission Zeus_Chernarus_TF.chernarus_summer read from bank.
20:46:18 Roles assigned.
20:46:18 Reading mission ...
20:46:18 No entry 'bin\config.bin/CfgMarkers.Third_Marker_3rdID'
20:46:18 Mission Zeus_Chernarus_TF.chernarus_summer read from bank.
20:46:18 Roles assigned.
20:46:18 Reading mission ...
20:46:18 No entry 'bin\config.bin/CfgMarkers.Third_Marker_3rdID'
20:46:18 Mission Zeus_Chernarus_TF.chernarus_summer read from bank.
20:46:18 Roles assigned.
20:46:18 Reading mission ...
20:46:18 No entry 'bin\config.bin/CfgMarkers.Third_Marker_3rdID'
20:46:18 Mission Zeus_Chernarus_TF.chernarus_summer read from bank.
20:46:18 Roles assigned.
20:46:18 Reading mission ...
20:46:18 No entry 'bin\config.bin/CfgMarkers.Third_Marker_3rdID'
20:46:18 Mission Zeus_Chernarus_TF.chernarus_summer read from bank.
20:46:18 Roles assigned.
20:46:18 Reading mission ...
20:46:18 No entry 'bin\config.bin/CfgMarkers.Third_Marker_3rdID'
20:46:18 Mission Zeus_Chernarus_TF.chernarus_summer read from bank.
20:46:19 Roles assigned.
20:46:19 Reading mission ...
20:46:19 No entry 'bin\config.bin/CfgMarkers.Third_Marker_3rdID'
20:46:19 Mission Zeus_Chernarus_TF.chernarus_summer read from bank.
20:46:19 Roles assigned.
20:46:19 Reading mission ...
20:46:19 No entry 'bin\config.bin/CfgMarkers.Third_Marker_3rdID'
20:46:19 Mission Zeus_Chernarus_TF.chernarus_summer read from bank.
20:46:19 Roles assigned.
20:46:19 Reading mission ...
20:46:19 No entry 'bin\config.bin/CfgMarkers.Third_Marker_3rdID'
20:46:19 Mission Zeus_Chernarus_TF.chernarus_summer read from bank.
20:46:19 Roles assigned.
20:46:19 Reading mission ...
20:46:19 No entry 'bin\config.bin/CfgMarkers.Third_Marker_3rdID'
20:46:19 Mission Zeus_Chernarus_TF.chernarus_summer read from bank.
20:46:19 Roles assigned.
20:46:19 Reading mission ...
20:46:19 No entry 'bin\config.bin/CfgMarkers.Third_Marker_3rdID'
20:46:19 Mission Zeus_Chernarus_TF.chernarus_summer read from bank.
20:46:19 Roles assigned.
20:46:19 Reading mission ...
20:46:19 No entry 'bin\config.bin/CfgMarkers.Third_Marker_3rdID'
20:46:19 Mission Zeus_Chernarus_TF.chernarus_summer read from bank.
20:46:19 Roles assigned.
20:46:19 Reading mission ...
20:46:19 No entry 'bin\config.bin/CfgMarkers.Third_Marker_3rdID'
20:46:19 Mission Zeus_Chernarus_TF.chernarus_summer read from bank.
20:46:20 Roles assigned.
20:46:20 Reading mission ...
20:46:20 No entry 'bin\config.bin/CfgMarkers.Third_Marker_3rdID'
20:46:20 Mission Zeus_Chernarus_TF.chernarus_summer read from bank.
20:46:20 Roles assigned.
20:46:20 Reading mission ...
20:46:20 No entry 'bin\config.bin/CfgMarkers.Third_Marker_3rdID'
20:46:20 Mission Zeus_Chernarus_TF.chernarus_summer read from bank.
20:46:20 Roles assigned.
20:46:20 Reading mission ...
20:46:20 No entry 'bin\config.bin/CfgMarkers.Third_Marker_3rdID'
20:46:20 Mission Zeus_Chernarus_TF.chernarus_summer read from bank.
20:46:20 Roles assigned.
20:46:20 Reading mission ...
20:46:20 No entry 'bin\config.bin/CfgMarkers.Third_Marker_3rdID'
20:46:20 Mission Zeus_Chernarus_TF.chernarus_summer read from bank.
20:46:20 Roles assigned.
20:46:20 Reading mission ...
20:46:20 No entry 'bin\config.bin/CfgMarkers.Third_Marker_3rdID'
20:46:20 Mission Zeus_Chernarus_TF.chernarus_summer read from bank.
20:46:20 Roles assigned.
20:46:20 Reading mission ...
20:46:20 No entry 'bin\config.bin/CfgMarkers.Third_Marker_3rdID'
20:46:20 Mission Zeus_Chernarus_TF.chernarus_summer read from bank.
20:46:20 Roles assigned.
20:46:20 Reading mission ...
20:46:20 No entry 'bin\config.bin/CfgMarkers.Third_Marker_3rdID'
20:46:20 Mission Zeus_Chernarus_TF.chernarus_summer read from bank.
20:46:21 Roles assigned.
20:46:21 Reading mission ...
20:46:21 No entry 'bin\config.bin/CfgMarkers.Third_Marker_3rdID'
20:46:21 Mission Zeus_Chernarus_TF.chernarus_summer read from bank.
20:46:21 Roles assigned.
20:46:21 Reading mission ...
20:46:21 No entry 'bin\config.bin/CfgMarkers.Third_Marker_3rdID'
20:46:21 Mission Zeus_Chernarus_TF.chernarus_summer read from bank.
20:46:21 Roles assigned.
20:46:21 Reading mission ...
20:46:21 No entry 'bin\config.bin/CfgMarkers.Third_Marker_3rdID'
20:46:21 Mission Zeus_Chernarus_TF.chernarus_summer read from bank.
20:46:21 Roles assigned.
20:46:21 Reading mission ...
20:46:21 No entry 'bin\config.bin/CfgMarkers.Third_Marker_3rdID'
20:46:21 Mission Zeus_Chernarus_TF.chernarus_summer read from bank.
20:46:21 Roles assigned.
20:46:21 Reading mission ...
20:46:21 No entry 'bin\config.bin/CfgMarkers.Third_Marker_3rdID'
20:46:21 Mission Zeus_Chernarus_TF.chernarus_summer read from bank.
20:46:21 Roles assigned.
20:46:21 Reading mission ...
20:46:21 No entry 'bin\config.bin/CfgMarkers.Third_Marker_3rdID'
20:46:21 Mission Zeus_Chernarus_TF.chernarus_summer read from bank.
20:46:21 Roles assigned.
20:46:21 Reading mission ...
20:46:21 No entry 'bin\config.bin/CfgMarkers.Third_Marker_3rdID'
20:46:22 Mission Zeus_Chernarus_TF.chernarus_summer read from bank.
20:46:22 Roles assigned.
20:46:22 Reading mission ...
20:46:22 No entry 'bin\config.bin/CfgMarkers.Third_Marker_3rdID'
20:46:22 Mission Zeus_Chernarus_TF.chernarus_summer read from bank.
20:46:22 Roles assigned.
20:46:22 Reading mission ...
20:46:22 No entry 'bin\config.bin/CfgMarkers.Third_Marker_3rdID'
20:46:22 Mission Zeus_Chernarus_TF.chernarus_summer read from bank.
20:46:22 Roles assigned.
20:46:22 Reading mission ...
20:46:22 No entry 'bin\config.bin/CfgMarkers.Third_Marker_3rdID'
20:46:22 Mission Zeus_Chernarus_TF.chernarus_summer read from bank.
20:46:22 Roles assigned.
20:46:22 Reading mission ...
20:46:22 No entry 'bin\config.bin/CfgMarkers.Third_Marker_3rdID'
20:46:22 Mission Zeus_Chernarus_TF.chernarus_summer read from bank.
20:46:22 Roles assigned.
20:46:22 Reading mission ...
20:46:22 No entry 'bin\config.bin/CfgMarkers.Third_Marker_3rdID'
20:46:22 Mission Zeus_Chernarus_TF.chernarus_summer read from bank.
20:46:22 Roles assigned.
20:46:22 Reading mission ...
20:46:22 No entry 'bin\config.bin/CfgMarkers.Third_Marker_3rdID'
20:46:22 Mission Zeus_Chernarus_TF.chernarus_summer read from bank.
20:46:22 Roles assigned.
20:46:23 Reading mission ...
20:46:23 No entry 'bin\config.bin/CfgMarkers.Third_Marker_3rdID'
20:46:23 Mission Zeus_Chernarus_TF.chernarus_summer read from bank.
20:46:23 Roles assigned.
20:46:23 Reading mission ...
20:46:23 No entry 'bin\config.bin/CfgMarkers.Third_Marker_3rdID'
20:46:23 Mission Zeus_Chernarus_TF.chernarus_summer read from bank.
20:46:23 Roles assigned.
20:46:23 Reading mission ...
20:46:23 No entry 'bin\config.bin/CfgMarkers.Third_Marker_3rdID'
20:46:23 Mission Zeus_Chernarus_TF.chernarus_summer read from bank.
20:46:23 Roles assigned.
20:46:23 Reading mission ...
20:46:23 No entry 'bin\config.bin/CfgMarkers.Third_Marker_3rdID'
20:46:23 Mission Zeus_Chernarus_TF.chernarus_summer read from bank.
20:46:23 Roles assigned.
20:46:23 Reading mission ...
20:46:23 No entry 'bin\config.bin/CfgMarkers.Third_Marker_3rdID'
20:46:23 Mission Zeus_Chernarus_TF.chernarus_summer read from bank.
20:46:23 Roles assigned.
20:46:23 Reading mission ...
20:46:23 No entry 'bin\config.bin/CfgMarkers.Third_Marker_3rdID'
20:46:23 Mission Zeus_Chernarus_TF.chernarus_summer read from bank.
20:46:23 Roles assigned.
20:46:23 Reading mission ...
20:46:23 No entry 'bin\config.bin/CfgMarkers.Third_Marker_3rdID'
20:46:23 Mission Zeus_Chernarus_TF.chernarus_summer read from bank.
20:46:24 Roles assigned.
20:46:24 Reading mission ...
20:46:24 No entry 'bin\config.bin/CfgMarkers.Third_Marker_3rdID'
20:46:24 Mission Zeus_Chernarus_TF.chernarus_summer read from bank.
20:46:24 Roles assigned.
20:46:24 Reading mission ...
20:46:24 No entry 'bin\config.bin/CfgMarkers.Third_Marker_3rdID'
20:46:24 Mission Zeus_Chernarus_TF.chernarus_summer read from bank.
20:46:24 Roles assigned.
20:46:24 Reading mission ...
20:46:24 No entry 'bin\config.bin/CfgMarkers.Third_Marker_3rdID'
20:46:24 Mission Zeus_Chernarus_TF.chernarus_summer read from bank.
20:46:24 Roles assigned.
20:46:24 Reading mission ...
20:46:24 No entry 'bin\config.bin/CfgMarkers.Third_Marker_3rdID'
20:46:24 Mission Zeus_Chernarus_TF.chernarus_summer read from bank.
20:46:24 Roles assigned.
20:46:24 Reading mission ...
20:46:24 No entry 'bin\config.bin/CfgMarkers.Third_Marker_3rdID'
20:46:24 Mission Zeus_Chernarus_TF.chernarus_summer read from bank.
20:46:24 Roles assigned.
20:46:24 Reading mission ...
20:46:24 No entry 'bin\config.bin/CfgMarkers.Third_Marker_3rdID'
20:46:24 Mission Zeus_Chernarus_TF.chernarus_summer read from bank.
20:46:24 Roles assigned.
20:46:24 Reading mission ...
20:46:24 No entry 'bin\config.bin/CfgMarkers.Third_Marker_3rdID'
20:46:24 Mission Zeus_Chernarus_TF.chernarus_summer read from bank.
20:46:25 Roles assigned.
20:46:25 Reading mission ...
20:46:25 No entry 'bin\config.bin/CfgMarkers.Third_Marker_3rdID'
20:46:25 Mission Zeus_Chernarus_TF.chernarus_summer read from bank.
20:46:25 Roles assigned.
20:46:25 Reading mission ...
20:46:25 No entry 'bin\config.bin/CfgMarkers.Third_Marker_3rdID'
20:46:25 Mission Zeus_Chernarus_TF.chernarus_summer read from bank.
20:46:25 Roles assigned.
20:46:25 Reading mission ...
20:46:25 No entry 'bin\config.bin/CfgMarkers.Third_Marker_3rdID'
20:46:25 Mission Zeus_Chernarus_TF.chernarus_summer read from bank.
20:46:25 Roles assigned.
20:46:25 Reading mission ...
20:46:25 No entry 'bin\config.bin/CfgMarkers.Third_Marker_3rdID'
20:46:25 Mission Zeus_Chernarus_TF.chernarus_summer read from bank.
20:46:25 Roles assigned.
20:46:25 Reading mission ...
20:46:25 No entry 'bin\config.bin/CfgMarkers.Third_Marker_3rdID'
20:46:25 Mission Zeus_Chernarus_TF.chernarus_summer read from bank.
20:46:25 Roles assigned.
20:46:25 Reading mission ...
20:46:25 No entry 'bin\config.bin/CfgMarkers.Third_Marker_3rdID'
20:46:25 Mission Zeus_Chernarus_TF.chernarus_summer read from bank.
20:46:25 Roles assigned.
20:46:25 Reading mission ...
20:46:25 No entry 'bin\config.bin/CfgMarkers.Third_Marker_3rdID'
20:46:25 Mission Zeus_Chernarus_TF.chernarus_summer read from bank.
20:46:26 Roles assigned.
20:46:26 Reading mission ...
20:46:26 No entry 'bin\config.bin/CfgMarkers.Third_Marker_3rdID'
20:46:26 Mission Zeus_Chernarus_TF.chernarus_summer read from bank.
20:46:26 Roles assigned.
20:46:26 Reading mission ...
20:46:26 No entry 'bin\config.bin/CfgMarkers.Third_Marker_3rdID'
20:46:26 Mission Zeus_Chernarus_TF.chernarus_summer read from bank.
20:46:26 Roles assigned.
20:46:26 Reading mission ...
20:46:26 No entry 'bin\config.bin/CfgMarkers.Third_Marker_3rdID'
20:46:26 Mission Zeus_Chernarus_TF.chernarus_summer read from bank.
20:46:26 Roles assigned.
20:46:26 Reading mission ...
20:46:26 No entry 'bin\config.bin/CfgMarkers.Third_Marker_3rdID'
20:46:26 Mission Zeus_Chernarus_TF.chernarus_summer read from bank.
20:46:26 Roles assigned.
20:46:26 Reading mission ...
20:46:26 No entry 'bin\config.bin/CfgMarkers.Third_Marker_3rdID'
20:46:26 Mission Zeus_Chernarus_TF.chernarus_summer read from bank.
20:46:26 Roles assigned.
20:46:26 Reading mission ...
20:46:26 No entry 'bin\config.bin/CfgMarkers.Third_Marker_3rdID'
20:46:26 Mission Zeus_Chernarus_TF.chernarus_summer read from bank.
20:46:26 Roles assigned.
20:46:26 Reading mission ...
20:46:26 No entry 'bin\config.bin/CfgMarkers.Third_Marker_3rdID'
20:46:27 Mission Zeus_Chernarus_TF.chernarus_summer read from bank.
20:46:27 Roles assigned.
20:46:27 Reading mission ...
20:46:27 No entry 'bin\config.bin/CfgMarkers.Third_Marker_3rdID'
20:46:27 Mission Zeus_Chernarus_TF.chernarus_summer read from bank.
20:46:27 Roles assigned.
20:46:27 Reading mission ...
20:46:27 No entry 'bin\config.bin/CfgMarkers.Third_Marker_3rdID'
20:46:27 Mission Zeus_Chernarus_TF.chernarus_summer read from bank.
20:46:27 Roles assigned.
20:46:27 Reading mission ...
20:46:27 No entry 'bin\config.bin/CfgMarkers.Third_Marker_3rdID'
20:46:27 Mission Zeus_Chernarus_TF.chernarus_summer read from bank.
20:46:27 Roles assigned.
20:46:27 Reading mission ...
20:46:27 No entry 'bin\config.bin/CfgMarkers.Third_Marker_3rdID'
20:46:27 Mission Zeus_Chernarus_TF.chernarus_summer read from bank.
20:46:27 Roles assigned.
20:46:27 Reading mission ...
20:46:27 No entry 'bin\config.bin/CfgMarkers.Third_Marker_3rdID'
20:46:27 Mission Zeus_Chernarus_TF.chernarus_summer read from bank.
20:46:27 Roles assigned.
20:46:27 Reading mission ...
20:46:27 No entry 'bin\config.bin/CfgMarkers.Third_Marker_3rdID'
20:46:27 Mission Zeus_Chernarus_TF.chernarus_summer read from bank.
20:46:27 Roles assigned.
20:46:28 Reading mission ...
20:46:28 No entry 'bin\config.bin/CfgMarkers.Third_Marker_3rdID'
20:46:28 Mission Zeus_Chernarus_TF.chernarus_summer read from bank.
20:46:28 Roles assigned.
20:46:28 Reading mission ...
20:46:28 No entry 'bin\config.bin/CfgMarkers.Third_Marker_3rdID'
20:46:28 Mission Zeus_Chernarus_TF.chernarus_summer read from bank.
20:46:28 Roles assigned.
20:46:28 Reading mission ...
20:46:28 No entry 'bin\config.bin/CfgMarkers.Third_Marker_3rdID'
20:46:28 Mission Zeus_Chernarus_TF.chernarus_summer read from bank.
20:46:28 Roles assigned.
20:46:28 Reading mission ...
20:46:28 No entry 'bin\config.bin/CfgMarkers.Third_Marker_3rdID'
20:46:28 Mission Zeus_Chernarus_TF.chernarus_summer read from bank.
20:46:28 Roles assigned.
20:46:28 Reading mission ...
20:46:28 No entry 'bin\config.bin/CfgMarkers.Third_Marker_3rdID'
20:46:28 Mission Zeus_Chernarus_TF.chernarus_summer read from bank.
20:46:28 Roles assigned.
20:46:28 Reading mission ...
20:46:28 No entry 'bin\config.bin/CfgMarkers.Third_Marker_3rdID'
20:46:28 Mission Zeus_Chernarus_TF.chernarus_summer read from bank.
20:46:28 Roles assigned.
20:46:28 Reading mission ...
20:46:28 No entry 'bin\config.bin/CfgMarkers.Third_Marker_3rdID'
20:46:28 Mission Zeus_Chernarus_TF.chernarus_summer read from bank.
20:46:29 Roles assigned.
20:46:29 Reading mission ...
20:46:29 No entry 'bin\config.bin/CfgMarkers.Third_Marker_3rdID'
20:46:29 Mission Zeus_Chernarus_TF.chernarus_summer read from bank.
20:46:29 Roles assigned.
20:46:29 Reading mission ...
20:46:29 No entry 'bin\config.bin/CfgMarkers.Third_Marker_3rdID'
20:46:29 Mission Zeus_Chernarus_TF.chernarus_summer read from bank.
20:46:29 Roles assigned.
20:46:29 Reading mission ...
20:46:29 No entry 'bin\config.bin/CfgMarkers.Third_Marker_3rdID'
20:46:29 Mission Zeus_Chernarus_TF.chernarus_summer read from bank.
20:46:29 Roles assigned.
20:46:29 Reading mission ...
20:46:29 No entry 'bin\config.bin/CfgMarkers.Third_Marker_3rdID'
20:46:29 Mission Zeus_Chernarus_TF.chernarus_summer read from bank.
20:46:29 Roles assigned.
20:46:29 Reading mission ...
20:46:29 No entry 'bin\config.bin/CfgMarkers.Third_Marker_3rdID'
20:46:29 Mission Zeus_Chernarus_TF.chernarus_summer read from bank.
20:46:29 Roles assigned.
20:46:29 Reading mission ...
20:46:29 No entry 'bin\config.bin/CfgMarkers.Third_Marker_3rdID'
20:46:29 Mission Zeus_Chernarus_TF.chernarus_summer read from bank.
20:46:29 Roles assigned.
20:46:29 Reading mission ...
20:46:29 No entry 'bin\config.bin/CfgMarkers.Third_Marker_3rdID'
20:46:29 Mission Zeus_Chernarus_TF.chernarus_summer read from bank.
20:46:30 Roles assigned.
20:46:30 Reading mission ...
20:46:30 No entry 'bin\config.bin/CfgMarkers.Third_Marker_3rdID'
20:46:30 Mission Zeus_Chernarus_TF.chernarus_summer read from bank.
20:46:30 Roles assigned.
20:46:30 Reading mission ...
20:46:30 No entry 'bin\config.bin/CfgMarkers.Third_Marker_3rdID'
20:46:30 Mission Zeus_Chernarus_TF.chernarus_summer read from bank.
20:46:30 Roles assigned.
20:46:30 Reading mission ...
20:46:30 No entry 'bin\config.bin/CfgMarkers.Third_Marker_3rdID'
20:46:30 Mission Zeus_Chernarus_TF.chernarus_summer read from bank.
20:46:30 Roles assigned.
20:46:30 Reading mission ...
20:46:30 No entry 'bin\config.bin/CfgMarkers.Third_Marker_3rdID'
20:46:30 Mission Zeus_Chernarus_TF.chernarus_summer read from bank.
20:46:30 Roles assigned.
20:46:30 Reading mission ...
20:46:30 No entry 'bin\config.bin/CfgMarkers.Third_Marker_3rdID'
20:46:30 Mission Zeus_Chernarus_TF.chernarus_summer read from bank.
20:46:30 Roles assigned.
20:46:30 Reading mission ...
20:46:30 No entry 'bin\config.bin/CfgMarkers.Third_Marker_3rdID'
20:46:30 Mission Zeus_Chernarus_TF.chernarus_summer read from bank.
20:46:30 Roles assigned.
20:46:30 Reading mission ...
20:46:30 No entry 'bin\config.bin/CfgMarkers.Third_Marker_3rdID'
20:46:30 Mission Zeus_Chernarus_TF.chernarus_summer read from bank.
20:46:31 Roles assigned.
20:46:31 Reading mission ...
20:46:31 No entry 'bin\config.bin/CfgMarkers.Third_Marker_3rdID'
20:46:31 Mission Zeus_Chernarus_TF.chernarus_summer read from bank.
20:46:31 Roles assigned.
20:46:31 Reading mission ...
20:46:31 No entry 'bin\config.bin/CfgMarkers.Third_Marker_3rdID'
20:46:31 Mission Zeus_Chernarus_TF.chernarus_summer read from bank.
20:46:31 Roles assigned.
20:46:31 Reading mission ...
20:46:31 No entry 'bin\config.bin/CfgMarkers.Third_Marker_3rdID'
20:46:31 Mission Zeus_Chernarus_TF.chernarus_summer read from bank.
20:46:31 Roles assigned.
20:46:31 Reading mission ...
20:46:31 No entry 'bin\config.bin/CfgMarkers.Third_Marker_3rdID'
20:46:31 Mission Zeus_Chernarus_TF.chernarus_summer read from bank.
20:46:31 Roles assigned.
20:46:31 Reading mission ...
20:46:31 No entry 'bin\config.bin/CfgMarkers.Third_Marker_3rdID'
20:46:31 Mission Zeus_Chernarus_TF.chernarus_summer read from bank.
20:46:31 Roles assigned.
20:46:31 Reading mission ...
20:46:31 No entry 'bin\config.bin/CfgMarkers.Third_Marker_3rdID'
20:46:31 Mission Zeus_Chernarus_TF.chernarus_summer read from bank.
20:46:31 Roles assigned.
20:46:31 Reading mission ...
20:46:31 No entry 'bin\config.bin/CfgMarkers.Third_Marker_3rdID'
20:46:31 Mission Zeus_Chernarus_TF.chernarus_summer read from bank.
20:46:32 Roles assigned.
20:46:32 Reading mission ...
20:46:32 No entry 'bin\config.bin/CfgMarkers.Third_Marker_3rdID'
20:46:32 Mission Zeus_Chernarus_TF.chernarus_summer read from bank.
20:46:32 Roles assigned.
20:46:32 Reading mission ...
20:46:32 No entry 'bin\config.bin/CfgMarkers.Third_Marker_3rdID'
20:46:32 Mission Zeus_Chernarus_TF.chernarus_summer read from bank.
20:46:32 Roles assigned.
20:46:32 Reading mission ...
20:46:32 No entry 'bin\config.bin/CfgMarkers.Third_Marker_3rdID'
20:46:32 Mission Zeus_Chernarus_TF.chernarus_summer read from bank.
20:46:32 Roles assigned.
20:46:32 Reading mission ...
20:46:32 No entry 'bin\config.bin/CfgMarkers.Third_Marker_3rdID'
20:46:32 Mission Zeus_Chernarus_TF.chernarus_summer read from bank.
20:46:32 Roles assigned.
20:46:32 Reading mission ...
20:46:32 No entry 'bin\config.bin/CfgMarkers.Third_Marker_3rdID'
20:46:32 Mission Zeus_Chernarus_TF.chernarus_summer read from bank.
20:46:32 Roles assigned.
20:46:32 Reading mission ...
20:46:32 No entry 'bin\config.bin/CfgMarkers.Third_Marker_3rdID'
20:46:32 Mission Zeus_Chernarus_TF.chernarus_summer read from bank.
20:46:32 Roles assigned.
20:46:32 Reading mission ...
20:46:32 No entry 'bin\config.bin/CfgMarkers.Third_Marker_3rdID'
20:46:33 Mission Zeus_Chernarus_TF.chernarus_summer read from bank.
20:46:33 Roles assigned.
20:46:33 Reading mission ...
20:46:33 No entry 'bin\config.bin/CfgMarkers.Third_Marker_3rdID'
20:46:33 Mission Zeus_Chernarus_TF.chernarus_summer read from bank.
20:46:33 Roles assigned.
20:46:33 Reading mission ...
20:46:33 No entry 'bin\config.bin/CfgMarkers.Third_Marker_3rdID'
20:46:33 Mission Zeus_Chernarus_TF.chernarus_summer read from bank.
20:46:33 Roles assigned.
20:46:33 Reading mission ...
20:46:33 No entry 'bin\config.bin/CfgMarkers.Third_Marker_3rdID'
20:46:33 Mission Zeus_Chernarus_TF.chernarus_summer read from bank.
20:46:33 Roles assigned.
20:46:33 Reading mission ...
20:46:33 No entry 'bin\config.bin/CfgMarkers.Third_Marker_3rdID'
20:46:33 Mission Zeus_Chernarus_TF.chernarus_summer read from bank.
20:46:33 Roles assigned.
20:46:33 Reading mission ...
20:46:33 No entry 'bin\config.bin/CfgMarkers.Third_Marker_3rdID'
20:46:33 Mission Zeus_Chernarus_TF.chernarus_summer read from bank.
20:46:33 Roles assigned.
20:46:33 Reading mission ...
20:46:33 No entry 'bin\config.bin/CfgMarkers.Third_Marker_3rdID'
20:46:33 Mission Zeus_Chernarus_TF.chernarus_summer read from bank.
20:46:33 Roles assigned.
20:46:34 Reading mission ...
20:46:34 No entry 'bin\config.bin/CfgMarkers.Third_Marker_3rdID'
20:46:34 Mission Zeus_Chernarus_TF.chernarus_summer read from bank.
20:46:34 Roles assigned.
20:46:34 Reading mission ...
20:46:34 No entry 'bin\config.bin/CfgMarkers.Third_Marker_3rdID'
20:46:34 Mission Zeus_Chernarus_TF.chernarus_summer read from bank.
20:46:34 Roles assigned.
20:46:34 Reading mission ...
20:46:34 No entry 'bin\config.bin/CfgMarkers.Third_Marker_3rdID'
20:46:34 Mission Zeus_Chernarus_TF.chernarus_summer read from bank.
20:46:34 Roles assigned.
20:46:34 Reading mission ...
20:46:34 No entry 'bin\config.bin/CfgMarkers.Third_Marker_3rdID'
20:46:34 Mission Zeus_Chernarus_TF.chernarus_summer read from bank.
20:46:34 Roles assigned.
20:46:34 Reading mission ...
20:46:34 No entry 'bin\config.bin/CfgMarkers.Third_Marker_3rdID'
20:46:34 Mission Zeus_Chernarus_TF.chernarus_summer read from bank.
20:46:34 Roles assigned.
20:46:34 Reading mission ...
20:46:34 No entry 'bin\config.bin/CfgMarkers.Third_Marker_3rdID'
20:46:34 Mission Zeus_Chernarus_TF.chernarus_summer read from bank.
20:46:34 Roles assigned.
20:46:34 Reading mission ...
20:46:34 No entry 'bin\config.bin/CfgMarkers.Third_Marker_3rdID'
20:46:34 Mission Zeus_Chernarus_TF.chernarus_summer read from bank.
20:46:35 Roles assigned.
20:46:35 Reading mission ...
20:46:35 No entry 'bin\config.bin/CfgMarkers.Third_Marker_3rdID'
20:46:35 Mission Zeus_Chernarus_TF.chernarus_summer read from bank.
20:46:35 Roles assigned.
20:46:35 Reading mission ...
20:46:35 No entry 'bin\config.bin/CfgMarkers.Third_Marker_3rdID'
20:46:35 Mission Zeus_Chernarus_TF.chernarus_summer read from bank.
20:46:35 Roles assigned.
20:46:35 Reading mission ...
20:46:35 No entry 'bin\config.bin/CfgMarkers.Third_Marker_3rdID'
20:46:35 Mission Zeus_Chernarus_TF.chernarus_summer read from bank.
20:46:35 Roles assigned.
20:46:35 Reading mission ...
20:46:35 No entry 'bin\config.bin/CfgMarkers.Third_Marker_3rdID'
20:46:35 Mission Zeus_Chernarus_TF.chernarus_summer read from bank.
20:46:35 Roles assigned.
20:46:35 Reading mission ...
20:46:35 No entry 'bin\config.bin/CfgMarkers.Third_Marker_3rdID'
20:46:35 Mission Zeus_Chernarus_TF.chernarus_summer read from bank.
20:46:35 Roles assigned.
20:46:35 Reading mission ...
20:46:35 No entry 'bin\config.bin/CfgMarkers.Third_Marker_3rdID'
20:46:35 Mission Zeus_Chernarus_TF.chernarus_summer read from bank.
20:46:35 Roles assigned.
20:46:35 Reading mission ...
20:46:35 No entry 'bin\config.bin/CfgMarkers.Third_Marker_3rdID'
20:46:35 Mission Zeus_Chernarus_TF.chernarus_summer read from bank.
20:46:36 Roles assigned.
20:46:36 Reading mission ...
20:46:36 No entry 'bin\config.bin/CfgMarkers.Third_Marker_3rdID'
20:46:36 Mission Zeus_Chernarus_TF.chernarus_summer read from bank.
20:46:36 Roles assigned.
20:46:36 Reading mission ...
20:46:36 No entry 'bin\config.bin/CfgMarkers.Third_Marker_3rdID'
20:46:36 Mission Zeus_Chernarus_TF.chernarus_summer read from bank.
20:46:36 Roles assigned.
20:46:36 Reading mission ...
20:46:36 No entry 'bin\config.bin/CfgMarkers.Third_Marker_3rdID'
20:46:36 Mission Zeus_Chernarus_TF.chernarus_summer read from bank.
20:46:36 Roles assigned.
20:46:36 Reading mission ...
20:46:36 No entry 'bin\config.bin/CfgMarkers.Third_Marker_3rdID'
20:46:36 Mission Zeus_Chernarus_TF.chernarus_summer read from bank.
20:46:36 Roles assigned.
20:46:36 Reading mission ...
20:46:36 No entry 'bin\config.bin/CfgMarkers.Third_Marker_3rdID'
20:46:36 Mission Zeus_Chernarus_TF.chernarus_summer read from bank.
20:46:36 Roles assigned.
20:46:36 Reading mission ...
20:46:36 No entry 'bin\config.bin/CfgMarkers.Third_Marker_3rdID'
20:46:36 Mission Zeus_Chernarus_TF.chernarus_summer read from bank.
20:46:36 Roles assigned.
20:46:36 Reading mission ...
20:46:36 No entry 'bin\config.bin/CfgMarkers.Third_Marker_3rdID'
20:46:36 Mission Zeus_Chernarus_TF.chernarus_summer read from bank.
20:46:37 Roles assigned.
20:46:37 Reading mission ...
20:46:37 No entry 'bin\config.bin/CfgMarkers.Third_Marker_3rdID'
20:46:37 Mission Zeus_Chernarus_TF.chernarus_summer read from bank.
20:46:37 Roles assigned.
20:46:37 Reading mission ...
20:46:37 No entry 'bin\config.bin/CfgMarkers.Third_Marker_3rdID'
20:46:37 Mission Zeus_Chernarus_TF.chernarus_summer read from bank.
20:46:37 Roles assigned.
20:46:37 Reading mission ...
20:46:37 No entry 'bin\config.bin/CfgMarkers.Third_Marker_3rdID'
20:46:37 Mission Zeus_Chernarus_TF.chernarus_summer read from bank.
20:46:37 Roles assigned.
20:46:37 Reading mission ...
20:46:37 No entry 'bin\config.bin/CfgMarkers.Third_Marker_3rdID'
20:46:37 Mission Zeus_Chernarus_TF.chernarus_summer read from bank.
20:46:37 Roles assigned.
20:46:37 Reading mission ...
20:46:37 No entry 'bin\config.bin/CfgMarkers.Third_Marker_3rdID'
20:46:37 Mission Zeus_Chernarus_TF.chernarus_summer read from bank.
20:46:37 Roles assigned.
20:46:37 Reading mission ...
20:46:37 No entry 'bin\config.bin/CfgMarkers.Third_Marker_3rdID'
20:46:37 Mission Zeus_Chernarus_TF.chernarus_summer read from bank.
20:46:37 Roles assigned.
20:46:37 Reading mission ...
20:46:37 No entry 'bin\config.bin/CfgMarkers.Third_Marker_3rdID'
20:46:37 Mission Zeus_Chernarus_TF.chernarus_summer read from bank.
20:46:38 Roles assigned.
20:46:38 Reading mission ...
20:46:38 No entry 'bin\config.bin/CfgMarkers.Third_Marker_3rdID'
20:46:38 Mission Zeus_Chernarus_TF.chernarus_summer read from bank.
20:46:38 Roles assigned.
20:46:38 Reading mission ...
20:46:38 No entry 'bin\config.bin/CfgMarkers.Third_Marker_3rdID'
20:46:38 Mission Zeus_Chernarus_TF.chernarus_summer read from bank.
20:46:38 Roles assigned.
20:46:38 Reading mission ...
20:46:38 No entry 'bin\config.bin/CfgMarkers.Third_Marker_3rdID'
20:46:38 Mission Zeus_Chernarus_TF.chernarus_summer read from bank.
20:46:38 Roles assigned.
20:46:38 Reading mission ...
20:46:38 No entry 'bin\config.bin/CfgMarkers.Third_Marker_3rdID'
20:46:38 Mission Zeus_Chernarus_TF.chernarus_summer read from bank.
20:46:38 Roles assigned.
20:46:38 Reading mission ...
20:46:38 No entry 'bin\config.bin/CfgMarkers.Third_Marker_3rdID'
20:46:38 Mission Zeus_Chernarus_TF.chernarus_summer read from bank.
20:46:38 Roles assigned.
20:46:38 Reading mission ...
20:46:38 No entry 'bin\config.bin/CfgMarkers.Third_Marker_3rdID'
20:46:38 Mission Zeus_Chernarus_TF.chernarus_summer read from bank.
20:46:38 Roles assigned.
20:46:38 Reading mission ...
20:46:38 No entry 'bin\config.bin/CfgMarkers.Third_Marker_3rdID'
20:46:39 Mission Zeus_Chernarus_TF.chernarus_summer read from bank.
20:46:39 Roles assigned.
20:46:39 Reading mission ...
20:46:39 No entry 'bin\config.bin/CfgMarkers.Third_Marker_3rdID'
20:46:39 Mission Zeus_Chernarus_TF.chernarus_summer read from bank.
20:46:39 Roles assigned.
20:46:39 Reading mission ...
20:46:39 No entry 'bin\config.bin/CfgMarkers.Third_Marker_3rdID'
20:46:39 Mission Zeus_Chernarus_TF.chernarus_summer read from bank.
20:46:39 Roles assigned.
20:46:39 Reading mission ...
20:46:39 No entry 'bin\config.bin/CfgMarkers.Third_Marker_3rdID'
20:46:39 Mission Zeus_Chernarus_TF.chernarus_summer read from bank.
20:46:39 Roles assigned.
20:46:39 Reading mission ...
20:46:39 No entry 'bin\config.bin/CfgMarkers.Third_Marker_3rdID'
20:46:39 Mission Zeus_Chernarus_TF.chernarus_summer read from bank.
20:46:39 Roles assigned.
20:46:39 Reading mission ...
20:46:39 No entry 'bin\config.bin/CfgMarkers.Third_Marker_3rdID'
20:46:39 Mission Zeus_Chernarus_TF.chernarus_summer read from bank.
20:46:39 Roles assigned.
20:46:39 Reading mission ...
20:46:39 No entry 'bin\config.bin/CfgMarkers.Third_Marker_3rdID'
20:46:39 Mission Zeus_Chernarus_TF.chernarus_summer read from bank.
20:46:39 Roles assigned.
20:46:40 Reading mission ...
20:46:40 No entry 'bin\config.bin/CfgMarkers.Third_Marker_3rdID'
20:46:40 Mission Zeus_Chernarus_TF.chernarus_summer read from bank.
20:46:40 Roles assigned.
20:46:40 Reading mission ...
20:46:40 No entry 'bin\config.bin/CfgMarkers.Third_Marker_3rdID'
20:46:40 Mission Zeus_Chernarus_TF.chernarus_summer read from bank.
20:46:40 Roles assigned.
20:46:40 Reading mission ...
20:46:40 No entry 'bin\config.bin/CfgMarkers.Third_Marker_3rdID'
20:46:40 Mission Zeus_Chernarus_TF.chernarus_summer read from bank.
20:46:40 Roles assigned.
20:46:40 Reading mission ...
20:46:40 No entry 'bin\config.bin/CfgMarkers.Third_Marker_3rdID'
20:46:40 Mission Zeus_Chernarus_TF.chernarus_summer read from bank.
20:46:40 Roles assigned.
20:46:40 Reading mission ...
20:46:40 No entry 'bin\config.bin/CfgMarkers.Third_Marker_3rdID'
20:46:40 Mission Zeus_Chernarus_TF.chernarus_summer read from bank.
20:46:40 Roles assigned.
20:46:40 Reading mission ...
20:46:40 No entry 'bin\config.bin/CfgMarkers.Third_Marker_3rdID'
20:46:40 Mission Zeus_Chernarus_TF.chernarus_summer read from bank.
20:46:40 Roles assigned.
20:46:40 Reading mission ...
20:46:40 No entry 'bin\config.bin/CfgMarkers.Third_Marker_3rdID'
20:46:40 Mission Zeus_Chernarus_TF.chernarus_summer read from bank.
20:46:41 Roles assigned.
20:46:41 Reading mission ...
20:46:41 No entry 'bin\config.bin/CfgMarkers.Third_Marker_3rdID'
20:46:41 Mission Zeus_Chernarus_TF.chernarus_summer read from bank.
20:46:41 Roles assigned.
20:46:41 Reading mission ...
20:46:41 No entry 'bin\config.bin/CfgMarkers.Third_Marker_3rdID'
20:46:41 Mission Zeus_Chernarus_TF.chernarus_summer read from bank.
20:46:41 Roles assigned.
20:46:41 Reading mission ...
20:46:41 No entry 'bin\config.bin/CfgMarkers.Third_Marker_3rdID'
20:46:41 Mission Zeus_Chernarus_TF.chernarus_summer read from bank.
20:46:41 Roles assigned.
20:46:41 Reading mission ...
20:46:41 No entry 'bin\config.bin/CfgMarkers.Third_Marker_3rdID'
20:46:41 Mission Zeus_Chernarus_TF.chernarus_summer read from bank.
20:46:41 Roles assigned.
20:46:41 Reading mission ...
20:46:41 No entry 'bin\config.bin/CfgMarkers.Third_Marker_3rdID'
20:46:41 Mission Zeus_Chernarus_TF.chernarus_summer read from bank.
20:46:41 Roles assigned.
20:46:41 Reading mission ...
20:46:41 No entry 'bin\config.bin/CfgMarkers.Third_Marker_3rdID'
20:46:41 Mission Zeus_Chernarus_TF.chernarus_summer read from bank.
20:46:41 Roles assigned.
20:46:41 Reading mission ...
20:46:41 No entry 'bin\config.bin/CfgMarkers.Third_Marker_3rdID'
20:46:41 Mission Zeus_Chernarus_TF.chernarus_summer read from bank.
20:46:42 Roles assigned.
20:46:42 Reading mission ...
20:46:42 No entry 'bin\config.bin/CfgMarkers.Third_Marker_3rdID'
20:46:42 Mission Zeus_Chernarus_TF.chernarus_summer read from bank.
20:46:42 Roles assigned.
20:46:42 Reading mission ...
20:46:42 No entry 'bin\config.bin/CfgMarkers.Third_Marker_3rdID'
20:46:42 Mission Zeus_Chernarus_TF.chernarus_summer read from bank.
20:46:42 Roles assigned.
20:46:42 Reading mission ...
20:46:42 No entry 'bin\config.bin/CfgMarkers.Third_Marker_3rdID'
20:46:42 Mission Zeus_Chernarus_TF.chernarus_summer read from bank.
20:46:42 Roles assigned.
20:46:42 Reading mission ...
20:46:42 No entry 'bin\config.bin/CfgMarkers.Third_Marker_3rdID'
20:46:42 Mission Zeus_Chernarus_TF.chernarus_summer read from bank.
20:46:42 Roles assigned.
20:46:42 Reading mission ...
20:46:42 No entry 'bin\config.bin/CfgMarkers.Third_Marker_3rdID'
20:46:42 Mission Zeus_Chernarus_TF.chernarus_summer read from bank.
20:46:42 Roles assigned.
20:46:42 Reading mission ...
20:46:42 No entry 'bin\config.bin/CfgMarkers.Third_Marker_3rdID'
20:46:42 Mission Zeus_Chernarus_TF.chernarus_summer read from bank.
20:46:42 Roles assigned.
20:46:42 Reading mission ...
20:46:42 No entry 'bin\config.bin/CfgMarkers.Third_Marker_3rdID'
20:46:42 Mission Zeus_Chernarus_TF.chernarus_summer read from bank.
20:46:43 Roles assigned.
20:46:43 Reading mission ...
20:46:43 No entry 'bin\config.bin/CfgMarkers.Third_Marker_3rdID'
20:46:43 Mission Zeus_Chernarus_TF.chernarus_summer read from bank.
20:46:43 Roles assigned.
20:46:43 Reading mission ...
20:46:43 No entry 'bin\config.bin/CfgMarkers.Third_Marker_3rdID'
20:46:43 Mission Zeus_Chernarus_TF.chernarus_summer read from bank.
20:46:43 Roles assigned.
20:46:43 Reading mission ...
20:46:43 No entry 'bin\config.bin/CfgMarkers.Third_Marker_3rdID'
20:46:43 Mission Zeus_Chernarus_TF.chernarus_summer read from bank.
20:46:43 Roles assigned.
20:46:43 Reading mission ...
20:46:43 No entry 'bin\config.bin/CfgMarkers.Third_Marker_3rdID'
20:46:43 Mission Zeus_Chernarus_TF.chernarus_summer read from bank.
20:46:43 Roles assigned.
20:46:43 Reading mission ...
20:46:43 No entry 'bin\config.bin/CfgMarkers.Third_Marker_3rdID'
20:46:43 Mission Zeus_Chernarus_TF.chernarus_summer read from bank.
20:46:43 Roles assigned.
20:46:43 Reading mission ...
20:46:43 No entry 'bin\config.bin/CfgMarkers.Third_Marker_3rdID'
20:46:43 Mission Zeus_Chernarus_TF.chernarus_summer read from bank.
20:46:43 Roles assigned.
20:46:43 Reading mission ...
20:46:43 No entry 'bin\config.bin/CfgMarkers.Third_Marker_3rdID'
20:46:43 Mission Zeus_Chernarus_TF.chernarus_summer read from bank.
20:46:44 Roles assigned.
20:46:44 Reading mission ...
20:46:44 No entry 'bin\config.bin/CfgMarkers.Third_Marker_3rdID'
20:46:44 Mission Zeus_Chernarus_TF.chernarus_summer read from bank.
20:46:44 Roles assigned.
20:46:44 Reading mission ...
20:46:44 No entry 'bin\config.bin/CfgMarkers.Third_Marker_3rdID'
20:46:44 Mission Zeus_Chernarus_TF.chernarus_summer read from bank.
20:46:44 Roles assigned.
20:46:44 Reading mission ...
20:46:44 No entry 'bin\config.bin/CfgMarkers.Third_Marker_3rdID'
20:46:44 Mission Zeus_Chernarus_TF.chernarus_summer read from bank.
20:46:44 Roles assigned.
20:46:44 Reading mission ...
20:46:44 No entry 'bin\config.bin/CfgMarkers.Third_Marker_3rdID'
20:46:44 Mission Zeus_Chernarus_TF.chernarus_summer read from bank.
20:46:44 Roles assigned.
20:46:44 Reading mission ...
20:46:44 No entry 'bin\config.bin/CfgMarkers.Third_Marker_3rdID'
20:46:44 Mission Zeus_Chernarus_TF.chernarus_summer read from bank.
20:46:44 Roles assigned.
20:46:44 Reading mission ...
20:46:44 No entry 'bin\config.bin/CfgMarkers.Third_Marker_3rdID'
20:46:44 Mission Zeus_Chernarus_TF.chernarus_summer read from bank.
20:46:44 Roles assigned.
20:46:44 Reading mission ...
20:46:44 No entry 'bin\config.bin/CfgMarkers.Third_Marker_3rdID'
20:46:45 Mission Zeus_Chernarus_TF.chernarus_summer read from bank.
20:46:45 Roles assigned.
20:46:45 Reading mission ...
20:46:45 No entry 'bin\config.bin/CfgMarkers.Third_Marker_3rdID'
20:46:45 Mission Zeus_Chernarus_TF.chernarus_summer read from bank.
20:46:45 Roles assigned.
20:46:45 Reading mission ...
20:46:45 No entry 'bin\config.bin/CfgMarkers.Third_Marker_3rdID'
20:46:45 Mission Zeus_Chernarus_TF.chernarus_summer read from bank.
20:46:45 Roles assigned.
20:46:45 Reading mission ...
20:46:45 No entry 'bin\config.bin/CfgMarkers.Third_Marker_3rdID'
20:46:45 Mission Zeus_Chernarus_TF.chernarus_summer read from bank.
20:46:45 Roles assigned.
20:46:45 Reading mission ...
20:46:45 No entry 'bin\config.bin/CfgMarkers.Third_Marker_3rdID'
20:46:45 Mission Zeus_Chernarus_TF.chernarus_summer read from bank.
20:46:45 Roles assigned.
20:46:45 Reading mission ...
20:46:45 No entry 'bin\config.bin/CfgMarkers.Third_Marker_3rdID'
20:46:45 Mission Zeus_Chernarus_TF.chernarus_summer read from bank.
20:46:45 Roles assigned.
20:46:45 Reading mission ...
20:46:45 No entry 'bin\config.bin/CfgMarkers.Third_Marker_3rdID'
20:46:45 Mission Zeus_Chernarus_TF.chernarus_summer read from bank.
20:46:46 Roles assigned.
20:46:46 Reading mission ...
20:46:46 No entry 'bin\config.bin/CfgMarkers.Third_Marker_3rdID'
20:46:46 Mission Zeus_Chernarus_TF.chernarus_summer read from bank.
20:46:46 Roles assigned.
20:46:46 Reading mission ...
20:46:46 No entry 'bin\config.bin/CfgMarkers.Third_Marker_3rdID'
20:46:46 Mission Zeus_Chernarus_TF.chernarus_summer read from bank.
20:46:46 Roles assigned.
20:46:46 Reading mission ...
20:46:46 No entry 'bin\config.bin/CfgMarkers.Third_Marker_3rdID'
20:46:46 Mission Zeus_Chernarus_TF.chernarus_summer read from bank.
20:46:46 Roles assigned.
20:46:46 Reading mission ...
20:46:46 No entry 'bin\config.bin/CfgMarkers.Third_Marker_3rdID'
20:46:46 Mission Zeus_Chernarus_TF.chernarus_summer read from bank.
20:46:46 Roles assigned.
20:46:46 Reading mission ...
20:46:46 No entry 'bin\config.bin/CfgMarkers.Third_Marker_3rdID'
20:46:46 Mission Zeus_Chernarus_TF.chernarus_summer read from bank.
20:46:46 Roles assigned.
20:46:46 Reading mission ...
20:46:46 No entry 'bin\config.bin/CfgMarkers.Third_Marker_3rdID'
20:46:46 Mission Zeus_Chernarus_TF.chernarus_summer read from bank.
20:46:46 Roles assigned.
20:46:46 Reading mission ...
20:46:46 No entry 'bin\config.bin/CfgMarkers.Third_Marker_3rdID'
20:46:46 Mission Zeus_Chernarus_TF.chernarus_summer read from bank.
20:46:47 Roles assigned.
20:46:47 Reading mission ...
20:46:47 No entry 'bin\config.bin/CfgMarkers.Third_Marker_3rdID'
20:46:47 Mission Zeus_Chernarus_TF.chernarus_summer read from bank.
20:46:47 Roles assigned.
20:46:47 Reading mission ...
20:46:47 No entry 'bin\config.bin/CfgMarkers.Third_Marker_3rdID'
20:46:47 Mission Zeus_Chernarus_TF.chernarus_summer read from bank.
20:46:47 Roles assigned.
20:46:47 Reading mission ...
20:46:47 No entry 'bin\config.bin/CfgMarkers.Third_Marker_3rdID'
20:46:47 Mission Zeus_Chernarus_TF.chernarus_summer read from bank.
20:46:47 Roles assigned.
20:46:47 Reading mission ...
20:46:47 No entry 'bin\config.bin/CfgMarkers.Third_Marker_3rdID'
20:46:47 Mission Zeus_Chernarus_TF.chernarus_summer read from bank.
20:46:47 Roles assigned.
20:46:47 Reading mission ...
20:46:47 No entry 'bin\config.bin/CfgMarkers.Third_Marker_3rdID'
20:46:47 Mission Zeus_Chernarus_TF.chernarus_summer read from bank.
20:46:47 Roles assigned.
20:46:47 Reading mission ...
20:46:47 No entry 'bin\config.bin/CfgMarkers.Third_Marker_3rdID'
20:46:47 Mission Zeus_Chernarus_TF.chernarus_summer read from bank.
20:46:47 Roles assigned.
20:46:47 Reading mission ...
20:46:47 No entry 'bin\config.bin/CfgMarkers.Third_Marker_3rdID'
20:46:47 Mission Zeus_Chernarus_TF.chernarus_summer read from bank.
20:46:48 Roles assigned.
20:46:48 Reading mission ...
20:46:48 No entry 'bin\config.bin/CfgMarkers.Third_Marker_3rdID'
20:46:48 Mission Zeus_Chernarus_TF.chernarus_summer read from bank.
20:46:48 Roles assigned.
20:46:48 Reading mission ...
20:46:48 No entry 'bin\config.bin/CfgMarkers.Third_Marker_3rdID'
20:46:48 Mission Zeus_Chernarus_TF.chernarus_summer read from bank.
20:46:48 Roles assigned.
20:46:48 Reading mission ...
20:46:48 No entry 'bin\config.bin/CfgMarkers.Third_Marker_3rdID'
20:46:48 Mission Zeus_Chernarus_TF.chernarus_summer read from bank.
20:46:48 Roles assigned.
20:46:48 Reading mission ...
20:46:48 No entry 'bin\config.bin/CfgMarkers.Third_Marker_3rdID'
20:46:48 Mission Zeus_Chernarus_TF.chernarus_summer read from bank.
20:46:48 Roles assigned.
20:46:48 Reading mission ...
20:46:48 No entry 'bin\config.bin/CfgMarkers.Third_Marker_3rdID'
20:46:48 Mission Zeus_Chernarus_TF.chernarus_summer read from bank.
20:46:48 Roles assigned.
20:46:48 Reading mission ...
20:46:48 No entry 'bin\config.bin/CfgMarkers.Third_Marker_3rdID'
20:46:48 Mission Zeus_Chernarus_TF.chernarus_summer read from bank.
20:46:48 Roles assigned.
20:46:48 Reading mission ...
20:46:48 No entry 'bin\config.bin/CfgMarkers.Third_Marker_3rdID'
20:46:48 Mission Zeus_Chernarus_TF.chernarus_summer read from bank.
20:46:49 Roles assigned.
20:46:49 Reading mission ...
20:46:49 No entry 'bin\config.bin/CfgMarkers.Third_Marker_3rdID'
20:46:49 Mission Zeus_Chernarus_TF.chernarus_summer read from bank.
20:46:49 Roles assigned.
20:46:49 Reading mission ...
20:46:49 No entry 'bin\config.bin/CfgMarkers.Third_Marker_3rdID'
20:46:49 Mission Zeus_Chernarus_TF.chernarus_summer read from bank.
20:46:49 Roles assigned.
20:46:49 Reading mission ...
20:46:49 No entry 'bin\config.bin/CfgMarkers.Third_Marker_3rdID'
20:46:49 Mission Zeus_Chernarus_TF.chernarus_summer read from bank.
20:46:49 Roles assigned.
20:46:49 Reading mission ...
20:46:49 No entry 'bin\config.bin/CfgMarkers.Third_Marker_3rdID'
20:46:49 Mission Zeus_Chernarus_TF.chernarus_summer read from bank.
20:46:49 Roles assigned.
20:46:49 Reading mission ...
20:46:49 No entry 'bin\config.bin/CfgMarkers.Third_Marker_3rdID'
20:46:49 Mission Zeus_Chernarus_TF.chernarus_summer read from bank.
20:46:49 Roles assigned.
20:46:49 Reading mission ...
20:46:49 No entry 'bin\config.bin/CfgMarkers.Third_Marker_3rdID'
20:46:49 Mission Zeus_Chernarus_TF.chernarus_summer read from bank.
20:46:49 Roles assigned.
20:46:49 Reading mission ...
20:46:49 No entry 'bin\config.bin/CfgMarkers.Third_Marker_3rdID'
20:46:50 Mission Zeus_Chernarus_TF.chernarus_summer read from bank.
20:46:50 Roles assigned.
20:46:50 Reading mission ...
20:46:50 No entry 'bin\config.bin/CfgMarkers.Third_Marker_3rdID'
20:46:50 Mission Zeus_Chernarus_TF.chernarus_summer read from bank.
20:46:50 Roles assigned.
20:46:50 Reading mission ...
20:46:50 No entry 'bin\config.bin/CfgMarkers.Third_Marker_3rdID'
20:46:50 Mission Zeus_Chernarus_TF.chernarus_summer read from bank.
20:46:50 Roles assigned.
20:46:50 Reading mission ...
20:46:50 No entry 'bin\config.bin/CfgMarkers.Third_Marker_3rdID'
20:46:50 Mission Zeus_Chernarus_TF.chernarus_summer read from bank.
20:46:50 Roles assigned.
20:46:50 Reading mission ...
20:46:50 No entry 'bin\config.bin/CfgMarkers.Third_Marker_3rdID'
20:46:50 Mission Zeus_Chernarus_TF.chernarus_summer read from bank.
20:46:50 Roles assigned.
20:46:50 Reading mission ...
20:46:50 No entry 'bin\config.bin/CfgMarkers.Third_Marker_3rdID'
20:46:50 Mission Zeus_Chernarus_TF.chernarus_summer read from bank.
20:46:50 Roles assigned.
20:46:50 Reading mission ...
20:46:50 No entry 'bin\config.bin/CfgMarkers.Third_Marker_3rdID'
20:46:50 Mission Zeus_Chernarus_TF.chernarus_summer read from bank.
20:46:50 Roles assigned.
20:46:51 Reading mission ...
20:46:51 No entry 'bin\config.bin/CfgMarkers.Third_Marker_3rdID'
20:46:51 Mission Zeus_Chernarus_TF.chernarus_summer read from bank.
20:46:51 Roles assigned.
20:46:51 Reading mission ...
20:46:51 No entry 'bin\config.bin/CfgMarkers.Third_Marker_3rdID'
20:46:51 Mission Zeus_Chernarus_TF.chernarus_summer read from bank.
20:46:51 Roles assigned.
20:46:51 Reading mission ...
20:46:51 No entry 'bin\config.bin/CfgMarkers.Third_Marker_3rdID'
20:46:51 Mission Zeus_Chernarus_TF.chernarus_summer read from bank.
20:46:51 Roles assigned.
20:46:51 Reading mission ...
20:46:51 No entry 'bin\config.bin/CfgMarkers.Third_Marker_3rdID'
20:46:51 Mission Zeus_Chernarus_TF.chernarus_summer read from bank.
20:46:51 Roles assigned.
20:46:51 Reading mission ...
20:46:51 No entry 'bin\config.bin/CfgMarkers.Third_Marker_3rdID'
20:46:51 Mission Zeus_Chernarus_TF.chernarus_summer read from bank.
20:46:51 Roles assigned.
20:46:51 Reading mission ...
20:46:51 No entry 'bin\config.bin/CfgMarkers.Third_Marker_3rdID'
20:46:51 Mission Zeus_Chernarus_TF.chernarus_summer read from bank.
20:46:51 Roles assigned.
20:46:51 Reading mission ...
20:46:51 No entry 'bin\config.bin/CfgMarkers.Third_Marker_3rdID'
20:46:51 Mission Zeus_Chernarus_TF.chernarus_summer read from bank.
20:46:52 Roles assigned.
20:46:52 Reading mission ...
20:46:52 No entry 'bin\config.bin/CfgMarkers.Third_Marker_3rdID'
20:46:52 Mission Zeus_Chernarus_TF.chernarus_summer read from bank.
20:46:52 Roles assigned.
20:46:52 Reading mission ...
20:46:52 No entry 'bin\config.bin/CfgMarkers.Third_Marker_3rdID'
20:46:52 Mission Zeus_Chernarus_TF.chernarus_summer read from bank.
20:46:52 Roles assigned.
20:46:52 Reading mission ...
20:46:52 No entry 'bin\config.bin/CfgMarkers.Third_Marker_3rdID'
20:46:52 Mission Zeus_Chernarus_TF.chernarus_summer read from bank.
20:46:52 Roles assigned.
20:46:52 Reading mission ...
20:46:52 No entry 'bin\config.bin/CfgMarkers.Third_Marker_3rdID'
20:46:52 Mission Zeus_Chernarus_TF.chernarus_summer read from bank.
20:46:52 Roles assigned.
20:46:52 Reading mission ...
20:46:52 No entry 'bin\config.bin/CfgMarkers.Third_Marker_3rdID'
20:46:52 Mission Zeus_Chernarus_TF.chernarus_summer read from bank.
20:46:52 Roles assigned.
20:46:52 Reading mission ...
20:46:52 No entry 'bin\config.bin/CfgMarkers.Third_Marker_3rdID'
20:46:52 Mission Zeus_Chernarus_TF.chernarus_summer read from bank.
20:46:52 Roles assigned.
20:46:52 Reading mission ...
20:46:52 No entry 'bin\config.bin/CfgMarkers.Third_Marker_3rdID'
20:46:52 Mission Zeus_Chernarus_TF.chernarus_summer read from bank.
20:46:53 Roles assigned.
20:46:53 Reading mission ...
20:46:53 No entry 'bin\config.bin/CfgMarkers.Third_Marker_3rdID'
20:46:53 Mission Zeus_Chernarus_TF.chernarus_summer read from bank.
20:46:53 Roles assigned.
20:46:53 Reading mission ...
20:46:53 No entry 'bin\config.bin/CfgMarkers.Third_Marker_3rdID'
20:46:53 Mission Zeus_Chernarus_TF.chernarus_summer read from bank.
20:46:53 Roles assigned.
20:46:53 Reading mission ...
20:46:53 No entry 'bin\config.bin/CfgMarkers.Third_Marker_3rdID'
20:46:53 Mission Zeus_Chernarus_TF.chernarus_summer read from bank.
20:46:53 Roles assigned.
20:46:53 Reading mission ...
20:46:53 No entry 'bin\config.bin/CfgMarkers.Third_Marker_3rdID'
20:46:53 Mission Zeus_Chernarus_TF.chernarus_summer read from bank.
20:46:53 Roles assigned.
20:46:53 Reading mission ...
20:46:53 No entry 'bin\config.bin/CfgMarkers.Third_Marker_3rdID'
20:46:53 Mission Zeus_Chernarus_TF.chernarus_summer read from bank.
20:46:53 Roles assigned.
20:46:53 Reading mission ...
20:46:53 No entry 'bin\config.bin/CfgMarkers.Third_Marker_3rdID'
20:46:53 Mission Zeus_Chernarus_TF.chernarus_summer read from bank.
20:46:53 Roles assigned.
20:46:53 Reading mission ...
20:46:53 No entry 'bin\config.bin/CfgMarkers.Third_Marker_3rdID'
20:46:53 Mission Zeus_Chernarus_TF.chernarus_summer read from bank.
20:46:54 Roles assigned.
20:46:54 Reading mission ...
20:46:54 No entry 'bin\config.bin/CfgMarkers.Third_Marker_3rdID'
20:46:54 Mission Zeus_Chernarus_TF.chernarus_summer read from bank.
20:46:54 Roles assigned.
20:46:54 Reading mission ...
20:46:54 No entry 'bin\config.bin/CfgMarkers.Third_Marker_3rdID'
20:46:54 Mission Zeus_Chernarus_TF.chernarus_summer read from bank.
20:46:54 Roles assigned.
20:46:54 Reading mission ...
20:46:54 No entry 'bin\config.bin/CfgMarkers.Third_Marker_3rdID'
20:46:54 Mission Zeus_Chernarus_TF.chernarus_summer read from bank.
20:46:54 Roles assigned.
20:46:54 Reading mission ...
20:46:54 No entry 'bin\config.bin/CfgMarkers.Third_Marker_3rdID'
20:46:54 Mission Zeus_Chernarus_TF.chernarus_summer read from bank.
20:46:54 Roles assigned.
20:46:54 Reading mission ...
20:46:54 No entry 'bin\config.bin/CfgMarkers.Third_Marker_3rdID'
20:46:54 Mission Zeus_Chernarus_TF.chernarus_summer read from bank.
20:46:54 Roles assigned.
20:46:54 Reading mission ...
20:46:54 No entry 'bin\config.bin/CfgMarkers.Third_Marker_3rdID'
20:46:54 Mission Zeus_Chernarus_TF.chernarus_summer read from bank.
20:46:54 Roles assigned.
20:46:54 Reading mission ...
20:46:54 No entry 'bin\config.bin/CfgMarkers.Third_Marker_3rdID'
20:46:55 Mission Zeus_Chernarus_TF.chernarus_summer read from bank.
20:46:55 Roles assigned.
20:46:55 Reading mission ...
20:46:55 No entry 'bin\config.bin/CfgMarkers.Third_Marker_3rdID'
20:46:55 Mission Zeus_Chernarus_TF.chernarus_summer read from bank.
20:46:55 Roles assigned.
20:46:55 Reading mission ...
20:46:55 No entry 'bin\config.bin/CfgMarkers.Third_Marker_3rdID'
20:46:55 Mission Zeus_Chernarus_TF.chernarus_summer read from bank.
20:46:55 Roles assigned.
20:46:55 Reading mission ...
20:46:55 No entry 'bin\config.bin/CfgMarkers.Third_Marker_3rdID'
20:46:55 Mission Zeus_Chernarus_TF.chernarus_summer read from bank.
20:46:55 Roles assigned.
20:46:55 Reading mission ...
20:46:55 No entry 'bin\config.bin/CfgMarkers.Third_Marker_3rdID'
20:46:55 Mission Zeus_Chernarus_TF.chernarus_summer read from bank.
20:46:55 Roles assigned.
20:46:55 Reading mission ...
20:46:55 No entry 'bin\config.bin/CfgMarkers.Third_Marker_3rdID'
20:46:55 Mission Zeus_Chernarus_TF.chernarus_summer read from bank.
20:46:55 Roles assigned.
20:46:55 Reading mission ...
20:46:55 No entry 'bin\config.bin/CfgMarkers.Third_Marker_3rdID'
20:46:55 Mission Zeus_Chernarus_TF.chernarus_summer read from bank.
20:46:56 Roles assigned.
20:46:56 Reading mission ...
20:46:56 No entry 'bin\config.bin/CfgMarkers.Third_Marker_3rdID'
20:46:56 Mission Zeus_Chernarus_TF.chernarus_summer read from bank.
20:46:56 Roles assigned.
20:46:56 Reading mission ...
20:46:56 No entry 'bin\config.bin/CfgMarkers.Third_Marker_3rdID'
20:46:56 Mission Zeus_Chernarus_TF.chernarus_summer read from bank.
20:46:56 Roles assigned.
20:46:56 Reading mission ...
20:46:56 No entry 'bin\config.bin/CfgMarkers.Third_Marker_3rdID'
20:46:56 Mission Zeus_Chernarus_TF.chernarus_summer read from bank.
20:46:56 Roles assigned.
20:46:56 Reading mission ...
20:46:56 No entry 'bin\config.bin/CfgMarkers.Third_Marker_3rdID'
20:46:56 Mission Zeus_Chernarus_TF.chernarus_summer read from bank.
20:46:56 Roles assigned.
20:46:56 Reading mission ...
20:46:56 No entry 'bin\config.bin/CfgMarkers.Third_Marker_3rdID'
20:46:56 Mission Zeus_Chernarus_TF.chernarus_summer read from bank.
20:46:56 Roles assigned.
20:46:56 Reading mission ...
20:46:56 No entry 'bin\config.bin/CfgMarkers.Third_Marker_3rdID'
20:46:56 Mission Zeus_Chernarus_TF.chernarus_summer read from bank.
20:46:56 Roles assigned.
20:46:56 Reading mission ...
20:46:56 No entry 'bin\config.bin/CfgMarkers.Third_Marker_3rdID'
20:46:56 Mission Zeus_Chernarus_TF.chernarus_summer read from bank.
20:46:57 Roles assigned.
20:46:57 Reading mission ...
20:46:57 No entry 'bin\config.bin/CfgMarkers.Third_Marker_3rdID'
20:46:57 Mission Zeus_Chernarus_TF.chernarus_summer read from bank.
20:46:57 Roles assigned.
20:46:57 Reading mission ...
20:46:57 No entry 'bin\config.bin/CfgMarkers.Third_Marker_3rdID'
20:46:57 Mission Zeus_Chernarus_TF.chernarus_summer read from bank.
20:46:57 Roles assigned.
20:46:57 Reading mission ...
20:46:57 No entry 'bin\config.bin/CfgMarkers.Third_Marker_3rdID'
20:46:57 Mission Zeus_Chernarus_TF.chernarus_summer read from bank.
20:46:57 Roles assigned.
20:46:57 Reading mission ...
20:46:57 No entry 'bin\config.bin/CfgMarkers.Third_Marker_3rdID'
20:46:57 Mission Zeus_Chernarus_TF.chernarus_summer read from bank.
20:46:57 Roles assigned.
20:46:57 Reading mission ...
20:46:57 No entry 'bin\config.bin/CfgMarkers.Third_Marker_3rdID'
20:46:57 Mission Zeus_Chernarus_TF.chernarus_summer read from bank.
20:46:57 Roles assigned.
20:46:57 Reading mission ...
20:46:57 No entry 'bin\config.bin/CfgMarkers.Third_Marker_3rdID'
20:46:57 Mission Zeus_Chernarus_TF.chernarus_summer read from bank.
20:46:57 Roles assigned.
20:46:57 Reading mission ...
20:46:57 No entry 'bin\config.bin/CfgMarkers.Third_Marker_3rdID'
20:46:57 Mission Zeus_Chernarus_TF.chernarus_summer read from bank.
20:46:58 Roles assigned.
20:46:58 Reading mission ...
20:46:58 No entry 'bin\config.bin/CfgMarkers.Third_Marker_3rdID'
20:46:58 Mission Zeus_Chernarus_TF.chernarus_summer read from bank.
20:46:58 Roles assigned.
20:46:58 Reading mission ...
20:46:58 No entry 'bin\config.bin/CfgMarkers.Third_Marker_3rdID'
20:46:58 Mission Zeus_Chernarus_TF.chernarus_summer read from bank.
20:46:58 Roles assigned.
20:46:58 Reading mission ...
20:46:58 No entry 'bin\config.bin/CfgMarkers.Third_Marker_3rdID'
20:46:58 Mission Zeus_Chernarus_TF.chernarus_summer read from bank.
20:46:58 Roles assigned.
20:46:58 Reading mission ...
20:46:58 No entry 'bin\config.bin/CfgMarkers.Third_Marker_3rdID'
20:46:58 Mission Zeus_Chernarus_TF.chernarus_summer read from bank.
20:46:58 Roles assigned.
20:46:58 Reading mission ...
20:46:58 No entry 'bin\config.bin/CfgMarkers.Third_Marker_3rdID'
20:46:58 Mission Zeus_Chernarus_TF.chernarus_summer read from bank.
20:46:58 Roles assigned.
20:46:58 Reading mission ...
20:46:58 No entry 'bin\config.bin/CfgMarkers.Third_Marker_3rdID'
20:46:58 Mission Zeus_Chernarus_TF.chernarus_summer read from bank.
20:46:58 Roles assigned.
20:46:58 Reading mission ...
20:46:58 No entry 'bin\config.bin/CfgMarkers.Third_Marker_3rdID'
20:46:58 Mission Zeus_Chernarus_TF.chernarus_summer read from bank.
20:46:59 Roles assigned.
20:46:59 Reading mission ...
20:46:59 No entry 'bin\config.bin/CfgMarkers.Third_Marker_3rdID'
20:46:59 Mission Zeus_Chernarus_TF.chernarus_summer read from bank.
20:46:59 Roles assigned.
20:46:59 Reading mission ...
20:46:59 No entry 'bin\config.bin/CfgMarkers.Third_Marker_3rdID'
20:46:59 Mission Zeus_Chernarus_TF.chernarus_summer read from bank.
20:46:59 Roles assigned.
20:46:59 Reading mission ...
20:46:59 No entry 'bin\config.bin/CfgMarkers.Third_Marker_3rdID'
20:46:59 Mission Zeus_Chernarus_TF.chernarus_summer read from bank.
20:46:59 Roles assigned.
20:46:59 Reading mission ...
20:46:59 No entry 'bin\config.bin/CfgMarkers.Third_Marker_3rdID'
20:46:59 Mission Zeus_Chernarus_TF.chernarus_summer read from bank.
20:46:59 Roles assigned.
20:46:59 Reading mission ...
20:46:59 No entry 'bin\config.bin/CfgMarkers.Third_Marker_3rdID'
20:46:59 Mission Zeus_Chernarus_TF.chernarus_summer read from bank.
20:46:59 Roles assigned.
20:46:59 Reading mission ...
20:46:59 No entry 'bin\config.bin/CfgMarkers.Third_Marker_3rdID'
20:46:59 Mission Zeus_Chernarus_TF.chernarus_summer read from bank.
20:46:59 Roles assigned.
20:46:59 Reading mission ...
20:46:59 No entry 'bin\config.bin/CfgMarkers.Third_Marker_3rdID'
20:47:00 Mission Zeus_Chernarus_TF.chernarus_summer read from bank.
20:47:00 Roles assigned.
20:47:00 Reading mission ...
20:47:00 No entry 'bin\config.bin/CfgMarkers.Third_Marker_3rdID'
20:47:00 Mission Zeus_Chernarus_TF.chernarus_summer read from bank.
20:47:00 Roles assigned.
20:47:00 Reading mission ...
20:47:00 No entry 'bin\config.bin/CfgMarkers.Third_Marker_3rdID'
20:47:00 Mission Zeus_Chernarus_TF.chernarus_summer read from bank.
20:47:00 Roles assigned.
20:47:00 Reading mission ...
20:47:00 No entry 'bin\config.bin/CfgMarkers.Third_Marker_3rdID'
20:47:00 Mission Zeus_Chernarus_TF.chernarus_summer read from bank.
20:47:00 Roles assigned.
20:47:00 Reading mission ...
20:47:00 No entry 'bin\config.bin/CfgMarkers.Third_Marker_3rdID'
20:47:00 Mission Zeus_Chernarus_TF.chernarus_summer read from bank.
20:47:00 Roles assigned.
20:47:00 Reading mission ...
20:47:00 No entry 'bin\config.bin/CfgMarkers.Third_Marker_3rdID'
20:47:00 Mission Zeus_Chernarus_TF.chernarus_summer read from bank.
20:47:00 Roles assigned.
20:47:00 Reading mission ...
20:47:00 No entry 'bin\config.bin/CfgMarkers.Third_Marker_3rdID'
20:47:00 Mission Zeus_Chernarus_TF.chernarus_summer read from bank.
20:47:01 Roles assigned.
20:47:01 Reading mission ...
20:47:01 No entry 'bin\config.bin/CfgMarkers.Third_Marker_3rdID'
20:47:01 Mission Zeus_Chernarus_TF.chernarus_summer read from bank.
20:47:01 Roles assigned.
20:47:01 Reading mission ...
20:47:01 No entry 'bin\config.bin/CfgMarkers.Third_Marker_3rdID'
20:47:01 Mission Zeus_Chernarus_TF.chernarus_summer read from bank.
20:47:01 Roles assigned.
20:47:01 Reading mission ...
20:47:01 No entry 'bin\config.bin/CfgMarkers.Third_Marker_3rdID'
20:47:01 Mission Zeus_Chernarus_TF.chernarus_summer read from bank.
20:47:01 Roles assigned.
20:47:01 Reading mission ...
20:47:01 No entry 'bin\config.bin/CfgMarkers.Third_Marker_3rdID'
20:47:01 Mission Zeus_Chernarus_TF.chernarus_summer read from bank.
20:47:01 Roles assigned.
20:47:01 Reading mission ...
20:47:01 No entry 'bin\config.bin/CfgMarkers.Third_Marker_3rdID'
20:47:01 Mission Zeus_Chernarus_TF.chernarus_summer read from bank.
20:47:01 Roles assigned.
20:47:01 Reading mission ...
20:47:01 No entry 'bin\config.bin/CfgMarkers.Third_Marker_3rdID'
20:47:01 Mission Zeus_Chernarus_TF.chernarus_summer read from bank.
20:47:01 Roles assigned.
20:47:01 Reading mission ...
20:47:01 No entry 'bin\config.bin/CfgMarkers.Third_Marker_3rdID'
20:47:01 Mission Zeus_Chernarus_TF.chernarus_summer read from bank.
20:47:02 Roles assigned.
20:47:02 Reading mission ...
20:47:02 No entry 'bin\config.bin/CfgMarkers.Third_Marker_3rdID'
20:47:02 Mission Zeus_Chernarus_TF.chernarus_summer read from bank.
20:47:02 Roles assigned.
20:47:02 Reading mission ...
20:47:02 No entry 'bin\config.bin/CfgMarkers.Third_Marker_3rdID'
20:47:02 Mission Zeus_Chernarus_TF.chernarus_summer read from bank.
20:47:02 Roles assigned.
20:47:02 Reading mission ...
20:47:02 No entry 'bin\config.bin/CfgMarkers.Third_Marker_3rdID'
20:47:02 Mission Zeus_Chernarus_TF.chernarus_summer read from bank.
20:47:02 Roles assigned.
20:47:02 Reading mission ...
20:47:02 No entry 'bin\config.bin/CfgMarkers.Third_Marker_3rdID'
20:47:02 Mission Zeus_Chernarus_TF.chernarus_summer read from bank.
20:47:02 Roles assigned.
20:47:02 Reading mission ...
20:47:02 No entry 'bin\config.bin/CfgMarkers.Third_Marker_3rdID'
20:47:02 Mission Zeus_Chernarus_TF.chernarus_summer read from bank.
20:47:02 Roles assigned.
20:47:02 Reading mission ...
20:47:02 No entry 'bin\config.bin/CfgMarkers.Third_Marker_3rdID'
20:47:02 Mission Zeus_Chernarus_TF.chernarus_summer read from bank.
20:47:02 Roles assigned.
20:47:02 Reading mission ...
20:47:02 No entry 'bin\config.bin/CfgMarkers.Third_Marker_3rdID'
20:47:02 Mission Zeus_Chernarus_TF.chernarus_summer read from bank.
20:47:03 Roles assigned.
20:47:03 Reading mission ...
20:47:03 No entry 'bin\config.bin/CfgMarkers.Third_Marker_3rdID'
20:47:03 Mission Zeus_Chernarus_TF.chernarus_summer read from bank.
20:47:03 Roles assigned.
20:47:03 Reading mission ...
20:47:03 No entry 'bin\config.bin/CfgMarkers.Third_Marker_3rdID'
20:47:03 Mission Zeus_Chernarus_TF.chernarus_summer read from bank.
20:47:03 Roles assigned.
20:47:03 Reading mission ...
20:47:03 No entry 'bin\config.bin/CfgMarkers.Third_Marker_3rdID'
20:47:03 Mission Zeus_Chernarus_TF.chernarus_summer read from bank.
20:47:03 Roles assigned.
20:47:03 Reading mission ...
20:47:03 No entry 'bin\config.bin/CfgMarkers.Third_Marker_3rdID'
20:47:03 Mission Zeus_Chernarus_TF.chernarus_summer read from bank.
20:47:03 Roles assigned.
20:47:03 Reading mission ...
20:47:03 No entry 'bin\config.bin/CfgMarkers.Third_Marker_3rdID'
20:47:03 Mission Zeus_Chernarus_TF.chernarus_summer read from bank.
20:47:03 Roles assigned.
20:47:03 Reading mission ...
20:47:03 No entry 'bin\config.bin/CfgMarkers.Third_Marker_3rdID'
20:47:03 Mission Zeus_Chernarus_TF.chernarus_summer read from bank.
20:47:03 Roles assigned.
20:47:03 Reading mission ...
20:47:03 No entry 'bin\config.bin/CfgMarkers.Third_Marker_3rdID'
20:47:03 Mission Zeus_Chernarus_TF.chernarus_summer read from bank.
20:47:04 Roles assigned.
20:47:04 Reading mission ...
20:47:04 No entry 'bin\config.bin/CfgMarkers.Third_Marker_3rdID'
20:47:04 Mission Zeus_Chernarus_TF.chernarus_summer read from bank.
20:47:04 Roles assigned.
20:47:04 Reading mission ...
20:47:04 No entry 'bin\config.bin/CfgMarkers.Third_Marker_3rdID'
20:47:04 Mission Zeus_Chernarus_TF.chernarus_summer read from bank.
20:47:04 Roles assigned.
20:47:04 Reading mission ...
20:47:04 No entry 'bin\config.bin/CfgMarkers.Third_Marker_3rdID'
20:47:04 Mission Zeus_Chernarus_TF.chernarus_summer read from bank.
20:47:04 Roles assigned.
20:47:04 Reading mission ...
20:47:04 No entry 'bin\config.bin/CfgMarkers.Third_Marker_3rdID'
20:47:04 Mission Zeus_Chernarus_TF.chernarus_summer read from bank.
20:47:04 Roles assigned.
20:47:04 Reading mission ...
20:47:04 No entry 'bin\config.bin/CfgMarkers.Third_Marker_3rdID'
20:47:04 Mission Zeus_Chernarus_TF.chernarus_summer read from bank.
20:47:04 Roles assigned.
20:47:04 Reading mission ...
20:47:04 No entry 'bin\config.bin/CfgMarkers.Third_Marker_3rdID'
20:47:04 Mission Zeus_Chernarus_TF.chernarus_summer read from bank.
20:47:04 Roles assigned.
20:47:04 Reading mission ...
20:47:04 No entry 'bin\config.bin/CfgMarkers.Third_Marker_3rdID'
20:47:05 Mission Zeus_Chernarus_TF.chernarus_summer read from bank.
20:47:05 Roles assigned.
20:47:05 Reading mission ...
20:47:05 No entry 'bin\config.bin/CfgMarkers.Third_Marker_3rdID'
20:47:05 Mission Zeus_Chernarus_TF.chernarus_summer read from bank.
20:47:05 Roles assigned.
20:47:05 Reading mission ...
20:47:05 No entry 'bin\config.bin/CfgMarkers.Third_Marker_3rdID'
20:47:05 Mission Zeus_Chernarus_TF.chernarus_summer read from bank.
20:47:05 Roles assigned.
20:47:05 Reading mission ...
20:47:05 No entry 'bin\config.bin/CfgMarkers.Third_Marker_3rdID'
20:47:05 Mission Zeus_Chernarus_TF.chernarus_summer read from bank.
20:47:05 Roles assigned.
20:47:05 Reading mission ...
20:47:05 No entry 'bin\config.bin/CfgMarkers.Third_Marker_3rdID'
20:47:05 Mission Zeus_Chernarus_TF.chernarus_summer read from bank.
20:47:05 Roles assigned.
20:47:05 Reading mission ...
20:47:05 No entry 'bin\config.bin/CfgMarkers.Third_Marker_3rdID'
20:47:05 Mission Zeus_Chernarus_TF.chernarus_summer read from bank.
20:47:05 Roles assigned.
20:47:05 Reading mission ...
20:47:05 No entry 'bin\config.bin/CfgMarkers.Third_Marker_3rdID'
20:47:05 Mission Zeus_Chernarus_TF.chernarus_summer read from bank.
20:47:05 Roles assigned.
20:47:06 Reading mission ...
20:47:06 No entry 'bin\config.bin/CfgMarkers.Third_Marker_3rdID'
20:47:06 Mission Zeus_Chernarus_TF.chernarus_summer read from bank.
20:47:06 Roles assigned.
20:47:06 Reading mission ...
20:47:06 No entry 'bin\config.bin/CfgMarkers.Third_Marker_3rdID'
20:47:06 Mission Zeus_Chernarus_TF.chernarus_summer read from bank.
20:47:06 Roles assigned.
20:47:06 Reading mission ...
20:47:06 No entry 'bin\config.bin/CfgMarkers.Third_Marker_3rdID'
20:47:06 Mission Zeus_Chernarus_TF.chernarus_summer read from bank.
20:47:06 Roles assigned.
20:47:06 Reading mission ...
20:47:06 No entry 'bin\config.bin/CfgMarkers.Third_Marker_3rdID'
20:47:06 Mission Zeus_Chernarus_TF.chernarus_summer read from bank.
20:47:06 Roles assigned.
20:47:06 Reading mission ...
20:47:06 No entry 'bin\config.bin/CfgMarkers.Third_Marker_3rdID'
20:47:06 Mission Zeus_Chernarus_TF.chernarus_summer read from bank.
20:47:06 Roles assigned.
20:47:06 Reading mission ...
20:47:06 No entry 'bin\config.bin/CfgMarkers.Third_Marker_3rdID'
20:47:06 Mission Zeus_Chernarus_TF.chernarus_summer read from bank.
20:47:06 Roles assigned.
20:47:06 Reading mission ...
20:47:06 No entry 'bin\config.bin/CfgMarkers.Third_Marker_3rdID'
20:47:06 Mission Zeus_Chernarus_TF.chernarus_summer read from bank.
20:47:07 Roles assigned.
20:47:07 Reading mission ...
20:47:07 No entry 'bin\config.bin/CfgMarkers.Third_Marker_3rdID'
20:47:07 Mission Zeus_Chernarus_TF.chernarus_summer read from bank.
20:47:07 Roles assigned.
20:47:07 Reading mission ...
20:47:07 No entry 'bin\config.bin/CfgMarkers.Third_Marker_3rdID'
20:47:07 Mission Zeus_Chernarus_TF.chernarus_summer read from bank.
20:47:07 Roles assigned.
20:47:07 Reading mission ...
20:47:07 No entry 'bin\config.bin/CfgMarkers.Third_Marker_3rdID'
20:47:07 Mission Zeus_Chernarus_TF.chernarus_summer read from bank.
20:47:07 Roles assigned.
20:47:07 Reading mission ...
20:47:07 No entry 'bin\config.bin/CfgMarkers.Third_Marker_3rdID'
20:47:07 Mission Zeus_Chernarus_TF.chernarus_summer read from bank.
20:47:07 Roles assigned.
20:47:07 Reading mission ...
20:47:07 No entry 'bin\config.bin/CfgMarkers.Third_Marker_3rdID'
20:47:07 Mission Zeus_Chernarus_TF.chernarus_summer read from bank.
20:47:07 Roles assigned.
20:47:07 Reading mission ...
20:47:07 No entry 'bin\config.bin/CfgMarkers.Third_Marker_3rdID'
20:47:07 Mission Zeus_Chernarus_TF.chernarus_summer read from bank.
20:47:07 Roles assigned.
20:47:07 Reading mission ...
20:47:07 No entry 'bin\config.bin/CfgMarkers.Third_Marker_3rdID'
20:47:07 Mission Zeus_Chernarus_TF.chernarus_summer read from bank.
20:47:08 Roles assigned.
20:47:08 Reading mission ...
20:47:08 No entry 'bin\config.bin/CfgMarkers.Third_Marker_3rdID'
20:47:08 Mission Zeus_Chernarus_TF.chernarus_summer read from bank.
20:47:08 Roles assigned.
20:47:08 Reading mission ...
20:47:08 No entry 'bin\config.bin/CfgMarkers.Third_Marker_3rdID'
20:47:08 Mission Zeus_Chernarus_TF.chernarus_summer read from bank.
20:47:08 Roles assigned.
20:47:08 Reading mission ...
20:47:08 No entry 'bin\config.bin/CfgMarkers.Third_Marker_3rdID'
20:47:08 Mission Zeus_Chernarus_TF.chernarus_summer read from bank.
20:47:08 Roles assigned.
20:47:08 Reading mission ...
20:47:08 No entry 'bin\config.bin/CfgMarkers.Third_Marker_3rdID'
20:47:08 Mission Zeus_Chernarus_TF.chernarus_summer read from bank.
20:47:08 Roles assigned.
20:47:08 Reading mission ...
20:47:08 No entry 'bin\config.bin/CfgMarkers.Third_Marker_3rdID'
20:47:08 Mission Zeus_Chernarus_TF.chernarus_summer read from bank.
20:47:08 Roles assigned.
20:47:08 Reading mission ...
20:47:08 No entry 'bin\config.bin/CfgMarkers.Third_Marker_3rdID'
20:47:08 Mission Zeus_Chernarus_TF.chernarus_summer read from bank.
20:47:08 Roles assigned.
20:47:08 Reading mission ...
20:47:08 No entry 'bin\config.bin/CfgMarkers.Third_Marker_3rdID'
20:47:08 Mission Zeus_Chernarus_TF.chernarus_summer read from bank.
20:47:09 Roles assigned.
20:47:09 Reading mission ...
20:47:09 No entry 'bin\config.bin/CfgMarkers.Third_Marker_3rdID'
20:47:09 Mission Zeus_Chernarus_TF.chernarus_summer read from bank.
20:47:09 Roles assigned.
20:47:09 Reading mission ...
20:47:09 No entry 'bin\config.bin/CfgMarkers.Third_Marker_3rdID'
20:47:09 Mission Zeus_Chernarus_TF.chernarus_summer read from bank.
20:47:09 Roles assigned.
20:47:09 Reading mission ...
20:47:09 No entry 'bin\config.bin/CfgMarkers.Third_Marker_3rdID'
20:47:09 Mission Zeus_Chernarus_TF.chernarus_summer read from bank.
20:47:09 Roles assigned.
20:47:09 Reading mission ...
20:47:09 No entry 'bin\config.bin/CfgMarkers.Third_Marker_3rdID'
20:47:09 Mission Zeus_Chernarus_TF.chernarus_summer read from bank.
20:47:09 Roles assigned.
20:47:09 Reading mission ...
20:47:09 No entry 'bin\config.bin/CfgMarkers.Third_Marker_3rdID'
20:47:09 Mission Zeus_Chernarus_TF.chernarus_summer read from bank.
20:47:09 Roles assigned.
20:47:09 Reading mission ...
20:47:09 No entry 'bin\config.bin/CfgMarkers.Third_Marker_3rdID'
20:47:09 Mission Zeus_Chernarus_TF.chernarus_summer read from bank.
20:47:09 Roles assigned.
20:47:09 Reading mission ...
20:47:09 No entry 'bin\config.bin/CfgMarkers.Third_Marker_3rdID'
20:47:09 Mission Zeus_Chernarus_TF.chernarus_summer read from bank.
20:47:10 Roles assigned.
20:47:10 Reading mission ...
20:47:10 No entry 'bin\config.bin/CfgMarkers.Third_Marker_3rdID'
20:47:10 Mission Zeus_Chernarus_TF.chernarus_summer read from bank.
20:47:10 Roles assigned.
20:47:10 Reading mission ...
20:47:10 No entry 'bin\config.bin/CfgMarkers.Third_Marker_3rdID'
20:47:10 Mission Zeus_Chernarus_TF.chernarus_summer read from bank.
20:47:10 Roles assigned.
20:47:10 Reading mission ...
20:47:10 No entry 'bin\config.bin/CfgMarkers.Third_Marker_3rdID'
20:47:10 Mission Zeus_Chernarus_TF.chernarus_summer read from bank.
20:47:10 Roles assigned.
20:47:10 Reading mission ...
20:47:10 No entry 'bin\config.bin/CfgMarkers.Third_Marker_3rdID'
20:47:10 Mission Zeus_Chernarus_TF.chernarus_summer read from bank.
20:47:10 Roles assigned.
20:47:10 Reading mission ...
20:47:10 No entry 'bin\config.bin/CfgMarkers.Third_Marker_3rdID'
20:47:10 Mission Zeus_Chernarus_TF.chernarus_summer read from bank.
20:47:10 Roles assigned.
20:47:10 Reading mission ...
20:47:10 No entry 'bin\config.bin/CfgMarkers.Third_Marker_3rdID'
20:47:10 Mission Zeus_Chernarus_TF.chernarus_summer read from bank.
20:47:10 Roles assigned.
20:47:10 Reading mission ...
20:47:10 No entry 'bin\config.bin/CfgMarkers.Third_Marker_3rdID'
20:47:11 Mission Zeus_Chernarus_TF.chernarus_summer read from bank.
20:47:11 Roles assigned.
20:47:11 Reading mission ...
20:47:11 No entry 'bin\config.bin/CfgMarkers.Third_Marker_3rdID'
20:47:11 Mission Zeus_Chernarus_TF.chernarus_summer read from bank.
20:47:11 Roles assigned.
20:47:11 Reading mission ...
20:47:11 No entry 'bin\config.bin/CfgMarkers.Third_Marker_3rdID'
20:47:11 Mission Zeus_Chernarus_TF.chernarus_summer read from bank.
20:47:11 Roles assigned.
20:47:11 Reading mission ...
20:47:11 No entry 'bin\config.bin/CfgMarkers.Third_Marker_3rdID'
20:47:11 Mission Zeus_Chernarus_TF.chernarus_summer read from bank.
20:47:11 Roles assigned.
20:47:11 Reading mission ...
20:47:11 No entry 'bin\config.bin/CfgMarkers.Third_Marker_3rdID'
20:47:11 Mission Zeus_Chernarus_TF.chernarus_summer read from bank.
20:47:11 Roles assigned.
20:47:11 Reading mission ...
20:47:11 No entry 'bin\config.bin/CfgMarkers.Third_Marker_3rdID'
20:47:11 Mission Zeus_Chernarus_TF.chernarus_summer read from bank.
20:47:11 Roles assigned.
20:47:11 Reading mission ...
20:47:11 No entry 'bin\config.bin/CfgMarkers.Third_Marker_3rdID'
20:47:11 Mission Zeus_Chernarus_TF.chernarus_summer read from bank.
20:47:12 Roles assigned.
20:47:12 Reading mission ...
20:47:12 No entry 'bin\config.bin/CfgMarkers.Third_Marker_3rdID'
20:47:12 Mission Zeus_Chernarus_TF.chernarus_summer read from bank.
20:47:12 Roles assigned.
20:47:12 Reading mission ...
20:47:12 No entry 'bin\config.bin/CfgMarkers.Third_Marker_3rdID'
20:47:12 Mission Zeus_Chernarus_TF.chernarus_summer read from bank.
20:47:12 Roles assigned.
20:47:12 Reading mission ...
20:47:12 No entry 'bin\config.bin/CfgMarkers.Third_Marker_3rdID'
20:47:12 Mission Zeus_Chernarus_TF.chernarus_summer read from bank.
20:47:12 Roles assigned.
20:47:12 Reading mission ...
20:47:12 No entry 'bin\config.bin/CfgMarkers.Third_Marker_3rdID'
20:47:12 Mission Zeus_Chernarus_TF.chernarus_summer read from bank.
20:47:12 Roles assigned.
20:47:12 Reading mission ...
20:47:12 No entry 'bin\config.bin/CfgMarkers.Third_Marker_3rdID'
20:47:12 Mission Zeus_Chernarus_TF.chernarus_summer read from bank.
20:47:12 Roles assigned.
20:47:12 Reading mission ...
20:47:12 No entry 'bin\config.bin/CfgMarkers.Third_Marker_3rdID'
20:47:12 Mission Zeus_Chernarus_TF.chernarus_summer read from bank.
20:47:12 Roles assigned.
20:47:12 Reading mission ...
20:47:12 No entry 'bin\config.bin/CfgMarkers.Third_Marker_3rdID'
20:47:12 Mission Zeus_Chernarus_TF.chernarus_summer read from bank.
20:47:13 Roles assigned.
20:47:13 Reading mission ...
20:47:13 No entry 'bin\config.bin/CfgMarkers.Third_Marker_3rdID'
20:47:13 Mission Zeus_Chernarus_TF.chernarus_summer read from bank.
20:47:13 Roles assigned.
20:47:13 Reading mission ...
20:47:13 No entry 'bin\config.bin/CfgMarkers.Third_Marker_3rdID'
20:47:13 Mission Zeus_Chernarus_TF.chernarus_summer read from bank.
20:47:13 Roles assigned.
20:47:13 Reading mission ...
20:47:13 No entry 'bin\config.bin/CfgMarkers.Third_Marker_3rdID'
20:47:13 Mission Zeus_Chernarus_TF.chernarus_summer read from bank.
20:47:13 Roles assigned.
20:47:13 Reading mission ...
20:47:13 No entry 'bin\config.bin/CfgMarkers.Third_Marker_3rdID'
20:47:13 Mission Zeus_Chernarus_TF.chernarus_summer read from bank.
20:47:13 Roles assigned.
20:47:13 Reading mission ...
20:47:13 No entry 'bin\config.bin/CfgMarkers.Third_Marker_3rdID'
20:47:13 Mission Zeus_Chernarus_TF.chernarus_summer read from bank.
20:47:13 Roles assigned.
20:47:13 Reading mission ...
20:47:13 No entry 'bin\config.bin/CfgMarkers.Third_Marker_3rdID'
20:47:13 Mission Zeus_Chernarus_TF.chernarus_summer read from bank.
20:47:13 Roles assigned.
20:47:13 Reading mission ...
20:47:13 No entry 'bin\config.bin/CfgMarkers.Third_Marker_3rdID'
20:47:13 Mission Zeus_Chernarus_TF.chernarus_summer read from bank.
20:47:14 Roles assigned.
20:47:14 Reading mission ...
20:47:14 No entry 'bin\config.bin/CfgMarkers.Third_Marker_3rdID'
20:47:14 Mission Zeus_Chernarus_TF.chernarus_summer read from bank.
20:47:14 Roles assigned.
20:47:14 Reading mission ...
20:47:14 No entry 'bin\config.bin/CfgMarkers.Third_Marker_3rdID'
20:47:14 Mission Zeus_Chernarus_TF.chernarus_summer read from bank.
20:47:14 Roles assigned.
20:47:14 Reading mission ...
20:47:14 No entry 'bin\config.bin/CfgMarkers.Third_Marker_3rdID'
20:47:14 Mission Zeus_Chernarus_TF.chernarus_summer read from bank.
20:47:14 Roles assigned.
20:47:14 Reading mission ...
20:47:14 No entry 'bin\config.bin/CfgMarkers.Third_Marker_3rdID'
20:47:14 Mission Zeus_Chernarus_TF.chernarus_summer read from bank.
20:47:14 Roles assigned.
20:47:14 Reading mission ...
20:47:14 No entry 'bin\config.bin/CfgMarkers.Third_Marker_3rdID'
20:47:14 Mission Zeus_Chernarus_TF.chernarus_summer read from bank.
20:47:14 Roles assigned.
20:47:14 Reading mission ...
20:47:14 No entry 'bin\config.bin/CfgMarkers.Third_Marker_3rdID'
20:47:14 Mission Zeus_Chernarus_TF.chernarus_summer read from bank.
20:47:14 Roles assigned.
20:47:14 Reading mission ...
20:47:14 No entry 'bin\config.bin/CfgMarkers.Third_Marker_3rdID'
20:47:14 Mission Zeus_Chernarus_TF.chernarus_summer read from bank.
20:47:15 Roles assigned.
20:47:15 Reading mission ...
20:47:15 No entry 'bin\config.bin/CfgMarkers.Third_Marker_3rdID'
20:47:15 Mission Zeus_Chernarus_TF.chernarus_summer read from bank.
20:47:15 Roles assigned.
20:47:15 Reading mission ...
20:47:15 No entry 'bin\config.bin/CfgMarkers.Third_Marker_3rdID'
20:47:15 Mission Zeus_Chernarus_TF.chernarus_summer read from bank.
20:47:15 Roles assigned.
20:47:15 Reading mission ...
20:47:15 No entry 'bin\config.bin/CfgMarkers.Third_Marker_3rdID'
20:47:15 Mission Zeus_Chernarus_TF.chernarus_summer read from bank.
20:47:15 Roles assigned.
20:47:15 Reading mission ...
20:47:15 No entry 'bin\config.bin/CfgMarkers.Third_Marker_3rdID'
20:47:15 Mission Zeus_Chernarus_TF.chernarus_summer read from bank.
20:47:15 Roles assigned.
20:47:15 Reading mission ...
20:47:15 No entry 'bin\config.bin/CfgMarkers.Third_Marker_3rdID'
20:47:15 Mission Zeus_Chernarus_TF.chernarus_summer read from bank.
20:47:15 Roles assigned.
20:47:15 Reading mission ...
20:47:15 No entry 'bin\config.bin/CfgMarkers.Third_Marker_3rdID'
20:47:15 Mission Zeus_Chernarus_TF.chernarus_summer read from bank.
20:47:15 Roles assigned.
20:47:15 Reading mission ...
20:47:15 No entry 'bin\config.bin/CfgMarkers.Third_Marker_3rdID'
20:47:15 Mission Zeus_Chernarus_TF.chernarus_summer read from bank.
20:47:16 Roles assigned.
20:47:16 Reading mission ...
20:47:16 No entry 'bin\config.bin/CfgMarkers.Third_Marker_3rdID'
20:47:16 Player SSG G.Nagy disconnected.
20:57:49 SSG G.Nagy uses modified data file
20:57:49 Mission Zeus_Chernarus_TF.chernarus_summer read from bank.
20:57:50 Player SSG G.Nagy connecting.
20:57:51 Player SSG G.Nagy connected (id=76561198042596091).
20:57:51 Roles assigned.
20:57:51 Reading mission ...
20:57:51 No entry 'bin\config.bin/CfgMarkers.Third_Marker_3rdID'
20:57:51 Mission Zeus_Chernarus_TF.chernarus_summer read from bank.
20:57:51 Roles assigned.
20:57:51 Reading mission ...
20:57:51 No entry 'bin\config.bin/CfgMarkers.Third_Marker_3rdID'
20:57:52 Mission Zeus_Chernarus_TF.chernarus_summer read from bank.
20:57:52 Roles assigned.
20:57:52 Reading mission ...
20:57:52 No entry 'bin\config.bin/CfgMarkers.Third_Marker_3rdID'
20:57:52 Mission Zeus_Chernarus_TF.chernarus_summer read from bank.
20:57:52 Roles assigned.
20:57:52 Reading mission ...
20:57:52 No entry 'bin\config.bin/CfgMarkers.Third_Marker_3rdID'
20:57:52 Mission Zeus_Chernarus_TF.chernarus_summer read from bank.
20:57:52 Roles assigned.
20:57:52 Reading mission ...
20:57:52 No entry 'bin\config.bin/CfgMarkers.Third_Marker_3rdID'
20:57:52 Mission Zeus_Chernarus_TF.chernarus_summer read from bank.
20:57:52 Roles assigned.
20:57:52 Reading mission ...
20:57:52 No entry 'bin\config.bin/CfgMarkers.Third_Marker_3rdID'
20:57:52 Mission Zeus_Chernarus_TF.chernarus_summer read from bank.
20:57:52 Roles assigned.
20:57:52 Reading mission ...
20:57:52 No entry 'bin\config.bin/CfgMarkers.Third_Marker_3rdID'
20:57:52 Mission Zeus_Chernarus_TF.chernarus_summer read from bank.
20:57:52 Roles assigned.
20:57:52 Reading mission ...
20:57:52 No entry 'bin\config.bin/CfgMarkers.Third_Marker_3rdID'
20:57:52 Mission Zeus_Chernarus_TF.chernarus_summer read from bank.
20:57:52 Roles assigned.
20:57:53 Reading mission ...
20:57:53 No entry 'bin\config.bin/CfgMarkers.Third_Marker_3rdID'
20:57:53 Mission Zeus_Chernarus_TF.chernarus_summer read from bank.
20:57:53 Roles assigned.
20:57:53 Reading mission ...
20:57:53 No entry 'bin\config.bin/CfgMarkers.Third_Marker_3rdID'
20:57:53 Mission Zeus_Chernarus_TF.chernarus_summer read from bank.
20:57:53 Roles assigned.
20:57:53 Reading mission ...
20:57:53 No entry 'bin\config.bin/CfgMarkers.Third_Marker_3rdID'
20:57:53 Mission Zeus_Chernarus_TF.chernarus_summer read from bank.
20:57:53 Roles assigned.
20:57:53 Reading mission ...
20:57:53 No entry 'bin\config.bin/CfgMarkers.Third_Marker_3rdID'
20:57:53 Mission Zeus_Chernarus_TF.chernarus_summer read from bank.
20:57:53 Roles assigned.
20:57:53 Reading mission ...
20:57:53 No entry 'bin\config.bin/CfgMarkers.Third_Marker_3rdID'
20:57:53 Mission Zeus_Chernarus_TF.chernarus_summer read from bank.
20:57:53 Roles assigned.
20:57:53 Reading mission ...
20:57:53 No entry 'bin\config.bin/CfgMarkers.Third_Marker_3rdID'
20:57:53 Mission Zeus_Chernarus_TF.chernarus_summer read from bank.
20:57:53 Roles assigned.
20:57:53 Reading mission ...
20:57:53 No entry 'bin\config.bin/CfgMarkers.Third_Marker_3rdID'
20:57:53 Mission Zeus_Chernarus_TF.chernarus_summer read from bank.
20:57:54 Roles assigned.
20:57:54 Reading mission ...
20:57:54 No entry 'bin\config.bin/CfgMarkers.Third_Marker_3rdID'
20:57:54 Mission Zeus_Chernarus_TF.chernarus_summer read from bank.
20:57:54 Roles assigned.
20:57:54 Reading mission ...
20:57:54 No entry 'bin\config.bin/CfgMarkers.Third_Marker_3rdID'
20:57:54 Mission Zeus_Chernarus_TF.chernarus_summer read from bank.
20:57:54 Roles assigned.
20:57:54 Reading mission ...
20:57:54 No entry 'bin\config.bin/CfgMarkers.Third_Marker_3rdID'
20:57:54 Mission Zeus_Chernarus_TF.chernarus_summer read from bank.
20:57:54 Roles assigned.
20:57:54 Reading mission ...
20:57:54 No entry 'bin\config.bin/CfgMarkers.Third_Marker_3rdID'
20:57:54 Mission Zeus_Chernarus_TF.chernarus_summer read from bank.
20:57:54 Roles assigned.
20:57:54 Reading mission ...
20:57:54 No entry 'bin\config.bin/CfgMarkers.Third_Marker_3rdID'
20:57:54 Mission Zeus_Chernarus_TF.chernarus_summer read from bank.
20:57:54 Roles assigned.
20:57:54 Reading mission ...
20:57:54 No entry 'bin\config.bin/CfgMarkers.Third_Marker_3rdID'
20:57:54 Mission Zeus_Chernarus_TF.chernarus_summer read from bank.
20:57:54 Roles assigned.
20:57:54 Reading mission ...
20:57:54 No entry 'bin\config.bin/CfgMarkers.Third_Marker_3rdID'
20:57:54 Mission Zeus_Chernarus_TF.chernarus_summer read from bank.
20:57:55 Roles assigned.
20:57:55 Reading mission ...
20:57:55 No entry 'bin\config.bin/CfgMarkers.Third_Marker_3rdID'
20:57:55 Mission Zeus_Chernarus_TF.chernarus_summer read from bank.
20:57:55 Roles assigned.
20:57:55 Reading mission ...
20:57:55 No entry 'bin\config.bin/CfgMarkers.Third_Marker_3rdID'
20:57:55 Mission Zeus_Chernarus_TF.chernarus_summer read from bank.
20:57:55 Roles assigned.
20:57:55 Reading mission ...
20:57:55 No entry 'bin\config.bin/CfgMarkers.Third_Marker_3rdID'
20:57:55 Mission Zeus_Chernarus_TF.chernarus_summer read from bank.
20:57:55 Roles assigned.
20:57:55 Reading mission ...
20:57:55 No entry 'bin\config.bin/CfgMarkers.Third_Marker_3rdID'
20:57:55 Mission Zeus_Chernarus_TF.chernarus_summer read from bank.
20:57:55 Roles assigned.
20:57:55 Reading mission ...
20:57:55 No entry 'bin\config.bin/CfgMarkers.Third_Marker_3rdID'
20:57:55 Mission Zeus_Chernarus_TF.chernarus_summer read from bank.
20:57:55 Roles assigned.
20:57:55 Reading mission ...
20:57:55 No entry 'bin\config.bin/CfgMarkers.Third_Marker_3rdID'
20:57:55 Mission Zeus_Chernarus_TF.chernarus_summer read from bank.
20:57:55 Roles assigned.
20:57:55 Reading mission ...
20:57:55 No entry 'bin\config.bin/CfgMarkers.Third_Marker_3rdID'
20:57:55 Mission Zeus_Chernarus_TF.chernarus_summer read from bank.
20:57:56 Roles assigned.
20:57:56 Reading mission ...
20:57:56 No entry 'bin\config.bin/CfgMarkers.Third_Marker_3rdID'
20:57:56 Mission Zeus_Chernarus_TF.chernarus_summer read from bank.
20:57:56 Roles assigned.
20:57:56 Reading mission ...
20:57:56 No entry 'bin\config.bin/CfgMarkers.Third_Marker_3rdID'
20:57:56 Mission Zeus_Chernarus_TF.chernarus_summer read from bank.
20:57:56 Roles assigned.
20:57:56 Reading mission ...
20:57:56 No entry 'bin\config.bin/CfgMarkers.Third_Marker_3rdID'
20:57:56 Mission Zeus_Chernarus_TF.chernarus_summer read from bank.
20:57:56 Roles assigned.
20:57:56 Reading mission ...
20:57:56 No entry 'bin\config.bin/CfgMarkers.Third_Marker_3rdID'
20:57:56 Mission Zeus_Chernarus_TF.chernarus_summer read from bank.
20:57:56 Roles assigned.
20:57:56 Reading mission ...
20:57:56 No entry 'bin\config.bin/CfgMarkers.Third_Marker_3rdID'
20:57:56 Mission Zeus_Chernarus_TF.chernarus_summer read from bank.
20:57:56 Roles assigned.
20:57:56 Reading mission ...
20:57:56 No entry 'bin\config.bin/CfgMarkers.Third_Marker_3rdID'
20:57:56 Mission Zeus_Chernarus_TF.chernarus_summer read from bank.
20:57:56 Roles assigned.
20:57:56 Reading mission ...
20:57:56 No entry 'bin\config.bin/CfgMarkers.Third_Marker_3rdID'
20:57:57 Mission Zeus_Chernarus_TF.chernarus_summer read from bank.
20:57:57 Roles assigned.
20:57:57 Reading mission ...
20:57:57 No entry 'bin\config.bin/CfgMarkers.Third_Marker_3rdID'
20:57:57 Mission Zeus_Chernarus_TF.chernarus_summer read from bank.
20:57:57 Roles assigned.
20:57:57 Reading mission ...
20:57:57 No entry 'bin\config.bin/CfgMarkers.Third_Marker_3rdID'
20:57:57 Mission Zeus_Chernarus_TF.chernarus_summer read from bank.
20:57:57 Roles assigned.
20:57:57 Reading mission ...
20:57:57 No entry 'bin\config.bin/CfgMarkers.Third_Marker_3rdID'
20:57:57 Mission Zeus_Chernarus_TF.chernarus_summer read from bank.
20:57:57 Roles assigned.
20:57:57 Reading mission ...
20:57:57 No entry 'bin\config.bin/CfgMarkers.Third_Marker_3rdID'
20:57:57 Mission Zeus_Chernarus_TF.chernarus_summer read from bank.
20:57:57 Roles assigned.
20:57:57 Reading mission ...
20:57:57 No entry 'bin\config.bin/CfgMarkers.Third_Marker_3rdID'
20:57:57 Mission Zeus_Chernarus_TF.chernarus_summer read from bank.
20:57:57 Roles assigned.
20:57:57 Reading mission ...
20:57:57 No entry 'bin\config.bin/CfgMarkers.Third_Marker_3rdID'
20:57:57 Mission Zeus_Chernarus_TF.chernarus_summer read from bank.
20:57:58 Roles assigned.
20:57:58 Reading mission ...
20:57:58 No entry 'bin\config.bin/CfgMarkers.Third_Marker_3rdID'
20:57:58 Mission Zeus_Chernarus_TF.chernarus_summer read from bank.
20:57:58 Roles assigned.
20:57:58 Reading mission ...
20:57:58 No entry 'bin\config.bin/CfgMarkers.Third_Marker_3rdID'
20:57:58 Mission Zeus_Chernarus_TF.chernarus_summer read from bank.
20:57:58 Roles assigned.
20:57:58 Reading mission ...
20:57:58 No entry 'bin\config.bin/CfgMarkers.Third_Marker_3rdID'
20:57:58 Mission Zeus_Chernarus_TF.chernarus_summer read from bank.
20:57:58 Roles assigned.
20:57:58 Reading mission ...
20:57:58 No entry 'bin\config.bin/CfgMarkers.Third_Marker_3rdID'
20:57:58 Mission Zeus_Chernarus_TF.chernarus_summer read from bank.
20:57:58 Roles assigned.
20:57:58 Reading mission ...
20:57:58 No entry 'bin\config.bin/CfgMarkers.Third_Marker_3rdID'
20:57:58 Mission Zeus_Chernarus_TF.chernarus_summer read from bank.
20:57:58 Roles assigned.
20:57:58 Reading mission ...
20:57:58 No entry 'bin\config.bin/CfgMarkers.Third_Marker_3rdID'
20:57:58 Mission Zeus_Chernarus_TF.chernarus_summer read from bank.
20:57:58 Roles assigned.
20:57:58 Reading mission ...
20:57:58 No entry 'bin\config.bin/CfgMarkers.Third_Marker_3rdID'
20:57:58 Mission Zeus_Chernarus_TF.chernarus_summer read from bank.
20:57:59 Roles assigned.
20:57:59 Reading mission ...
20:57:59 No entry 'bin\config.bin/CfgMarkers.Third_Marker_3rdID'
20:57:59 Mission Zeus_Chernarus_TF.chernarus_summer read from bank.
20:57:59 Roles assigned.
20:57:59 Reading mission ...
20:57:59 No entry 'bin\config.bin/CfgMarkers.Third_Marker_3rdID'
20:57:59 Mission Zeus_Chernarus_TF.chernarus_summer read from bank.
20:57:59 Roles assigned.
20:57:59 Reading mission ...
20:57:59 No entry 'bin\config.bin/CfgMarkers.Third_Marker_3rdID'
20:57:59 Mission Zeus_Chernarus_TF.chernarus_summer read from bank.
20:57:59 Roles assigned.
20:57:59 Reading mission ...
20:57:59 No entry 'bin\config.bin/CfgMarkers.Third_Marker_3rdID'
20:57:59 Mission Zeus_Chernarus_TF.chernarus_summer read from bank.
20:57:59 Roles assigned.
20:57:59 Reading mission ...
20:57:59 No entry 'bin\config.bin/CfgMarkers.Third_Marker_3rdID'
20:57:59 Mission Zeus_Chernarus_TF.chernarus_summer read from bank.
20:57:59 Roles assigned.
20:57:59 Reading mission ...
20:57:59 No entry 'bin\config.bin/CfgMarkers.Third_Marker_3rdID'
20:57:59 Mission Zeus_Chernarus_TF.chernarus_summer read from bank.
20:57:59 Roles assigned.
20:57:59 Reading mission ...
20:57:59 No entry 'bin\config.bin/CfgMarkers.Third_Marker_3rdID'
20:57:59 Mission Zeus_Chernarus_TF.chernarus_summer read from bank.
20:58:00 Roles assigned.
20:58:00 Reading mission ...
20:58:00 No entry 'bin\config.bin/CfgMarkers.Third_Marker_3rdID'
20:58:00 Mission Zeus_Chernarus_TF.chernarus_summer read from bank.
20:58:00 Roles assigned.
20:58:00 Reading mission ...
20:58:00 No entry 'bin\config.bin/CfgMarkers.Third_Marker_3rdID'
20:58:00 Mission Zeus_Chernarus_TF.chernarus_summer read from bank.
20:58:00 Roles assigned.
20:58:00 Reading mission ...
20:58:00 No entry 'bin\config.bin/CfgMarkers.Third_Marker_3rdID'
20:58:00 Mission Zeus_Chernarus_TF.chernarus_summer read from bank.
20:58:00 Roles assigned.
20:58:00 Reading mission ...
20:58:00 No entry 'bin\config.bin/CfgMarkers.Third_Marker_3rdID'
20:58:00 Mission Zeus_Chernarus_TF.chernarus_summer read from bank.
20:58:00 Roles assigned.
20:58:00 Reading mission ...
20:58:00 No entry 'bin\config.bin/CfgMarkers.Third_Marker_3rdID'
20:58:00 Mission Zeus_Chernarus_TF.chernarus_summer read from bank.
20:58:00 Roles assigned.
20:58:00 Reading mission ...
20:58:00 No entry 'bin\config.bin/CfgMarkers.Third_Marker_3rdID'
20:58:00 Mission Zeus_Chernarus_TF.chernarus_summer read from bank.
20:58:00 Roles assigned.
20:58:00 Reading mission ...
20:58:00 No entry 'bin\config.bin/CfgMarkers.Third_Marker_3rdID'
20:58:01 Mission Zeus_Chernarus_TF.chernarus_summer read from bank.
20:58:01 Roles assigned.
20:58:01 Reading mission ...
20:58:01 No entry 'bin\config.bin/CfgMarkers.Third_Marker_3rdID'
20:58:01 Mission Zeus_Chernarus_TF.chernarus_summer read from bank.
20:58:01 Roles assigned.
20:58:01 Reading mission ...
20:58:01 No entry 'bin\config.bin/CfgMarkers.Third_Marker_3rdID'
20:58:01 Mission Zeus_Chernarus_TF.chernarus_summer read from bank.
20:58:01 Roles assigned.
20:58:01 Reading mission ...
20:58:01 No entry 'bin\config.bin/CfgMarkers.Third_Marker_3rdID'
20:58:01 Mission Zeus_Chernarus_TF.chernarus_summer read from bank.
20:58:01 Roles assigned.
20:58:01 Reading mission ...
20:58:01 No entry 'bin\config.bin/CfgMarkers.Third_Marker_3rdID'
20:58:01 Mission Zeus_Chernarus_TF.chernarus_summer read from bank.
20:58:01 Roles assigned.
20:58:01 Reading mission ...
20:58:01 No entry 'bin\config.bin/CfgMarkers.Third_Marker_3rdID'
20:58:01 Mission Zeus_Chernarus_TF.chernarus_summer read from bank.
20:58:01 Roles assigned.
20:58:01 Reading mission ...
20:58:01 No entry 'bin\config.bin/CfgMarkers.Third_Marker_3rdID'
20:58:01 Mission Zeus_Chernarus_TF.chernarus_summer read from bank.
20:58:01 Roles assigned.
20:58:02 Reading mission ...
20:58:02 No entry 'bin\config.bin/CfgMarkers.Third_Marker_3rdID'
20:58:02 Mission Zeus_Chernarus_TF.chernarus_summer read from bank.
20:58:02 Roles assigned.
20:58:02 Reading mission ...
20:58:02 No entry 'bin\config.bin/CfgMarkers.Third_Marker_3rdID'
20:58:02 Mission Zeus_Chernarus_TF.chernarus_summer read from bank.
20:58:02 Roles assigned.
20:58:02 Reading mission ...
20:58:02 No entry 'bin\config.bin/CfgMarkers.Third_Marker_3rdID'
20:58:02 Mission Zeus_Chernarus_TF.chernarus_summer read from bank.
20:58:02 Roles assigned.
20:58:02 Reading mission ...
20:58:02 No entry 'bin\config.bin/CfgMarkers.Third_Marker_3rdID'
20:58:02 Mission Zeus_Chernarus_TF.chernarus_summer read from bank.
20:58:02 Roles assigned.
20:58:02 Reading mission ...
20:58:02 No entry 'bin\config.bin/CfgMarkers.Third_Marker_3rdID'
20:58:02 Mission Zeus_Chernarus_TF.chernarus_summer read from bank.
20:58:02 Roles assigned.
20:58:02 Reading mission ...
20:58:02 No entry 'bin\config.bin/CfgMarkers.Third_Marker_3rdID'
20:58:02 Mission Zeus_Chernarus_TF.chernarus_summer read from bank.
20:58:02 Roles assigned.
20:58:02 Reading mission ...
20:58:02 No entry 'bin\config.bin/CfgMarkers.Third_Marker_3rdID'
20:58:02 Mission Zeus_Chernarus_TF.chernarus_summer read from bank.
20:58:03 Roles assigned.
20:58:03 Reading mission ...
20:58:03 No entry 'bin\config.bin/CfgMarkers.Third_Marker_3rdID'
20:58:03 Mission Zeus_Chernarus_TF.chernarus_summer read from bank.
20:58:03 Roles assigned.
20:58:03 Reading mission ...
20:58:03 No entry 'bin\config.bin/CfgMarkers.Third_Marker_3rdID'
20:58:03 Mission Zeus_Chernarus_TF.chernarus_summer read from bank.
20:58:03 Roles assigned.
20:58:03 Reading mission ...
20:58:03 No entry 'bin\config.bin/CfgMarkers.Third_Marker_3rdID'
20:58:03 Mission Zeus_Chernarus_TF.chernarus_summer read from bank.
20:58:03 Roles assigned.
20:58:03 Reading mission ...
20:58:03 No entry 'bin\config.bin/CfgMarkers.Third_Marker_3rdID'
20:58:03 Mission Zeus_Chernarus_TF.chernarus_summer read from bank.
20:58:03 Roles assigned.
20:58:03 Reading mission ...
20:58:03 No entry 'bin\config.bin/CfgMarkers.Third_Marker_3rdID'
20:58:03 Mission Zeus_Chernarus_TF.chernarus_summer read from bank.
20:58:03 Roles assigned.
20:58:03 Reading mission ...
20:58:03 No entry 'bin\config.bin/CfgMarkers.Third_Marker_3rdID'
20:58:03 Mission Zeus_Chernarus_TF.chernarus_summer read from bank.
20:58:03 Roles assigned.
20:58:03 Reading mission ...
20:58:03 No entry 'bin\config.bin/CfgMarkers.Third_Marker_3rdID'
20:58:03 Mission Zeus_Chernarus_TF.chernarus_summer read from bank.
20:58:04 Roles assigned.
20:58:04 Reading mission ...
20:58:04 No entry 'bin\config.bin/CfgMarkers.Third_Marker_3rdID'
20:58:04 Mission Zeus_Chernarus_TF.chernarus_summer read from bank.
20:58:04 Roles assigned.
20:58:04 Reading mission ...
20:58:04 No entry 'bin\config.bin/CfgMarkers.Third_Marker_3rdID'
20:58:04 Mission Zeus_Chernarus_TF.chernarus_summer read from bank.
20:58:04 Roles assigned.
20:58:04 Reading mission ...
20:58:04 No entry 'bin\config.bin/CfgMarkers.Third_Marker_3rdID'
20:58:04 Mission Zeus_Chernarus_TF.chernarus_summer read from bank.
20:58:04 Roles assigned.
20:58:04 Reading mission ...
20:58:04 No entry 'bin\config.bin/CfgMarkers.Third_Marker_3rdID'
20:58:04 Mission Zeus_Chernarus_TF.chernarus_summer read from bank.
20:58:04 Roles assigned.
20:58:04 Reading mission ...
20:58:04 No entry 'bin\config.bin/CfgMarkers.Third_Marker_3rdID'
20:58:04 Mission Zeus_Chernarus_TF.chernarus_summer read from bank.
20:58:04 Roles assigned.
20:58:04 Reading mission ...
20:58:04 No entry 'bin\config.bin/CfgMarkers.Third_Marker_3rdID'
20:58:04 Mission Zeus_Chernarus_TF.chernarus_summer read from bank.
20:58:04 Roles assigned.
20:58:04 Reading mission ...
20:58:04 No entry 'bin\config.bin/CfgMarkers.Third_Marker_3rdID'
20:58:04 Mission Zeus_Chernarus_TF.chernarus_summer read from bank.
20:58:05 Roles assigned.
20:58:05 Reading mission ...
20:58:05 No entry 'bin\config.bin/CfgMarkers.Third_Marker_3rdID'
20:58:05 Mission Zeus_Chernarus_TF.chernarus_summer read from bank.
20:58:05 Roles assigned.
20:58:05 Reading mission ...
20:58:05 No entry 'bin\config.bin/CfgMarkers.Third_Marker_3rdID'
20:58:05 Mission Zeus_Chernarus_TF.chernarus_summer read from bank.
20:58:05 Roles assigned.
20:58:05 Reading mission ...
20:58:05 No entry 'bin\config.bin/CfgMarkers.Third_Marker_3rdID'
20:58:05 Mission Zeus_Chernarus_TF.chernarus_summer read from bank.
20:58:05 Roles assigned.
20:58:05 Reading mission ...
20:58:05 No entry 'bin\config.bin/CfgMarkers.Third_Marker_3rdID'
20:58:05 Mission Zeus_Chernarus_TF.chernarus_summer read from bank.
20:58:05 Roles assigned.
20:58:05 Reading mission ...
20:58:05 No entry 'bin\config.bin/CfgMarkers.Third_Marker_3rdID'
20:58:05 Mission Zeus_Chernarus_TF.chernarus_summer read from bank.
20:58:05 Roles assigned.
20:58:05 Reading mission ...
20:58:05 No entry 'bin\config.bin/CfgMarkers.Third_Marker_3rdID'
20:58:05 Mission Zeus_Chernarus_TF.chernarus_summer read from bank.
20:58:05 Roles assigned.
20:58:05 Reading mission ...
20:58:05 No entry 'bin\config.bin/CfgMarkers.Third_Marker_3rdID'
20:58:06 Mission Zeus_Chernarus_TF.chernarus_summer read from bank.
20:58:06 Roles assigned.
20:58:06 Reading mission ...
20:58:06 No entry 'bin\config.bin/CfgMarkers.Third_Marker_3rdID'
20:58:06 Mission Zeus_Chernarus_TF.chernarus_summer read from bank.
20:58:06 Roles assigned.
20:58:06 Reading mission ...
20:58:06 No entry 'bin\config.bin/CfgMarkers.Third_Marker_3rdID'
20:58:06 Mission Zeus_Chernarus_TF.chernarus_summer read from bank.
20:58:06 Roles assigned.
20:58:06 Reading mission ...
20:58:06 No entry 'bin\config.bin/CfgMarkers.Third_Marker_3rdID'
20:58:06 Mission Zeus_Chernarus_TF.chernarus_summer read from bank.
20:58:06 Roles assigned.
20:58:06 Reading mission ...
20:58:06 No entry 'bin\config.bin/CfgMarkers.Third_Marker_3rdID'
20:58:06 Mission Zeus_Chernarus_TF.chernarus_summer read from bank.
20:58:06 Roles assigned.
20:58:06 Reading mission ...
20:58:06 No entry 'bin\config.bin/CfgMarkers.Third_Marker_3rdID'
20:58:06 Mission Zeus_Chernarus_TF.chernarus_summer read from bank.
20:58:06 Roles assigned.
20:58:06 Reading mission ...
20:58:06 No entry 'bin\config.bin/CfgMarkers.Third_Marker_3rdID'
20:58:06 Mission Zeus_Chernarus_TF.chernarus_summer read from bank.
20:58:06 Roles assigned.
20:58:07 Reading mission ...
20:58:07 No entry 'bin\config.bin/CfgMarkers.Third_Marker_3rdID'
20:58:07 Mission Zeus_Chernarus_TF.chernarus_summer read from bank.
20:58:07 Roles assigned.
20:58:07 Reading mission ...
20:58:07 No entry 'bin\config.bin/CfgMarkers.Third_Marker_3rdID'
20:58:07 Mission Zeus_Chernarus_TF.chernarus_summer read from bank.
20:58:07 Roles assigned.
20:58:07 Reading mission ...
20:58:07 No entry 'bin\config.bin/CfgMarkers.Third_Marker_3rdID'
20:58:07 Mission Zeus_Chernarus_TF.chernarus_summer read from bank.
20:58:07 Roles assigned.
20:58:07 Reading mission ...
20:58:07 No entry 'bin\config.bin/CfgMarkers.Third_Marker_3rdID'
20:58:07 Mission Zeus_Chernarus_TF.chernarus_summer read from bank.
20:58:07 Roles assigned.
20:58:07 Reading mission ...
20:58:07 No entry 'bin\config.bin/CfgMarkers.Third_Marker_3rdID'
20:58:07 Mission Zeus_Chernarus_TF.chernarus_summer read from bank.
20:58:07 Roles assigned.
20:58:07 Reading mission ...
20:58:07 No entry 'bin\config.bin/CfgMarkers.Third_Marker_3rdID'
20:58:07 Mission Zeus_Chernarus_TF.chernarus_summer read from bank.
20:58:07 Roles assigned.
20:58:07 Reading mission ...
20:58:07 No entry 'bin\config.bin/CfgMarkers.Third_Marker_3rdID'
20:58:07 Mission Zeus_Chernarus_TF.chernarus_summer read from bank.
20:58:08 Roles assigned.
20:58:08 Reading mission ...
20:58:08 No entry 'bin\config.bin/CfgMarkers.Third_Marker_3rdID'
20:58:08 Mission Zeus_Chernarus_TF.chernarus_summer read from bank.
20:58:08 Roles assigned.
20:58:08 Reading mission ...
20:58:08 No entry 'bin\config.bin/CfgMarkers.Third_Marker_3rdID'
20:58:08 Mission Zeus_Chernarus_TF.chernarus_summer read from bank.
20:58:08 Roles assigned.
20:58:08 Reading mission ...
20:58:08 No entry 'bin\config.bin/CfgMarkers.Third_Marker_3rdID'
20:58:08 Mission Zeus_Chernarus_TF.chernarus_summer read from bank.
20:58:08 Roles assigned.
20:58:08 Reading mission ...
20:58:08 No entry 'bin\config.bin/CfgMarkers.Third_Marker_3rdID'
20:58:08 Mission Zeus_Chernarus_TF.chernarus_summer read from bank.
20:58:08 Roles assigned.
20:58:08 Reading mission ...
20:58:08 No entry 'bin\config.bin/CfgMarkers.Third_Marker_3rdID'
20:58:08 Mission Zeus_Chernarus_TF.chernarus_summer read from bank.
20:58:08 Roles assigned.
20:58:08 Reading mission ...
20:58:08 No entry 'bin\config.bin/CfgMarkers.Third_Marker_3rdID'
20:58:08 Mission Zeus_Chernarus_TF.chernarus_summer read from bank.
20:58:08 Roles assigned.
20:58:08 Reading mission ...
20:58:08 No entry 'bin\config.bin/CfgMarkers.Third_Marker_3rdID'
20:58:08 Mission Zeus_Chernarus_TF.chernarus_summer read from bank.
20:58:09 Roles assigned.
20:58:09 Reading mission ...
20:58:09 No entry 'bin\config.bin/CfgMarkers.Third_Marker_3rdID'
20:58:09 Mission Zeus_Chernarus_TF.chernarus_summer read from bank.
20:58:09 Roles assigned.
20:58:09 Reading mission ...
20:58:09 No entry 'bin\config.bin/CfgMarkers.Third_Marker_3rdID'
20:58:09 Mission Zeus_Chernarus_TF.chernarus_summer read from bank.
20:58:09 Roles assigned.
20:58:09 Reading mission ...
20:58:09 No entry 'bin\config.bin/CfgMarkers.Third_Marker_3rdID'
20:58:09 Mission Zeus_Chernarus_TF.chernarus_summer read from bank.
20:58:09 Roles assigned.
20:58:09 Reading mission ...
20:58:09 No entry 'bin\config.bin/CfgMarkers.Third_Marker_3rdID'
20:58:09 Mission Zeus_Chernarus_TF.chernarus_summer read from bank.
20:58:09 Roles assigned.
20:58:09 Reading mission ...
20:58:09 No entry 'bin\config.bin/CfgMarkers.Third_Marker_3rdID'
20:58:09 Mission Zeus_Chernarus_TF.chernarus_summer read from bank.
20:58:09 Roles assigned.
20:58:09 Reading mission ...
20:58:09 No entry 'bin\config.bin/CfgMarkers.Third_Marker_3rdID'
20:58:09 Mission Zeus_Chernarus_TF.chernarus_summer read from bank.
20:58:09 Roles assigned.
20:58:09 Reading mission ...
20:58:09 No entry 'bin\config.bin/CfgMarkers.Third_Marker_3rdID'
20:58:09 Mission Zeus_Chernarus_TF.chernarus_summer read from bank.
20:58:10 Roles assigned.
20:58:10 Reading mission ...
20:58:10 No entry 'bin\config.bin/CfgMarkers.Third_Marker_3rdID'
20:58:10 Mission Zeus_Chernarus_TF.chernarus_summer read from bank.
20:58:10 Roles assigned.
20:58:10 Reading mission ...
20:58:10 No entry 'bin\config.bin/CfgMarkers.Third_Marker_3rdID'
20:58:10 Mission Zeus_Chernarus_TF.chernarus_summer read from bank.
20:58:10 Roles assigned.
20:58:10 Reading mission ...
20:58:10 No entry 'bin\config.bin/CfgMarkers.Third_Marker_3rdID'
20:58:10 Mission Zeus_Chernarus_TF.chernarus_summer read from bank.
20:58:10 Roles assigned.
20:58:10 Reading mission ...
20:58:10 No entry 'bin\config.bin/CfgMarkers.Third_Marker_3rdID'
20:58:10 Mission Zeus_Chernarus_TF.chernarus_summer read from bank.
20:58:10 Roles assigned.
20:58:10 Reading mission ...
20:58:10 No entry 'bin\config.bin/CfgMarkers.Third_Marker_3rdID'
20:58:10 Mission Zeus_Chernarus_TF.chernarus_summer read from bank.
20:58:10 Roles assigned.
20:58:10 Reading mission ...
20:58:10 No entry 'bin\config.bin/CfgMarkers.Third_Marker_3rdID'
20:58:10 Mission Zeus_Chernarus_TF.chernarus_summer read from bank.
20:58:10 Roles assigned.
20:58:10 Reading mission ...
20:58:10 No entry 'bin\config.bin/CfgMarkers.Third_Marker_3rdID'
20:58:10 Mission Zeus_Chernarus_TF.chernarus_summer read from bank.
20:58:11 Roles assigned.
20:58:11 Reading mission ...
20:58:11 No entry 'bin\config.bin/CfgMarkers.Third_Marker_3rdID'
20:58:11 Mission Zeus_Chernarus_TF.chernarus_summer read from bank.
20:58:11 Roles assigned.
20:58:11 Reading mission ...
20:58:11 No entry 'bin\config.bin/CfgMarkers.Third_Marker_3rdID'
20:58:11 Mission Zeus_Chernarus_TF.chernarus_summer read from bank.
20:58:11 Roles assigned.
20:58:11 Reading mission ...
20:58:11 No entry 'bin\config.bin/CfgMarkers.Third_Marker_3rdID'
20:58:11 Mission Zeus_Chernarus_TF.chernarus_summer read from bank.
20:58:11 Roles assigned.
20:58:11 Reading mission ...
20:58:11 No entry 'bin\config.bin/CfgMarkers.Third_Marker_3rdID'
20:58:11 Mission Zeus_Chernarus_TF.chernarus_summer read from bank.
20:58:11 Roles assigned.
20:58:11 Reading mission ...
20:58:11 No entry 'bin\config.bin/CfgMarkers.Third_Marker_3rdID'
20:58:11 Mission Zeus_Chernarus_TF.chernarus_summer read from bank.
20:58:11 Roles assigned.
20:58:11 Reading mission ...
20:58:11 No entry 'bin\config.bin/CfgMarkers.Third_Marker_3rdID'
20:58:11 Mission Zeus_Chernarus_TF.chernarus_summer read from bank.
20:58:11 Roles assigned.
20:58:11 Reading mission ...
20:58:11 No entry 'bin\config.bin/CfgMarkers.Third_Marker_3rdID'
20:58:12 Mission Zeus_Chernarus_TF.chernarus_summer read from bank.
20:58:12 Roles assigned.
20:58:12 Reading mission ...
20:58:12 No entry 'bin\config.bin/CfgMarkers.Third_Marker_3rdID'
20:58:12 Mission Zeus_Chernarus_TF.chernarus_summer read from bank.
20:58:12 Roles assigned.
20:58:12 Reading mission ...
20:58:12 No entry 'bin\config.bin/CfgMarkers.Third_Marker_3rdID'
20:58:12 Mission Zeus_Chernarus_TF.chernarus_summer read from bank.
20:58:12 Roles assigned.
20:58:12 Reading mission ...
20:58:12 No entry 'bin\config.bin/CfgMarkers.Third_Marker_3rdID'
20:58:12 Mission Zeus_Chernarus_TF.chernarus_summer read from bank.
20:58:12 Roles assigned.
20:58:12 Reading mission ...
20:58:12 No entry 'bin\config.bin/CfgMarkers.Third_Marker_3rdID'
20:58:12 Mission Zeus_Chernarus_TF.chernarus_summer read from bank.
20:58:12 Roles assigned.
20:58:12 Reading mission ...
20:58:12 No entry 'bin\config.bin/CfgMarkers.Third_Marker_3rdID'
20:58:12 Mission Zeus_Chernarus_TF.chernarus_summer read from bank.
20:58:12 Roles assigned.
20:58:12 Reading mission ...
20:58:12 No entry 'bin\config.bin/CfgMarkers.Third_Marker_3rdID'
20:58:12 Mission Zeus_Chernarus_TF.chernarus_summer read from bank.
20:58:12 Roles assigned.
20:58:13 Reading mission ...
20:58:13 No entry 'bin\config.bin/CfgMarkers.Third_Marker_3rdID'
20:58:13 Mission Zeus_Chernarus_TF.chernarus_summer read from bank.
20:58:13 Roles assigned.
20:58:13 Reading mission ...
20:58:13 No entry 'bin\config.bin/CfgMarkers.Third_Marker_3rdID'
20:58:13 Mission Zeus_Chernarus_TF.chernarus_summer read from bank.
20:58:13 Roles assigned.
20:58:13 Reading mission ...
20:58:13 No entry 'bin\config.bin/CfgMarkers.Third_Marker_3rdID'
20:58:13 Mission Zeus_Chernarus_TF.chernarus_summer read from bank.
20:58:13 Roles assigned.
20:58:13 Reading mission ...
20:58:13 No entry 'bin\config.bin/CfgMarkers.Third_Marker_3rdID'
20:58:13 Mission Zeus_Chernarus_TF.chernarus_summer read from bank.
20:58:13 Roles assigned.
20:58:13 Reading mission ...
20:58:13 No entry 'bin\config.bin/CfgMarkers.Third_Marker_3rdID'
20:58:13 Mission Zeus_Chernarus_TF.chernarus_summer read from bank.
20:58:13 Roles assigned.
20:58:13 Reading mission ...
20:58:13 No entry 'bin\config.bin/CfgMarkers.Third_Marker_3rdID'
20:58:13 Mission Zeus_Chernarus_TF.chernarus_summer read from bank.
20:58:13 Roles assigned.
20:58:13 Reading mission ...
20:58:13 No entry 'bin\config.bin/CfgMarkers.Third_Marker_3rdID'
20:58:13 Mission Zeus_Chernarus_TF.chernarus_summer read from bank.
20:58:14 Roles assigned.
20:58:14 Reading mission ...
20:58:14 No entry 'bin\config.bin/CfgMarkers.Third_Marker_3rdID'
20:58:14 Mission Zeus_Chernarus_TF.chernarus_summer read from bank.
20:58:14 Roles assigned.
20:58:14 Reading mission ...
20:58:14 No entry 'bin\config.bin/CfgMarkers.Third_Marker_3rdID'
20:58:14 Mission Zeus_Chernarus_TF.chernarus_summer read from bank.
20:58:14 Roles assigned.
20:58:14 Reading mission ...
20:58:14 No entry 'bin\config.bin/CfgMarkers.Third_Marker_3rdID'
20:58:14 Mission Zeus_Chernarus_TF.chernarus_summer read from bank.
20:58:14 Roles assigned.
20:58:14 Reading mission ...
20:58:14 No entry 'bin\config.bin/CfgMarkers.Third_Marker_3rdID'
20:58:14 Mission Zeus_Chernarus_TF.chernarus_summer read from bank.
20:58:14 Roles assigned.
20:58:14 Reading mission ...
20:58:14 No entry 'bin\config.bin/CfgMarkers.Third_Marker_3rdID'
20:58:14 Mission Zeus_Chernarus_TF.chernarus_summer read from bank.
20:58:14 Roles assigned.
20:58:14 Reading mission ...
20:58:14 No entry 'bin\config.bin/CfgMarkers.Third_Marker_3rdID'
20:58:14 Mission Zeus_Chernarus_TF.chernarus_summer read from bank.
20:58:14 Roles assigned.
20:58:14 Reading mission ...
20:58:14 No entry 'bin\config.bin/CfgMarkers.Third_Marker_3rdID'
20:58:14 Mission Zeus_Chernarus_TF.chernarus_summer read from bank.
20:58:15 Roles assigned.
20:58:15 Reading mission ...
20:58:15 No entry 'bin\config.bin/CfgMarkers.Third_Marker_3rdID'
20:58:15 Mission Zeus_Chernarus_TF.chernarus_summer read from bank.
20:58:15 Roles assigned.
20:58:15 Reading mission ...
20:58:15 No entry 'bin\config.bin/CfgMarkers.Third_Marker_3rdID'
20:58:15 Mission Zeus_Chernarus_TF.chernarus_summer read from bank.
20:58:15 Roles assigned.
20:58:15 Reading mission ...
20:58:15 No entry 'bin\config.bin/CfgMarkers.Third_Marker_3rdID'
20:58:15 Mission Zeus_Chernarus_TF.chernarus_summer read from bank.
20:58:15 Roles assigned.
20:58:15 Reading mission ...
20:58:15 No entry 'bin\config.bin/CfgMarkers.Third_Marker_3rdID'
20:58:15 Mission Zeus_Chernarus_TF.chernarus_summer read from bank.
20:58:15 Roles assigned.
20:58:15 Reading mission ...
20:58:15 No entry 'bin\config.bin/CfgMarkers.Third_Marker_3rdID'
20:58:15 Mission Zeus_Chernarus_TF.chernarus_summer read from bank.
20:58:15 Roles assigned.
20:58:15 Reading mission ...
20:58:15 No entry 'bin\config.bin/CfgMarkers.Third_Marker_3rdID'
20:58:15 Mission Zeus_Chernarus_TF.chernarus_summer read from bank.
20:58:15 Roles assigned.
20:58:15 Reading mission ...
20:58:15 No entry 'bin\config.bin/CfgMarkers.Third_Marker_3rdID'
20:58:15 Mission Zeus_Chernarus_TF.chernarus_summer read from bank.
20:58:16 Roles assigned.
20:58:16 Reading mission ...
20:58:16 No entry 'bin\config.bin/CfgMarkers.Third_Marker_3rdID'
20:58:16 Mission Zeus_Chernarus_TF.chernarus_summer read from bank.
20:58:16 Roles assigned.
20:58:16 Reading mission ...
20:58:16 No entry 'bin\config.bin/CfgMarkers.Third_Marker_3rdID'
20:58:16 Mission Zeus_Chernarus_TF.chernarus_summer read from bank.
20:58:16 Roles assigned.
20:58:16 Reading mission ...
20:58:16 No entry 'bin\config.bin/CfgMarkers.Third_Marker_3rdID'
20:58:16 Mission Zeus_Chernarus_TF.chernarus_summer read from bank.
20:58:16 Roles assigned.
20:58:16 Reading mission ...
20:58:16 No entry 'bin\config.bin/CfgMarkers.Third_Marker_3rdID'
20:58:16 Mission Zeus_Chernarus_TF.chernarus_summer read from bank.
20:58:16 Roles assigned.
20:58:16 Reading mission ...
20:58:16 No entry 'bin\config.bin/CfgMarkers.Third_Marker_3rdID'
20:58:16 Mission Zeus_Chernarus_TF.chernarus_summer read from bank.
20:58:16 Roles assigned.
20:58:16 Reading mission ...
20:58:16 No entry 'bin\config.bin/CfgMarkers.Third_Marker_3rdID'
20:58:16 Mission Zeus_Chernarus_TF.chernarus_summer read from bank.
20:58:16 Roles assigned.
20:58:16 Reading mission ...
20:58:16 No entry 'bin\config.bin/CfgMarkers.Third_Marker_3rdID'
20:58:17 Mission Zeus_Chernarus_TF.chernarus_summer read from bank.
20:58:17 Roles assigned.
20:58:17 Reading mission ...
20:58:17 No entry 'bin\config.bin/CfgMarkers.Third_Marker_3rdID'
20:58:17 Mission Zeus_Chernarus_TF.chernarus_summer read from bank.
20:58:17 Roles assigned.
20:58:17 Reading mission ...
20:58:17 No entry 'bin\config.bin/CfgMarkers.Third_Marker_3rdID'
20:58:17 Mission Zeus_Chernarus_TF.chernarus_summer read from bank.
20:58:17 Roles assigned.
20:58:17 Reading mission ...
20:58:17 No entry 'bin\config.bin/CfgMarkers.Third_Marker_3rdID'
20:58:17 Mission Zeus_Chernarus_TF.chernarus_summer read from bank.
20:58:17 Roles assigned.
20:58:17 Reading mission ...
20:58:17 No entry 'bin\config.bin/CfgMarkers.Third_Marker_3rdID'
20:58:17 Mission Zeus_Chernarus_TF.chernarus_summer read from bank.
20:58:17 Roles assigned.
20:58:17 Reading mission ...
20:58:17 No entry 'bin\config.bin/CfgMarkers.Third_Marker_3rdID'
20:58:17 Mission Zeus_Chernarus_TF.chernarus_summer read from bank.
20:58:17 Roles assigned.
20:58:17 Reading mission ...
20:58:17 No entry 'bin\config.bin/CfgMarkers.Third_Marker_3rdID'
20:58:17 Mission Zeus_Chernarus_TF.chernarus_summer read from bank.
20:58:17 Roles assigned.
20:58:18 Reading mission ...
20:58:18 No entry 'bin\config.bin/CfgMarkers.Third_Marker_3rdID'
20:58:18 Mission Zeus_Chernarus_TF.chernarus_summer read from bank.
20:58:18 Roles assigned.
20:58:18 Reading mission ...
20:58:18 No entry 'bin\config.bin/CfgMarkers.Third_Marker_3rdID'
20:58:18 Mission Zeus_Chernarus_TF.chernarus_summer read from bank.
20:58:18 Roles assigned.
20:58:18 Reading mission ...
20:58:18 No entry 'bin\config.bin/CfgMarkers.Third_Marker_3rdID'
20:58:18 Mission Zeus_Chernarus_TF.chernarus_summer read from bank.
20:58:18 Roles assigned.
20:58:18 Reading mission ...
20:58:18 No entry 'bin\config.bin/CfgMarkers.Third_Marker_3rdID'
20:58:18 Mission Zeus_Chernarus_TF.chernarus_summer read from bank.
20:58:18 Roles assigned.
20:58:18 Reading mission ...
20:58:18 No entry 'bin\config.bin/CfgMarkers.Third_Marker_3rdID'
20:58:18 Mission Zeus_Chernarus_TF.chernarus_summer read from bank.
20:58:18 Roles assigned.
20:58:18 Reading mission ...
20:58:18 No entry 'bin\config.bin/CfgMarkers.Third_Marker_3rdID'
20:58:18 Mission Zeus_Chernarus_TF.chernarus_summer read from bank.
20:58:18 Roles assigned.
20:58:18 Reading mission ...
20:58:18 No entry 'bin\config.bin/CfgMarkers.Third_Marker_3rdID'
20:58:18 Mission Zeus_Chernarus_TF.chernarus_summer read from bank.
20:58:19 Roles assigned.
20:58:19 Reading mission ...
20:58:19 No entry 'bin\config.bin/CfgMarkers.Third_Marker_3rdID'
20:58:19 Mission Zeus_Chernarus_TF.chernarus_summer read from bank.
20:58:19 Roles assigned.
20:58:19 Reading mission ...
20:58:19 No entry 'bin\config.bin/CfgMarkers.Third_Marker_3rdID'
20:58:19 Mission Zeus_Chernarus_TF.chernarus_summer read from bank.
20:58:19 Roles assigned.
20:58:19 Reading mission ...
20:58:19 No entry 'bin\config.bin/CfgMarkers.Third_Marker_3rdID'
20:58:19 Mission Zeus_Chernarus_TF.chernarus_summer read from bank.
20:58:19 Roles assigned.
20:58:19 Reading mission ...
20:58:19 No entry 'bin\config.bin/CfgMarkers.Third_Marker_3rdID'
20:58:19 Mission Zeus_Chernarus_TF.chernarus_summer read from bank.
20:58:19 Roles assigned.
20:58:19 Reading mission ...
20:58:19 No entry 'bin\config.bin/CfgMarkers.Third_Marker_3rdID'
20:58:19 Mission Zeus_Chernarus_TF.chernarus_summer read from bank.
20:58:19 Roles assigned.
20:58:19 Reading mission ...
20:58:19 No entry 'bin\config.bin/CfgMarkers.Third_Marker_3rdID'
20:58:19 Mission Zeus_Chernarus_TF.chernarus_summer read from bank.
20:58:19 Roles assigned.
20:58:19 Reading mission ...
20:58:19 No entry 'bin\config.bin/CfgMarkers.Third_Marker_3rdID'
20:58:19 Mission Zeus_Chernarus_TF.chernarus_summer read from bank.
20:58:20 Roles assigned.
20:58:20 Reading mission ...
20:58:20 No entry 'bin\config.bin/CfgMarkers.Third_Marker_3rdID'
20:58:20 Mission Zeus_Chernarus_TF.chernarus_summer read from bank.
20:58:20 Roles assigned.
20:58:20 Reading mission ...
20:58:20 No entry 'bin\config.bin/CfgMarkers.Third_Marker_3rdID'
20:58:20 Mission Zeus_Chernarus_TF.chernarus_summer read from bank.
20:58:20 Roles assigned.
20:58:20 Reading mission ...
20:58:20 No entry 'bin\config.bin/CfgMarkers.Third_Marker_3rdID'
20:58:20 Mission Zeus_Chernarus_TF.chernarus_summer read from bank.
20:58:20 Roles assigned.
20:58:20 Reading mission ...
20:58:20 No entry 'bin\config.bin/CfgMarkers.Third_Marker_3rdID'
20:58:20 Mission Zeus_Chernarus_TF.chernarus_summer read from bank.
20:58:20 Roles assigned.
20:58:20 Reading mission ...
20:58:20 No entry 'bin\config.bin/CfgMarkers.Third_Marker_3rdID'
20:58:20 Mission Zeus_Chernarus_TF.chernarus_summer read from bank.
20:58:20 Roles assigned.
20:58:20 Reading mission ...
20:58:20 No entry 'bin\config.bin/CfgMarkers.Third_Marker_3rdID'
20:58:20 Mission Zeus_Chernarus_TF.chernarus_summer read from bank.
20:58:20 Roles assigned.
20:58:20 Reading mission ...
20:58:20 No entry 'bin\config.bin/CfgMarkers.Third_Marker_3rdID'
20:58:20 Mission Zeus_Chernarus_TF.chernarus_summer read from bank.
20:58:21 Roles assigned.
20:58:21 Reading mission ...
20:58:21 No entry 'bin\config.bin/CfgMarkers.Third_Marker_3rdID'
20:58:21 Mission Zeus_Chernarus_TF.chernarus_summer read from bank.
20:58:21 Roles assigned.
20:58:21 Reading mission ...
20:58:21 No entry 'bin\config.bin/CfgMarkers.Third_Marker_3rdID'
20:58:21 Mission Zeus_Chernarus_TF.chernarus_summer read from bank.
20:58:21 Roles assigned.
20:58:21 Reading mission ...
20:58:21 No entry 'bin\config.bin/CfgMarkers.Third_Marker_3rdID'
20:58:21 Mission Zeus_Chernarus_TF.chernarus_summer read from bank.
20:58:21 Roles assigned.
20:58:21 Reading mission ...
20:58:21 No entry 'bin\config.bin/CfgMarkers.Third_Marker_3rdID'
20:58:21 Mission Zeus_Chernarus_TF.chernarus_summer read from bank.
20:58:21 Roles assigned.
20:58:21 Reading mission ...
20:58:21 No entry 'bin\config.bin/CfgMarkers.Third_Marker_3rdID'
20:58:21 Mission Zeus_Chernarus_TF.chernarus_summer read from bank.
20:58:21 Roles assigned.
20:58:21 Reading mission ...
20:58:21 No entry 'bin\config.bin/CfgMarkers.Third_Marker_3rdID'
20:58:21 Mission Zeus_Chernarus_TF.chernarus_summer read from bank.
20:58:21 Roles assigned.
20:58:21 Reading mission ...
20:58:21 No entry 'bin\config.bin/CfgMarkers.Third_Marker_3rdID'
20:58:21 Mission Zeus_Chernarus_TF.chernarus_summer read from bank.
20:58:22 Roles assigned.
20:58:22 Reading mission ...
20:58:22 No entry 'bin\config.bin/CfgMarkers.Third_Marker_3rdID'
20:58:22 Mission Zeus_Chernarus_TF.chernarus_summer read from bank.
20:58:22 Roles assigned.
20:58:22 Reading mission ...
20:58:22 No entry 'bin\config.bin/CfgMarkers.Third_Marker_3rdID'
20:58:22 Mission Zeus_Chernarus_TF.chernarus_summer read from bank.
20:58:22 Roles assigned.
20:58:22 Reading mission ...
20:58:22 No entry 'bin\config.bin/CfgMarkers.Third_Marker_3rdID'
20:58:22 Mission Zeus_Chernarus_TF.chernarus_summer read from bank.
20:58:22 Roles assigned.
20:58:22 Reading mission ...
20:58:22 No entry 'bin\config.bin/CfgMarkers.Third_Marker_3rdID'
20:58:22 Mission Zeus_Chernarus_TF.chernarus_summer read from bank.
20:58:22 Roles assigned.
20:58:22 Reading mission ...
20:58:22 No entry 'bin\config.bin/CfgMarkers.Third_Marker_3rdID'
20:58:22 Mission Zeus_Chernarus_TF.chernarus_summer read from bank.
20:58:22 Roles assigned.
20:58:22 Reading mission ...
20:58:22 No entry 'bin\config.bin/CfgMarkers.Third_Marker_3rdID'
20:58:22 Mission Zeus_Chernarus_TF.chernarus_summer read from bank.
20:58:22 Roles assigned.
20:58:22 Reading mission ...
20:58:22 No entry 'bin\config.bin/CfgMarkers.Third_Marker_3rdID'
20:58:23 Mission Zeus_Chernarus_TF.chernarus_summer read from bank.
20:58:23 Roles assigned.
20:58:23 Reading mission ...
20:58:23 No entry 'bin\config.bin/CfgMarkers.Third_Marker_3rdID'
20:58:23 Mission Zeus_Chernarus_TF.chernarus_summer read from bank.
20:58:23 Roles assigned.
20:58:23 Reading mission ...
20:58:23 No entry 'bin\config.bin/CfgMarkers.Third_Marker_3rdID'
20:58:23 Mission Zeus_Chernarus_TF.chernarus_summer read from bank.
20:58:23 Roles assigned.
20:58:23 Reading mission ...
20:58:23 No entry 'bin\config.bin/CfgMarkers.Third_Marker_3rdID'
20:58:23 Mission Zeus_Chernarus_TF.chernarus_summer read from bank.
20:58:23 Roles assigned.
20:58:23 Reading mission ...
20:58:23 No entry 'bin\config.bin/CfgMarkers.Third_Marker_3rdID'
20:58:23 Mission Zeus_Chernarus_TF.chernarus_summer read from bank.
20:58:23 Roles assigned.
20:58:23 Reading mission ...
20:58:23 No entry 'bin\config.bin/CfgMarkers.Third_Marker_3rdID'
20:58:23 Mission Zeus_Chernarus_TF.chernarus_summer read from bank.
20:58:23 Roles assigned.
20:58:23 Reading mission ...
20:58:23 No entry 'bin\config.bin/CfgMarkers.Third_Marker_3rdID'
20:58:23 Mission Zeus_Chernarus_TF.chernarus_summer read from bank.
20:58:23 Roles assigned.
20:58:24 Reading mission ...
20:58:24 No entry 'bin\config.bin/CfgMarkers.Third_Marker_3rdID'
20:58:24 Mission Zeus_Chernarus_TF.chernarus_summer read from bank.
20:58:24 Roles assigned.
20:58:24 Reading mission ...
20:58:24 No entry 'bin\config.bin/CfgMarkers.Third_Marker_3rdID'
20:58:24 Mission Zeus_Chernarus_TF.chernarus_summer read from bank.
20:58:24 Roles assigned.
20:58:24 Reading mission ...
20:58:24 No entry 'bin\config.bin/CfgMarkers.Third_Marker_3rdID'
20:58:24 Mission Zeus_Chernarus_TF.chernarus_summer read from bank.
20:58:24 Roles assigned.
20:58:24 Reading mission ...
20:58:24 No entry 'bin\config.bin/CfgMarkers.Third_Marker_3rdID'
20:58:24 Mission Zeus_Chernarus_TF.chernarus_summer read from bank.
20:58:24 Roles assigned.
20:58:24 Reading mission ...
20:58:24 No entry 'bin\config.bin/CfgMarkers.Third_Marker_3rdID'
20:58:24 Mission Zeus_Chernarus_TF.chernarus_summer read from bank.
20:58:24 Roles assigned.
20:58:24 Reading mission ...
20:58:24 No entry 'bin\config.bin/CfgMarkers.Third_Marker_3rdID'
20:58:24 Mission Zeus_Chernarus_TF.chernarus_summer read from bank.
20:58:24 Roles assigned.
20:58:24 Reading mission ...
20:58:24 No entry 'bin\config.bin/CfgMarkers.Third_Marker_3rdID'
20:58:24 Mission Zeus_Chernarus_TF.chernarus_summer read from bank.
20:58:25 Roles assigned.
20:58:25 Reading mission ...
20:58:25 No entry 'bin\config.bin/CfgMarkers.Third_Marker_3rdID'
20:58:25 Mission Zeus_Chernarus_TF.chernarus_summer read from bank.
20:58:25 Roles assigned.
20:58:25 Reading mission ...
20:58:25 No entry 'bin\config.bin/CfgMarkers.Third_Marker_3rdID'
20:58:25 Mission Zeus_Chernarus_TF.chernarus_summer read from bank.
20:58:25 Roles assigned.
20:58:25 Reading mission ...
20:58:25 No entry 'bin\config.bin/CfgMarkers.Third_Marker_3rdID'
20:58:25 Mission Zeus_Chernarus_TF.chernarus_summer read from bank.
20:58:25 Roles assigned.
20:58:25 Reading mission ...
20:58:25 No entry 'bin\config.bin/CfgMarkers.Third_Marker_3rdID'
20:58:25 Mission Zeus_Chernarus_TF.chernarus_summer read from bank.
20:58:25 Roles assigned.
20:58:25 Reading mission ...
20:58:25 No entry 'bin\config.bin/CfgMarkers.Third_Marker_3rdID'
20:58:25 Mission Zeus_Chernarus_TF.chernarus_summer read from bank.
20:58:25 Roles assigned.
20:58:25 Reading mission ...
20:58:25 No entry 'bin\config.bin/CfgMarkers.Third_Marker_3rdID'
20:58:25 Mission Zeus_Chernarus_TF.chernarus_summer read from bank.
20:58:25 Roles assigned.
20:58:25 Reading mission ...
20:58:25 No entry 'bin\config.bin/CfgMarkers.Third_Marker_3rdID'
20:58:25 Mission Zeus_Chernarus_TF.chernarus_summer read from bank.
20:58:26 Roles assigned.
20:58:26 Reading mission ...
20:58:26 No entry 'bin\config.bin/CfgMarkers.Third_Marker_3rdID'
20:58:26 Mission Zeus_Chernarus_TF.chernarus_summer read from bank.
20:58:26 Roles assigned.
20:58:26 Reading mission ...
20:58:26 No entry 'bin\config.bin/CfgMarkers.Third_Marker_3rdID'
20:58:26 Mission Zeus_Chernarus_TF.chernarus_summer read from bank.
20:58:26 Roles assigned.
20:58:26 Reading mission ...
20:58:26 No entry 'bin\config.bin/CfgMarkers.Third_Marker_3rdID'
20:58:26 Mission Zeus_Chernarus_TF.chernarus_summer read from bank.
20:58:26 Roles assigned.
20:58:26 Reading mission ...
20:58:26 No entry 'bin\config.bin/CfgMarkers.Third_Marker_3rdID'
20:58:26 Mission Zeus_Chernarus_TF.chernarus_summer read from bank.
20:58:26 Roles assigned.
20:58:26 Reading mission ...
20:58:26 No entry 'bin\config.bin/CfgMarkers.Third_Marker_3rdID'
20:58:26 Mission Zeus_Chernarus_TF.chernarus_summer read from bank.
20:58:26 Roles assigned.
20:58:26 Reading mission ...
20:58:26 No entry 'bin\config.bin/CfgMarkers.Third_Marker_3rdID'
20:58:26 Mission Zeus_Chernarus_TF.chernarus_summer read from bank.
20:58:26 Roles assigned.
20:58:26 Reading mission ...
20:58:26 No entry 'bin\config.bin/CfgMarkers.Third_Marker_3rdID'
20:58:26 Mission Zeus_Chernarus_TF.chernarus_summer read from bank.
20:58:27 Roles assigned.
20:58:27 Reading mission ...
20:58:27 No entry 'bin\config.bin/CfgMarkers.Third_Marker_3rdID'
20:58:27 Mission Zeus_Chernarus_TF.chernarus_summer read from bank.
20:58:27 Roles assigned.
20:58:27 Reading mission ...
20:58:27 No entry 'bin\config.bin/CfgMarkers.Third_Marker_3rdID'
20:58:27 Mission Zeus_Chernarus_TF.chernarus_summer read from bank.
20:58:27 Roles assigned.
20:58:27 Reading mission ...
20:58:27 No entry 'bin\config.bin/CfgMarkers.Third_Marker_3rdID'
20:58:27 Mission Zeus_Chernarus_TF.chernarus_summer read from bank.
20:58:27 Roles assigned.
20:58:27 Reading mission ...
20:58:27 No entry 'bin\config.bin/CfgMarkers.Third_Marker_3rdID'
20:58:27 Mission Zeus_Chernarus_TF.chernarus_summer read from bank.
20:58:27 Roles assigned.
20:58:27 Reading mission ...
20:58:27 No entry 'bin\config.bin/CfgMarkers.Third_Marker_3rdID'
20:58:27 Mission Zeus_Chernarus_TF.chernarus_summer read from bank.
20:58:27 Roles assigned.
20:58:27 Reading mission ...
20:58:27 No entry 'bin\config.bin/CfgMarkers.Third_Marker_3rdID'
20:58:27 Mission Zeus_Chernarus_TF.chernarus_summer read from bank.
20:58:27 Roles assigned.
20:58:27 Reading mission ...
20:58:27 No entry 'bin\config.bin/CfgMarkers.Third_Marker_3rdID'
20:58:28 Mission Zeus_Chernarus_TF.chernarus_summer read from bank.
20:58:28 Roles assigned.
20:58:28 Reading mission ...
20:58:28 No entry 'bin\config.bin/CfgMarkers.Third_Marker_3rdID'
20:58:28 Mission Zeus_Chernarus_TF.chernarus_summer read from bank.
20:58:28 Roles assigned.
20:58:28 Reading mission ...
20:58:28 No entry 'bin\config.bin/CfgMarkers.Third_Marker_3rdID'
20:58:28 Mission Zeus_Chernarus_TF.chernarus_summer read from bank.
20:58:28 Roles assigned.
20:58:28 Reading mission ...
20:58:28 No entry 'bin\config.bin/CfgMarkers.Third_Marker_3rdID'
20:58:28 Mission Zeus_Chernarus_TF.chernarus_summer read from bank.
20:58:28 Roles assigned.
20:58:28 Reading mission ...
20:58:28 No entry 'bin\config.bin/CfgMarkers.Third_Marker_3rdID'
20:58:28 Mission Zeus_Chernarus_TF.chernarus_summer read from bank.
20:58:28 Roles assigned.
20:58:28 Reading mission ...
20:58:28 No entry 'bin\config.bin/CfgMarkers.Third_Marker_3rdID'
20:58:28 Mission Zeus_Chernarus_TF.chernarus_summer read from bank.
20:58:28 Roles assigned.
20:58:28 Reading mission ...
20:58:28 No entry 'bin\config.bin/CfgMarkers.Third_Marker_3rdID'
20:58:28 Mission Zeus_Chernarus_TF.chernarus_summer read from bank.
20:58:28 Roles assigned.
20:58:29 Reading mission ...
20:58:29 No entry 'bin\config.bin/CfgMarkers.Third_Marker_3rdID'
20:58:29 Mission Zeus_Chernarus_TF.chernarus_summer read from bank.
20:58:29 Roles assigned.
20:58:29 Reading mission ...
20:58:29 No entry 'bin\config.bin/CfgMarkers.Third_Marker_3rdID'
20:58:29 Mission Zeus_Chernarus_TF.chernarus_summer read from bank.
20:58:29 Roles assigned.
20:58:29 Reading mission ...
20:58:29 No entry 'bin\config.bin/CfgMarkers.Third_Marker_3rdID'
20:58:29 Mission Zeus_Chernarus_TF.chernarus_summer read from bank.
20:58:29 Roles assigned.
20:58:29 Reading mission ...
20:58:29 No entry 'bin\config.bin/CfgMarkers.Third_Marker_3rdID'
20:58:29 Mission Zeus_Chernarus_TF.chernarus_summer read from bank.
20:58:29 Roles assigned.
20:58:29 Reading mission ...
20:58:29 No entry 'bin\config.bin/CfgMarkers.Third_Marker_3rdID'
20:58:29 Mission Zeus_Chernarus_TF.chernarus_summer read from bank.
20:58:29 Roles assigned.
20:58:29 Reading mission ...
20:58:29 No entry 'bin\config.bin/CfgMarkers.Third_Marker_3rdID'
20:58:29 Mission Zeus_Chernarus_TF.chernarus_summer read from bank.
20:58:29 Roles assigned.
20:58:29 Reading mission ...
20:58:29 No entry 'bin\config.bin/CfgMarkers.Third_Marker_3rdID'
20:58:29 Mission Zeus_Chernarus_TF.chernarus_summer read from bank.
20:58:30 Roles assigned.
20:58:30 Reading mission ...
20:58:30 No entry 'bin\config.bin/CfgMarkers.Third_Marker_3rdID'
20:58:30 Mission Zeus_Chernarus_TF.chernarus_summer read from bank.
20:58:30 Roles assigned.
20:58:30 Reading mission ...
20:58:30 No entry 'bin\config.bin/CfgMarkers.Third_Marker_3rdID'
20:58:30 Mission Zeus_Chernarus_TF.chernarus_summer read from bank.
20:58:30 Roles assigned.
20:58:30 Reading mission ...
20:58:30 No entry 'bin\config.bin/CfgMarkers.Third_Marker_3rdID'
20:58:30 Mission Zeus_Chernarus_TF.chernarus_summer read from bank.
20:58:30 Roles assigned.
20:58:30 Reading mission ...
20:58:30 No entry 'bin\config.bin/CfgMarkers.Third_Marker_3rdID'
20:58:30 Mission Zeus_Chernarus_TF.chernarus_summer read from bank.
20:58:30 Roles assigned.
20:58:30 Reading mission ...
20:58:30 No entry 'bin\config.bin/CfgMarkers.Third_Marker_3rdID'
20:58:30 Mission Zeus_Chernarus_TF.chernarus_summer read from bank.
20:58:30 Roles assigned.
20:58:30 Reading mission ...
20:58:30 No entry 'bin\config.bin/CfgMarkers.Third_Marker_3rdID'
20:58:30 Mission Zeus_Chernarus_TF.chernarus_summer read from bank.
20:58:30 Roles assigned.
20:58:30 Reading mission ...
20:58:30 No entry 'bin\config.bin/CfgMarkers.Third_Marker_3rdID'
20:58:30 Mission Zeus_Chernarus_TF.chernarus_summer read from bank.
20:58:31 Roles assigned.
20:58:31 Reading mission ...
20:58:31 No entry 'bin\config.bin/CfgMarkers.Third_Marker_3rdID'
20:58:31 Mission Zeus_Chernarus_TF.chernarus_summer read from bank.
20:58:31 Roles assigned.
20:58:31 Reading mission ...
20:58:31 No entry 'bin\config.bin/CfgMarkers.Third_Marker_3rdID'
20:58:31 Mission Zeus_Chernarus_TF.chernarus_summer read from bank.
20:58:31 Roles assigned.
20:58:31 Reading mission ...
20:58:31 No entry 'bin\config.bin/CfgMarkers.Third_Marker_3rdID'
20:58:31 Mission Zeus_Chernarus_TF.chernarus_summer read from bank.
20:58:31 Roles assigned.
20:58:31 Reading mission ...
20:58:31 No entry 'bin\config.bin/CfgMarkers.Third_Marker_3rdID'
20:58:31 Mission Zeus_Chernarus_TF.chernarus_summer read from bank.
20:58:31 Roles assigned.
20:58:31 Reading mission ...
20:58:31 No entry 'bin\config.bin/CfgMarkers.Third_Marker_3rdID'
20:58:31 Mission Zeus_Chernarus_TF.chernarus_summer read from bank.
20:58:31 Roles assigned.
20:58:31 Reading mission ...
20:58:31 No entry 'bin\config.bin/CfgMarkers.Third_Marker_3rdID'
20:58:31 Mission Zeus_Chernarus_TF.chernarus_summer read from bank.
20:58:31 Roles assigned.
20:58:31 Reading mission ...
20:58:31 No entry 'bin\config.bin/CfgMarkers.Third_Marker_3rdID'
20:58:31 Mission Zeus_Chernarus_TF.chernarus_summer read from bank.
20:58:32 Roles assigned.
20:58:32 Reading mission ...
20:58:32 No entry 'bin\config.bin/CfgMarkers.Third_Marker_3rdID'
20:58:32 Mission Zeus_Chernarus_TF.chernarus_summer read from bank.
20:58:32 Roles assigned.
20:58:32 Reading mission ...
20:58:32 No entry 'bin\config.bin/CfgMarkers.Third_Marker_3rdID'
20:58:32 Mission Zeus_Chernarus_TF.chernarus_summer read from bank.
20:58:32 Roles assigned.
20:58:32 Reading mission ...
20:58:32 No entry 'bin\config.bin/CfgMarkers.Third_Marker_3rdID'
20:58:32 Mission Zeus_Chernarus_TF.chernarus_summer read from bank.
20:58:32 Roles assigned.
20:58:32 Reading mission ...
20:58:32 No entry 'bin\config.bin/CfgMarkers.Third_Marker_3rdID'
20:58:32 Mission Zeus_Chernarus_TF.chernarus_summer read from bank.
20:58:32 Roles assigned.
20:58:32 Reading mission ...
20:58:32 No entry 'bin\config.bin/CfgMarkers.Third_Marker_3rdID'
20:58:32 Mission Zeus_Chernarus_TF.chernarus_summer read from bank.
20:58:32 Roles assigned.
20:58:32 Reading mission ...
20:58:32 No entry 'bin\config.bin/CfgMarkers.Third_Marker_3rdID'
20:58:32 Mission Zeus_Chernarus_TF.chernarus_summer read from bank.
20:58:32 Roles assigned.
20:58:32 Reading mission ...
20:58:32 No entry 'bin\config.bin/CfgMarkers.Third_Marker_3rdID'
20:58:33 Mission Zeus_Chernarus_TF.chernarus_summer read from bank.
20:58:33 Roles assigned.
20:58:33 Reading mission ...
20:58:33 No entry 'bin\config.bin/CfgMarkers.Third_Marker_3rdID'
20:58:33 Mission Zeus_Chernarus_TF.chernarus_summer read from bank.
20:58:33 Roles assigned.
20:58:33 Reading mission ...
20:58:33 No entry 'bin\config.bin/CfgMarkers.Third_Marker_3rdID'
20:58:33 Mission Zeus_Chernarus_TF.chernarus_summer read from bank.
20:58:33 Roles assigned.
20:58:33 Reading mission ...
20:58:33 No entry 'bin\config.bin/CfgMarkers.Third_Marker_3rdID'
20:58:33 Mission Zeus_Chernarus_TF.chernarus_summer read from bank.
20:58:33 Roles assigned.
20:58:33 Reading mission ...
20:58:33 No entry 'bin\config.bin/CfgMarkers.Third_Marker_3rdID'
20:58:33 Mission Zeus_Chernarus_TF.chernarus_summer read from bank.
20:58:33 Roles assigned.
20:58:33 Reading mission ...
20:58:33 No entry 'bin\config.bin/CfgMarkers.Third_Marker_3rdID'
20:58:33 Mission Zeus_Chernarus_TF.chernarus_summer read from bank.
20:58:33 Roles assigned.
20:58:33 Reading mission ...
20:58:33 No entry 'bin\config.bin/CfgMarkers.Third_Marker_3rdID'
20:58:33 Mission Zeus_Chernarus_TF.chernarus_summer read from bank.
20:58:33 Roles assigned.
20:58:34 Reading mission ...
20:58:34 No entry 'bin\config.bin/CfgMarkers.Third_Marker_3rdID'
20:58:34 Mission Zeus_Chernarus_TF.chernarus_summer read from bank.
20:58:34 Roles assigned.
20:58:34 Reading mission ...
20:58:34 No entry 'bin\config.bin/CfgMarkers.Third_Marker_3rdID'
20:58:34 Mission Zeus_Chernarus_TF.chernarus_summer read from bank.
20:58:34 Roles assigned.
20:58:34 Reading mission ...
20:58:34 No entry 'bin\config.bin/CfgMarkers.Third_Marker_3rdID'
20:58:34 Mission Zeus_Chernarus_TF.chernarus_summer read from bank.
20:58:34 Roles assigned.
20:58:34 Reading mission ...
20:58:34 No entry 'bin\config.bin/CfgMarkers.Third_Marker_3rdID'
20:58:34 Mission Zeus_Chernarus_TF.chernarus_summer read from bank.
20:58:34 Roles assigned.
20:58:34 Reading mission ...
20:58:34 No entry 'bin\config.bin/CfgMarkers.Third_Marker_3rdID'
20:58:34 Mission Zeus_Chernarus_TF.chernarus_summer read from bank.
20:58:34 Roles assigned.
20:58:34 Reading mission ...
20:58:34 No entry 'bin\config.bin/CfgMarkers.Third_Marker_3rdID'
20:58:34 Mission Zeus_Chernarus_TF.chernarus_summer read from bank.
20:58:34 Roles assigned.
20:58:34 Reading mission ...
20:58:34 No entry 'bin\config.bin/CfgMarkers.Third_Marker_3rdID'
20:58:34 Mission Zeus_Chernarus_TF.chernarus_summer read from bank.
20:58:35 Roles assigned.
20:58:35 Reading mission ...
20:58:35 No entry 'bin\config.bin/CfgMarkers.Third_Marker_3rdID'
20:58:35 Mission Zeus_Chernarus_TF.chernarus_summer read from bank.
20:58:35 Roles assigned.
20:58:35 Reading mission ...
20:58:35 No entry 'bin\config.bin/CfgMarkers.Third_Marker_3rdID'
20:58:35 Mission Zeus_Chernarus_TF.chernarus_summer read from bank.
20:58:35 Roles assigned.
20:58:35 Reading mission ...
20:58:35 No entry 'bin\config.bin/CfgMarkers.Third_Marker_3rdID'
20:58:35 Mission Zeus_Chernarus_TF.chernarus_summer read from bank.
20:58:35 Roles assigned.
20:58:35 Reading mission ...
20:58:35 No entry 'bin\config.bin/CfgMarkers.Third_Marker_3rdID'
20:58:35 Mission Zeus_Chernarus_TF.chernarus_summer read from bank.
20:58:35 Roles assigned.
20:58:35 Reading mission ...
20:58:35 No entry 'bin\config.bin/CfgMarkers.Third_Marker_3rdID'
20:58:35 Mission Zeus_Chernarus_TF.chernarus_summer read from bank.
20:58:35 Roles assigned.
20:58:35 Reading mission ...
20:58:35 No entry 'bin\config.bin/CfgMarkers.Third_Marker_3rdID'
20:58:35 Mission Zeus_Chernarus_TF.chernarus_summer read from bank.
20:58:35 Roles assigned.
20:58:35 Reading mission ...
20:58:35 No entry 'bin\config.bin/CfgMarkers.Third_Marker_3rdID'
20:58:35 Mission Zeus_Chernarus_TF.chernarus_summer read from bank.
20:58:36 Roles assigned.
20:58:36 Reading mission ...
20:58:36 No entry 'bin\config.bin/CfgMarkers.Third_Marker_3rdID'
20:58:36 Mission Zeus_Chernarus_TF.chernarus_summer read from bank.
20:58:36 Roles assigned.
20:58:36 Reading mission ...
20:58:36 No entry 'bin\config.bin/CfgMarkers.Third_Marker_3rdID'
20:58:36 Mission Zeus_Chernarus_TF.chernarus_summer read from bank.
20:58:36 Roles assigned.
20:58:36 Reading mission ...
20:58:36 No entry 'bin\config.bin/CfgMarkers.Third_Marker_3rdID'
20:58:36 Mission Zeus_Chernarus_TF.chernarus_summer read from bank.
20:58:36 Roles assigned.
20:58:36 Reading mission ...
20:58:36 No entry 'bin\config.bin/CfgMarkers.Third_Marker_3rdID'
20:58:36 Mission Zeus_Chernarus_TF.chernarus_summer read from bank.
20:58:36 Roles assigned.
20:58:36 Reading mission ...
20:58:36 No entry 'bin\config.bin/CfgMarkers.Third_Marker_3rdID'
20:58:36 Mission Zeus_Chernarus_TF.chernarus_summer read from bank.
20:58:36 Roles assigned.
20:58:36 Reading mission ...
20:58:36 No entry 'bin\config.bin/CfgMarkers.Third_Marker_3rdID'
20:58:36 Mission Zeus_Chernarus_TF.chernarus_summer read from bank.
20:58:36 Roles assigned.
20:58:36 Reading mission ...
20:58:36 No entry 'bin\config.bin/CfgMarkers.Third_Marker_3rdID'
20:58:36 Mission Zeus_Chernarus_TF.chernarus_summer read from bank.
20:58:37 Roles assigned.
20:58:37 Reading mission ...
20:58:37 No entry 'bin\config.bin/CfgMarkers.Third_Marker_3rdID'
20:58:37 Mission Zeus_Chernarus_TF.chernarus_summer read from bank.
20:58:37 Roles assigned.
20:58:37 Reading mission ...
20:58:37 No entry 'bin\config.bin/CfgMarkers.Third_Marker_3rdID'
20:58:37 Mission Zeus_Chernarus_TF.chernarus_summer read from bank.
20:58:37 Roles assigned.
20:58:37 Reading mission ...
20:58:37 No entry 'bin\config.bin/CfgMarkers.Third_Marker_3rdID'
20:58:37 Mission Zeus_Chernarus_TF.chernarus_summer read from bank.
20:58:37 Roles assigned.
20:58:37 Reading mission ...
20:58:37 No entry 'bin\config.bin/CfgMarkers.Third_Marker_3rdID'
20:58:37 Mission Zeus_Chernarus_TF.chernarus_summer read from bank.
20:58:37 Roles assigned.
20:58:37 Reading mission ...
20:58:37 No entry 'bin\config.bin/CfgMarkers.Third_Marker_3rdID'
20:58:37 Mission Zeus_Chernarus_TF.chernarus_summer read from bank.
20:58:37 Roles assigned.
20:58:37 Reading mission ...
20:58:37 No entry 'bin\config.bin/CfgMarkers.Third_Marker_3rdID'
20:58:37 Mission Zeus_Chernarus_TF.chernarus_summer read from bank.
20:58:37 Roles assigned.
20:58:37 Reading mission ...
20:58:37 No entry 'bin\config.bin/CfgMarkers.Third_Marker_3rdID'
20:58:37 Mission Zeus_Chernarus_TF.chernarus_summer read from bank.
20:58:38 Roles assigned.
20:58:38 Reading mission ...
20:58:38 No entry 'bin\config.bin/CfgMarkers.Third_Marker_3rdID'
20:58:38 Mission Zeus_Chernarus_TF.chernarus_summer read from bank.
20:58:38 Roles assigned.
20:58:38 Reading mission ...
20:58:38 No entry 'bin\config.bin/CfgMarkers.Third_Marker_3rdID'
20:58:38 Mission Zeus_Chernarus_TF.chernarus_summer read from bank.
20:58:38 Roles assigned.
20:58:38 Reading mission ...
20:58:38 No entry 'bin\config.bin/CfgMarkers.Third_Marker_3rdID'
20:58:38 Mission Zeus_Chernarus_TF.chernarus_summer read from bank.
20:58:38 Roles assigned.
20:58:38 Reading mission ...
20:58:38 No entry 'bin\config.bin/CfgMarkers.Third_Marker_3rdID'
20:58:38 Mission Zeus_Chernarus_TF.chernarus_summer read from bank.
20:58:38 Roles assigned.
20:58:38 Reading mission ...
20:58:38 No entry 'bin\config.bin/CfgMarkers.Third_Marker_3rdID'
20:58:38 Mission Zeus_Chernarus_TF.chernarus_summer read from bank.
20:58:38 Roles assigned.
20:58:38 Reading mission ...
20:58:38 No entry 'bin\config.bin/CfgMarkers.Third_Marker_3rdID'
20:58:38 Mission Zeus_Chernarus_TF.chernarus_summer read from bank.
20:58:38 Roles assigned.
20:58:38 Reading mission ...
20:58:38 No entry 'bin\config.bin/CfgMarkers.Third_Marker_3rdID'
20:58:39 Mission Zeus_Chernarus_TF.chernarus_summer read from bank.
20:58:39 Roles assigned.
20:58:39 Reading mission ...
20:58:39 No entry 'bin\config.bin/CfgMarkers.Third_Marker_3rdID'
20:58:39 Mission Zeus_Chernarus_TF.chernarus_summer read from bank.
20:58:39 Roles assigned.
20:58:39 Reading mission ...
20:58:39 No entry 'bin\config.bin/CfgMarkers.Third_Marker_3rdID'
20:58:39 Mission Zeus_Chernarus_TF.chernarus_summer read from bank.
20:58:39 Roles assigned.
20:58:39 Reading mission ...
20:58:39 No entry 'bin\config.bin/CfgMarkers.Third_Marker_3rdID'
20:58:39 Mission Zeus_Chernarus_TF.chernarus_summer read from bank.
20:58:39 Roles assigned.
20:58:39 Reading mission ...
20:58:39 No entry 'bin\config.bin/CfgMarkers.Third_Marker_3rdID'
20:58:39 Mission Zeus_Chernarus_TF.chernarus_summer read from bank.
20:58:39 Roles assigned.
20:58:39 Reading mission ...
20:58:39 No entry 'bin\config.bin/CfgMarkers.Third_Marker_3rdID'
20:58:39 Mission Zeus_Chernarus_TF.chernarus_summer read from bank.
20:58:39 Roles assigned.
20:58:39 Reading mission ...
20:58:39 No entry 'bin\config.bin/CfgMarkers.Third_Marker_3rdID'
20:58:39 Mission Zeus_Chernarus_TF.chernarus_summer read from bank.
20:58:39 Roles assigned.
20:58:40 Reading mission ...
20:58:40 No entry 'bin\config.bin/CfgMarkers.Third_Marker_3rdID'
20:58:40 Mission Zeus_Chernarus_TF.chernarus_summer read from bank.
20:58:40 Roles assigned.
20:58:40 Reading mission ...
20:58:40 No entry 'bin\config.bin/CfgMarkers.Third_Marker_3rdID'
20:58:40 Mission Zeus_Chernarus_TF.chernarus_summer read from bank.
20:58:40 Roles assigned.
20:58:40 Reading mission ...
20:58:40 No entry 'bin\config.bin/CfgMarkers.Third_Marker_3rdID'
20:58:40 Mission Zeus_Chernarus_TF.chernarus_summer read from bank.
20:58:40 Roles assigned.
20:58:40 Reading mission ...
20:58:40 No entry 'bin\config.bin/CfgMarkers.Third_Marker_3rdID'
20:58:40 Mission Zeus_Chernarus_TF.chernarus_summer read from bank.
20:58:40 Roles assigned.
20:58:40 Reading mission ...
20:58:40 No entry 'bin\config.bin/CfgMarkers.Third_Marker_3rdID'
20:58:40 Mission Zeus_Chernarus_TF.chernarus_summer read from bank.
20:58:40 Roles assigned.
20:58:40 Reading mission ...
20:58:40 No entry 'bin\config.bin/CfgMarkers.Third_Marker_3rdID'
20:58:40 Mission Zeus_Chernarus_TF.chernarus_summer read from bank.
20:58:40 Roles assigned.
20:58:40 Reading mission ...
20:58:40 No entry 'bin\config.bin/CfgMarkers.Third_Marker_3rdID'
20:58:40 Mission Zeus_Chernarus_TF.chernarus_summer read from bank.
20:58:41 Roles assigned.
20:58:41 Reading mission ...
20:58:41 No entry 'bin\config.bin/CfgMarkers.Third_Marker_3rdID'
20:58:41 Mission Zeus_Chernarus_TF.chernarus_summer read from bank.
20:58:41 Roles assigned.
20:58:41 Reading mission ...
20:58:41 No entry 'bin\config.bin/CfgMarkers.Third_Marker_3rdID'
20:58:41 Mission Zeus_Chernarus_TF.chernarus_summer read from bank.
20:58:41 Roles assigned.
20:58:41 Reading mission ...
20:58:41 No entry 'bin\config.bin/CfgMarkers.Third_Marker_3rdID'
20:58:41 Mission Zeus_Chernarus_TF.chernarus_summer read from bank.
20:58:41 Roles assigned.
20:58:41 Reading mission ...
20:58:41 No entry 'bin\config.bin/CfgMarkers.Third_Marker_3rdID'
20:58:41 Mission Zeus_Chernarus_TF.chernarus_summer read from bank.
20:58:41 Roles assigned.
20:58:41 Reading mission ...
20:58:41 No entry 'bin\config.bin/CfgMarkers.Third_Marker_3rdID'
20:58:41 Mission Zeus_Chernarus_TF.chernarus_summer read from bank.
20:58:41 Roles assigned.
20:58:41 Reading mission ...
20:58:41 No entry 'bin\config.bin/CfgMarkers.Third_Marker_3rdID'
20:58:41 Mission Zeus_Chernarus_TF.chernarus_summer read from bank.
20:58:41 Roles assigned.
20:58:41 Reading mission ...
20:58:41 No entry 'bin\config.bin/CfgMarkers.Third_Marker_3rdID'
20:58:41 Mission Zeus_Chernarus_TF.chernarus_summer read from bank.
20:58:42 Roles assigned.
20:58:42 Reading mission ...
20:58:42 No entry 'bin\config.bin/CfgMarkers.Third_Marker_3rdID'
20:58:42 Mission Zeus_Chernarus_TF.chernarus_summer read from bank.
20:58:42 Roles assigned.
20:58:42 Reading mission ...
20:58:42 No entry 'bin\config.bin/CfgMarkers.Third_Marker_3rdID'
20:58:42 Mission Zeus_Chernarus_TF.chernarus_summer read from bank.
20:58:42 Roles assigned.
20:58:42 Reading mission ...
20:58:42 No entry 'bin\config.bin/CfgMarkers.Third_Marker_3rdID'
20:58:42 Mission Zeus_Chernarus_TF.chernarus_summer read from bank.
20:58:42 Roles assigned.
20:58:42 Reading mission ...
20:58:42 No entry 'bin\config.bin/CfgMarkers.Third_Marker_3rdID'
20:58:42 Mission Zeus_Chernarus_TF.chernarus_summer read from bank.
20:58:42 Roles assigned.
20:58:42 Reading mission ...
20:58:42 No entry 'bin\config.bin/CfgMarkers.Third_Marker_3rdID'
20:58:42 Mission Zeus_Chernarus_TF.chernarus_summer read from bank.
20:58:42 Roles assigned.
20:58:42 Reading mission ...
20:58:42 No entry 'bin\config.bin/CfgMarkers.Third_Marker_3rdID'
20:58:42 Mission Zeus_Chernarus_TF.chernarus_summer read from bank.
20:58:42 Roles assigned.
20:58:42 Reading mission ...
20:58:42 No entry 'bin\config.bin/CfgMarkers.Third_Marker_3rdID'
20:58:42 Mission Zeus_Chernarus_TF.chernarus_summer read from bank.
20:58:43 Roles assigned.
20:58:43 Reading mission ...
20:58:43 No entry 'bin\config.bin/CfgMarkers.Third_Marker_3rdID'
20:58:43 Mission Zeus_Chernarus_TF.chernarus_summer read from bank.
20:58:43 Roles assigned.
20:58:43 Reading mission ...
20:58:43 No entry 'bin\config.bin/CfgMarkers.Third_Marker_3rdID'
20:58:43 Mission Zeus_Chernarus_TF.chernarus_summer read from bank.
20:58:43 Roles assigned.
20:58:43 Reading mission ...
20:58:43 No entry 'bin\config.bin/CfgMarkers.Third_Marker_3rdID'
20:58:43 Mission Zeus_Chernarus_TF.chernarus_summer read from bank.
20:58:43 Roles assigned.
20:58:43 Reading mission ...
20:58:43 No entry 'bin\config.bin/CfgMarkers.Third_Marker_3rdID'
20:58:43 Mission Zeus_Chernarus_TF.chernarus_summer read from bank.
20:58:43 Roles assigned.
20:58:43 Reading mission ...
20:58:43 No entry 'bin\config.bin/CfgMarkers.Third_Marker_3rdID'
20:58:43 Mission Zeus_Chernarus_TF.chernarus_summer read from bank.
20:58:43 Roles assigned.
20:58:43 Reading mission ...
20:58:43 No entry 'bin\config.bin/CfgMarkers.Third_Marker_3rdID'
20:58:43 Mission Zeus_Chernarus_TF.chernarus_summer read from bank.
20:58:43 Roles assigned.
20:58:43 Reading mission ...
20:58:43 No entry 'bin\config.bin/CfgMarkers.Third_Marker_3rdID'
20:58:44 Mission Zeus_Chernarus_TF.chernarus_summer read from bank.
20:58:44 Roles assigned.
20:58:44 Reading mission ...
20:58:44 No entry 'bin\config.bin/CfgMarkers.Third_Marker_3rdID'
20:58:44 Mission Zeus_Chernarus_TF.chernarus_summer read from bank.
20:58:44 Roles assigned.
20:58:44 Reading mission ...
20:58:44 No entry 'bin\config.bin/CfgMarkers.Third_Marker_3rdID'
20:58:44 Mission Zeus_Chernarus_TF.chernarus_summer read from bank.
20:58:44 Roles assigned.
20:58:44 Reading mission ...
20:58:44 No entry 'bin\config.bin/CfgMarkers.Third_Marker_3rdID'
20:58:44 Mission Zeus_Chernarus_TF.chernarus_summer read from bank.
20:58:44 Roles assigned.
20:58:44 Reading mission ...
20:58:44 No entry 'bin\config.bin/CfgMarkers.Third_Marker_3rdID'
20:58:44 Mission Zeus_Chernarus_TF.chernarus_summer read from bank.
20:58:44 Roles assigned.
20:58:44 Reading mission ...
20:58:44 No entry 'bin\config.bin/CfgMarkers.Third_Marker_3rdID'
20:58:44 Mission Zeus_Chernarus_TF.chernarus_summer read from bank.
20:58:44 Roles assigned.
20:58:44 Reading mission ...
20:58:44 No entry 'bin\config.bin/CfgMarkers.Third_Marker_3rdID'
20:58:44 Mission Zeus_Chernarus_TF.chernarus_summer read from bank.
20:58:44 Roles assigned.
20:58:45 Reading mission ...
20:58:45 No entry 'bin\config.bin/CfgMarkers.Third_Marker_3rdID'
20:58:45 Mission Zeus_Chernarus_TF.chernarus_summer read from bank.
20:58:45 Roles assigned.
20:58:45 Reading mission ...
20:58:45 No entry 'bin\config.bin/CfgMarkers.Third_Marker_3rdID'
20:58:45 Mission Zeus_Chernarus_TF.chernarus_summer read from bank.
20:58:45 Roles assigned.
20:58:45 Reading mission ...
20:58:45 No entry 'bin\config.bin/CfgMarkers.Third_Marker_3rdID'
20:58:45 Mission Zeus_Chernarus_TF.chernarus_summer read from bank.
20:58:45 Roles assigned.
20:58:45 Reading mission ...
20:58:45 No entry 'bin\config.bin/CfgMarkers.Third_Marker_3rdID'
20:58:45 Mission Zeus_Chernarus_TF.chernarus_summer read from bank.
20:58:45 Roles assigned.
20:58:45 Reading mission ...
20:58:45 No entry 'bin\config.bin/CfgMarkers.Third_Marker_3rdID'
20:58:45 Mission Zeus_Chernarus_TF.chernarus_summer read from bank.
20:58:45 Roles assigned.
20:58:45 Reading mission ...
20:58:45 No entry 'bin\config.bin/CfgMarkers.Third_Marker_3rdID'
20:58:45 Mission Zeus_Chernarus_TF.chernarus_summer read from bank.
20:58:45 Roles assigned.
20:58:45 Reading mission ...
20:58:45 No entry 'bin\config.bin/CfgMarkers.Third_Marker_3rdID'
20:58:45 Mission Zeus_Chernarus_TF.chernarus_summer read from bank.
20:58:46 Roles assigned.
20:58:46 Reading mission ...
20:58:46 No entry 'bin\config.bin/CfgMarkers.Third_Marker_3rdID'
20:58:46 Mission Zeus_Chernarus_TF.chernarus_summer read from bank.
20:58:46 Roles assigned.
20:58:46 Reading mission ...
20:58:46 No entry 'bin\config.bin/CfgMarkers.Third_Marker_3rdID'
20:58:46 Mission Zeus_Chernarus_TF.chernarus_summer read from bank.
20:58:46 Roles assigned.
20:58:46 Reading mission ...
20:58:46 No entry 'bin\config.bin/CfgMarkers.Third_Marker_3rdID'
20:58:46 Mission Zeus_Chernarus_TF.chernarus_summer read from bank.
20:58:46 Roles assigned.
20:58:46 Reading mission ...
20:58:46 No entry 'bin\config.bin/CfgMarkers.Third_Marker_3rdID'
20:58:46 Mission Zeus_Chernarus_TF.chernarus_summer read from bank.
20:58:46 Roles assigned.
20:58:46 Reading mission ...
20:58:46 No entry 'bin\config.bin/CfgMarkers.Third_Marker_3rdID'
20:58:46 Mission Zeus_Chernarus_TF.chernarus_summer read from bank.
20:58:46 Roles assigned.
20:58:46 Reading mission ...
20:58:46 No entry 'bin\config.bin/CfgMarkers.Third_Marker_3rdID'
20:58:46 Mission Zeus_Chernarus_TF.chernarus_summer read from bank.
20:58:46 Roles assigned.
20:58:46 Reading mission ...
20:58:46 No entry 'bin\config.bin/CfgMarkers.Third_Marker_3rdID'
20:58:46 Mission Zeus_Chernarus_TF.chernarus_summer read from bank.
20:58:47 Roles assigned.
20:58:47 Reading mission ...
20:58:47 No entry 'bin\config.bin/CfgMarkers.Third_Marker_3rdID'
20:58:47 Mission Zeus_Chernarus_TF.chernarus_summer read from bank.
20:58:47 Roles assigned.
20:58:47 Reading mission ...
20:58:47 No entry 'bin\config.bin/CfgMarkers.Third_Marker_3rdID'
20:58:47 Mission Zeus_Chernarus_TF.chernarus_summer read from bank.
20:58:47 Roles assigned.
20:58:47 Reading mission ...
20:58:47 No entry 'bin\config.bin/CfgMarkers.Third_Marker_3rdID'
20:58:47 Mission Zeus_Chernarus_TF.chernarus_summer read from bank.
20:58:47 Roles assigned.
20:58:47 Reading mission ...
20:58:47 No entry 'bin\config.bin/CfgMarkers.Third_Marker_3rdID'
20:58:47 Mission Zeus_Chernarus_TF.chernarus_summer read from bank.
20:58:47 Roles assigned.
20:58:47 Reading mission ...
20:58:47 No entry 'bin\config.bin/CfgMarkers.Third_Marker_3rdID'
20:58:47 Mission Zeus_Chernarus_TF.chernarus_summer read from bank.
20:58:47 Roles assigned.
20:58:47 Reading mission ...
20:58:47 No entry 'bin\config.bin/CfgMarkers.Third_Marker_3rdID'
20:58:47 Mission Zeus_Chernarus_TF.chernarus_summer read from bank.
20:58:47 Roles assigned.
20:58:47 Reading mission ...
20:58:47 No entry 'bin\config.bin/CfgMarkers.Third_Marker_3rdID'
20:58:47 Mission Zeus_Chernarus_TF.chernarus_summer read from bank.
20:58:48 Roles assigned.
20:58:48 Reading mission ...
20:58:48 No entry 'bin\config.bin/CfgMarkers.Third_Marker_3rdID'
20:58:48 Mission Zeus_Chernarus_TF.chernarus_summer read from bank.
20:58:48 Roles assigned.
20:58:48 Reading mission ...
20:58:48 No entry 'bin\config.bin/CfgMarkers.Third_Marker_3rdID'
20:58:48 Mission Zeus_Chernarus_TF.chernarus_summer read from bank.
20:58:48 Roles assigned.
20:58:48 Reading mission ...
20:58:48 No entry 'bin\config.bin/CfgMarkers.Third_Marker_3rdID'
20:58:48 Mission Zeus_Chernarus_TF.chernarus_summer read from bank.
20:58:48 Roles assigned.
20:58:48 Reading mission ...
20:58:48 No entry 'bin\config.bin/CfgMarkers.Third_Marker_3rdID'
20:58:48 Mission Zeus_Chernarus_TF.chernarus_summer read from bank.
20:58:48 Roles assigned.
20:58:48 Reading mission ...
20:58:48 No entry 'bin\config.bin/CfgMarkers.Third_Marker_3rdID'
20:58:48 Mission Zeus_Chernarus_TF.chernarus_summer read from bank.
20:58:48 Roles assigned.
20:58:48 Reading mission ...
20:58:48 No entry 'bin\config.bin/CfgMarkers.Third_Marker_3rdID'
20:58:48 Mission Zeus_Chernarus_TF.chernarus_summer read from bank.
20:58:48 Roles assigned.
20:58:48 Reading mission ...
20:58:48 No entry 'bin\config.bin/CfgMarkers.Third_Marker_3rdID'
20:58:49 Mission Zeus_Chernarus_TF.chernarus_summer read from bank.
20:58:49 Roles assigned.
20:58:49 Reading mission ...
20:58:49 No entry 'bin\config.bin/CfgMarkers.Third_Marker_3rdID'
20:58:49 Mission Zeus_Chernarus_TF.chernarus_summer read from bank.
20:58:49 Roles assigned.
20:58:49 Reading mission ...
20:58:49 No entry 'bin\config.bin/CfgMarkers.Third_Marker_3rdID'
20:58:49 Mission Zeus_Chernarus_TF.chernarus_summer read from bank.
20:58:49 Roles assigned.
20:58:49 Reading mission ...
20:58:49 No entry 'bin\config.bin/CfgMarkers.Third_Marker_3rdID'
20:58:49 Mission Zeus_Chernarus_TF.chernarus_summer read from bank.
20:58:49 Roles assigned.
20:58:49 Reading mission ...
20:58:49 No entry 'bin\config.bin/CfgMarkers.Third_Marker_3rdID'
20:58:49 Mission Zeus_Chernarus_TF.chernarus_summer read from bank.
20:58:49 Roles assigned.
20:58:49 Reading mission ...
20:58:49 No entry 'bin\config.bin/CfgMarkers.Third_Marker_3rdID'
20:58:49 Mission Zeus_Chernarus_TF.chernarus_summer read from bank.
20:58:49 Roles assigned.
20:58:49 Reading mission ...
20:58:49 No entry 'bin\config.bin/CfgMarkers.Third_Marker_3rdID'
20:58:49 Mission Zeus_Chernarus_TF.chernarus_summer read from bank.
20:58:49 Roles assigned.
20:58:50 Reading mission ...
20:58:50 No entry 'bin\config.bin/CfgMarkers.Third_Marker_3rdID'
20:58:50 Mission Zeus_Chernarus_TF.chernarus_summer read from bank.
20:58:50 Roles assigned.
20:58:50 Reading mission ...
20:58:50 No entry 'bin\config.bin/CfgMarkers.Third_Marker_3rdID'
20:58:50 Mission Zeus_Chernarus_TF.chernarus_summer read from bank.
20:58:50 Roles assigned.
20:58:50 Reading mission ...
20:58:50 No entry 'bin\config.bin/CfgMarkers.Third_Marker_3rdID'
20:58:50 Mission Zeus_Chernarus_TF.chernarus_summer read from bank.
20:58:50 Roles assigned.
20:58:50 Reading mission ...
20:58:50 No entry 'bin\config.bin/CfgMarkers.Third_Marker_3rdID'
20:58:50 Mission Zeus_Chernarus_TF.chernarus_summer read from bank.
20:58:50 Roles assigned.
20:58:50 Reading mission ...
20:58:50 No entry 'bin\config.bin/CfgMarkers.Third_Marker_3rdID'
20:58:50 Mission Zeus_Chernarus_TF.chernarus_summer read from bank.
20:58:50 Roles assigned.
20:58:50 Reading mission ...
20:58:50 No entry 'bin\config.bin/CfgMarkers.Third_Marker_3rdID'
20:58:50 Mission Zeus_Chernarus_TF.chernarus_summer read from bank.
20:58:50 Roles assigned.
20:58:50 Reading mission ...
20:58:50 No entry 'bin\config.bin/CfgMarkers.Third_Marker_3rdID'
20:58:50 Mission Zeus_Chernarus_TF.chernarus_summer read from bank.
20:58:51 Roles assigned.
20:58:51 Reading mission ...
20:58:51 No entry 'bin\config.bin/CfgMarkers.Third_Marker_3rdID'
20:58:51 Mission Zeus_Chernarus_TF.chernarus_summer read from bank.
20:58:51 Roles assigned.
20:58:51 Reading mission ...
20:58:51 No entry 'bin\config.bin/CfgMarkers.Third_Marker_3rdID'
20:58:51 Mission Zeus_Chernarus_TF.chernarus_summer read from bank.
20:58:51 Roles assigned.
20:58:51 Reading mission ...
20:58:51 No entry 'bin\config.bin/CfgMarkers.Third_Marker_3rdID'
20:58:51 Mission Zeus_Chernarus_TF.chernarus_summer read from bank.
20:58:51 Roles assigned.
20:58:51 Reading mission ...
20:58:51 No entry 'bin\config.bin/CfgMarkers.Third_Marker_3rdID'
20:58:51 Mission Zeus_Chernarus_TF.chernarus_summer read from bank.
20:58:51 Roles assigned.
20:58:51 Reading mission ...
20:58:51 No entry 'bin\config.bin/CfgMarkers.Third_Marker_3rdID'
20:58:51 Mission Zeus_Chernarus_TF.chernarus_summer read from bank.
20:58:51 Roles assigned.
20:58:51 Reading mission ...
20:58:51 No entry 'bin\config.bin/CfgMarkers.Third_Marker_3rdID'
20:58:51 Mission Zeus_Chernarus_TF.chernarus_summer read from bank.
20:58:51 Roles assigned.
20:58:51 Reading mission ...
20:58:51 No entry 'bin\config.bin/CfgMarkers.Third_Marker_3rdID'
20:58:51 Mission Zeus_Chernarus_TF.chernarus_summer read from bank.
20:58:52 Roles assigned.
20:58:52 Reading mission ...
20:58:52 No entry 'bin\config.bin/CfgMarkers.Third_Marker_3rdID'
20:58:52 Mission Zeus_Chernarus_TF.chernarus_summer read from bank.
20:58:52 Roles assigned.
20:58:52 Reading mission ...
20:58:52 No entry 'bin\config.bin/CfgMarkers.Third_Marker_3rdID'
20:58:52 Mission Zeus_Chernarus_TF.chernarus_summer read from bank.
20:58:52 Roles assigned.
20:58:52 Reading mission ...
20:58:52 No entry 'bin\config.bin/CfgMarkers.Third_Marker_3rdID'
20:58:52 Mission Zeus_Chernarus_TF.chernarus_summer read from bank.
20:58:52 Roles assigned.
20:58:52 Reading mission ...
20:58:52 No entry 'bin\config.bin/CfgMarkers.Third_Marker_3rdID'
20:58:52 Mission Zeus_Chernarus_TF.chernarus_summer read from bank.
20:58:52 Roles assigned.
20:58:52 Reading mission ...
20:58:52 No entry 'bin\config.bin/CfgMarkers.Third_Marker_3rdID'
20:58:52 Mission Zeus_Chernarus_TF.chernarus_summer read from bank.
20:58:52 Roles assigned.
20:58:52 Reading mission ...
20:58:52 No entry 'bin\config.bin/CfgMarkers.Third_Marker_3rdID'
20:58:52 Mission Zeus_Chernarus_TF.chernarus_summer read from bank.
20:58:52 Roles assigned.
20:58:52 Reading mission ...
20:58:52 No entry 'bin\config.bin/CfgMarkers.Third_Marker_3rdID'
20:58:52 Mission Zeus_Chernarus_TF.chernarus_summer read from bank.
20:58:53 Roles assigned.
20:58:53 Reading mission ...
20:58:53 No entry 'bin\config.bin/CfgMarkers.Third_Marker_3rdID'
20:58:53 Mission Zeus_Chernarus_TF.chernarus_summer read from bank.
20:58:53 Roles assigned.
20:58:53 Reading mission ...
20:58:53 No entry 'bin\config.bin/CfgMarkers.Third_Marker_3rdID'
20:58:53 Mission Zeus_Chernarus_TF.chernarus_summer read from bank.
20:58:53 Roles assigned.
20:58:53 Reading mission ...
20:58:53 No entry 'bin\config.bin/CfgMarkers.Third_Marker_3rdID'
20:58:53 Mission Zeus_Chernarus_TF.chernarus_summer read from bank.
20:58:53 Roles assigned.
20:58:53 Reading mission ...
20:58:53 No entry 'bin\config.bin/CfgMarkers.Third_Marker_3rdID'
20:58:53 Mission Zeus_Chernarus_TF.chernarus_summer read from bank.
20:58:53 Roles assigned.
20:58:53 Reading mission ...
20:58:53 No entry 'bin\config.bin/CfgMarkers.Third_Marker_3rdID'
20:58:53 Mission Zeus_Chernarus_TF.chernarus_summer read from bank.
20:58:53 Roles assigned.
20:58:53 Reading mission ...
20:58:53 No entry 'bin\config.bin/CfgMarkers.Third_Marker_3rdID'
20:58:53 Mission Zeus_Chernarus_TF.chernarus_summer read from bank.
20:58:53 Roles assigned.
20:58:53 Reading mission ...
20:58:53 No entry 'bin\config.bin/CfgMarkers.Third_Marker_3rdID'
20:58:54 Mission Zeus_Chernarus_TF.chernarus_summer read from bank.
20:58:54 Roles assigned.
20:58:54 Reading mission ...
20:58:54 No entry 'bin\config.bin/CfgMarkers.Third_Marker_3rdID'
20:58:54 Mission Zeus_Chernarus_TF.chernarus_summer read from bank.
20:58:54 Roles assigned.
20:58:54 Reading mission ...
20:58:54 No entry 'bin\config.bin/CfgMarkers.Third_Marker_3rdID'
20:58:54 Player SSG G.Nagy disconnected.
20:59:43 SSG G.Nagy uses modified data file
20:59:43 Mission Zeus_Chernarus_TF.chernarus_summer read from bank.
20:59:45 Player SSG G.Nagy connecting.
20:59:47 Player SSG G.Nagy connected (id=76561198042596091).
20:59:47 Roles assigned.
20:59:47 Reading mission ...
20:59:47 No entry 'bin\config.bin/CfgMarkers.Third_Marker_3rdID'
20:59:47 Mission Zeus_Chernarus_TF.chernarus_summer read from bank.
20:59:47 Roles assigned.
20:59:47 Reading mission ...
20:59:47 No entry 'bin\config.bin/CfgMarkers.Third_Marker_3rdID'
20:59:47 Mission Zeus_Chernarus_TF.chernarus_summer read from bank.
20:59:47 Roles assigned.
20:59:47 Reading mission ...
20:59:47 No entry 'bin\config.bin/CfgMarkers.Third_Marker_3rdID'
20:59:47 Mission Zeus_Chernarus_TF.chernarus_summer read from bank.
20:59:47 Roles assigned.
20:59:48 Reading mission ...
20:59:48 No entry 'bin\config.bin/CfgMarkers.Third_Marker_3rdID'
20:59:48 Mission Zeus_Chernarus_TF.chernarus_summer read from bank.
20:59:48 Roles assigned.
20:59:48 Reading mission ...
20:59:48 No entry 'bin\config.bin/CfgMarkers.Third_Marker_3rdID'
20:59:48 Mission Zeus_Chernarus_TF.chernarus_summer read from bank.
20:59:48 Roles assigned.
20:59:48 Reading mission ...
20:59:48 No entry 'bin\config.bin/CfgMarkers.Third_Marker_3rdID'
20:59:48 Mission Zeus_Chernarus_TF.chernarus_summer read from bank.
20:59:48 Roles assigned.
20:59:48 Reading mission ...
20:59:48 No entry 'bin\config.bin/CfgMarkers.Third_Marker_3rdID'
20:59:48 Mission Zeus_Chernarus_TF.chernarus_summer read from bank.
20:59:48 Roles assigned.
20:59:48 Reading mission ...
20:59:48 No entry 'bin\config.bin/CfgMarkers.Third_Marker_3rdID'
20:59:48 Mission Zeus_Chernarus_TF.chernarus_summer read from bank.
20:59:48 Roles assigned.
20:59:48 Reading mission ...
20:59:48 No entry 'bin\config.bin/CfgMarkers.Third_Marker_3rdID'
20:59:48 Mission Zeus_Chernarus_TF.chernarus_summer read from bank.
20:59:48 Roles assigned.
20:59:48 Reading mission ...
20:59:48 No entry 'bin\config.bin/CfgMarkers.Third_Marker_3rdID'
20:59:48 Mission Zeus_Chernarus_TF.chernarus_summer read from bank.
20:59:49 Roles assigned.
20:59:49 Reading mission ...
20:59:49 No entry 'bin\config.bin/CfgMarkers.Third_Marker_3rdID'
20:59:49 Mission Zeus_Chernarus_TF.chernarus_summer read from bank.
20:59:49 Roles assigned.
20:59:49 Reading mission ...
20:59:49 No entry 'bin\config.bin/CfgMarkers.Third_Marker_3rdID'
20:59:49 Mission Zeus_Chernarus_TF.chernarus_summer read from bank.
20:59:49 Roles assigned.
20:59:49 Reading mission ...
20:59:49 No entry 'bin\config.bin/CfgMarkers.Third_Marker_3rdID'
20:59:49 Mission Zeus_Chernarus_TF.chernarus_summer read from bank.
20:59:49 Roles assigned.
20:59:49 Reading mission ...
20:59:49 No entry 'bin\config.bin/CfgMarkers.Third_Marker_3rdID'
20:59:49 Mission Zeus_Chernarus_TF.chernarus_summer read from bank.
20:59:49 Roles assigned.
20:59:49 Reading mission ...
20:59:49 No entry 'bin\config.bin/CfgMarkers.Third_Marker_3rdID'
20:59:49 Mission Zeus_Chernarus_TF.chernarus_summer read from bank.
20:59:49 Roles assigned.
20:59:49 Reading mission ...
20:59:49 No entry 'bin\config.bin/CfgMarkers.Third_Marker_3rdID'
20:59:49 Mission Zeus_Chernarus_TF.chernarus_summer read from bank.
20:59:49 Roles assigned.
20:59:49 Reading mission ...
20:59:49 No entry 'bin\config.bin/CfgMarkers.Third_Marker_3rdID'
20:59:49 Mission Zeus_Chernarus_TF.chernarus_summer read from bank.
20:59:50 Roles assigned.
20:59:50 Reading mission ...
20:59:50 No entry 'bin\config.bin/CfgMarkers.Third_Marker_3rdID'
20:59:50 Mission Zeus_Chernarus_TF.chernarus_summer read from bank.
20:59:50 Roles assigned.
20:59:50 Reading mission ...
20:59:50 No entry 'bin\config.bin/CfgMarkers.Third_Marker_3rdID'
20:59:50 Mission Zeus_Chernarus_TF.chernarus_summer read from bank.
20:59:50 Roles assigned.
20:59:50 Reading mission ...
20:59:50 No entry 'bin\config.bin/CfgMarkers.Third_Marker_3rdID'
20:59:50 Mission Zeus_Chernarus_TF.chernarus_summer read from bank.
20:59:50 Roles assigned.
20:59:50 Reading mission ...
20:59:50 No entry 'bin\config.bin/CfgMarkers.Third_Marker_3rdID'
20:59:50 Mission Zeus_Chernarus_TF.chernarus_summer read from bank.
20:59:50 Roles assigned.
20:59:50 Reading mission ...
20:59:50 No entry 'bin\config.bin/CfgMarkers.Third_Marker_3rdID'
20:59:50 Mission Zeus_Chernarus_TF.chernarus_summer read from bank.
20:59:50 Roles assigned.
20:59:50 Reading mission ...
20:59:50 No entry 'bin\config.bin/CfgMarkers.Third_Marker_3rdID'
20:59:50 Mission Zeus_Chernarus_TF.chernarus_summer read from bank.
20:59:50 Roles assigned.
20:59:50 Reading mission ...
20:59:50 No entry 'bin\config.bin/CfgMarkers.Third_Marker_3rdID'
20:59:50 Mission Zeus_Chernarus_TF.chernarus_summer read from bank.
20:59:51 Roles assigned.
20:59:51 Reading mission ...
20:59:51 No entry 'bin\config.bin/CfgMarkers.Third_Marker_3rdID'
20:59:51 Mission Zeus_Chernarus_TF.chernarus_summer read from bank.
20:59:51 Roles assigned.
20:59:51 Reading mission ...
20:59:51 No entry 'bin\config.bin/CfgMarkers.Third_Marker_3rdID'
20:59:51 Mission Zeus_Chernarus_TF.chernarus_summer read from bank.
20:59:51 Roles assigned.
20:59:51 Reading mission ...
20:59:51 No entry 'bin\config.bin/CfgMarkers.Third_Marker_3rdID'
20:59:51 Mission Zeus_Chernarus_TF.chernarus_summer read from bank.
20:59:51 Roles assigned.
20:59:51 Reading mission ...
20:59:51 No entry 'bin\config.bin/CfgMarkers.Third_Marker_3rdID'
20:59:51 Mission Zeus_Chernarus_TF.chernarus_summer read from bank.
20:59:51 Roles assigned.
20:59:51 Reading mission ...
20:59:51 No entry 'bin\config.bin/CfgMarkers.Third_Marker_3rdID'
20:59:51 Mission Zeus_Chernarus_TF.chernarus_summer read from bank.
20:59:51 Roles assigned.
20:59:51 Reading mission ...
20:59:51 No entry 'bin\config.bin/CfgMarkers.Third_Marker_3rdID'
20:59:51 Mission Zeus_Chernarus_TF.chernarus_summer read from bank.
20:59:51 Roles assigned.
20:59:51 Reading mission ...
20:59:51 No entry 'bin\config.bin/CfgMarkers.Third_Marker_3rdID'
20:59:52 Mission Zeus_Chernarus_TF.chernarus_summer read from bank.
20:59:52 Roles assigned.
20:59:52 Reading mission ...
20:59:52 No entry 'bin\config.bin/CfgMarkers.Third_Marker_3rdID'
20:59:52 Mission Zeus_Chernarus_TF.chernarus_summer read from bank.
20:59:52 Roles assigned.
20:59:52 Reading mission ...
20:59:52 No entry 'bin\config.bin/CfgMarkers.Third_Marker_3rdID'
20:59:52 Mission Zeus_Chernarus_TF.chernarus_summer read from bank.
20:59:52 Roles assigned.
20:59:52 Reading mission ...
20:59:52 No entry 'bin\config.bin/CfgMarkers.Third_Marker_3rdID'
20:59:52 Mission Zeus_Chernarus_TF.chernarus_summer read from bank.
20:59:52 Roles assigned.
20:59:52 Reading mission ...
20:59:52 No entry 'bin\config.bin/CfgMarkers.Third_Marker_3rdID'
20:59:52 Mission Zeus_Chernarus_TF.chernarus_summer read from bank.
20:59:52 Roles assigned.
20:59:52 Reading mission ...
20:59:52 No entry 'bin\config.bin/CfgMarkers.Third_Marker_3rdID'
20:59:52 Mission Zeus_Chernarus_TF.chernarus_summer read from bank.
20:59:52 Roles assigned.
20:59:52 Reading mission ...
20:59:52 No entry 'bin\config.bin/CfgMarkers.Third_Marker_3rdID'
20:59:52 Mission Zeus_Chernarus_TF.chernarus_summer read from bank.
20:59:52 Roles assigned.
20:59:52 Reading mission ...
20:59:52 No entry 'bin\config.bin/CfgMarkers.Third_Marker_3rdID'
20:59:53 Mission Zeus_Chernarus_TF.chernarus_summer read from bank.
20:59:53 Roles assigned.
20:59:53 Reading mission ...
20:59:53 No entry 'bin\config.bin/CfgMarkers.Third_Marker_3rdID'
20:59:53 Mission Zeus_Chernarus_TF.chernarus_summer read from bank.
20:59:53 Roles assigned.
20:59:53 Reading mission ...
20:59:53 No entry 'bin\config.bin/CfgMarkers.Third_Marker_3rdID'
20:59:53 Mission Zeus_Chernarus_TF.chernarus_summer read from bank.
20:59:53 Roles assigned.
20:59:53 Reading mission ...
20:59:53 No entry 'bin\config.bin/CfgMarkers.Third_Marker_3rdID'
20:59:53 Mission Zeus_Chernarus_TF.chernarus_summer read from bank.
20:59:53 Roles assigned.
20:59:53 Reading mission ...
20:59:53 No entry 'bin\config.bin/CfgMarkers.Third_Marker_3rdID'
20:59:53 Mission Zeus_Chernarus_TF.chernarus_summer read from bank.
20:59:53 Roles assigned.
20:59:53 Reading mission ...
20:59:53 No entry 'bin\config.bin/CfgMarkers.Third_Marker_3rdID'
20:59:53 Mission Zeus_Chernarus_TF.chernarus_summer read from bank.
20:59:53 Roles assigned.
20:59:53 Reading mission ...
20:59:53 No entry 'bin\config.bin/CfgMarkers.Third_Marker_3rdID'
20:59:53 Mission Zeus_Chernarus_TF.chernarus_summer read from bank.
20:59:54 Roles assigned.
20:59:54 Reading mission ...
20:59:54 No entry 'bin\config.bin/CfgMarkers.Third_Marker_3rdID'
20:59:54 Mission Zeus_Chernarus_TF.chernarus_summer read from bank.
20:59:54 Roles assigned.
20:59:54 Reading mission ...
20:59:54 No entry 'bin\config.bin/CfgMarkers.Third_Marker_3rdID'
20:59:54 Mission Zeus_Chernarus_TF.chernarus_summer read from bank.
20:59:54 Roles assigned.
20:59:54 Reading mission ...
20:59:54 No entry 'bin\config.bin/CfgMarkers.Third_Marker_3rdID'
20:59:54 Mission Zeus_Chernarus_TF.chernarus_summer read from bank.
20:59:54 Roles assigned.
20:59:54 Reading mission ...
20:59:54 No entry 'bin\config.bin/CfgMarkers.Third_Marker_3rdID'
20:59:54 Mission Zeus_Chernarus_TF.chernarus_summer read from bank.
20:59:54 Roles assigned.
20:59:54 Reading mission ...
20:59:54 No entry 'bin\config.bin/CfgMarkers.Third_Marker_3rdID'
20:59:54 Mission Zeus_Chernarus_TF.chernarus_summer read from bank.
20:59:54 Roles assigned.
20:59:54 Reading mission ...
20:59:54 No entry 'bin\config.bin/CfgMarkers.Third_Marker_3rdID'
20:59:54 Mission Zeus_Chernarus_TF.chernarus_summer read from bank.
20:59:54 Roles assigned.
20:59:54 Reading mission ...
20:59:54 No entry 'bin\config.bin/CfgMarkers.Third_Marker_3rdID'
20:59:54 Mission Zeus_Chernarus_TF.chernarus_summer read from bank.
20:59:55 Roles assigned.
20:59:55 Reading mission ...
20:59:55 No entry 'bin\config.bin/CfgMarkers.Third_Marker_3rdID'
20:59:55 Mission Zeus_Chernarus_TF.chernarus_summer read from bank.
20:59:55 Roles assigned.
20:59:55 Reading mission ...
20:59:55 No entry 'bin\config.bin/CfgMarkers.Third_Marker_3rdID'
20:59:55 Mission Zeus_Chernarus_TF.chernarus_summer read from bank.
20:59:55 Roles assigned.
20:59:55 Reading mission ...
20:59:55 No entry 'bin\config.bin/CfgMarkers.Third_Marker_3rdID'
20:59:55 Mission Zeus_Chernarus_TF.chernarus_summer read from bank.
20:59:55 Roles assigned.
20:59:55 Reading mission ...
20:59:55 No entry 'bin\config.bin/CfgMarkers.Third_Marker_3rdID'
20:59:55 Mission Zeus_Chernarus_TF.chernarus_summer read from bank.
20:59:55 Roles assigned.
20:59:55 Reading mission ...
20:59:55 No entry 'bin\config.bin/CfgMarkers.Third_Marker_3rdID'
20:59:55 Mission Zeus_Chernarus_TF.chernarus_summer read from bank.
20:59:55 Roles assigned.
20:59:55 Reading mission ...
20:59:55 No entry 'bin\config.bin/CfgMarkers.Third_Marker_3rdID'
20:59:55 Mission Zeus_Chernarus_TF.chernarus_summer read from bank.
20:59:55 Roles assigned.
20:59:55 Reading mission ...
20:59:55 No entry 'bin\config.bin/CfgMarkers.Third_Marker_3rdID'
20:59:55 Mission Zeus_Chernarus_TF.chernarus_summer read from bank.
20:59:56 Roles assigned.
20:59:56 Reading mission ...
20:59:56 No entry 'bin\config.bin/CfgMarkers.Third_Marker_3rdID'
20:59:56 Mission Zeus_Chernarus_TF.chernarus_summer read from bank.
20:59:56 Roles assigned.
20:59:56 Reading mission ...
20:59:56 No entry 'bin\config.bin/CfgMarkers.Third_Marker_3rdID'
20:59:56 Mission Zeus_Chernarus_TF.chernarus_summer read from bank.
20:59:56 Roles assigned.
20:59:56 Reading mission ...
20:59:56 No entry 'bin\config.bin/CfgMarkers.Third_Marker_3rdID'
20:59:56 Mission Zeus_Chernarus_TF.chernarus_summer read from bank.
20:59:56 Roles assigned.
20:59:56 Reading mission ...
20:59:56 No entry 'bin\config.bin/CfgMarkers.Third_Marker_3rdID'
20:59:56 Mission Zeus_Chernarus_TF.chernarus_summer read from bank.
20:59:56 Roles assigned.
20:59:56 Reading mission ...
20:59:56 No entry 'bin\config.bin/CfgMarkers.Third_Marker_3rdID'
20:59:56 Mission Zeus_Chernarus_TF.chernarus_summer read from bank.
20:59:56 Roles assigned.
20:59:56 Reading mission ...
20:59:56 No entry 'bin\config.bin/CfgMarkers.Third_Marker_3rdID'
20:59:56 Mission Zeus_Chernarus_TF.chernarus_summer read from bank.
20:59:56 Roles assigned.
20:59:56 Reading mission ...
20:59:56 No entry 'bin\config.bin/CfgMarkers.Third_Marker_3rdID'
20:59:57 Mission Zeus_Chernarus_TF.chernarus_summer read from bank.
20:59:57 Roles assigned.
20:59:57 Reading mission ...
20:59:57 No entry 'bin\config.bin/CfgMarkers.Third_Marker_3rdID'
20:59:57 Mission Zeus_Chernarus_TF.chernarus_summer read from bank.
20:59:57 Roles assigned.
20:59:57 Reading mission ...
20:59:57 No entry 'bin\config.bin/CfgMarkers.Third_Marker_3rdID'
20:59:57 Mission Zeus_Chernarus_TF.chernarus_summer read from bank.
20:59:57 Roles assigned.
20:59:57 Reading mission ...
20:59:57 No entry 'bin\config.bin/CfgMarkers.Third_Marker_3rdID'
20:59:57 Mission Zeus_Chernarus_TF.chernarus_summer read from bank.
20:59:57 Roles assigned.
20:59:57 Reading mission ...
20:59:57 No entry 'bin\config.bin/CfgMarkers.Third_Marker_3rdID'
20:59:57 Mission Zeus_Chernarus_TF.chernarus_summer read from bank.
20:59:57 Roles assigned.
20:59:57 Reading mission ...
20:59:57 No entry 'bin\config.bin/CfgMarkers.Third_Marker_3rdID'
20:59:57 Mission Zeus_Chernarus_TF.chernarus_summer read from bank.
20:59:57 Roles assigned.
20:59:57 Reading mission ...
20:59:57 No entry 'bin\config.bin/CfgMarkers.Third_Marker_3rdID'
20:59:57 Mission Zeus_Chernarus_TF.chernarus_summer read from bank.
20:59:57 Roles assigned.
20:59:57 Reading mission ...
20:59:57 No entry 'bin\config.bin/CfgMarkers.Third_Marker_3rdID'
20:59:58 Mission Zeus_Chernarus_TF.chernarus_summer read from bank.
20:59:58 Roles assigned.
20:59:58 Reading mission ...
20:59:58 No entry 'bin\config.bin/CfgMarkers.Third_Marker_3rdID'
20:59:58 Mission Zeus_Chernarus_TF.chernarus_summer read from bank.
20:59:58 Roles assigned.
20:59:58 Reading mission ...
20:59:58 No entry 'bin\config.bin/CfgMarkers.Third_Marker_3rdID'
20:59:58 Mission Zeus_Chernarus_TF.chernarus_summer read from bank.
20:59:58 Roles assigned.
20:59:58 Reading mission ...
20:59:58 No entry 'bin\config.bin/CfgMarkers.Third_Marker_3rdID'
20:59:58 Mission Zeus_Chernarus_TF.chernarus_summer read from bank.
20:59:58 Roles assigned.
20:59:58 Reading mission ...
20:59:58 No entry 'bin\config.bin/CfgMarkers.Third_Marker_3rdID'
20:59:58 Mission Zeus_Chernarus_TF.chernarus_summer read from bank.
20:59:58 Roles assigned.
20:59:58 Reading mission ...
20:59:58 No entry 'bin\config.bin/CfgMarkers.Third_Marker_3rdID'
20:59:58 Mission Zeus_Chernarus_TF.chernarus_summer read from bank.
20:59:58 Roles assigned.
20:59:58 Reading mission ...
20:59:58 No entry 'bin\config.bin/CfgMarkers.Third_Marker_3rdID'
20:59:58 Mission Zeus_Chernarus_TF.chernarus_summer read from bank.
20:59:59 Roles assigned.
20:59:59 Reading mission ...
20:59:59 No entry 'bin\config.bin/CfgMarkers.Third_Marker_3rdID'
20:59:59 Mission Zeus_Chernarus_TF.chernarus_summer read from bank.
20:59:59 Roles assigned.
20:59:59 Reading mission ...
20:59:59 No entry 'bin\config.bin/CfgMarkers.Third_Marker_3rdID'
20:59:59 Mission Zeus_Chernarus_TF.chernarus_summer read from bank.
20:59:59 Roles assigned.
20:59:59 Reading mission ...
20:59:59 No entry 'bin\config.bin/CfgMarkers.Third_Marker_3rdID'
20:59:59 Mission Zeus_Chernarus_TF.chernarus_summer read from bank.
20:59:59 Roles assigned.
20:59:59 Reading mission ...
20:59:59 No entry 'bin\config.bin/CfgMarkers.Third_Marker_3rdID'
20:59:59 Mission Zeus_Chernarus_TF.chernarus_summer read from bank.
20:59:59 Roles assigned.
20:59:59 Reading mission ...
20:59:59 No entry 'bin\config.bin/CfgMarkers.Third_Marker_3rdID'
20:59:59 Mission Zeus_Chernarus_TF.chernarus_summer read from bank.
20:59:59 Roles assigned.
20:59:59 Reading mission ...
20:59:59 No entry 'bin\config.bin/CfgMarkers.Third_Marker_3rdID'
20:59:59 Mission Zeus_Chernarus_TF.chernarus_summer read from bank.
20:59:59 Roles assigned.
20:59:59 Reading mission ...
20:59:59 No entry 'bin\config.bin/CfgMarkers.Third_Marker_3rdID'
20:59:59 Mission Zeus_Chernarus_TF.chernarus_summer read from bank.
21:00:00 Roles assigned.
21:00:00 Reading mission ...
21:00:00 No entry 'bin\config.bin/CfgMarkers.Third_Marker_3rdID'
21:00:00 Mission Zeus_Chernarus_TF.chernarus_summer read from bank.
21:00:00 Roles assigned.
21:00:00 Reading mission ...
21:00:00 No entry 'bin\config.bin/CfgMarkers.Third_Marker_3rdID'
21:00:00 Mission Zeus_Chernarus_TF.chernarus_summer read from bank.
21:00:00 Roles assigned.
21:00:00 Reading mission ...
21:00:00 No entry 'bin\config.bin/CfgMarkers.Third_Marker_3rdID'
21:00:00 Mission Zeus_Chernarus_TF.chernarus_summer read from bank.
21:00:00 Roles assigned.
21:00:00 Reading mission ...
21:00:00 No entry 'bin\config.bin/CfgMarkers.Third_Marker_3rdID'
21:00:00 Mission Zeus_Chernarus_TF.chernarus_summer read from bank.
21:00:00 Roles assigned.
21:00:00 Reading mission ...
21:00:00 No entry 'bin\config.bin/CfgMarkers.Third_Marker_3rdID'
21:00:00 Mission Zeus_Chernarus_TF.chernarus_summer read from bank.
21:00:00 Roles assigned.
21:00:00 Reading mission ...
21:00:00 No entry 'bin\config.bin/CfgMarkers.Third_Marker_3rdID'
21:00:00 Mission Zeus_Chernarus_TF.chernarus_summer read from bank.
21:00:00 Roles assigned.
21:00:00 Reading mission ...
21:00:00 No entry 'bin\config.bin/CfgMarkers.Third_Marker_3rdID'
21:00:00 Mission Zeus_Chernarus_TF.chernarus_summer read from bank.
21:00:01 Roles assigned.
21:00:01 Reading mission ...
21:00:01 No entry 'bin\config.bin/CfgMarkers.Third_Marker_3rdID'
21:00:01 Mission Zeus_Chernarus_TF.chernarus_summer read from bank.
21:00:01 Roles assigned.
21:00:01 Reading mission ...
21:00:01 No entry 'bin\config.bin/CfgMarkers.Third_Marker_3rdID'
21:00:01 Mission Zeus_Chernarus_TF.chernarus_summer read from bank.
21:00:01 Roles assigned.
21:00:01 Reading mission ...
21:00:01 No entry 'bin\config.bin/CfgMarkers.Third_Marker_3rdID'
21:00:01 Mission Zeus_Chernarus_TF.chernarus_summer read from bank.
21:00:01 Roles assigned.
21:00:01 Reading mission ...
21:00:01 No entry 'bin\config.bin/CfgMarkers.Third_Marker_3rdID'
21:00:01 Mission Zeus_Chernarus_TF.chernarus_summer read from bank.
21:00:01 Roles assigned.
21:00:01 Reading mission ...
21:00:01 No entry 'bin\config.bin/CfgMarkers.Third_Marker_3rdID'
21:00:01 Mission Zeus_Chernarus_TF.chernarus_summer read from bank.
21:00:01 Roles assigned.
21:00:01 Reading mission ...
21:00:01 No entry 'bin\config.bin/CfgMarkers.Third_Marker_3rdID'
21:00:01 Mission Zeus_Chernarus_TF.chernarus_summer read from bank.
21:00:01 Roles assigned.
21:00:01 Reading mission ...
21:00:01 No entry 'bin\config.bin/CfgMarkers.Third_Marker_3rdID'
21:00:01 Mission Zeus_Chernarus_TF.chernarus_summer read from bank.
21:00:02 Roles assigned.
21:00:02 Reading mission ...
21:00:02 No entry 'bin\config.bin/CfgMarkers.Third_Marker_3rdID'
21:00:02 Mission Zeus_Chernarus_TF.chernarus_summer read from bank.
21:00:02 Roles assigned.
21:00:02 Reading mission ...
21:00:02 No entry 'bin\config.bin/CfgMarkers.Third_Marker_3rdID'
21:00:02 Mission Zeus_Chernarus_TF.chernarus_summer read from bank.
21:00:02 Roles assigned.
21:00:02 Reading mission ...
21:00:02 No entry 'bin\config.bin/CfgMarkers.Third_Marker_3rdID'
21:00:02 Mission Zeus_Chernarus_TF.chernarus_summer read from bank.
21:00:02 Roles assigned.
21:00:02 Reading mission ...
21:00:02 No entry 'bin\config.bin/CfgMarkers.Third_Marker_3rdID'
21:00:02 Mission Zeus_Chernarus_TF.chernarus_summer read from bank.
21:00:02 Roles assigned.
21:00:02 Reading mission ...
21:00:02 No entry 'bin\config.bin/CfgMarkers.Third_Marker_3rdID'
21:00:02 Mission Zeus_Chernarus_TF.chernarus_summer read from bank.
21:00:02 Roles assigned.
21:00:02 Reading mission ...
21:00:02 No entry 'bin\config.bin/CfgMarkers.Third_Marker_3rdID'
21:00:02 Mission Zeus_Chernarus_TF.chernarus_summer read from bank.
21:00:02 Roles assigned.
21:00:02 Reading mission ...
21:00:02 No entry 'bin\config.bin/CfgMarkers.Third_Marker_3rdID'
21:00:03 Mission Zeus_Chernarus_TF.chernarus_summer read from bank.
21:00:03 Roles assigned.
21:00:03 Reading mission ...
21:00:03 No entry 'bin\config.bin/CfgMarkers.Third_Marker_3rdID'
21:00:03 Mission Zeus_Chernarus_TF.chernarus_summer read from bank.
21:00:03 Roles assigned.
21:00:03 Reading mission ...
21:00:03 No entry 'bin\config.bin/CfgMarkers.Third_Marker_3rdID'
21:00:03 Mission Zeus_Chernarus_TF.chernarus_summer read from bank.
21:00:03 Roles assigned.
21:00:03 Reading mission ...
21:00:03 No entry 'bin\config.bin/CfgMarkers.Third_Marker_3rdID'
21:00:03 Mission Zeus_Chernarus_TF.chernarus_summer read from bank.
21:00:03 Roles assigned.
21:00:03 Reading mission ...
21:00:03 No entry 'bin\config.bin/CfgMarkers.Third_Marker_3rdID'
21:00:03 Mission Zeus_Chernarus_TF.chernarus_summer read from bank.
21:00:03 Roles assigned.
21:00:03 Reading mission ...
21:00:03 No entry 'bin\config.bin/CfgMarkers.Third_Marker_3rdID'
21:00:03 Mission Zeus_Chernarus_TF.chernarus_summer read from bank.
21:00:03 Roles assigned.
21:00:03 Reading mission ...
21:00:03 No entry 'bin\config.bin/CfgMarkers.Third_Marker_3rdID'
21:00:03 Mission Zeus_Chernarus_TF.chernarus_summer read from bank.
21:00:03 Roles assigned.
21:00:03 Reading mission ...
21:00:03 No entry 'bin\config.bin/CfgMarkers.Third_Marker_3rdID'
21:00:04 Mission Zeus_Chernarus_TF.chernarus_summer read from bank.
21:00:04 Roles assigned.
21:00:04 Reading mission ...
21:00:04 No entry 'bin\config.bin/CfgMarkers.Third_Marker_3rdID'
21:00:04 Mission Zeus_Chernarus_TF.chernarus_summer read from bank.
21:00:04 Roles assigned.
21:00:04 Reading mission ...
21:00:04 No entry 'bin\config.bin/CfgMarkers.Third_Marker_3rdID'
21:00:04 Mission Zeus_Chernarus_TF.chernarus_summer read from bank.
21:00:04 Roles assigned.
21:00:04 Reading mission ...
21:00:04 No entry 'bin\config.bin/CfgMarkers.Third_Marker_3rdID'
21:00:04 Mission Zeus_Chernarus_TF.chernarus_summer read from bank.
21:00:04 Roles assigned.
21:00:04 Reading mission ...
21:00:04 No entry 'bin\config.bin/CfgMarkers.Third_Marker_3rdID'
21:00:04 Mission Zeus_Chernarus_TF.chernarus_summer read from bank.
21:00:04 Roles assigned.
21:00:04 Reading mission ...
21:00:04 No entry 'bin\config.bin/CfgMarkers.Third_Marker_3rdID'
21:00:04 Mission Zeus_Chernarus_TF.chernarus_summer read from bank.
21:00:04 Roles assigned.
21:00:04 Reading mission ...
21:00:04 No entry 'bin\config.bin/CfgMarkers.Third_Marker_3rdID'
21:00:04 Mission Zeus_Chernarus_TF.chernarus_summer read from bank.
21:00:04 Roles assigned.
21:00:05 Reading mission ...
21:00:05 No entry 'bin\config.bin/CfgMarkers.Third_Marker_3rdID'
21:00:05 Mission Zeus_Chernarus_TF.chernarus_summer read from bank.
21:00:05 Roles assigned.
21:00:05 Reading mission ...
21:00:05 No entry 'bin\config.bin/CfgMarkers.Third_Marker_3rdID'
21:00:05 Mission Zeus_Chernarus_TF.chernarus_summer read from bank.
21:00:05 Roles assigned.
21:00:05 Reading mission ...
21:00:05 No entry 'bin\config.bin/CfgMarkers.Third_Marker_3rdID'
21:00:05 Mission Zeus_Chernarus_TF.chernarus_summer read from bank.
21:00:05 Roles assigned.
21:00:05 Reading mission ...
21:00:05 No entry 'bin\config.bin/CfgMarkers.Third_Marker_3rdID'
21:00:05 Mission Zeus_Chernarus_TF.chernarus_summer read from bank.
21:00:05 Roles assigned.
21:00:05 Reading mission ...
21:00:05 No entry 'bin\config.bin/CfgMarkers.Third_Marker_3rdID'
21:00:05 Mission Zeus_Chernarus_TF.chernarus_summer read from bank.
21:00:05 Roles assigned.
21:00:05 Reading mission ...
21:00:05 No entry 'bin\config.bin/CfgMarkers.Third_Marker_3rdID'
21:00:05 Mission Zeus_Chernarus_TF.chernarus_summer read from bank.
21:00:05 Roles assigned.
21:00:05 Reading mission ...
21:00:05 No entry 'bin\config.bin/CfgMarkers.Third_Marker_3rdID'
21:00:05 Mission Zeus_Chernarus_TF.chernarus_summer read from bank.
21:00:06 Roles assigned.
21:00:06 Reading mission ...
21:00:06 No entry 'bin\config.bin/CfgMarkers.Third_Marker_3rdID'
21:00:06 Mission Zeus_Chernarus_TF.chernarus_summer read from bank.
21:00:06 Roles assigned.
21:00:06 Reading mission ...
21:00:06 No entry 'bin\config.bin/CfgMarkers.Third_Marker_3rdID'
21:00:06 Mission Zeus_Chernarus_TF.chernarus_summer read from bank.
21:00:06 Roles assigned.
21:00:06 Reading mission ...
21:00:06 No entry 'bin\config.bin/CfgMarkers.Third_Marker_3rdID'
21:00:06 Mission Zeus_Chernarus_TF.chernarus_summer read from bank.
21:00:06 Roles assigned.
21:00:06 Reading mission ...
21:00:06 No entry 'bin\config.bin/CfgMarkers.Third_Marker_3rdID'
21:00:06 Mission Zeus_Chernarus_TF.chernarus_summer read from bank.
21:00:06 Roles assigned.
21:00:06 Reading mission ...
21:00:06 No entry 'bin\config.bin/CfgMarkers.Third_Marker_3rdID'
21:00:06 Mission Zeus_Chernarus_TF.chernarus_summer read from bank.
21:00:06 Roles assigned.
21:00:06 Reading mission ...
21:00:06 No entry 'bin\config.bin/CfgMarkers.Third_Marker_3rdID'
21:00:06 Mission Zeus_Chernarus_TF.chernarus_summer read from bank.
21:00:06 Roles assigned.
21:00:06 Reading mission ...
21:00:06 No entry 'bin\config.bin/CfgMarkers.Third_Marker_3rdID'
21:00:06 Mission Zeus_Chernarus_TF.chernarus_summer read from bank.
21:00:07 Roles assigned.
21:00:07 Reading mission ...
21:00:07 No entry 'bin\config.bin/CfgMarkers.Third_Marker_3rdID'
21:00:07 Mission Zeus_Chernarus_TF.chernarus_summer read from bank.
21:00:07 Roles assigned.
21:00:07 Reading mission ...
21:00:07 No entry 'bin\config.bin/CfgMarkers.Third_Marker_3rdID'
21:00:07 Mission Zeus_Chernarus_TF.chernarus_summer read from bank.
21:00:07 Roles assigned.
21:00:07 Reading mission ...
21:00:07 No entry 'bin\config.bin/CfgMarkers.Third_Marker_3rdID'
21:00:07 Mission Zeus_Chernarus_TF.chernarus_summer read from bank.
21:00:07 Roles assigned.
21:00:07 Reading mission ...
21:00:07 No entry 'bin\config.bin/CfgMarkers.Third_Marker_3rdID'
21:00:07 Mission Zeus_Chernarus_TF.chernarus_summer read from bank.
21:00:07 Roles assigned.
21:00:07 Reading mission ...
21:00:07 No entry 'bin\config.bin/CfgMarkers.Third_Marker_3rdID'
21:00:07 Mission Zeus_Chernarus_TF.chernarus_summer read from bank.
21:00:07 Roles assigned.
21:00:07 Reading mission ...
21:00:07 No entry 'bin\config.bin/CfgMarkers.Third_Marker_3rdID'
21:00:07 Mission Zeus_Chernarus_TF.chernarus_summer read from bank.
21:00:07 Roles assigned.
21:00:07 Reading mission ...
21:00:07 No entry 'bin\config.bin/CfgMarkers.Third_Marker_3rdID'
21:00:07 Mission Zeus_Chernarus_TF.chernarus_summer read from bank.
21:00:08 Roles assigned.
21:00:08 Reading mission ...
21:00:08 No entry 'bin\config.bin/CfgMarkers.Third_Marker_3rdID'
21:00:08 Mission Zeus_Chernarus_TF.chernarus_summer read from bank.
21:00:08 Roles assigned.
21:00:08 Reading mission ...
21:00:08 No entry 'bin\config.bin/CfgMarkers.Third_Marker_3rdID'
21:00:08 Mission Zeus_Chernarus_TF.chernarus_summer read from bank.
21:00:08 Roles assigned.
21:00:08 Reading mission ...
21:00:08 No entry 'bin\config.bin/CfgMarkers.Third_Marker_3rdID'
21:00:08 Mission Zeus_Chernarus_TF.chernarus_summer read from bank.
21:00:08 Roles assigned.
21:00:08 Reading mission ...
21:00:08 No entry 'bin\config.bin/CfgMarkers.Third_Marker_3rdID'
21:00:08 Mission Zeus_Chernarus_TF.chernarus_summer read from bank.
21:00:08 Roles assigned.
21:00:08 Reading mission ...
21:00:08 No entry 'bin\config.bin/CfgMarkers.Third_Marker_3rdID'
21:00:08 Mission Zeus_Chernarus_TF.chernarus_summer read from bank.
21:00:08 Roles assigned.
21:00:08 Reading mission ...
21:00:08 No entry 'bin\config.bin/CfgMarkers.Third_Marker_3rdID'
21:00:08 Mission Zeus_Chernarus_TF.chernarus_summer read from bank.
21:00:08 Roles assigned.
21:00:08 Reading mission ...
21:00:08 No entry 'bin\config.bin/CfgMarkers.Third_Marker_3rdID'
21:00:08 Mission Zeus_Chernarus_TF.chernarus_summer read from bank.
21:00:09 Roles assigned.
21:00:09 Reading mission ...
21:00:09 No entry 'bin\config.bin/CfgMarkers.Third_Marker_3rdID'
21:00:09 Mission Zeus_Chernarus_TF.chernarus_summer read from bank.
21:00:09 Roles assigned.
21:00:09 Reading mission ...
21:00:09 No entry 'bin\config.bin/CfgMarkers.Third_Marker_3rdID'
21:00:09 Mission Zeus_Chernarus_TF.chernarus_summer read from bank.
21:00:09 Roles assigned.
21:00:09 Reading mission ...
21:00:09 No entry 'bin\config.bin/CfgMarkers.Third_Marker_3rdID'
21:00:09 Mission Zeus_Chernarus_TF.chernarus_summer read from bank.
21:00:09 Roles assigned.
21:00:09 Reading mission ...
21:00:09 No entry 'bin\config.bin/CfgMarkers.Third_Marker_3rdID'
21:00:09 Mission Zeus_Chernarus_TF.chernarus_summer read from bank.
21:00:09 Roles assigned.
21:00:09 Reading mission ...
21:00:09 No entry 'bin\config.bin/CfgMarkers.Third_Marker_3rdID'
21:00:09 Mission Zeus_Chernarus_TF.chernarus_summer read from bank.
21:00:09 Roles assigned.
21:00:09 Reading mission ...
21:00:09 No entry 'bin\config.bin/CfgMarkers.Third_Marker_3rdID'
21:00:09 Mission Zeus_Chernarus_TF.chernarus_summer read from bank.
21:00:09 Roles assigned.
21:00:09 Reading mission ...
21:00:09 No entry 'bin\config.bin/CfgMarkers.Third_Marker_3rdID'
21:00:10 Mission Zeus_Chernarus_TF.chernarus_summer read from bank.
21:00:10 Roles assigned.
21:00:10 Reading mission ...
21:00:10 No entry 'bin\config.bin/CfgMarkers.Third_Marker_3rdID'
21:00:10 Mission Zeus_Chernarus_TF.chernarus_summer read from bank.
21:00:10 Roles assigned.
21:00:10 Reading mission ...
21:00:10 No entry 'bin\config.bin/CfgMarkers.Third_Marker_3rdID'
21:00:10 Mission Zeus_Chernarus_TF.chernarus_summer read from bank.
21:00:10 Roles assigned.
21:00:10 Reading mission ...
21:00:10 No entry 'bin\config.bin/CfgMarkers.Third_Marker_3rdID'
21:00:10 Mission Zeus_Chernarus_TF.chernarus_summer read from bank.
21:00:10 Roles assigned.
21:00:10 Reading mission ...
21:00:10 No entry 'bin\config.bin/CfgMarkers.Third_Marker_3rdID'
21:00:10 Mission Zeus_Chernarus_TF.chernarus_summer read from bank.
21:00:10 Roles assigned.
21:00:10 Reading mission ...
21:00:10 No entry 'bin\config.bin/CfgMarkers.Third_Marker_3rdID'
21:00:10 Mission Zeus_Chernarus_TF.chernarus_summer read from bank.
21:00:10 Roles assigned.
21:00:10 Reading mission ...
21:00:10 No entry 'bin\config.bin/CfgMarkers.Third_Marker_3rdID'
21:00:10 Mission Zeus_Chernarus_TF.chernarus_summer read from bank.
21:00:10 Roles assigned.
21:00:11 Reading mission ...
21:00:11 No entry 'bin\config.bin/CfgMarkers.Third_Marker_3rdID'
21:00:11 Mission Zeus_Chernarus_TF.chernarus_summer read from bank.
21:00:11 Roles assigned.
21:00:11 Reading mission ...
21:00:11 No entry 'bin\config.bin/CfgMarkers.Third_Marker_3rdID'
21:00:11 Mission Zeus_Chernarus_TF.chernarus_summer read from bank.
21:00:11 Roles assigned.
21:00:11 Reading mission ...
21:00:11 No entry 'bin\config.bin/CfgMarkers.Third_Marker_3rdID'
21:00:11 Mission Zeus_Chernarus_TF.chernarus_summer read from bank.
21:00:11 Roles assigned.
21:00:11 Reading mission ...
21:00:11 No entry 'bin\config.bin/CfgMarkers.Third_Marker_3rdID'
21:00:11 Mission Zeus_Chernarus_TF.chernarus_summer read from bank.
21:00:11 Roles assigned.
21:00:11 Reading mission ...
21:00:11 No entry 'bin\config.bin/CfgMarkers.Third_Marker_3rdID'
21:00:11 Mission Zeus_Chernarus_TF.chernarus_summer read from bank.
21:00:11 Roles assigned.
21:00:11 Reading mission ...
21:00:11 No entry 'bin\config.bin/CfgMarkers.Third_Marker_3rdID'
21:00:11 Mission Zeus_Chernarus_TF.chernarus_summer read from bank.
21:00:11 Roles assigned.
21:00:11 Reading mission ...
21:00:11 No entry 'bin\config.bin/CfgMarkers.Third_Marker_3rdID'
21:00:11 Mission Zeus_Chernarus_TF.chernarus_summer read from bank.
21:00:12 Roles assigned.
21:00:12 Reading mission ...
21:00:12 No entry 'bin\config.bin/CfgMarkers.Third_Marker_3rdID'
21:00:12 Mission Zeus_Chernarus_TF.chernarus_summer read from bank.
21:00:12 Roles assigned.
21:00:12 Reading mission ...
21:00:12 No entry 'bin\config.bin/CfgMarkers.Third_Marker_3rdID'
21:00:12 Mission Zeus_Chernarus_TF.chernarus_summer read from bank.
21:00:12 Roles assigned.
21:00:12 Reading mission ...
21:00:12 No entry 'bin\config.bin/CfgMarkers.Third_Marker_3rdID'
21:00:12 Mission Zeus_Chernarus_TF.chernarus_summer read from bank.
21:00:12 Roles assigned.
21:00:12 Reading mission ...
21:00:12 No entry 'bin\config.bin/CfgMarkers.Third_Marker_3rdID'
21:00:12 Mission Zeus_Chernarus_TF.chernarus_summer read from bank.
21:00:12 Roles assigned.
21:00:12 Reading mission ...
21:00:12 No entry 'bin\config.bin/CfgMarkers.Third_Marker_3rdID'
21:00:12 Mission Zeus_Chernarus_TF.chernarus_summer read from bank.
21:00:12 Roles assigned.
21:00:12 Reading mission ...
21:00:12 No entry 'bin\config.bin/CfgMarkers.Third_Marker_3rdID'
21:00:12 Mission Zeus_Chernarus_TF.chernarus_summer read from bank.
21:00:12 Roles assigned.
21:00:12 Reading mission ...
21:00:12 No entry 'bin\config.bin/CfgMarkers.Third_Marker_3rdID'
21:00:12 Mission Zeus_Chernarus_TF.chernarus_summer read from bank.
21:00:13 Roles assigned.
21:00:13 Reading mission ...
21:00:13 No entry 'bin\config.bin/CfgMarkers.Third_Marker_3rdID'
21:00:13 Mission Zeus_Chernarus_TF.chernarus_summer read from bank.
21:00:13 Roles assigned.
21:00:13 Reading mission ...
21:00:13 No entry 'bin\config.bin/CfgMarkers.Third_Marker_3rdID'
21:00:13 Mission Zeus_Chernarus_TF.chernarus_summer read from bank.
21:00:13 Roles assigned.
21:00:13 Reading mission ...
21:00:13 No entry 'bin\config.bin/CfgMarkers.Third_Marker_3rdID'
21:00:13 Mission Zeus_Chernarus_TF.chernarus_summer read from bank.
21:00:13 Roles assigned.
21:00:13 Reading mission ...
21:00:13 No entry 'bin\config.bin/CfgMarkers.Third_Marker_3rdID'
21:00:13 Mission Zeus_Chernarus_TF.chernarus_summer read from bank.
21:00:13 Roles assigned.
21:00:13 Reading mission ...
21:00:13 No entry 'bin\config.bin/CfgMarkers.Third_Marker_3rdID'
21:00:13 Mission Zeus_Chernarus_TF.chernarus_summer read from bank.
21:00:13 Roles assigned.
21:00:13 Reading mission ...
21:00:13 No entry 'bin\config.bin/CfgMarkers.Third_Marker_3rdID'
21:00:13 Mission Zeus_Chernarus_TF.chernarus_summer read from bank.
21:00:13 Roles assigned.
21:00:13 Reading mission ...
21:00:13 No entry 'bin\config.bin/CfgMarkers.Third_Marker_3rdID'
21:00:14 Mission Zeus_Chernarus_TF.chernarus_summer read from bank.
21:00:14 Roles assigned.
21:00:14 Reading mission ...
21:00:14 No entry 'bin\config.bin/CfgMarkers.Third_Marker_3rdID'
21:00:14 Mission Zeus_Chernarus_TF.chernarus_summer read from bank.
21:00:14 Roles assigned.
21:00:14 Reading mission ...
21:00:14 No entry 'bin\config.bin/CfgMarkers.Third_Marker_3rdID'
21:00:14 Mission Zeus_Chernarus_TF.chernarus_summer read from bank.
21:00:14 Roles assigned.
21:00:14 Reading mission ...
21:00:14 No entry 'bin\config.bin/CfgMarkers.Third_Marker_3rdID'
21:00:14 Mission Zeus_Chernarus_TF.chernarus_summer read from bank.
21:00:14 Roles assigned.
21:00:14 Reading mission ...
21:00:14 No entry 'bin\config.bin/CfgMarkers.Third_Marker_3rdID'
21:00:14 Mission Zeus_Chernarus_TF.chernarus_summer read from bank.
21:00:14 Roles assigned.
21:00:14 Reading mission ...
21:00:14 No entry 'bin\config.bin/CfgMarkers.Third_Marker_3rdID'
21:00:14 Mission Zeus_Chernarus_TF.chernarus_summer read from bank.
21:00:14 Roles assigned.
21:00:14 Reading mission ...
21:00:14 No entry 'bin\config.bin/CfgMarkers.Third_Marker_3rdID'
21:00:14 Mission Zeus_Chernarus_TF.chernarus_summer read from bank.
21:00:15 Roles assigned.
21:00:15 Reading mission ...
21:00:15 No entry 'bin\config.bin/CfgMarkers.Third_Marker_3rdID'
21:00:15 Mission Zeus_Chernarus_TF.chernarus_summer read from bank.
21:00:15 Roles assigned.
21:00:15 Reading mission ...
21:00:15 No entry 'bin\config.bin/CfgMarkers.Third_Marker_3rdID'
21:00:15 Mission Zeus_Chernarus_TF.chernarus_summer read from bank.
21:00:15 Roles assigned.
21:00:15 Reading mission ...
21:00:15 No entry 'bin\config.bin/CfgMarkers.Third_Marker_3rdID'
21:00:15 Mission Zeus_Chernarus_TF.chernarus_summer read from bank.
21:00:15 Roles assigned.
21:00:15 Reading mission ...
21:00:15 No entry 'bin\config.bin/CfgMarkers.Third_Marker_3rdID'
21:00:15 Mission Zeus_Chernarus_TF.chernarus_summer read from bank.
21:00:15 Roles assigned.
21:00:15 Reading mission ...
21:00:15 No entry 'bin\config.bin/CfgMarkers.Third_Marker_3rdID'
21:00:15 Mission Zeus_Chernarus_TF.chernarus_summer read from bank.
21:00:15 Roles assigned.
21:00:15 Reading mission ...
21:00:15 No entry 'bin\config.bin/CfgMarkers.Third_Marker_3rdID'
21:00:15 Mission Zeus_Chernarus_TF.chernarus_summer read from bank.
21:00:15 Roles assigned.
21:00:15 Reading mission ...
21:00:15 No entry 'bin\config.bin/CfgMarkers.Third_Marker_3rdID'
21:00:15 Mission Zeus_Chernarus_TF.chernarus_summer read from bank.
21:00:16 Roles assigned.
21:00:16 Reading mission ...
21:00:16 No entry 'bin\config.bin/CfgMarkers.Third_Marker_3rdID'
21:00:16 Mission Zeus_Chernarus_TF.chernarus_summer read from bank.
21:00:16 Roles assigned.
21:00:16 Reading mission ...
21:00:16 No entry 'bin\config.bin/CfgMarkers.Third_Marker_3rdID'
21:00:16 Mission Zeus_Chernarus_TF.chernarus_summer read from bank.
21:00:16 Roles assigned.
21:00:16 Reading mission ...
21:00:16 No entry 'bin\config.bin/CfgMarkers.Third_Marker_3rdID'
21:00:16 Mission Zeus_Chernarus_TF.chernarus_summer read from bank.
21:00:16 Roles assigned.
21:00:16 Reading mission ...
21:00:16 No entry 'bin\config.bin/CfgMarkers.Third_Marker_3rdID'
21:00:16 Mission Zeus_Chernarus_TF.chernarus_summer read from bank.
21:00:16 Roles assigned.
21:00:16 Reading mission ...
21:00:16 No entry 'bin\config.bin/CfgMarkers.Third_Marker_3rdID'
21:00:16 Mission Zeus_Chernarus_TF.chernarus_summer read from bank.
21:00:16 Roles assigned.
21:00:16 Reading mission ...
21:00:16 No entry 'bin\config.bin/CfgMarkers.Third_Marker_3rdID'
21:00:16 Mission Zeus_Chernarus_TF.chernarus_summer read from bank.
21:00:16 Roles assigned.
21:00:17 Reading mission ...
21:00:17 No entry 'bin\config.bin/CfgMarkers.Third_Marker_3rdID'
21:00:17 Mission Zeus_Chernarus_TF.chernarus_summer read from bank.
21:00:17 Roles assigned.
21:00:17 Reading mission ...
21:00:17 No entry 'bin\config.bin/CfgMarkers.Third_Marker_3rdID'
21:00:17 Mission Zeus_Chernarus_TF.chernarus_summer read from bank.
21:00:17 Roles assigned.
21:00:17 Reading mission ...
21:00:17 No entry 'bin\config.bin/CfgMarkers.Third_Marker_3rdID'
21:00:17 Mission Zeus_Chernarus_TF.chernarus_summer read from bank.
21:00:17 Roles assigned.
21:00:17 Reading mission ...
21:00:17 No entry 'bin\config.bin/CfgMarkers.Third_Marker_3rdID'
21:00:17 Mission Zeus_Chernarus_TF.chernarus_summer read from bank.
21:00:17 Roles assigned.
21:00:17 Reading mission ...
21:00:17 No entry 'bin\config.bin/CfgMarkers.Third_Marker_3rdID'
21:00:17 Mission Zeus_Chernarus_TF.chernarus_summer read from bank.
21:00:17 Roles assigned.
21:00:17 Reading mission ...
21:00:17 No entry 'bin\config.bin/CfgMarkers.Third_Marker_3rdID'
21:00:17 Mission Zeus_Chernarus_TF.chernarus_summer read from bank.
21:00:17 Roles assigned.
21:00:17 Reading mission ...
21:00:17 No entry 'bin\config.bin/CfgMarkers.Third_Marker_3rdID'
21:00:17 Mission Zeus_Chernarus_TF.chernarus_summer read from bank.
21:00:18 Roles assigned.
21:00:18 Reading mission ...
21:00:18 No entry 'bin\config.bin/CfgMarkers.Third_Marker_3rdID'
21:00:18 Mission Zeus_Chernarus_TF.chernarus_summer read from bank.
21:00:18 Roles assigned.
21:00:18 Reading mission ...
21:00:18 No entry 'bin\config.bin/CfgMarkers.Third_Marker_3rdID'
21:00:18 Mission Zeus_Chernarus_TF.chernarus_summer read from bank.
21:00:18 Roles assigned.
21:00:18 Reading mission ...
21:00:18 No entry 'bin\config.bin/CfgMarkers.Third_Marker_3rdID'
21:00:18 Mission Zeus_Chernarus_TF.chernarus_summer read from bank.
21:00:18 Roles assigned.
21:00:18 Reading mission ...
21:00:18 No entry 'bin\config.bin/CfgMarkers.Third_Marker_3rdID'
21:00:18 Mission Zeus_Chernarus_TF.chernarus_summer read from bank.
21:00:18 Roles assigned.
21:00:18 Reading mission ...
21:00:18 No entry 'bin\config.bin/CfgMarkers.Third_Marker_3rdID'
21:00:18 Mission Zeus_Chernarus_TF.chernarus_summer read from bank.
21:00:18 Roles assigned.
21:00:18 Reading mission ...
21:00:18 No entry 'bin\config.bin/CfgMarkers.Third_Marker_3rdID'
21:00:18 Mission Zeus_Chernarus_TF.chernarus_summer read from bank.
21:00:18 Roles assigned.
21:00:18 Reading mission ...
21:00:18 No entry 'bin\config.bin/CfgMarkers.Third_Marker_3rdID'
21:00:18 Mission Zeus_Chernarus_TF.chernarus_summer read from bank.
21:00:19 Roles assigned.
21:00:19 Reading mission ...
21:00:19 No entry 'bin\config.bin/CfgMarkers.Third_Marker_3rdID'
21:00:19 Mission Zeus_Chernarus_TF.chernarus_summer read from bank.
21:00:19 Roles assigned.
21:00:19 Reading mission ...
21:00:19 No entry 'bin\config.bin/CfgMarkers.Third_Marker_3rdID'
21:00:19 Mission Zeus_Chernarus_TF.chernarus_summer read from bank.
21:00:19 Roles assigned.
21:00:19 Reading mission ...
21:00:19 No entry 'bin\config.bin/CfgMarkers.Third_Marker_3rdID'
21:00:19 Mission Zeus_Chernarus_TF.chernarus_summer read from bank.
21:00:19 Roles assigned.
21:00:19 Reading mission ...
21:00:19 No entry 'bin\config.bin/CfgMarkers.Third_Marker_3rdID'
21:00:19 Mission Zeus_Chernarus_TF.chernarus_summer read from bank.
21:00:19 Roles assigned.
21:00:19 Reading mission ...
21:00:19 No entry 'bin\config.bin/CfgMarkers.Third_Marker_3rdID'
21:00:19 Mission Zeus_Chernarus_TF.chernarus_summer read from bank.
21:00:19 Roles assigned.
21:00:19 Reading mission ...
21:00:19 No entry 'bin\config.bin/CfgMarkers.Third_Marker_3rdID'
21:00:19 Mission Zeus_Chernarus_TF.chernarus_summer read from bank.
21:00:19 Roles assigned.
21:00:19 Reading mission ...
21:00:19 No entry 'bin\config.bin/CfgMarkers.Third_Marker_3rdID'
21:00:19 Mission Zeus_Chernarus_TF.chernarus_summer read from bank.
21:00:20 Roles assigned.
21:00:20 Reading mission ...
21:00:20 No entry 'bin\config.bin/CfgMarkers.Third_Marker_3rdID'
21:00:20 Mission Zeus_Chernarus_TF.chernarus_summer read from bank.
21:00:20 Roles assigned.
21:00:20 Reading mission ...
21:00:20 No entry 'bin\config.bin/CfgMarkers.Third_Marker_3rdID'
21:00:20 Mission Zeus_Chernarus_TF.chernarus_summer read from bank.
21:00:20 Roles assigned.
21:00:20 Reading mission ...
21:00:20 No entry 'bin\config.bin/CfgMarkers.Third_Marker_3rdID'
21:00:20 Mission Zeus_Chernarus_TF.chernarus_summer read from bank.
21:00:20 Roles assigned.
21:00:20 Reading mission ...
21:00:20 No entry 'bin\config.bin/CfgMarkers.Third_Marker_3rdID'
21:00:20 Mission Zeus_Chernarus_TF.chernarus_summer read from bank.
21:00:20 Roles assigned.
21:00:20 Reading mission ...
21:00:20 No entry 'bin\config.bin/CfgMarkers.Third_Marker_3rdID'
21:00:20 Mission Zeus_Chernarus_TF.chernarus_summer read from bank.
21:00:20 Roles assigned.
21:00:20 Reading mission ...
21:00:20 No entry 'bin\config.bin/CfgMarkers.Third_Marker_3rdID'
21:00:20 Mission Zeus_Chernarus_TF.chernarus_summer read from bank.
21:00:20 Roles assigned.
21:00:20 Reading mission ...
21:00:20 No entry 'bin\config.bin/CfgMarkers.Third_Marker_3rdID'
21:00:21 Mission Zeus_Chernarus_TF.chernarus_summer read from bank.
21:00:21 Roles assigned.
21:00:21 Reading mission ...
21:00:21 No entry 'bin\config.bin/CfgMarkers.Third_Marker_3rdID'
21:00:21 Mission Zeus_Chernarus_TF.chernarus_summer read from bank.
